{
  "trained_best_model": "rf",
  "new_test_metrics": {
    "mae": 5.0308065545736165,
    "rmse": 7.717512586519094,
    "r2": 0.9543229249184526,
    "mape": 12.864570715397704
  },
  "cv_mae": {
    "xgboost": 2.7702307008717155,
    "lightgbm": 2.465451279482525,
    "catboost": 3.3422120581266306,
    "rf": 2.169036813371927,
    "gb": 2.2258854994126436,
    "ridge": 10.566030303863673,
    "linear": 9.79260027851608
  },
  "test_mae_all": {
    "xgboost": 3.3777812576838127,
    "lightgbm": 3.893988610245633,
    "catboost": 4.086291541954827,
    "rf": 5.030806554573616,
    "gb": 4.106384143087982,
    "ridge": 10.464124992656732,
    "linear": 9.070456864314233
  },
  "historical_best_cv_mae": 2.042469801781462,
  "is_new_historical_best": false,
  "features": [
    "pm2_5",
    "pm10",
    "co",
    "no2",
    "so2",
    "month_cos",
    "total_pm",
    "total_gases",
    "no2_o3_ratio",
    "pm2_5_rolling_3h",
    "pm10_rolling_3h",
    "co_rolling_3h",
    "pm2_5_co_interaction",
    "hour_sin",
    "hour_cos"
  ],
  "scaler_needed": false,
  "all_models_saved": [
    "model_xgboost.pkl",
    "model_lightgbm.pkl",
    "model_catboost.pkl",
    "model_rf.pkl",
    "model_gb.pkl",
    "model_ridge.pkl",
    "model_linear.pkl"
  ],
  "all_metrics": {
    "train": {
      "xgboost": {
        "mae": 1.8757367350272858,
        "rmse": 3.386816217732846,
        "r2": 0.998844066208882,
        "mape": 1.5005598079218962
      },
      "lightgbm": {
        "mae": 1.9102240189059736,
        "rmse": 3.843536716533615,
        "r2": 0.9985112843070546,
        "mape": 1.5466469160956149
      },
      "catboost": {
        "mae": 1.9242926017864221,
        "rmse": 3.039707024163549,
        "r2": 0.9990688639263532,
        "mape": 1.5827023396897486
      },
      "rf": {
        "mae": 1.1503221440558926,
        "rmse": 3.8135641183489004,
        "r2": 0.9985344123271447,
        "mape": 1.122023620671682
      },
      "gb": {
        "mae": 1.4135142328494572,
        "rmse": 2.992571466671093,
        "r2": 0.9990975175616857,
        "mape": 1.2000478568921704
      },
      "ridge": {
        "mae": 8.97331168264182,
        "rmse": 11.81564818509356,
        "r2": 0.98593094910962,
        "mape": 8.244871277059003
      },
      "linear": {
        "mae": 8.637677597847405,
        "rmse": 11.458213089083866,
        "r2": 0.9867692797361463,
        "mape": 7.793584850077502
      }
    },
    "val": {
      "xgboost": {
        "mae": 2.769654783484054,
        "rmse": 9.06635329581378,
        "r2": 0.9380168400842858,
        "mape": 4.923679238295887
      },
      "lightgbm": {
        "mae": 2.986004003270116,
        "rmse": 10.382297309524622,
        "r2": 0.9187178171202497,
        "mape": 4.8231415404658184
      },
      "catboost": {
        "mae": 3.882106035741615,
        "rmse": 10.123687779878399,
        "r2": 0.922716653158927,
        "mape": 6.664634306335157
      },
      "rf": {
        "mae": 5.334007539330822,
        "rmse": 12.566228996656301,
        "r2": 0.8809256073159393,
        "mape": 8.987870985854517
      },
      "gb": {
        "mae": 2.7421283304571067,
        "rmse": 9.711170861141417,
        "r2": 0.9288865700007788,
        "mape": 4.630180829273761
      },
      "ridge": {
        "mae": 6.817221205848498,
        "rmse": 11.900116067465756,
        "r2": 0.8932148577845023,
        "mape": 11.169229932166438
      },
      "linear": {
        "mae": 6.437991632250927,
        "rmse": 11.619556033964656,
        "r2": 0.8981906874302137,
        "mape": 10.205845515250335
      }
    },
    "test": {
      "xgboost": {
        "mae": 3.3777812576838127,
        "rmse": 5.962375140174011,
        "r2": 0.9727364636005786,
        "mape": 8.666634778307014
      },
      "lightgbm": {
        "mae": 3.893988610245633,
        "rmse": 6.557130391996566,
        "r2": 0.9670260304033416,
        "mape": 9.122345376195153
      },
      "catboost": {
        "mae": 4.086291541954827,
        "rmse": 6.63208879907862,
        "r2": 0.9662678317162338,
        "mape": 10.375802537818712
      },
      "rf": {
        "mae": 5.030806554573616,
        "rmse": 7.717512586519094,
        "r2": 0.9543229249184526,
        "mape": 12.864570715397704
      },
      "gb": {
        "mae": 4.106384143087982,
        "rmse": 7.580471741477575,
        "r2": 0.9559307094016908,
        "mape": 8.652752122890629
      },
      "ridge": {
        "mae": 10.464124992656732,
        "rmse": 13.745019970111986,
        "r2": 0.8551113574267194,
        "mape": 22.597245304538834
      },
      "linear": {
        "mae": 9.070456864314233,
        "rmse": 12.258801650589849,
        "r2": 0.8847503461678472,
        "mape": 19.712574267330215
      }
    },
    "cv_mae": {
      "xgboost": 2.7702307008717155,
      "lightgbm": 2.465451279482525,
      "catboost": 3.3422120581266306,
      "rf": 2.169036813371927,
      "gb": 2.2258854994126436,
      "ridge": 10.566030303863673,
      "linear": 9.79260027851608
    }
  }
}