{
  "trained_best_model": "gb",
  "new_test_metrics": {
    "mae": 4.5731843199176385,
    "rmse": 7.966332842948827,
    "r2": 0.9651355444833308,
    "mape": 7.726455206312529
  },
  "cv_mae": {
    "xgboost": 2.696718891166195,
    "lightgbm": 2.509952942881933,
    "catboost": 3.296005355806293,
    "rf": 2.263405018049021,
    "gb": 2.2578175354259256,
    "ridge": 9.63202645583199,
    "linear": 9.028100744633608
  },
  "test_mae_all": {
    "xgboost": 3.7708936851817088,
    "lightgbm": 3.611347120205636,
    "catboost": 3.8004491662032907,
    "rf": 3.3421996977831645,
    "gb": 4.5731843199176385,
    "ridge": 11.123394236942913,
    "linear": 9.52228289733842
  },
  "historical_best_cv_mae": 2.042469801781462,
  "is_new_historical_best": false,
  "features": [
    "pm2_5",
    "pm10",
    "co",
    "no2",
    "so2",
    "month_cos",
    "total_pm",
    "total_gases",
    "no2_o3_ratio",
    "pm2_5_rolling_3h",
    "pm10_rolling_3h",
    "co_rolling_3h",
    "pm2_5_co_interaction",
    "hour_sin",
    "hour_cos"
  ],
  "scaler_needed": false,
  "all_models_saved": [
    "model_xgboost.pkl",
    "model_lightgbm.pkl",
    "model_catboost.pkl",
    "model_rf.pkl",
    "model_gb.pkl",
    "model_ridge.pkl",
    "model_linear.pkl"
  ],
  "all_metrics": {
    "train": {
      "xgboost": {
        "mae": 1.8122826886970236,
        "rmse": 3.336498501484035,
        "r2": 0.9988557495342617,
        "mape": 1.4725662825132098
      },
      "lightgbm": {
        "mae": 1.7964667920025692,
        "rmse": 3.657716408298102,
        "r2": 0.9986248208133864,
        "mape": 1.4738087586315909
      },
      "catboost": {
        "mae": 1.890368268101737,
        "rmse": 2.997461782439716,
        "r2": 0.9990764795031463,
        "mape": 1.5829959634926123
      },
      "rf": {
        "mae": 1.172755514336806,
        "rmse": 3.899412418932005,
        "r2": 0.9984370770420977,
        "mape": 1.1450620914067657
      },
      "gb": {
        "mae": 1.3756440239932461,
        "rmse": 2.9311902471040314,
        "r2": 0.9991168647017346,
        "mape": 1.191145705356126
      },
      "ridge": {
        "mae": 8.729206200983436,
        "rmse": 11.608530537789818,
        "r2": 0.9861485982461424,
        "mape": 8.110387300564323
      },
      "linear": {
        "mae": 8.420421484170113,
        "rmse": 11.277581212509045,
        "r2": 0.9869271235699593,
        "mape": 7.6879497648515125
      }
    },
    "val": {
      "xgboost": {
        "mae": 2.830262151482987,
        "rmse": 9.215700001166423,
        "r2": 0.9373358910572668,
        "mape": 5.11003464652466
      },
      "lightgbm": {
        "mae": 2.8224911304636664,
        "rmse": 10.355235469014895,
        "r2": 0.9208807487245885,
        "mape": 4.441802851014006
      },
      "catboost": {
        "mae": 3.4323350589028134,
        "rmse": 10.616389768466924,
        "r2": 0.9168397242613333,
        "mape": 5.7401565470391045
      },
      "rf": {
        "mae": 3.4363190178403444,
        "rmse": 11.898440635951333,
        "r2": 0.8955418554319047,
        "mape": 6.030018227147509
      },
      "gb": {
        "mae": 2.7135330811222387,
        "rmse": 9.75888570781265,
        "r2": 0.9297311777365032,
        "mape": 4.412940526628071
      },
      "ridge": {
        "mae": 6.576313012111074,
        "rmse": 11.751169072859483,
        "r2": 0.8981116895186518,
        "mape": 10.426959176916355
      },
      "linear": {
        "mae": 6.334014247541449,
        "rmse": 11.62355719264651,
        "r2": 0.9003125871973295,
        "mape": 9.681256948920314
      }
    },
    "test": {
      "xgboost": {
        "mae": 3.7708936851817088,
        "rmse": 6.471235362414796,
        "r2": 0.9769940388090282,
        "mape": 9.150502506859146
      },
      "lightgbm": {
        "mae": 3.611347120205636,
        "rmse": 6.013344804511766,
        "r2": 0.9801345592326203,
        "mape": 8.146435292298698
      },
      "catboost": {
        "mae": 3.8004491662032907,
        "rmse": 6.325461919131322,
        "r2": 0.9780188463211515,
        "mape": 9.56526591546038
      },
      "rf": {
        "mae": 3.3421996977831645,
        "rmse": 6.591057544002031,
        "r2": 0.9761341889347454,
        "mape": 10.240618056441406
      },
      "gb": {
        "mae": 4.5731843199176385,
        "rmse": 7.966332842948827,
        "r2": 0.9651355444833308,
        "mape": 7.726455206312529
      },
      "ridge": {
        "mae": 11.123394236942913,
        "rmse": 14.168923301928194,
        "r2": 0.8897090975352253,
        "mape": 22.218807368169223
      },
      "linear": {
        "mae": 9.52228289733842,
        "rmse": 12.512755470201773,
        "r2": 0.9139854529884506,
        "mape": 19.379379713251414
      }
    },
    "cv_mae": {
      "xgboost": 2.696718891166195,
      "lightgbm": 2.509952942881933,
      "catboost": 3.296005355806293,
      "rf": 2.263405018049021,
      "gb": 2.2578175354259256,
      "ridge": 9.63202645583199,
      "linear": 9.028100744633608
    }
  }
}