{
  "trained_best_model": "rf",
  "new_test_metrics": {
    "mae": 3.5592660815351547,
    "rmse": 6.700028902785198,
    "r2": 0.9714454010020274,
    "mape": 10.423817316754032
  },
  "cv_mae": {
    "xgboost": 2.5610055792821598,
    "lightgbm": 2.385848508263165,
    "catboost": 3.256448550298402,
    "rf": 2.1330803965758336,
    "gb": 2.2146876193913902,
    "ridge": 10.151041841112166,
    "linear": 9.401437701985904
  },
  "test_mae_all": {
    "xgboost": 3.432656311274595,
    "lightgbm": 3.5934646582470453,
    "catboost": 4.677411282913672,
    "rf": 3.559266081535154,
    "gb": 4.123319142565064,
    "ridge": 10.521960060528997,
    "linear": 9.084104224870924
  },
  "historical_best_cv_mae": 2.042469801781462,
  "is_new_historical_best": false,
  "features": [
    "pm2_5",
    "pm10",
    "co",
    "no2",
    "so2",
    "month_cos",
    "total_pm",
    "total_gases",
    "no2_o3_ratio",
    "pm2_5_rolling_3h",
    "pm10_rolling_3h",
    "co_rolling_3h",
    "pm2_5_co_interaction",
    "hour_sin",
    "hour_cos"
  ],
  "scaler_needed": false,
  "all_models_saved": [
    "model_xgboost.pkl",
    "model_lightgbm.pkl",
    "model_catboost.pkl",
    "model_rf.pkl",
    "model_gb.pkl",
    "model_ridge.pkl",
    "model_linear.pkl"
  ],
  "all_metrics": {
    "train": {
      "xgboost": {
        "mae": 1.846189444623426,
        "rmse": 3.401939499248154,
        "r2": 0.9988289604088274,
        "mape": 1.4988194526725844
      },
      "lightgbm": {
        "mae": 1.8876223878481029,
        "rmse": 3.8068378290947833,
        "r2": 0.9985336178706804,
        "mape": 1.5489108854422142
      },
      "catboost": {
        "mae": 1.911582897368549,
        "rmse": 3.0264693649235843,
        "r2": 0.9990731894452232,
        "mape": 1.5945962272015817
      },
      "rf": {
        "mae": 1.1651591419298684,
        "rmse": 3.87628006222502,
        "r2": 0.9984796320656039,
        "mape": 1.1391148354924834
      },
      "gb": {
        "mae": 1.3869941137366808,
        "rmse": 2.9558278671775695,
        "r2": 0.9991159502915817,
        "mape": 1.1939939479519377
      },
      "ridge": {
        "mae": 8.859348197291293,
        "rmse": 11.724033118627265,
        "r2": 0.9860917502776917,
        "mape": 8.21387023803389
      },
      "linear": {
        "mae": 8.539574545266662,
        "rmse": 11.381237202840781,
        "r2": 0.9868931793626323,
        "mape": 7.778300155070044
      }
    },
    "val": {
      "xgboost": {
        "mae": 2.7740988252369783,
        "rmse": 8.727202721690615,
        "r2": 0.9448620012962633,
        "mape": 4.755725970105667
      },
      "lightgbm": {
        "mae": 2.92575232706515,
        "rmse": 10.316347099422838,
        "r2": 0.9229535270877376,
        "mape": 4.509353104327809
      },
      "catboost": {
        "mae": 3.6159626563904945,
        "rmse": 10.031914708410863,
        "r2": 0.9271434616411075,
        "mape": 6.159064567114177
      },
      "rf": {
        "mae": 3.9681653066230718,
        "rmse": 12.09553196034049,
        "r2": 0.8940866226031294,
        "mape": 6.581733810094215
      },
      "gb": {
        "mae": 2.70661408334361,
        "rmse": 9.585037808520154,
        "r2": 0.9334897575323386,
        "mape": 4.21431713061702
      },
      "ridge": {
        "mae": 6.577735887144466,
        "rmse": 11.901262763364553,
        "r2": 0.8974615004007409,
        "mape": 10.330429319844308
      },
      "linear": {
        "mae": 6.334266772065759,
        "rmse": 11.70399945176389,
        "r2": 0.9008324791848585,
        "mape": 9.619415553000028
      }
    },
    "test": {
      "xgboost": {
        "mae": 3.432656311274595,
        "rmse": 6.007073012422589,
        "r2": 0.9770465202271518,
        "mape": 8.094787581792076
      },
      "lightgbm": {
        "mae": 3.5934646582470453,
        "rmse": 6.1346045760123715,
        "r2": 0.9760615590928137,
        "mape": 8.53973757447891
      },
      "catboost": {
        "mae": 4.677411282913672,
        "rmse": 7.511398527471707,
        "r2": 0.9641107549674449,
        "mape": 10.418535310633418
      },
      "rf": {
        "mae": 3.559266081535154,
        "rmse": 6.700028902785198,
        "r2": 0.9714454010020274,
        "mape": 10.423817316754032
      },
      "gb": {
        "mae": 4.123319142565064,
        "rmse": 7.579510191413701,
        "r2": 0.9634569328685094,
        "mape": 7.4029972829969966
      },
      "ridge": {
        "mae": 10.521960060528997,
        "rmse": 13.688476419092243,
        "r2": 0.8808118887794675,
        "mape": 22.145137164250176
      },
      "linear": {
        "mae": 9.084104224870924,
        "rmse": 12.18271093631525,
        "r2": 0.9055916097500286,
        "mape": 19.345331311415947
      }
    },
    "cv_mae": {
      "xgboost": 2.5610055792821598,
      "lightgbm": 2.385848508263165,
      "catboost": 3.256448550298402,
      "rf": 2.1330803965758336,
      "gb": 2.2146876193913902,
      "ridge": 10.151041841112166,
      "linear": 9.401437701985904
    }
  }
}