{
  "trained_best_model": "rf",
  "new_test_metrics": {
    "mae": 3.273963739322922,
    "rmse": 6.5006407735705,
    "r2": 0.9786657247402781,
    "mape": 10.05686915824447
  },
  "cv_mae": {
    "xgboost": 2.693562342649337,
    "lightgbm": 2.477395299997439,
    "catboost": 3.1545832782778382,
    "rf": 2.251368766442184,
    "gb": 2.3196784549189737,
    "ridge": 9.904942989428298,
    "linear": 9.218696269071172
  },
  "test_mae_all": {
    "xgboost": 3.260333125703515,
    "lightgbm": 3.8439312986396774,
    "catboost": 3.42135652384776,
    "rf": 3.2739637393229235,
    "gb": 5.464259549023049,
    "ridge": 11.400874197568898,
    "linear": 9.74704933544364
  },
  "historical_best_cv_mae": 2.042469801781462,
  "is_new_historical_best": false,
  "features": [
    "pm2_5",
    "pm10",
    "co",
    "no2",
    "so2",
    "month_cos",
    "total_pm",
    "total_gases",
    "no2_o3_ratio",
    "pm2_5_rolling_3h",
    "pm10_rolling_3h",
    "co_rolling_3h",
    "pm2_5_co_interaction",
    "hour_sin",
    "hour_cos"
  ],
  "scaler_needed": false,
  "all_models_saved": [
    "model_xgboost.pkl",
    "model_lightgbm.pkl",
    "model_catboost.pkl",
    "model_rf.pkl",
    "model_gb.pkl",
    "model_ridge.pkl",
    "model_linear.pkl"
  ],
  "all_metrics": {
    "train": {
      "xgboost": {
        "mae": 1.8172690869932928,
        "rmse": 3.4167618352573528,
        "r2": 0.9987927763227739,
        "mape": 1.487547824698098
      },
      "lightgbm": {
        "mae": 1.5338271835089166,
        "rmse": 3.0844402877627908,
        "r2": 0.9990161903822357,
        "mape": 1.273383033305933
      },
      "catboost": {
        "mae": 1.8835136276196318,
        "rmse": 2.9872605084105315,
        "r2": 0.9990772065040612,
        "mape": 1.578954709152836
      },
      "rf": {
        "mae": 1.1802783295065984,
        "rmse": 3.8981700798842507,
        "r2": 0.9984286247904731,
        "mape": 1.1579001050169724
      },
      "gb": {
        "mae": 1.3972339514880334,
        "rmse": 2.9577368928627847,
        "r2": 0.9990953566257131,
        "mape": 1.214385595413235
      },
      "ridge": {
        "mae": 8.703653683775272,
        "rmse": 11.571898694019993,
        "r2": 0.9861526211022841,
        "mape": 8.136535579485567
      },
      "linear": {
        "mae": 8.400021007204877,
        "rmse": 11.250151854444628,
        "r2": 0.9869119453741755,
        "mape": 7.716404379159751
      }
    },
    "val": {
      "xgboost": {
        "mae": 2.8199115300287394,
        "rmse": 9.042178958241164,
        "r2": 0.9393119014600169,
        "mape": 4.873789140796202
      },
      "lightgbm": {
        "mae": 2.6473756720157287,
        "rmse": 10.070111129087781,
        "r2": 0.9247293163086568,
        "mape": 4.131294684603765
      },
      "catboost": {
        "mae": 3.065761889825866,
        "rmse": 9.203336826828657,
        "r2": 0.9371293474773055,
        "mape": 5.381443225997613
      },
      "rf": {
        "mae": 3.3812776083913927,
        "rmse": 11.886263902889187,
        "r2": 0.8951307719713208,
        "mape": 5.926419596525653
      },
      "gb": {
        "mae": 2.6927505768623003,
        "rmse": 9.798374546190649,
        "r2": 0.9287367856791141,
        "mape": 4.062557603348422
      },
      "ridge": {
        "mae": 6.3554727935860695,
        "rmse": 11.58456485762783,
        "r2": 0.9003868244775595,
        "mape": 10.350512123914928
      },
      "linear": {
        "mae": 6.048933215297415,
        "rmse": 11.42075639260365,
        "r2": 0.9031840145438432,
        "mape": 9.506341664692709
      }
    },
    "test": {
      "xgboost": {
        "mae": 3.260333125703515,
        "rmse": 5.62978089981768,
        "r2": 0.9839989476649339,
        "mape": 8.18090784767926
      },
      "lightgbm": {
        "mae": 3.8439312986396774,
        "rmse": 6.219903366809128,
        "r2": 0.9804686242986075,
        "mape": 7.390582416600767
      },
      "catboost": {
        "mae": 3.42135652384776,
        "rmse": 5.893809189697615,
        "r2": 0.9824629030740549,
        "mape": 8.977774908659779
      },
      "rf": {
        "mae": 3.2739637393229235,
        "rmse": 6.5006407735705,
        "r2": 0.9786657247402781,
        "mape": 10.05686915824447
      },
      "gb": {
        "mae": 5.464259549023049,
        "rmse": 9.448287375588741,
        "r2": 0.9549316407615306,
        "mape": 7.907230399095765
      },
      "ridge": {
        "mae": 11.400874197568898,
        "rmse": 14.347318974330463,
        "r2": 0.8960781027821134,
        "mape": 22.32282435677746
      },
      "linear": {
        "mae": 9.74704933544364,
        "rmse": 12.664588651046122,
        "r2": 0.9190256005290225,
        "mape": 19.48559794487948
      }
    },
    "cv_mae": {
      "xgboost": 2.693562342649337,
      "lightgbm": 2.477395299997439,
      "catboost": 3.1545832782778382,
      "rf": 2.251368766442184,
      "gb": 2.3196784549189737,
      "ridge": 9.904942989428298,
      "linear": 9.218696269071172
    }
  }
}