{
  "trained_best_model": "rf",
  "new_test_metrics": {
    "mae": 5.0124497511647474,
    "rmse": 7.74124712052963,
    "r2": 0.954043141933182,
    "mape": 12.85593853236174
  },
  "cv_mae": {
    "xgboost": 2.7465959369786335,
    "lightgbm": 2.4913501214086247,
    "catboost": 3.404084532376241,
    "rf": 2.1707614231580705,
    "gb": 2.265529933717929,
    "ridge": 10.516189324353808,
    "linear": 9.724362229243644
  },
  "test_mae_all": {
    "xgboost": 3.7176818624542713,
    "lightgbm": 3.945806889170691,
    "catboost": 4.081412133191376,
    "rf": 5.012449751164747,
    "gb": 3.90321508930743,
    "ridge": 10.466256770612697,
    "linear": 9.07627485796705
  },
  "historical_best_cv_mae": 2.042469801781462,
  "is_new_historical_best": false,
  "features": [
    "pm2_5",
    "pm10",
    "co",
    "no2",
    "so2",
    "month_cos",
    "total_pm",
    "total_gases",
    "no2_o3_ratio",
    "pm2_5_rolling_3h",
    "pm10_rolling_3h",
    "co_rolling_3h",
    "pm2_5_co_interaction",
    "hour_sin",
    "hour_cos"
  ],
  "scaler_needed": false,
  "all_models_saved": [
    "model_xgboost.pkl",
    "model_lightgbm.pkl",
    "model_catboost.pkl",
    "model_rf.pkl",
    "model_gb.pkl",
    "model_ridge.pkl",
    "model_linear.pkl"
  ],
  "all_metrics": {
    "train": {
      "xgboost": {
        "mae": 1.8544863211276557,
        "rmse": 3.380808990014637,
        "r2": 0.9988484877623898,
        "mape": 1.4814163066520054
      },
      "lightgbm": {
        "mae": 1.780781277506949,
        "rmse": 3.5695208456793104,
        "r2": 0.9987163484967602,
        "mape": 1.4428106624142978
      },
      "catboost": {
        "mae": 1.9542512378525465,
        "rmse": 3.046073780806911,
        "r2": 0.9990652227688344,
        "mape": 1.5946749316486701
      },
      "rf": {
        "mae": 1.1524302020943578,
        "rmse": 3.8284603407468802,
        "r2": 0.9985233567184232,
        "mape": 1.123168855055605
      },
      "gb": {
        "mae": 1.3861899699371527,
        "rmse": 2.9405469788400733,
        "r2": 0.999128868871182,
        "mape": 1.1872320675618548
      },
      "ridge": {
        "mae": 8.971470900272394,
        "rmse": 11.814989697699952,
        "r2": 0.9859364816819219,
        "mape": 8.243437675358699
      },
      "linear": {
        "mae": 8.635628340156645,
        "rmse": 11.457650962355718,
        "r2": 0.9867743061675468,
        "mape": 7.7920969382095615
      }
    },
    "val": {
      "xgboost": {
        "mae": 2.8611752017992274,
        "rmse": 9.137658046766719,
        "r2": 0.9370291469860326,
        "mape": 5.300141249421818
      },
      "lightgbm": {
        "mae": 2.904338624840067,
        "rmse": 10.344126642829176,
        "r2": 0.9193029923276261,
        "mape": 4.7319950449340995
      },
      "catboost": {
        "mae": 3.778610974171696,
        "rmse": 10.20671441380231,
        "r2": 0.92143272335453,
        "mape": 6.198890879256017
      },
      "rf": {
        "mae": 5.2901883299469725,
        "rmse": 12.566665478743536,
        "r2": 0.8809005154562206,
        "mape": 8.917533397371969
      },
      "gb": {
        "mae": 2.7292932713533475,
        "rmse": 9.816603918731671,
        "r2": 0.927323783532036,
        "mape": 4.453763295013512
      },
      "ridge": {
        "mae": 6.813797153695115,
        "rmse": 11.900680097239794,
        "r2": 0.8931896507482497,
        "mape": 11.162872836998625
      },
      "linear": {
        "mae": 6.440902150247053,
        "rmse": 11.620820112099073,
        "r2": 0.8981541516908946,
        "mape": 10.209427798918814
      }
    },
    "test": {
      "xgboost": {
        "mae": 3.7176818624542713,
        "rmse": 6.544979708375601,
        "r2": 0.9671492661613623,
        "mape": 9.916862195421713
      },
      "lightgbm": {
        "mae": 3.945806889170691,
        "rmse": 6.728220257125049,
        "r2": 0.9652840649553421,
        "mape": 9.242078774014297
      },
      "catboost": {
        "mae": 4.081412133191376,
        "rmse": 6.4806878590684205,
        "r2": 0.9677914869728097,
        "mape": 9.694890575367824
      },
      "rf": {
        "mae": 5.012449751164747,
        "rmse": 7.74124712052963,
        "r2": 0.954043141933182,
        "mape": 12.85593853236174
      },
      "gb": {
        "mae": 3.90321508930743,
        "rmse": 7.438966788807013,
        "r2": 0.9575621174738114,
        "mape": 7.99348628436191
      },
      "ridge": {
        "mae": 10.466256770612697,
        "rmse": 13.744011851261341,
        "r2": 0.8551376558593913,
        "mape": 22.59572787258757
      },
      "linear": {
        "mae": 9.07627485796705,
        "rmse": 12.25985353740456,
        "r2": 0.8847345817535549,
        "mape": 19.717947573815547
      }
    },
    "cv_mae": {
      "xgboost": 2.7465959369786335,
      "lightgbm": 2.4913501214086247,
      "catboost": 3.404084532376241,
      "rf": 2.1707614231580705,
      "gb": 2.265529933717929,
      "ridge": 10.516189324353808,
      "linear": 9.724362229243644
    }
  }
}