{
  "trained_best_model": "rf",
  "new_test_metrics": {
    "mae": 3.624999198227282,
    "rmse": 6.764371900634057,
    "r2": 0.9695802157773057,
    "mape": 10.548102541717348
  },
  "cv_mae": {
    "xgboost": 2.6365380770539586,
    "lightgbm": 2.4240230963551057,
    "catboost": 3.2464571102559696,
    "rf": 2.192426483276931,
    "gb": 2.314005591155973,
    "ridge": 10.303569938686698,
    "linear": 9.532917810660193
  },
  "test_mae_all": {
    "xgboost": 3.347623746167236,
    "lightgbm": 4.247676526297248,
    "catboost": 4.044621668589633,
    "rf": 3.6249991982272807,
    "gb": 3.561711271095524,
    "ridge": 10.498685220398334,
    "linear": 9.05514130892842
  },
  "historical_best_cv_mae": 2.042469801781462,
  "is_new_historical_best": false,
  "features": [
    "pm2_5",
    "pm10",
    "co",
    "no2",
    "so2",
    "month_cos",
    "total_pm",
    "total_gases",
    "no2_o3_ratio",
    "pm2_5_rolling_3h",
    "pm10_rolling_3h",
    "co_rolling_3h",
    "pm2_5_co_interaction",
    "hour_sin",
    "hour_cos"
  ],
  "scaler_needed": false,
  "all_models_saved": [
    "model_xgboost.pkl",
    "model_lightgbm.pkl",
    "model_catboost.pkl",
    "model_rf.pkl",
    "model_gb.pkl",
    "model_ridge.pkl",
    "model_linear.pkl"
  ],
  "all_metrics": {
    "train": {
      "xgboost": {
        "mae": 1.8746935974439607,
        "rmse": 3.4646578942419777,
        "r2": 0.998784598917945,
        "mape": 1.5105594745325086
      },
      "lightgbm": {
        "mae": 1.54846987306679,
        "rmse": 3.091649212734473,
        "r2": 0.9990322140209976,
        "mape": 1.2788996127117183
      },
      "catboost": {
        "mae": 1.913755184730898,
        "rmse": 3.0491561010637125,
        "r2": 0.9990586346264619,
        "mape": 1.606959403969924
      },
      "rf": {
        "mae": 1.1652073500478948,
        "rmse": 3.867270139249719,
        "r2": 0.9984857139486748,
        "mape": 1.1463282391328085
      },
      "gb": {
        "mae": 1.3534925527328219,
        "rmse": 2.8904257270108067,
        "r2": 0.9991540931717804,
        "mape": 1.1713567321731033
      },
      "ridge": {
        "mae": 8.853212703091502,
        "rmse": 11.71960214682071,
        "r2": 0.9860932822713162,
        "mape": 8.203895336205445
      },
      "linear": {
        "mae": 8.53324538553588,
        "rmse": 11.376300190992678,
        "r2": 0.986896087355943,
        "mape": 7.767492381589595
      }
    },
    "val": {
      "xgboost": {
        "mae": 2.9298058470634567,
        "rmse": 9.200096241815224,
        "r2": 0.9387533606813863,
        "mape": 5.168018851856085
      },
      "lightgbm": {
        "mae": 3.1281227801855245,
        "rmse": 10.110411037997743,
        "r2": 0.926033486753803,
        "mape": 5.042703423192693
      },
      "catboost": {
        "mae": 3.5176464444138396,
        "rmse": 10.36900161557378,
        "r2": 0.9222014672084512,
        "mape": 5.863977843431532
      },
      "rf": {
        "mae": 4.038777451462334,
        "rmse": 12.148332942485087,
        "r2": 0.8932099243584399,
        "mape": 6.680557992380792
      },
      "gb": {
        "mae": 2.698074189415483,
        "rmse": 9.577503475229829,
        "r2": 0.9336253630139795,
        "mape": 4.143729894888522
      },
      "ridge": {
        "mae": 6.6303364144097925,
        "rmse": 11.921462705981256,
        "r2": 0.8971612920937492,
        "mape": 10.424760551158329
      },
      "linear": {
        "mae": 6.405706140611947,
        "rmse": 11.731848827236623,
        "r2": 0.900406627564045,
        "mape": 9.739308504998673
      }
    },
    "test": {
      "xgboost": {
        "mae": 3.347623746167236,
        "rmse": 5.9408560130480765,
        "r2": 0.9765361524223651,
        "mape": 8.692651934259558
      },
      "lightgbm": {
        "mae": 4.247676526297248,
        "rmse": 7.095176211604059,
        "r2": 0.9665321705523121,
        "mape": 9.040886573004634
      },
      "catboost": {
        "mae": 4.044621668589633,
        "rmse": 6.603221707104107,
        "r2": 0.9710123550058383,
        "mape": 9.68711499400967
      },
      "rf": {
        "mae": 3.6249991982272807,
        "rmse": 6.764371900634056,
        "r2": 0.9695802157773057,
        "mape": 10.548102541717348
      },
      "gb": {
        "mae": 3.561711271095524,
        "rmse": 6.411783877893757,
        "r2": 0.9726687857985039,
        "mape": 7.042627719385383
      },
      "ridge": {
        "mae": 10.498685220398334,
        "rmse": 13.669379230888126,
        "r2": 0.8757779304838362,
        "mape": 22.172506439626797
      },
      "linear": {
        "mae": 9.05514130892842,
        "rmse": 12.166421304523368,
        "r2": 0.901592799252343,
        "mape": 19.356819075714373
      }
    },
    "cv_mae": {
      "xgboost": 2.6365380770539586,
      "lightgbm": 2.4240230963551057,
      "catboost": 3.2464571102559696,
      "rf": 2.192426483276931,
      "gb": 2.314005591155973,
      "ridge": 10.303569938686698,
      "linear": 9.532917810660193
    }
  }
}