{
  "trained_best_model": "rf",
  "new_test_metrics": {
    "mae": 3.8488857204603337,
    "rmse": 6.818941108848998,
    "r2": 0.9662434774767398,
    "mape": 10.955915419830857
  },
  "cv_mae": {
    "xgboost": 2.67592504206469,
    "lightgbm": 2.4446014471065025,
    "catboost": 3.244934567206441,
    "rf": 2.163013209572349,
    "gb": 2.2788058171350545,
    "ridge": 10.183490514072417,
    "linear": 9.367850773783847
  },
  "test_mae_all": {
    "xgboost": 3.324470694156924,
    "lightgbm": 4.087555078737953,
    "catboost": 3.876046777819326,
    "rf": 3.8488857204603346,
    "gb": 3.644946977375352,
    "ridge": 10.45766934661628,
    "linear": 9.02922161703763
  },
  "historical_best_cv_mae": 2.042469801781462,
  "is_new_historical_best": false,
  "features": [
    "pm2_5",
    "pm10",
    "co",
    "no2",
    "so2",
    "month_cos",
    "total_pm",
    "total_gases",
    "no2_o3_ratio",
    "pm2_5_rolling_3h",
    "pm10_rolling_3h",
    "co_rolling_3h",
    "pm2_5_co_interaction",
    "hour_sin",
    "hour_cos"
  ],
  "scaler_needed": false,
  "all_models_saved": [
    "model_xgboost.pkl",
    "model_lightgbm.pkl",
    "model_catboost.pkl",
    "model_rf.pkl",
    "model_gb.pkl",
    "model_ridge.pkl",
    "model_linear.pkl"
  ],
  "all_metrics": {
    "train": {
      "xgboost": {
        "mae": 1.8508165259028446,
        "rmse": 3.394355797340487,
        "r2": 0.9988416015296055,
        "mape": 1.494491384559768
      },
      "lightgbm": {
        "mae": 1.5511761918963636,
        "rmse": 3.0683586585628397,
        "r2": 0.9990534239884533,
        "mape": 1.2711126865645335
      },
      "catboost": {
        "mae": 1.9028812708572536,
        "rmse": 3.0374539764322646,
        "r2": 0.9990723958961575,
        "mape": 1.5875905308268385
      },
      "rf": {
        "mae": 1.1645596007819299,
        "rmse": 3.849946381584053,
        "r2": 0.9985097723705927,
        "mape": 1.1420892424361644
      },
      "gb": {
        "mae": 1.3883616739710147,
        "rmse": 2.914604369177894,
        "r2": 0.99914591229091,
        "mape": 1.1950989181078846
      },
      "ridge": {
        "mae": 8.8905949167217,
        "rmse": 11.762677533153363,
        "r2": 0.9860890870988043,
        "mape": 8.215542683533196
      },
      "linear": {
        "mae": 8.569355818034422,
        "rmse": 11.41746859029217,
        "r2": 0.9868936156409842,
        "mape": 7.779414619221142
      }
    },
    "val": {
      "xgboost": {
        "mae": 2.845486190221081,
        "rmse": 8.834176363253578,
        "r2": 0.9436302946642822,
        "mape": 4.966085227309804
      },
      "lightgbm": {
        "mae": 3.01679551947112,
        "rmse": 10.180091861963197,
        "r2": 0.9251456526343602,
        "mape": 4.901563192589182
      },
      "catboost": {
        "mae": 3.464137802322822,
        "rmse": 10.314113342765385,
        "r2": 0.9231617556062214,
        "mape": 5.832818484548131
      },
      "rf": {
        "mae": 4.284272897538757,
        "rmse": 12.168034540909005,
        "r2": 0.8930564732492058,
        "mape": 7.124411945032816
      },
      "gb": {
        "mae": 2.872259617951232,
        "rmse": 9.978693114615568,
        "r2": 0.9280781305612158,
        "mape": 4.608895201938818
      },
      "ridge": {
        "mae": 6.8332611602830235,
        "rmse": 12.012759590497707,
        "r2": 0.8957684476959883,
        "mape": 10.804627018566958
      },
      "linear": {
        "mae": 6.5496109454215725,
        "rmse": 11.794035427820667,
        "r2": 0.8995295169431462,
        "mape": 10.010385582117916
      }
    },
    "test": {
      "xgboost": {
        "mae": 3.324470694156924,
        "rmse": 5.840806904549444,
        "r2": 0.9752332215619197,
        "mape": 8.413799771185145
      },
      "lightgbm": {
        "mae": 4.087555078737953,
        "rmse": 6.904489815571463,
        "r2": 0.9653911627930577,
        "mape": 9.051693271930013
      },
      "catboost": {
        "mae": 3.876046777819326,
        "rmse": 6.384868911736891,
        "r2": 0.9704043562028333,
        "mape": 9.624586559621578
      },
      "rf": {
        "mae": 3.8488857204603346,
        "rmse": 6.818941108848999,
        "r2": 0.9662434774767398,
        "mape": 10.955915419830857
      },
      "gb": {
        "mae": 3.644946977375352,
        "rmse": 6.519651976803841,
        "r2": 0.9691416537193782,
        "mape": 7.693339049808035
      },
      "ridge": {
        "mae": 10.45766934661628,
        "rmse": 13.677507636724169,
        "r2": 0.8641881224495214,
        "mape": 22.30822607818186
      },
      "linear": {
        "mae": 9.02922161703763,
        "rmse": 12.1672504457456,
        "r2": 0.8925246875592414,
        "mape": 19.485523720268876
      }
    },
    "cv_mae": {
      "xgboost": 2.67592504206469,
      "lightgbm": 2.4446014471065025,
      "catboost": 3.244934567206441,
      "rf": 2.163013209572349,
      "gb": 2.2788058171350545,
      "ridge": 10.183490514072417,
      "linear": 9.367850773783847
    }
  }
}