{
  "trained_best_model": "gb",
  "new_test_metrics": {
    "mae": 6.33510016504504,
    "rmse": 10.787239040366849,
    "r2": 0.9474197647597569,
    "mape": 7.769453594250127
  },
  "cv_mae": {
    "xgboost": 2.7678816535934776,
    "lightgbm": 2.378973815173337,
    "catboost": 3.252896233902482,
    "rf": 2.2645261198081963,
    "gb": 2.095596217198961,
    "ridge": 9.850562934117088,
    "linear": 8.970536776747007
  },
  "test_mae_all": {
    "xgboost": 3.2968103123119317,
    "lightgbm": 4.188415495968971,
    "catboost": 3.3979290462013685,
    "rf": 3.1393995522591633,
    "gb": 6.33510016504504,
    "ridge": 11.618327907999479,
    "linear": 9.983376879503522
  },
  "historical_best_cv_mae": 2.042469801781462,
  "is_new_historical_best": false,
  "features": [
    "pm2_5",
    "pm10",
    "co",
    "no2",
    "so2",
    "month_cos",
    "total_pm",
    "total_gases",
    "no2_o3_ratio",
    "pm2_5_rolling_3h",
    "pm10_rolling_3h",
    "co_rolling_3h",
    "pm2_5_co_interaction",
    "hour_sin",
    "hour_cos"
  ],
  "scaler_needed": false,
  "all_models_saved": [
    "model_xgboost.pkl",
    "model_lightgbm.pkl",
    "model_catboost.pkl",
    "model_rf.pkl",
    "model_gb.pkl",
    "model_ridge.pkl",
    "model_linear.pkl"
  ],
  "all_metrics": {
    "train": {
      "xgboost": {
        "mae": 1.8190774895829154,
        "rmse": 3.4090961339630157,
        "r2": 0.9987609134820283,
        "mape": 1.4940651223623334
      },
      "lightgbm": {
        "mae": 1.594135286305843,
        "rmse": 3.2032143948290868,
        "r2": 0.9989060558500023,
        "mape": 1.321777910756083
      },
      "catboost": {
        "mae": 1.9007418444196664,
        "rmse": 3.00070148537297,
        "r2": 0.9990400055511138,
        "mape": 1.6061049101264782
      },
      "rf": {
        "mae": 1.1778229504081383,
        "rmse": 3.895330286785014,
        "r2": 0.9983822488752803,
        "mape": 1.1593840804199311
      },
      "gb": {
        "mae": 1.3775210469016057,
        "rmse": 2.9576628386473973,
        "r2": 0.9990673461987081,
        "mape": 1.2112673528401254
      },
      "ridge": {
        "mae": 8.600505348191593,
        "rmse": 11.469850370307354,
        "r2": 0.9859738448035767,
        "mape": 8.102895940408812
      },
      "linear": {
        "mae": 8.305529973406466,
        "rmse": 11.146029184292688,
        "r2": 0.9867546485291733,
        "mape": 7.692695862734345
      }
    },
    "val": {
      "xgboost": {
        "mae": 2.729819306499882,
        "rmse": 9.151156062711769,
        "r2": 0.9371561000268686,
        "mape": 4.460715764410794
      },
      "lightgbm": {
        "mae": 2.641875232533729,
        "rmse": 9.902288738538543,
        "r2": 0.9264161721153142,
        "mape": 4.103336463811085
      },
      "catboost": {
        "mae": 2.9587549631763372,
        "rmse": 9.141442193175944,
        "r2": 0.9372894456815043,
        "mape": 4.987850941741396
      },
      "rf": {
        "mae": 3.2760758462446278,
        "rmse": 11.809952186860858,
        "r2": 0.8953335525469002,
        "mape": 5.629058985197315
      },
      "gb": {
        "mae": 2.5667650084438915,
        "rmse": 9.432661620673125,
        "r2": 0.9332302553318437,
        "mape": 3.6058709440646286
      },
      "ridge": {
        "mae": 6.290406743509675,
        "rmse": 11.531250700861037,
        "r2": 0.9002152821797227,
        "mape": 10.161756139966185
      },
      "linear": {
        "mae": 5.948790407048933,
        "rmse": 11.383030275554825,
        "r2": 0.9027640219418389,
        "mape": 9.297522784288581
      }
    },
    "test": {
      "xgboost": {
        "mae": 3.2968103123119317,
        "rmse": 5.549797789833614,
        "r2": 0.9860826599466777,
        "mape": 7.42914487848752
      },
      "lightgbm": {
        "mae": 4.188415495968971,
        "rmse": 6.51238536938599,
        "r2": 0.9808361790976449,
        "mape": 7.726477849470621
      },
      "catboost": {
        "mae": 3.3979290462013685,
        "rmse": 5.647100305984388,
        "r2": 0.9855903668836836,
        "mape": 8.27772821362477
      },
      "rf": {
        "mae": 3.1393995522591633,
        "rmse": 6.227382334151906,
        "r2": 0.9824768176551452,
        "mape": 9.59873494086846
      },
      "gb": {
        "mae": 6.33510016504504,
        "rmse": 10.787239040366849,
        "r2": 0.9474197647597569,
        "mape": 7.769453594250127
      },
      "ridge": {
        "mae": 11.618327907999479,
        "rmse": 14.457355341283876,
        "r2": 0.9055548565570122,
        "mape": 22.37133102490529
      },
      "linear": {
        "mae": 9.983376879503522,
        "rmse": 12.782428008746137,
        "r2": 0.9261707204539723,
        "mape": 19.605417909412612
      }
    },
    "cv_mae": {
      "xgboost": 2.7678816535934776,
      "lightgbm": 2.378973815173337,
      "catboost": 3.252896233902482,
      "rf": 2.2645261198081963,
      "gb": 2.095596217198961,
      "ridge": 9.850562934117088,
      "linear": 8.970536776747007
    }
  }
}