{
  "trained_best_model": "gb",
  "new_test_metrics": {
    "mae": 5.517212160425579,
    "rmse": 8.908184209658764,
    "r2": 0.9641176177691861,
    "mape": 7.653028793158072
  },
  "cv_mae": {
    "xgboost": 2.620663140104708,
    "lightgbm": 2.3858630074995104,
    "catboost": 3.2243510474432604,
    "rf": 2.2298869173660902,
    "gb": 2.128631530318013,
    "ridge": 9.829300712475533,
    "linear": 8.943473561612292
  },
  "test_mae_all": {
    "xgboost": 3.6837463199327063,
    "lightgbm": 4.388713372095311,
    "catboost": 3.401892362620881,
    "rf": 3.212018187167194,
    "gb": 5.517212160425579,
    "ridge": 11.606955327097372,
    "linear": 9.955502791686932
  },
  "historical_best_cv_mae": 2.042469801781462,
  "is_new_historical_best": false,
  "features": [
    "pm2_5",
    "pm10",
    "co",
    "no2",
    "so2",
    "month_cos",
    "total_pm",
    "total_gases",
    "no2_o3_ratio",
    "pm2_5_rolling_3h",
    "pm10_rolling_3h",
    "co_rolling_3h",
    "pm2_5_co_interaction",
    "hour_sin",
    "hour_cos"
  ],
  "scaler_needed": false,
  "all_models_saved": [
    "model_xgboost.pkl",
    "model_lightgbm.pkl",
    "model_catboost.pkl",
    "model_rf.pkl",
    "model_gb.pkl",
    "model_ridge.pkl",
    "model_linear.pkl"
  ],
  "all_metrics": {
    "train": {
      "xgboost": {
        "mae": 1.7863330141205611,
        "rmse": 3.3336941952627437,
        "r2": 0.9988173530068475,
        "mape": 1.4837089335812004
      },
      "lightgbm": {
        "mae": 1.5349217226971297,
        "rmse": 3.1218565365743616,
        "r2": 0.9989628788353587,
        "mape": 1.2835286485581858
      },
      "catboost": {
        "mae": 1.902868065152441,
        "rmse": 3.0242431630306883,
        "r2": 0.9990267217252708,
        "mape": 1.6201276782342333
      },
      "rf": {
        "mae": 1.17962309730257,
        "rmse": 3.8952419601806847,
        "r2": 0.9983853719462276,
        "mape": 1.1638982548035042
      },
      "gb": {
        "mae": 1.3758056070365505,
        "rmse": 2.9091228601868275,
        "r2": 0.9990994087141193,
        "mape": 1.205728225213495
      },
      "ridge": {
        "mae": 8.60482328031479,
        "rmse": 11.472957021436196,
        "r2": 0.9859927026630582,
        "mape": 8.103406745080328
      },
      "linear": {
        "mae": 8.308800089947209,
        "rmse": 11.147807767599787,
        "r2": 0.9867753996463545,
        "mape": 7.692180253288392
      }
    },
    "val": {
      "xgboost": {
        "mae": 2.7945033164873516,
        "rmse": 8.921140087235282,
        "r2": 0.9403453683123776,
        "mape": 4.7500543454749575
      },
      "lightgbm": {
        "mae": 2.519351836250277,
        "rmse": 9.68946258664678,
        "r2": 0.9296275241286893,
        "mape": 3.774398563833803
      },
      "catboost": {
        "mae": 3.0480831894907694,
        "rmse": 9.039926793137141,
        "r2": 0.9387461659615123,
        "mape": 4.971479729751425
      },
      "rf": {
        "mae": 3.3269565436774324,
        "rmse": 11.795895973957078,
        "r2": 0.8957045605441464,
        "mape": 5.692364077249708
      },
      "gb": {
        "mae": 2.629047763624173,
        "rmse": 9.64031148584826,
        "r2": 0.9303396610084336,
        "mape": 3.8713596014227156
      },
      "ridge": {
        "mae": 6.325813806901721,
        "rmse": 11.555773817801422,
        "r2": 0.8999075047593219,
        "mape": 10.228729060538827
      },
      "linear": {
        "mae": 5.974819235721448,
        "rmse": 11.400022275874024,
        "r2": 0.9025874638449566,
        "mape": 9.347205068914281
      }
    },
    "test": {
      "xgboost": {
        "mae": 3.6837463199327063,
        "rmse": 5.993803392783519,
        "r2": 0.9837554428486553,
        "mape": 7.929810429881995
      },
      "lightgbm": {
        "mae": 4.388713372095311,
        "rmse": 6.90680504592438,
        "r2": 0.978429645372884,
        "mape": 7.38317350828267
      },
      "catboost": {
        "mae": 3.401892362620881,
        "rmse": 5.5348871507378385,
        "r2": 0.9861477464850071,
        "mape": 7.983266430893879
      },
      "rf": {
        "mae": 3.212018187167194,
        "rmse": 6.209885999178654,
        "r2": 0.9825630651490119,
        "mape": 9.655597892476381
      },
      "gb": {
        "mae": 5.517212160425579,
        "rmse": 8.908184209658764,
        "r2": 0.9641176177691861,
        "mape": 7.653028793158072
      },
      "ridge": {
        "mae": 11.606955327097372,
        "rmse": 14.456477033575533,
        "r2": 0.9055008654497736,
        "mape": 22.348532844312537
      },
      "linear": {
        "mae": 9.955502791686932,
        "rmse": 12.765286408259822,
        "r2": 0.9263175570480305,
        "mape": 19.55430563585782
      }
    },
    "cv_mae": {
      "xgboost": 2.620663140104708,
      "lightgbm": 2.3858630074995104,
      "catboost": 3.2243510474432604,
      "rf": 2.2298869173660902,
      "gb": 2.128631530318013,
      "ridge": 9.829300712475533,
      "linear": 8.943473561612292
    }
  }
}