{
  "trained_best_model": "rf",
  "new_test_metrics": {
    "mae": 4.499679193362453,
    "rmse": 7.361758078112723,
    "r2": 0.9598762495095448,
    "mape": 12.023961230342078
  },
  "cv_mae": {
    "xgboost": 2.6673552208917246,
    "lightgbm": 2.4895018990811186,
    "catboost": 3.335489783860509,
    "rf": 2.1323540659521663,
    "gb": 2.2936359637145918,
    "ridge": 10.20655501924614,
    "linear": 9.369783318135347
  },
  "test_mae_all": {
    "xgboost": 3.6737152605696175,
    "lightgbm": 3.8269736333361286,
    "catboost": 3.920209548626789,
    "rf": 4.499679193362453,
    "gb": 3.726351631253217,
    "ridge": 10.500074292392775,
    "linear": 9.103891478450388
  },
  "historical_best_cv_mae": 2.042469801781462,
  "is_new_historical_best": false,
  "features": [
    "pm2_5",
    "pm10",
    "co",
    "no2",
    "so2",
    "month_cos",
    "total_pm",
    "total_gases",
    "no2_o3_ratio",
    "pm2_5_rolling_3h",
    "pm10_rolling_3h",
    "co_rolling_3h",
    "pm2_5_co_interaction",
    "hour_sin",
    "hour_cos"
  ],
  "scaler_needed": false,
  "all_models_saved": [
    "model_xgboost.pkl",
    "model_lightgbm.pkl",
    "model_catboost.pkl",
    "model_rf.pkl",
    "model_gb.pkl",
    "model_ridge.pkl",
    "model_linear.pkl"
  ],
  "all_metrics": {
    "train": {
      "xgboost": {
        "mae": 1.867304722934631,
        "rmse": 3.4189902747541288,
        "r2": 0.9988254383330367,
        "mape": 1.492981504609747
      },
      "lightgbm": {
        "mae": 1.678025367348376,
        "rmse": 3.3027934991649825,
        "r2": 0.9989039182810885,
        "mape": 1.3649595737449984
      },
      "catboost": {
        "mae": 1.9155297169482437,
        "rmse": 3.037451859865471,
        "r2": 0.9990729590910241,
        "mape": 1.5961324672809392
      },
      "rf": {
        "mae": 1.1577374082606982,
        "rmse": 3.837954877381503,
        "r2": 0.9985199382976845,
        "mape": 1.1336576455123542
      },
      "gb": {
        "mae": 1.4132073421586278,
        "rmse": 2.9647633292615603,
        "r2": 0.9991167977785449,
        "mape": 1.2106258446076954
      },
      "ridge": {
        "mae": 8.89737030482612,
        "rmse": 11.767602180713576,
        "r2": 0.9860858702674213,
        "mape": 8.206542497322522
      },
      "linear": {
        "mae": 8.575807040402902,
        "rmse": 11.422266761022456,
        "r2": 0.9868905434186903,
        "mape": 7.771596668330682
      }
    },
    "val": {
      "xgboost": {
        "mae": 3.085040353748896,
        "rmse": 9.177101910796774,
        "r2": 0.9380090091146209,
        "mape": 5.698755121839002
      },
      "lightgbm": {
        "mae": 2.8666186912356055,
        "rmse": 9.913553597668153,
        "r2": 0.9276603859837736,
        "mape": 4.607776368674318
      },
      "catboost": {
        "mae": 3.462622376969885,
        "rmse": 10.045203527046427,
        "r2": 0.9257263186354469,
        "mape": 6.014961604619471
      },
      "rf": {
        "mae": 4.916772269966888,
        "rmse": 12.39497124131283,
        "r2": 0.8869140850416218,
        "mape": 8.275290713077114
      },
      "gb": {
        "mae": 2.827859097827912,
        "rmse": 9.643412387844336,
        "r2": 0.9315491338891677,
        "mape": 4.47144456854346
      },
      "ridge": {
        "mae": 6.832414995838562,
        "rmse": 11.932937245484844,
        "r2": 0.895187716548318,
        "mape": 10.982366231392088
      },
      "linear": {
        "mae": 6.484280381360001,
        "rmse": 11.661527510629687,
        "r2": 0.899901319746025,
        "mape": 10.065278222450967
      }
    },
    "test": {
      "xgboost": {
        "mae": 3.6737152605696175,
        "rmse": 6.432634707973577,
        "r2": 0.9693651176144625,
        "mape": 9.927932363869035
      },
      "lightgbm": {
        "mae": 3.8269736333361286,
        "rmse": 6.4697197789026735,
        "r2": 0.9690108703365831,
        "mape": 8.784742343094235
      },
      "catboost": {
        "mae": 3.920209548626789,
        "rmse": 6.5425527305443625,
        "r2": 0.9683092220023999,
        "mape": 10.258798863823886
      },
      "rf": {
        "mae": 4.499679193362453,
        "rmse": 7.361758078112723,
        "r2": 0.9598762495095448,
        "mape": 12.02396123034208
      },
      "gb": {
        "mae": 3.726351631253217,
        "rmse": 6.509138511428448,
        "r2": 0.9686320985831851,
        "mape": 7.574888811651967
      },
      "ridge": {
        "mae": 10.500074292392775,
        "rmse": 13.729950290519069,
        "r2": 0.8604350489211733,
        "mape": 22.478652802667334
      },
      "linear": {
        "mae": 9.103891478450388,
        "rmse": 12.250474392134382,
        "r2": 0.8888922759368454,
        "mape": 19.667887147450035
      }
    },
    "cv_mae": {
      "xgboost": 2.6673552208917246,
      "lightgbm": 2.4895018990811186,
      "catboost": 3.335489783860509,
      "rf": 2.1323540659521663,
      "gb": 2.2936359637145918,
      "ridge": 10.20655501924614,
      "linear": 9.369783318135347
    }
  }
}