{
  "trained_best_model": "rf",
  "new_test_metrics": {
    "mae": 3.648860136904021,
    "rmse": 6.847281160296735,
    "r2": 0.9722335465076746,
    "mape": 10.665266761043508
  },
  "cv_mae": {
    "xgboost": 2.6545253637952113,
    "lightgbm": 2.4376259937477833,
    "catboost": 3.045828842871947,
    "rf": 2.1554554627592935,
    "gb": 2.280666207291096,
    "ridge": 9.775340038953923,
    "linear": 9.123507323603805
  },
  "test_mae_all": {
    "xgboost": 3.181681632723516,
    "lightgbm": 3.5249286769903234,
    "catboost": 3.6091226967904566,
    "rf": 3.64886013690402,
    "gb": 4.5309513408351645,
    "ridge": 10.768106081229647,
    "linear": 9.272709324859662
  },
  "historical_best_cv_mae": 2.042469801781462,
  "is_new_historical_best": false,
  "features": [
    "pm2_5",
    "pm10",
    "co",
    "no2",
    "so2",
    "month_cos",
    "total_pm",
    "total_gases",
    "no2_o3_ratio",
    "pm2_5_rolling_3h",
    "pm10_rolling_3h",
    "co_rolling_3h",
    "pm2_5_co_interaction",
    "hour_sin",
    "hour_cos"
  ],
  "scaler_needed": false,
  "all_models_saved": [
    "model_xgboost.pkl",
    "model_lightgbm.pkl",
    "model_catboost.pkl",
    "model_rf.pkl",
    "model_gb.pkl",
    "model_ridge.pkl",
    "model_linear.pkl"
  ],
  "all_metrics": {
    "train": {
      "xgboost": {
        "mae": 1.8403164702774417,
        "rmse": 3.4161136658796774,
        "r2": 0.9988171913604125,
        "mape": 1.49488374199188
      },
      "lightgbm": {
        "mae": 1.9548468307910194,
        "rmse": 3.987530693020229,
        "r2": 0.9983883974699277,
        "mape": 1.6166514524729028
      },
      "catboost": {
        "mae": 1.8927510850033868,
        "rmse": 3.019820516976873,
        "r2": 0.9990757017612616,
        "mape": 1.591183661154874
      },
      "rf": {
        "mae": 1.172348034403169,
        "rmse": 3.87891296243392,
        "r2": 0.9984749996896196,
        "mape": 1.1478862936628664
      },
      "gb": {
        "mae": 1.3918077979562402,
        "rmse": 2.9519867881698914,
        "r2": 0.9991167600967608,
        "mape": 1.205705648373394
      },
      "ridge": {
        "mae": 8.793762188839803,
        "rmse": 11.669643092003401,
        "r2": 0.9861972694521582,
        "mape": 8.150190388004205
      },
      "linear": {
        "mae": 8.478816872893606,
        "rmse": 11.33217738685224,
        "r2": 0.9869840284466155,
        "mape": 7.7223495220724985
      }
    },
    "val": {
      "xgboost": {
        "mae": 2.7025619816018023,
        "rmse": 9.213058183006325,
        "r2": 0.9367029117884044,
        "mape": 4.790224318152663
      },
      "lightgbm": {
        "mae": 2.906609564776902,
        "rmse": 10.506104588120134,
        "r2": 0.9176886842164825,
        "mape": 4.682239794507548
      },
      "catboost": {
        "mae": 3.40907071601732,
        "rmse": 10.366857439172307,
        "r2": 0.9198561212982657,
        "mape": 5.594965750196782
      },
      "rf": {
        "mae": 3.9847150497382695,
        "rmse": 12.131511461240352,
        "r2": 0.8902496459143047,
        "mape": 6.69935127065675
      },
      "gb": {
        "mae": 2.5164709989935004,
        "rmse": 9.559310691699054,
        "r2": 0.9318557433406824,
        "mape": 3.9152401737752167
      },
      "ridge": {
        "mae": 6.539087900969698,
        "rmse": 11.779691029929516,
        "r2": 0.8965229823383278,
        "mape": 10.39298819055978
      },
      "linear": {
        "mae": 6.286052403063472,
        "rmse": 11.64648939471259,
        "r2": 0.8988499328367618,
        "mape": 9.638510566593652
      }
    },
    "test": {
      "xgboost": {
        "mae": 3.181681632723516,
        "rmse": 5.712198989151844,
        "r2": 0.9806762795348567,
        "mape": 8.331966720173108
      },
      "lightgbm": {
        "mae": 3.5249286769903234,
        "rmse": 5.918890835067691,
        "r2": 0.9792525488544556,
        "mape": 8.524309796705944
      },
      "catboost": {
        "mae": 3.6091226967904566,
        "rmse": 6.018698397798281,
        "r2": 0.9785469397568339,
        "mape": 9.21735888448017
      },
      "rf": {
        "mae": 3.64886013690402,
        "rmse": 6.847281160296732,
        "r2": 0.9722335465076746,
        "mape": 10.665266761043506
      },
      "gb": {
        "mae": 4.5309513408351645,
        "rmse": 8.131617087788214,
        "r2": 0.9608404285864481,
        "mape": 7.533184609919871
      },
      "ridge": {
        "mae": 10.768106081229647,
        "rmse": 13.86665331849929,
        "r2": 0.8861252579981438,
        "mape": 22.103812622808153
      },
      "linear": {
        "mae": 9.272709324859662,
        "rmse": 12.302386954159722,
        "r2": 0.9103680476284077,
        "mape": 19.32197287495116
      }
    },
    "cv_mae": {
      "xgboost": 2.6545253637952113,
      "lightgbm": 2.4376259937477833,
      "catboost": 3.045828842871947,
      "rf": 2.1554554627592935,
      "gb": 2.280666207291096,
      "ridge": 9.775340038953923,
      "linear": 9.123507323603805
    }
  }
}