{
  "trained_best_model": "rf",
  "new_test_metrics": {
    "mae": 4.575271547640049,
    "rmse": 7.449343495423541,
    "r2": 0.9591552852062478,
    "mape": 12.159977353881501
  },
  "cv_mae": {
    "xgboost": 2.6464138243762947,
    "lightgbm": 2.467534301482135,
    "catboost": 3.1056492903396036,
    "rf": 2.124733990111848,
    "gb": 2.295178632759053,
    "ridge": 10.19318787575514,
    "linear": 9.332753961430129
  },
  "test_mae_all": {
    "xgboost": 3.359262859328157,
    "lightgbm": 3.8570542736725466,
    "catboost": 4.102990235778484,
    "rf": 4.575271547640048,
    "gb": 3.9940659933323204,
    "ridge": 10.546659346752277,
    "linear": 9.157921793443546
  },
  "historical_best_cv_mae": 2.042469801781462,
  "is_new_historical_best": false,
  "features": [
    "pm2_5",
    "pm10",
    "co",
    "no2",
    "so2",
    "month_cos",
    "total_pm",
    "total_gases",
    "no2_o3_ratio",
    "pm2_5_rolling_3h",
    "pm10_rolling_3h",
    "co_rolling_3h",
    "pm2_5_co_interaction",
    "hour_sin",
    "hour_cos"
  ],
  "scaler_needed": false,
  "all_models_saved": [
    "model_xgboost.pkl",
    "model_lightgbm.pkl",
    "model_catboost.pkl",
    "model_rf.pkl",
    "model_gb.pkl",
    "model_ridge.pkl",
    "model_linear.pkl"
  ],
  "all_metrics": {
    "train": {
      "xgboost": {
        "mae": 1.8701437308130433,
        "rmse": 3.444686093505093,
        "r2": 0.9988072976038842,
        "mape": 1.5000909486419731
      },
      "lightgbm": {
        "mae": 1.6486194978762956,
        "rmse": 3.2794241054179927,
        "r2": 0.9989189943658977,
        "mape": 1.3386397780184562
      },
      "catboost": {
        "mae": 1.954479684832552,
        "rmse": 3.080049309412051,
        "r2": 0.9990464397763674,
        "mape": 1.609228851461106
      },
      "rf": {
        "mae": 1.1535774402712047,
        "rmse": 3.8312698943931216,
        "r2": 0.9985245711127304,
        "mape": 1.1248497998856062
      },
      "gb": {
        "mae": 1.4132273768322028,
        "rmse": 2.9794415472520424,
        "r2": 0.9991077171879093,
        "mape": 1.20580030862623
      },
      "ridge": {
        "mae": 8.911009503387897,
        "rmse": 11.774372833908993,
        "r2": 0.9860649556467904,
        "mape": 8.207674401819055
      },
      "linear": {
        "mae": 8.581919191154515,
        "rmse": 11.42569983322275,
        "r2": 0.9868780490783547,
        "mape": 7.763594423398776
      }
    },
    "val": {
      "xgboost": {
        "mae": 2.823298800481509,
        "rmse": 8.696400842553894,
        "r2": 0.94300217446747,
        "mape": 4.9515411243490455
      },
      "lightgbm": {
        "mae": 2.871812298333517,
        "rmse": 10.173476505995227,
        "r2": 0.9219958045629889,
        "mape": 4.541507062735917
      },
      "catboost": {
        "mae": 3.8716006086179093,
        "rmse": 10.82401581119454,
        "r2": 0.9117009512884333,
        "mape": 6.600508522056591
      },
      "rf": {
        "mae": 4.994086708944365,
        "rmse": 12.443525661549854,
        "r2": 0.8833012822249623,
        "mape": 8.408025268199768
      },
      "gb": {
        "mae": 2.925352401490427,
        "rmse": 9.880760967424216,
        "r2": 0.9264199675628715,
        "mape": 4.770833533919855
      },
      "ridge": {
        "mae": 6.687293501844194,
        "rmse": 11.85554686692095,
        "r2": 0.8940691707209057,
        "mape": 10.900073258420004
      },
      "linear": {
        "mae": 6.356374158064061,
        "rmse": 11.58673269864962,
        "r2": 0.8988184880125106,
        "mape": 9.99974790833575
      }
    },
    "test": {
      "xgboost": {
        "mae": 3.359262859328157,
        "rmse": 5.760440821441479,
        "r2": 0.9755763084958694,
        "mape": 8.538332760469117
      },
      "lightgbm": {
        "mae": 3.8570542736725466,
        "rmse": 6.53666303995868,
        "r2": 0.968550621816118,
        "mape": 8.668873996212378
      },
      "catboost": {
        "mae": 4.102990235778484,
        "rmse": 6.715255453704751,
        "r2": 0.9668086479707078,
        "mape": 10.356054916876268
      },
      "rf": {
        "mae": 4.575271547640048,
        "rmse": 7.449343495423539,
        "r2": 0.9591552852062479,
        "mape": 12.159977353881498
      },
      "gb": {
        "mae": 3.9940659933323204,
        "rmse": 6.825296560308998,
        "r2": 0.9657119395300905,
        "mape": 8.334212742512808
      },
      "ridge": {
        "mae": 10.546659346752277,
        "rmse": 13.753533053634598,
        "r2": 0.8607714122101484,
        "mape": 22.527253162858198
      },
      "linear": {
        "mae": 9.157921793443546,
        "rmse": 12.276704643844663,
        "r2": 0.889066304122555,
        "mape": 19.7053634973787
      }
    },
    "cv_mae": {
      "xgboost": 2.6464138243762947,
      "lightgbm": 2.467534301482135,
      "catboost": 3.1056492903396036,
      "rf": 2.124733990111848,
      "gb": 2.295178632759053,
      "ridge": 10.19318787575514,
      "linear": 9.332753961430129
    }
  }
}