{
  "trained_best_model": "gb",
  "new_test_metrics": {
    "mae": 5.657085818301233,
    "rmse": 9.055085109288576,
    "r2": 0.9629434840329779,
    "mape": 8.156265695306173
  },
  "cv_mae": {
    "xgboost": 2.641033952343487,
    "lightgbm": 2.3607145033446253,
    "catboost": 3.1133314860780184,
    "rf": 2.2247561812860326,
    "gb": 2.170067936043151,
    "ridge": 9.852421717733163,
    "linear": 8.974583396546873
  },
  "test_mae_all": {
    "xgboost": 3.490706367329422,
    "lightgbm": 4.049287892791413,
    "catboost": 3.416894503077326,
    "rf": 3.1948935075761513,
    "gb": 5.657085818301233,
    "ridge": 11.61329531249596,
    "linear": 9.975228383017281
  },
  "historical_best_cv_mae": 2.042469801781462,
  "is_new_historical_best": false,
  "features": [
    "pm2_5",
    "pm10",
    "co",
    "no2",
    "so2",
    "month_cos",
    "total_pm",
    "total_gases",
    "no2_o3_ratio",
    "pm2_5_rolling_3h",
    "pm10_rolling_3h",
    "co_rolling_3h",
    "pm2_5_co_interaction",
    "hour_sin",
    "hour_cos"
  ],
  "scaler_needed": false,
  "all_models_saved": [
    "model_xgboost.pkl",
    "model_lightgbm.pkl",
    "model_catboost.pkl",
    "model_rf.pkl",
    "model_gb.pkl",
    "model_ridge.pkl",
    "model_linear.pkl"
  ],
  "all_metrics": {
    "train": {
      "xgboost": {
        "mae": 1.818346876920786,
        "rmse": 3.372342535618599,
        "r2": 0.9987881462680185,
        "mape": 1.504766487924872
      },
      "lightgbm": {
        "mae": 1.586706675050293,
        "rmse": 3.196248876910158,
        "r2": 0.9989114007750476,
        "mape": 1.3223770078429218
      },
      "catboost": {
        "mae": 1.8494144217198223,
        "rmse": 2.986376274475264,
        "r2": 0.9990496668097651,
        "mape": 1.556461809914113
      },
      "rf": {
        "mae": 1.178176005769048,
        "rmse": 3.901739264187163,
        "r2": 0.9983778039781123,
        "mape": 1.1633854966102612
      },
      "gb": {
        "mae": 1.3997594511908085,
        "rmse": 2.962741084955325,
        "r2": 0.9990646497990662,
        "mape": 1.2304709476709843
      },
      "ridge": {
        "mae": 8.599914306515664,
        "rmse": 11.469384996501619,
        "r2": 0.9859826116339159,
        "mape": 8.101501880560471
      },
      "linear": {
        "mae": 8.304823791895405,
        "rmse": 11.145572753736959,
        "r2": 0.9867629372955367,
        "mape": 7.691320940456555
      }
    },
    "val": {
      "xgboost": {
        "mae": 2.737104703302253,
        "rmse": 9.147326706460149,
        "r2": 0.9372184722075806,
        "mape": 4.284526426625764
      },
      "lightgbm": {
        "mae": 2.569113674645986,
        "rmse": 9.514281486008324,
        "r2": 0.9320803418960385,
        "mape": 3.9445118568975204
      },
      "catboost": {
        "mae": 3.038316454724007,
        "rmse": 9.221181274637043,
        "r2": 0.9362005965150847,
        "mape": 5.133747788293105
      },
      "rf": {
        "mae": 3.2900578087456336,
        "rmse": 11.818966384839042,
        "r2": 0.8951900548601717,
        "mape": 5.643709950068724
      },
      "gb": {
        "mae": 2.7253662119015822,
        "rmse": 9.738472401016766,
        "r2": 0.9288417638505679,
        "mape": 4.042923822481873
      },
      "ridge": {
        "mae": 6.297113503558245,
        "rmse": 11.534993435703717,
        "r2": 0.9001660620500584,
        "mape": 10.174721744276875
      },
      "linear": {
        "mae": 5.954487668298521,
        "rmse": 11.385859473640718,
        "r2": 0.9027308462459318,
        "mape": 9.308799642688232
      }
    },
    "test": {
      "xgboost": {
        "mae": 3.490706367329422,
        "rmse": 5.476735270005577,
        "r2": 0.9864442669045836,
        "mape": 7.021592084567223
      },
      "lightgbm": {
        "mae": 4.049287892791413,
        "rmse": 6.2793781794060735,
        "r2": 0.9821797911121762,
        "mape": 7.2454530859917226
      },
      "catboost": {
        "mae": 3.416894503077326,
        "rmse": 5.748450323345791,
        "r2": 0.9850658304780497,
        "mape": 8.495398084540291
      },
      "rf": {
        "mae": 3.1948935075761513,
        "rmse": 6.285181362185098,
        "r2": 0.9821468382585155,
        "mape": 9.717887344869606
      },
      "gb": {
        "mae": 5.657085818301233,
        "rmse": 9.055085109288576,
        "r2": 0.9629434840329779,
        "mape": 8.156265695306173
      },
      "ridge": {
        "mae": 11.61329531249596,
        "rmse": 14.454753740659907,
        "r2": 0.9055719750981474,
        "mape": 22.360160827971214
      },
      "linear": {
        "mae": 9.975228383017281,
        "rmse": 12.776196656774651,
        "r2": 0.9262295066990407,
        "mape": 19.589133959207768
      }
    },
    "cv_mae": {
      "xgboost": 2.641033952343487,
      "lightgbm": 2.3607145033446253,
      "catboost": 3.1133314860780184,
      "rf": 2.2247561812860326,
      "gb": 2.170067936043151,
      "ridge": 9.852421717733163,
      "linear": 8.974583396546873
    }
  }
}