{
  "trained_best_model": "rf",
  "new_test_metrics": {
    "mae": 3.6302008170230127,
    "rmse": 6.807393970191675,
    "r2": 0.9709505783088459,
    "mape": 10.575855723629637
  },
  "cv_mae": {
    "xgboost": 2.581785132227112,
    "lightgbm": 2.3890812785320934,
    "catboost": 3.189329124667785,
    "rf": 2.123630094319675,
    "gb": 2.2161059023553067,
    "ridge": 10.09149077279397,
    "linear": 9.343957036232243
  },
  "test_mae_all": {
    "xgboost": 3.301282542578334,
    "lightgbm": 3.761157332331547,
    "catboost": 4.110693204406869,
    "rf": 3.630200817023012,
    "gb": 3.7678651320579246,
    "ridge": 10.533874295424692,
    "linear": 9.083887459697678
  },
  "historical_best_cv_mae": 2.042469801781462,
  "is_new_historical_best": false,
  "features": [
    "pm2_5",
    "pm10",
    "co",
    "no2",
    "so2",
    "month_cos",
    "total_pm",
    "total_gases",
    "no2_o3_ratio",
    "pm2_5_rolling_3h",
    "pm10_rolling_3h",
    "co_rolling_3h",
    "pm2_5_co_interaction",
    "hour_sin",
    "hour_cos"
  ],
  "scaler_needed": false,
  "all_models_saved": [
    "model_xgboost.pkl",
    "model_lightgbm.pkl",
    "model_catboost.pkl",
    "model_rf.pkl",
    "model_gb.pkl",
    "model_ridge.pkl",
    "model_linear.pkl"
  ],
  "all_metrics": {
    "train": {
      "xgboost": {
        "mae": 1.832753729213707,
        "rmse": 3.3946866755218257,
        "r2": 0.9988341379349379,
        "mape": 1.4804237198591512
      },
      "lightgbm": {
        "mae": 1.7139108787885686,
        "rmse": 3.404150474912822,
        "r2": 0.9988276284302436,
        "mape": 1.4076191014124635
      },
      "catboost": {
        "mae": 1.894773336156496,
        "rmse": 2.9874010152092647,
        "r2": 0.9990971100302992,
        "mape": 1.5795909190882345
      },
      "rf": {
        "mae": 1.1739140650876294,
        "rmse": 3.886758630610666,
        "r2": 0.9984716496416537,
        "mape": 1.1501231423849754
      },
      "gb": {
        "mae": 1.3728267675137582,
        "rmse": 2.894691311081864,
        "r2": 0.9991522802625219,
        "mape": 1.1962800361224843
      },
      "ridge": {
        "mae": 8.847814514126405,
        "rmse": 11.717181496903136,
        "r2": 0.9861102607086417,
        "mape": 8.20535454244555
      },
      "linear": {
        "mae": 8.530090830783276,
        "rmse": 11.374890668873629,
        "r2": 0.9869099217681119,
        "mape": 7.771771657651769
      }
    },
    "val": {
      "xgboost": {
        "mae": 2.8178480444433482,
        "rmse": 9.212714850553418,
        "r2": 0.9385094771211542,
        "mape": 4.8863850518152026
      },
      "lightgbm": {
        "mae": 2.9374238355934823,
        "rmse": 10.255541142098775,
        "r2": 0.9238008564493401,
        "mape": 4.614553054798501
      },
      "catboost": {
        "mae": 3.4333497404233655,
        "rmse": 9.69096590151345,
        "r2": 0.9319595685929455,
        "mape": 5.85916048408939
      },
      "rf": {
        "mae": 4.020401569022929,
        "rmse": 12.140297896779625,
        "r2": 0.8932195824744474,
        "mape": 6.670509426904105
      },
      "gb": {
        "mae": 2.673864324099179,
        "rmse": 9.626075692380775,
        "r2": 0.9328677084075677,
        "mape": 4.114112120428807
      },
      "ridge": {
        "mae": 6.590815667950644,
        "rmse": 11.907604836381099,
        "r2": 0.8972736741555408,
        "mape": 10.352300496823934
      },
      "linear": {
        "mae": 6.325584867206088,
        "rmse": 11.71029450115438,
        "r2": 0.9006498420008042,
        "mape": 9.615082832065182
      }
    },
    "test": {
      "xgboost": {
        "mae": 3.301282542578334,
        "rmse": 5.816999799530906,
        "r2": 0.9787883810195298,
        "mape": 8.292980082154845
      },
      "lightgbm": {
        "mae": 3.761157332331547,
        "rmse": 6.238497962558756,
        "r2": 0.9756030354643327,
        "mape": 8.322734428113538
      },
      "catboost": {
        "mae": 4.110693204406869,
        "rmse": 6.519856335836477,
        "r2": 0.973352788303651,
        "mape": 9.887441103277679
      },
      "rf": {
        "mae": 3.630200817023012,
        "rmse": 6.807393970191675,
        "r2": 0.9709505783088459,
        "mape": 10.575855723629633
      },
      "gb": {
        "mae": 3.7678651320579246,
        "rmse": 6.641620652179995,
        "r2": 0.9723481716269194,
        "mape": 7.238112250180049
      },
      "ridge": {
        "mae": 10.533874295424692,
        "rmse": 13.695143827123225,
        "r2": 0.8824266439757154,
        "mape": 22.127732198759194
      },
      "linear": {
        "mae": 9.083887459697678,
        "rmse": 12.181429167546655,
        "r2": 0.90698088394586,
        "mape": 19.32909911443816
      }
    },
    "cv_mae": {
      "xgboost": 2.581785132227112,
      "lightgbm": 2.3890812785320934,
      "catboost": 3.189329124667785,
      "rf": 2.123630094319675,
      "gb": 2.2161059023553067,
      "ridge": 10.09149077279397,
      "linear": 9.343957036232243
    }
  }
}