{
  "trained_best_model": "rf",
  "new_test_metrics": {
    "mae": 4.283310698904333,
    "rmse": 7.200569672625864,
    "r2": 0.9613583001392703,
    "mape": 11.817754691589036
  },
  "cv_mae": {
    "xgboost": 2.670640572549779,
    "lightgbm": 2.477222758839316,
    "catboost": 3.243513316820664,
    "rf": 2.143154082912573,
    "gb": 2.2814328519546896,
    "ridge": 10.246500315462274,
    "linear": 9.420960964245984
  },
  "test_mae_all": {
    "xgboost": 3.195467802801418,
    "lightgbm": 4.045398760553797,
    "catboost": 3.609196497713571,
    "rf": 4.283310698904333,
    "gb": 3.745910195576607,
    "ridge": 10.445945865759684,
    "linear": 9.031398256152114
  },
  "historical_best_cv_mae": 2.042469801781462,
  "is_new_historical_best": false,
  "features": [
    "pm2_5",
    "pm10",
    "co",
    "no2",
    "so2",
    "month_cos",
    "total_pm",
    "total_gases",
    "no2_o3_ratio",
    "pm2_5_rolling_3h",
    "pm10_rolling_3h",
    "co_rolling_3h",
    "pm2_5_co_interaction",
    "hour_sin",
    "hour_cos"
  ],
  "scaler_needed": false,
  "all_models_saved": [
    "model_xgboost.pkl",
    "model_lightgbm.pkl",
    "model_catboost.pkl",
    "model_rf.pkl",
    "model_gb.pkl",
    "model_ridge.pkl",
    "model_linear.pkl"
  ],
  "all_metrics": {
    "train": {
      "xgboost": {
        "mae": 1.9952883566429003,
        "rmse": 3.7206742413191085,
        "r2": 0.9986107969048126,
        "mape": 1.5987864803361371
      },
      "lightgbm": {
        "mae": 1.5307423275708352,
        "rmse": 3.055002776018146,
        "r2": 0.9990634183050083,
        "mape": 1.2506855807142625
      },
      "catboost": {
        "mae": 1.905683290110322,
        "rmse": 3.0466526439562926,
        "r2": 0.9990685311599239,
        "mape": 1.5789631644294624
      },
      "rf": {
        "mae": 1.1618347503379103,
        "rmse": 3.8598443748981355,
        "r2": 0.9985049282463774,
        "mape": 1.137132089034158
      },
      "gb": {
        "mae": 1.4004960799276382,
        "rmse": 2.99361926804317,
        "r2": 0.999100677253911,
        "mape": 1.201354334499399
      },
      "ridge": {
        "mae": 8.898134509043706,
        "rmse": 11.769721414033194,
        "r2": 0.9860987192728373,
        "mape": 8.215816297364956
      },
      "linear": {
        "mae": 8.577981396795197,
        "rmse": 11.424287057938276,
        "r2": 0.9869027336000932,
        "mape": 7.7809041525858404
      }
    },
    "val": {
      "xgboost": {
        "mae": 2.9655197809820306,
        "rmse": 9.7441012502176,
        "r2": 0.9312630428155267,
        "mape": 5.137635285031462
      },
      "lightgbm": {
        "mae": 3.052105817400333,
        "rmse": 10.124257375268133,
        "r2": 0.9257950150688513,
        "mape": 4.919939466862404
      },
      "catboost": {
        "mae": 3.242871591300318,
        "rmse": 10.319010789954874,
        "r2": 0.9229126954778865,
        "mape": 5.45814995077236
      },
      "rf": {
        "mae": 4.755741164849855,
        "rmse": 12.408756661981894,
        "r2": 0.8885286494018816,
        "mape": 7.990520352022223
      },
      "gb": {
        "mae": 2.805923567693424,
        "rmse": 9.732047811155633,
        "r2": 0.9314329926685659,
        "mape": 4.438933223321129
      },
      "ridge": {
        "mae": 6.905293812830769,
        "rmse": 12.0520697877627,
        "r2": 0.8948449818657228,
        "mape": 10.937052842599249
      },
      "linear": {
        "mae": 6.592135194838666,
        "rmse": 11.815543210952141,
        "r2": 0.8989318973876841,
        "mape": 10.089186509761825
      }
    },
    "test": {
      "xgboost": {
        "mae": 3.195467802801418,
        "rmse": 5.988551818880724,
        "r2": 0.9732720203062379,
        "mape": 8.756771955239245
      },
      "lightgbm": {
        "mae": 4.045398760553797,
        "rmse": 6.803519091636296,
        "r2": 0.9655023330870334,
        "mape": 9.101260522169696
      },
      "catboost": {
        "mae": 3.609196497713571,
        "rmse": 6.0786393961779375,
        "r2": 0.9724618177459722,
        "mape": 9.207265510654462
      },
      "rf": {
        "mae": 4.283310698904333,
        "rmse": 7.200569672625864,
        "r2": 0.9613583001392703,
        "mape": 11.817754691589036
      },
      "gb": {
        "mae": 3.745910195576607,
        "rmse": 6.828753418547116,
        "r2": 0.9652459540611408,
        "mape": 7.649165661866274
      },
      "ridge": {
        "mae": 10.445945865759684,
        "rmse": 13.679066043050646,
        "r2": 0.8605445788188608,
        "mape": 22.377506396592
      },
      "linear": {
        "mae": 9.031398256152114,
        "rmse": 12.172945649828964,
        "r2": 0.8895631845358855,
        "mape": 19.55242743905716
      }
    },
    "cv_mae": {
      "xgboost": 2.670640572549779,
      "lightgbm": 2.477222758839316,
      "catboost": 3.243513316820664,
      "rf": 2.143154082912573,
      "gb": 2.2814328519546896,
      "ridge": 10.246500315462274,
      "linear": 9.420960964245984
    }
  }
}