{
  "trained_best_model": "gb",
  "new_test_metrics": {
    "mae": 5.875648259561659,
    "rmse": 9.606778663137977,
    "r2": 0.9582927097635568,
    "mape": 8.086349720497163
  },
  "cv_mae": {
    "xgboost": 2.636367677662471,
    "lightgbm": 2.4068894319047933,
    "catboost": 3.124712131028155,
    "rf": 2.2128323366571787,
    "gb": 2.1837060187935093,
    "ridge": 9.854348349803484,
    "linear": 8.983069526279703
  },
  "test_mae_all": {
    "xgboost": 3.5909121171894154,
    "lightgbm": 4.110982516709058,
    "catboost": 3.122601700209254,
    "rf": 3.2032352911327475,
    "gb": 5.875648259561659,
    "ridge": 11.615095777829495,
    "linear": 9.97789662332925
  },
  "historical_best_cv_mae": 2.042469801781462,
  "is_new_historical_best": false,
  "features": [
    "pm2_5",
    "pm10",
    "co",
    "no2",
    "so2",
    "month_cos",
    "total_pm",
    "total_gases",
    "no2_o3_ratio",
    "pm2_5_rolling_3h",
    "pm10_rolling_3h",
    "co_rolling_3h",
    "pm2_5_co_interaction",
    "hour_sin",
    "hour_cos"
  ],
  "scaler_needed": false,
  "all_models_saved": [
    "model_xgboost.pkl",
    "model_lightgbm.pkl",
    "model_catboost.pkl",
    "model_rf.pkl",
    "model_gb.pkl",
    "model_ridge.pkl",
    "model_linear.pkl"
  ],
  "all_metrics": {
    "train": {
      "xgboost": {
        "mae": 1.8201158533513118,
        "rmse": 3.374221996359518,
        "r2": 0.9987866177942474,
        "mape": 1.4951910781404172
      },
      "lightgbm": {
        "mae": 1.537149908127307,
        "rmse": 3.1354915326697386,
        "r2": 0.998952240561243,
        "mape": 1.276442143184172
      },
      "catboost": {
        "mae": 1.8577188065157866,
        "rmse": 2.9720173031051935,
        "r2": 0.9990586459739328,
        "mape": 1.5708274963101108
      },
      "rf": {
        "mae": 1.1810260883812538,
        "rmse": 3.9110049877297013,
        "r2": 0.9983698519197202,
        "mape": 1.1642155374754892
      },
      "gb": {
        "mae": 1.3920053439189015,
        "rmse": 2.9467071059556287,
        "r2": 0.9990746111592447,
        "mape": 1.2147264484484186
      },
      "ridge": {
        "mae": 8.600441311698846,
        "rmse": 11.46963882489909,
        "r2": 0.9859799422702399,
        "mape": 8.102234417795176
      },
      "linear": {
        "mae": 8.305327785377715,
        "rmse": 11.14578858157783,
        "r2": 0.9867604897841081,
        "mape": 7.691989390992991
      }
    },
    "val": {
      "xgboost": {
        "mae": 2.721090856752439,
        "rmse": 8.93864978704594,
        "r2": 0.9400455304153784,
        "mape": 4.3563632922419115
      },
      "lightgbm": {
        "mae": 2.6073120109217762,
        "rmse": 9.906144694060362,
        "r2": 0.9263645313290506,
        "mape": 4.066619453999365
      },
      "catboost": {
        "mae": 3.0567035138748833,
        "rmse": 9.591296742046671,
        "r2": 0.9309708737419333,
        "mape": 4.917946245840303
      },
      "rf": {
        "mae": 3.324436150460866,
        "rmse": 11.816369233590686,
        "r2": 0.8952278569344103,
        "mape": 5.701541605244177
      },
      "gb": {
        "mae": 2.627788200178183,
        "rmse": 9.686042739467561,
        "r2": 0.9296003527606272,
        "mape": 3.902059697296916
      },
      "ridge": {
        "mae": 6.294618233327157,
        "rmse": 11.53384835255494,
        "r2": 0.9001780165715388,
        "mape": 10.169654565384729
      },
      "linear": {
        "mae": 5.952315051580809,
        "rmse": 11.384986229197498,
        "r2": 0.9027381020160914,
        "mape": 9.304285447017929
      }
    },
    "test": {
      "xgboost": {
        "mae": 3.5909121171894154,
        "rmse": 5.740912083029757,
        "r2": 0.9851057651740601,
        "mape": 7.267378921999722
      },
      "lightgbm": {
        "mae": 4.110982516709058,
        "rmse": 6.408583305286521,
        "r2": 0.9814398931222473,
        "mape": 7.411577558427715
      },
      "catboost": {
        "mae": 3.122601700209254,
        "rmse": 5.308247542443714,
        "r2": 0.9872661790402114,
        "mape": 7.7571031858291395
      },
      "rf": {
        "mae": 3.2032352911327475,
        "rmse": 6.238495154590887,
        "r2": 0.9824120149094964,
        "mape": 9.682835168295652
      },
      "gb": {
        "mae": 5.875648259561659,
        "rmse": 9.606778663137977,
        "r2": 0.9582927097635568,
        "mape": 8.086349720497163
      },
      "ridge": {
        "mae": 11.615095777829495,
        "rmse": 14.455835831621167,
        "r2": 0.9055628614263982,
        "mape": 22.36361009754838
      },
      "linear": {
        "mae": 9.97789662332925,
        "rmse": 12.778236246562672,
        "r2": 0.9262098775609184,
        "mape": 19.59411577533364
      }
    },
    "cv_mae": {
      "xgboost": 2.636367677662471,
      "lightgbm": 2.4068894319047933,
      "catboost": 3.124712131028155,
      "rf": 2.2128323366571787,
      "gb": 2.1837060187935093,
      "ridge": 9.854348349803484,
      "linear": 8.983069526279703
    }
  }
}