{
  "trained_best_model": "rf",
  "new_test_metrics": {
    "mae": 3.6835149324973497,
    "rmse": 6.800547327151641,
    "r2": 0.9723026641604489,
    "mape": 10.644864123776891
  },
  "cv_mae": {
    "xgboost": 2.5888652189370474,
    "lightgbm": 2.373270284612488,
    "catboost": 3.130760139303786,
    "rf": 2.0900868196757676,
    "gb": 2.272452391194995,
    "ridge": 9.837563607262513,
    "linear": 9.166083907790675
  },
  "test_mae_all": {
    "xgboost": 3.373386387954255,
    "lightgbm": 4.518689154079447,
    "catboost": 4.0591552840175895,
    "rf": 3.6835149324973493,
    "gb": 4.820510183728701,
    "ridge": 10.687995288041336,
    "linear": 9.21871371560817
  },
  "historical_best_cv_mae": 2.042469801781462,
  "is_new_historical_best": false,
  "features": [
    "pm2_5",
    "pm10",
    "co",
    "no2",
    "so2",
    "month_cos",
    "total_pm",
    "total_gases",
    "no2_o3_ratio",
    "pm2_5_rolling_3h",
    "pm10_rolling_3h",
    "co_rolling_3h",
    "pm2_5_co_interaction",
    "hour_sin",
    "hour_cos"
  ],
  "scaler_needed": false,
  "all_models_saved": [
    "model_xgboost.pkl",
    "model_lightgbm.pkl",
    "model_catboost.pkl",
    "model_rf.pkl",
    "model_gb.pkl",
    "model_ridge.pkl",
    "model_linear.pkl"
  ],
  "all_metrics": {
    "train": {
      "xgboost": {
        "mae": 1.8619627304039823,
        "rmse": 3.3852299370275474,
        "r2": 0.9988395820949887,
        "mape": 1.502617339655794
      },
      "lightgbm": {
        "mae": 1.5563122039372834,
        "rmse": 3.0752447127597993,
        "r2": 0.9990423706756204,
        "mape": 1.2837684809537417
      },
      "catboost": {
        "mae": 1.889573267080608,
        "rmse": 2.9914686007310687,
        "r2": 0.9990938356486319,
        "mape": 1.5866543077466468
      },
      "rf": {
        "mae": 1.177909248361073,
        "rmse": 3.873352041710094,
        "r2": 0.9984808102641558,
        "mape": 1.1576785375508136
      },
      "gb": {
        "mae": 1.3853008192334324,
        "rmse": 2.965305576979084,
        "r2": 0.9991096167441044,
        "mape": 1.2032325423813006
      },
      "ridge": {
        "mae": 8.803903142783925,
        "rmse": 11.675826580119105,
        "r2": 0.986195733113741,
        "mape": 8.157408911025872
      },
      "linear": {
        "mae": 8.487336812532634,
        "rmse": 11.337895784734057,
        "r2": 0.9869832370178924,
        "mape": 7.728279895640684
      }
    },
    "val": {
      "xgboost": {
        "mae": 2.760101220379137,
        "rmse": 8.934101940336985,
        "r2": 0.9406599908767105,
        "mape": 4.978303376764907
      },
      "lightgbm": {
        "mae": 2.9095717628615674,
        "rmse": 10.216081665409082,
        "r2": 0.9224084346559449,
        "mape": 4.825014802530833
      },
      "catboost": {
        "mae": 3.4168135542134515,
        "rmse": 9.9517895435022,
        "r2": 0.9263711244708257,
        "mape": 5.766178706700832
      },
      "rf": {
        "mae": 4.034476316406019,
        "rmse": 12.127128637970149,
        "r2": 0.8906643552509241,
        "mape": 6.750923216529499
      },
      "gb": {
        "mae": 2.540700736025878,
        "rmse": 9.773116440093581,
        "r2": 0.9289912368817719,
        "mape": 3.803486755087219
      },
      "ridge": {
        "mae": 6.521642900469524,
        "rmse": 11.784063444571041,
        "r2": 0.8967628645112401,
        "mape": 10.365878899843144
      },
      "linear": {
        "mae": 6.26166598852621,
        "rmse": 11.638258100796799,
        "r2": 0.8993017854749018,
        "mape": 9.603274567038326
      }
    },
    "test": {
      "xgboost": {
        "mae": 3.373386387954255,
        "rmse": 5.798576061267117,
        "r2": 0.9798630830528882,
        "mape": 8.433201598900238
      },
      "lightgbm": {
        "mae": 4.518689154079447,
        "rmse": 7.4066270376331165,
        "r2": 0.9671457759329776,
        "mape": 8.997005245640658
      },
      "catboost": {
        "mae": 4.0591552840175895,
        "rmse": 6.6491679236314996,
        "r2": 0.9735220190996059,
        "mape": 9.891883356573253
      },
      "rf": {
        "mae": 3.6835149324973493,
        "rmse": 6.800547327151639,
        "r2": 0.9723026641604489,
        "mape": 10.64486412377689
      },
      "gb": {
        "mae": 4.820510183728701,
        "rmse": 8.938179609155753,
        "r2": 0.952153693601808,
        "mape": 7.40434952089952
      },
      "ridge": {
        "mae": 10.687995288041336,
        "rmse": 13.80462119896901,
        "r2": 0.8858701489784103,
        "mape": 22.07337908573363
      },
      "linear": {
        "mae": 9.21871371560817,
        "rmse": 12.261695265172488,
        "r2": 0.9099567214830904,
        "mape": 19.30885374998733
      }
    },
    "cv_mae": {
      "xgboost": 2.5888652189370474,
      "lightgbm": 2.373270284612488,
      "catboost": 3.130760139303786,
      "rf": 2.0900868196757676,
      "gb": 2.272452391194995,
      "ridge": 9.837563607262513,
      "linear": 9.166083907790675
    }
  }
}