{
  "trained_best_model": "gb",
  "new_test_metrics": {
    "mae": 6.033321899458859,
    "rmse": 10.018217783193506,
    "r2": 0.9545351672257202,
    "mape": 7.91633130451042
  },
  "cv_mae": {
    "xgboost": 2.7436500370152546,
    "lightgbm": 2.4340321286058897,
    "catboost": 3.1296613520802685,
    "rf": 2.262332680623735,
    "gb": 2.2287186047817964,
    "ridge": 9.773601798519987,
    "linear": 8.900130790983363
  },
  "test_mae_all": {
    "xgboost": 3.4200930917824217,
    "lightgbm": 4.634829226696585,
    "catboost": 3.184366496791729,
    "rf": 3.2566634904259635,
    "gb": 6.033321899458859,
    "ridge": 11.584347230165132,
    "linear": 9.924219020414856
  },
  "historical_best_cv_mae": 2.042469801781462,
  "is_new_historical_best": false,
  "features": [
    "pm2_5",
    "pm10",
    "co",
    "no2",
    "so2",
    "month_cos",
    "total_pm",
    "total_gases",
    "no2_o3_ratio",
    "pm2_5_rolling_3h",
    "pm10_rolling_3h",
    "co_rolling_3h",
    "pm2_5_co_interaction",
    "hour_sin",
    "hour_cos"
  ],
  "scaler_needed": false,
  "all_models_saved": [
    "model_xgboost.pkl",
    "model_lightgbm.pkl",
    "model_catboost.pkl",
    "model_rf.pkl",
    "model_gb.pkl",
    "model_ridge.pkl",
    "model_linear.pkl"
  ],
  "all_metrics": {
    "train": {
      "xgboost": {
        "mae": 1.773215131517026,
        "rmse": 3.3622202456215966,
        "r2": 0.9987986900651981,
        "mape": 1.4695107660624418
      },
      "lightgbm": {
        "mae": 1.5222628279103572,
        "rmse": 3.0733006546286816,
        "r2": 0.998996279376405,
        "mape": 1.2789150638962266
      },
      "catboost": {
        "mae": 1.8932672686723773,
        "rmse": 3.0095078529534187,
        "r2": 0.9990375155701624,
        "mape": 1.6039473264459327
      },
      "rf": {
        "mae": 1.1836488453306946,
        "rmse": 3.8962765714272467,
        "r2": 0.9983867476554904,
        "mape": 1.1662215154062003
      },
      "gb": {
        "mae": 1.4037835790723903,
        "rmse": 2.973648347568412,
        "r2": 0.9990603157034997,
        "mape": 1.2210536531772427
      },
      "ridge": {
        "mae": 8.610334367596693,
        "rmse": 11.47895828862471,
        "r2": 0.9859974314841349,
        "mape": 8.104172281493222
      },
      "linear": {
        "mae": 8.312723717390606,
        "rmse": 11.151921292409387,
        "r2": 0.9867839357269669,
        "mape": 7.691322047318966
      }
    },
    "val": {
      "xgboost": {
        "mae": 2.659823469919701,
        "rmse": 9.01671365378097,
        "r2": 0.9392133674708475,
        "mape": 4.234333940174941
      },
      "lightgbm": {
        "mae": 2.589922466784049,
        "rmse": 9.900368266948814,
        "r2": 0.9267151458105479,
        "mape": 3.9840142622906325
      },
      "catboost": {
        "mae": 3.0187187325601017,
        "rmse": 9.69889894955189,
        "r2": 0.9296674443947436,
        "mape": 4.816153345169123
      },
      "rf": {
        "mae": 3.348294419796814,
        "rmse": 11.795435324378685,
        "r2": 0.8959745803479261,
        "mape": 5.742140018655104
      },
      "gb": {
        "mae": 2.6429822210447997,
        "rmse": 9.58479254272478,
        "r2": 0.9313126180023179,
        "mape": 3.78898109753224
      },
      "ridge": {
        "mae": 6.398008098941185,
        "rmse": 11.592876660129686,
        "r2": 0.8995166837246881,
        "mape": 10.353944401954827
      },
      "linear": {
        "mae": 6.01495704620661,
        "rmse": 11.422667317051106,
        "r2": 0.9024456621229392,
        "mape": 9.422027486056797
      }
    },
    "test": {
      "xgboost": {
        "mae": 3.4200930917824217,
        "rmse": 5.44990559951378,
        "r2": 0.9865453433165418,
        "mape": 7.056818309082084
      },
      "lightgbm": {
        "mae": 4.634829226696585,
        "rmse": 7.404151883806312,
        "r2": 0.9751660787787183,
        "mape": 7.862932858191011
      },
      "catboost": {
        "mae": 3.184366496791729,
        "rmse": 5.2610006140014125,
        "r2": 0.9874619104866714,
        "mape": 7.675301159737019
      },
      "rf": {
        "mae": 3.2566634904259635,
        "rmse": 6.291676051408893,
        "r2": 0.9820680562500278,
        "mape": 9.789999106096891
      },
      "gb": {
        "mae": 6.033321899458859,
        "rmse": 10.018217783193506,
        "r2": 0.9545351672257202,
        "mape": 7.91633130451042
      },
      "ridge": {
        "mae": 11.584347230165132,
        "rmse": 14.46151092376477,
        "r2": 0.9052624823357281,
        "mape": 22.312511357988434
      },
      "linear": {
        "mae": 9.924219020414856,
        "rmse": 12.753374515771556,
        "r2": 0.9263208023481577,
        "mape": 19.502867294435262
      }
    },
    "cv_mae": {
      "xgboost": 2.7436500370152546,
      "lightgbm": 2.4340321286058897,
      "catboost": 3.1296613520802685,
      "rf": 2.262332680623735,
      "gb": 2.2287186047817964,
      "ridge": 9.773601798519987,
      "linear": 8.900130790983363
    }
  }
}