{
  "trained_best_model": "rf",
  "new_test_metrics": {
    "mae": 3.2190375039427703,
    "rmse": 6.2530333033778405,
    "r2": 0.9818343901897735,
    "mape": 9.722469645577105
  },
  "cv_mae": {
    "xgboost": 2.626247457142212,
    "lightgbm": 2.45235982571776,
    "catboost": 3.165205994931546,
    "rf": 2.18214090701631,
    "gb": 2.2388971755636127,
    "ridge": 9.442240245088723,
    "linear": 8.764739533019412
  },
  "test_mae_all": {
    "xgboost": 3.3937435596373553,
    "lightgbm": 3.6710186980497883,
    "catboost": 3.1898282350286236,
    "rf": 3.219037503942771,
    "gb": 5.289046704489061,
    "ridge": 11.485723434970748,
    "linear": 9.862975029760365
  },
  "historical_best_cv_mae": 2.042469801781462,
  "is_new_historical_best": false,
  "features": [
    "pm2_5",
    "pm10",
    "co",
    "no2",
    "so2",
    "month_cos",
    "total_pm",
    "total_gases",
    "no2_o3_ratio",
    "pm2_5_rolling_3h",
    "pm10_rolling_3h",
    "co_rolling_3h",
    "pm2_5_co_interaction",
    "hour_sin",
    "hour_cos"
  ],
  "scaler_needed": false,
  "all_models_saved": [
    "model_xgboost.pkl",
    "model_lightgbm.pkl",
    "model_catboost.pkl",
    "model_rf.pkl",
    "model_gb.pkl",
    "model_ridge.pkl",
    "model_linear.pkl"
  ],
  "all_metrics": {
    "train": {
      "xgboost": {
        "mae": 1.8082114682816557,
        "rmse": 3.350669027739543,
        "r2": 0.9988259053745367,
        "mape": 1.4888533591541795
      },
      "lightgbm": {
        "mae": 1.8365956753863122,
        "rmse": 3.777144920335893,
        "r2": 0.9985080051171649,
        "mape": 1.51970252550658
      },
      "catboost": {
        "mae": 1.9091604019671413,
        "rmse": 3.040668103450469,
        "r2": 0.9990331077607891,
        "mape": 1.6097292343263951
      },
      "rf": {
        "mae": 1.1808922599572027,
        "rmse": 3.9084747460003517,
        "r2": 0.9984024492703216,
        "mape": 1.1617197783908386
      },
      "gb": {
        "mae": 1.3840772691134804,
        "rmse": 2.961503668578571,
        "r2": 0.9990827988565236,
        "mape": 1.207347637324285
      },
      "ridge": {
        "mae": 8.657693485719593,
        "rmse": 11.533493902477723,
        "r2": 0.9860888889257523,
        "mape": 8.12283445715799
      },
      "linear": {
        "mae": 8.362470432627957,
        "rmse": 11.215629649030125,
        "r2": 0.9868451058583213,
        "mape": 7.711155702928344
      }
    },
    "val": {
      "xgboost": {
        "mae": 2.7541531623770656,
        "rmse": 8.961897668040832,
        "r2": 0.9401421422353182,
        "mape": 4.682461663259258
      },
      "lightgbm": {
        "mae": 2.764756874109699,
        "rmse": 10.231881692931786,
        "r2": 0.9219752782393623,
        "mape": 4.097150103863421
      },
      "catboost": {
        "mae": 3.0956013710178634,
        "rmse": 9.872929758943796,
        "r2": 0.9273537328869242,
        "mape": 5.005885249007526
      },
      "rf": {
        "mae": 3.3584926435215436,
        "rmse": 11.808973388640496,
        "r2": 0.8960689065167007,
        "mape": 5.766884288928395
      },
      "gb": {
        "mae": 2.633842687990024,
        "rmse": 9.617614066948388,
        "r2": 0.9310624411646252,
        "mape": 3.9456594413429857
      },
      "ridge": {
        "mae": 6.40808951181837,
        "rmse": 11.5953536360766,
        "r2": 0.899795043135501,
        "mape": 10.397451442908192
      },
      "linear": {
        "mae": 6.053288832094721,
        "rmse": 11.422133883841976,
        "r2": 0.9027665486337992,
        "mape": 9.494669777487804
      }
    },
    "test": {
      "xgboost": {
        "mae": 3.3937435596373553,
        "rmse": 5.77779745769586,
        "r2": 0.9844906668507587,
        "mape": 7.8577366474200545
      },
      "lightgbm": {
        "mae": 3.6710186980497883,
        "rmse": 5.770936222537518,
        "r2": 0.9845274801862591,
        "mape": 7.4451957731814415
      },
      "catboost": {
        "mae": 3.1898282350286236,
        "rmse": 5.488171253071976,
        "r2": 0.9860065819958885,
        "mape": 8.264360010919638
      },
      "rf": {
        "mae": 3.219037503942771,
        "rmse": 6.2530333033778405,
        "r2": 0.9818343901897735,
        "mape": 9.722469645577107
      },
      "gb": {
        "mae": 5.289046704489061,
        "rmse": 8.752988170918702,
        "r2": 0.9644056406083188,
        "mape": 7.745014511425811
      },
      "ridge": {
        "mae": 11.485723434970748,
        "rmse": 14.411024574214288,
        "r2": 0.9035153522703033,
        "mape": 22.287814626249308
      },
      "linear": {
        "mae": 9.862975029760365,
        "rmse": 12.741283906841492,
        "r2": 0.9245785488938096,
        "mape": 19.498527214513146
      }
    },
    "cv_mae": {
      "xgboost": 2.626247457142212,
      "lightgbm": 2.45235982571776,
      "catboost": 3.165205994931546,
      "rf": 2.18214090701631,
      "gb": 2.2388971755636127,
      "ridge": 9.442240245088723,
      "linear": 8.764739533019412
    }
  }
}