{
  "trained_best_model": "gb",
  "new_test_metrics": {
    "mae": 5.675655067239814,
    "rmse": 9.732314361992518,
    "r2": 0.9555529979398819,
    "mape": 7.798979177931141
  },
  "cv_mae": {
    "xgboost": 2.6554032014074154,
    "lightgbm": 2.4507519394855537,
    "catboost": 3.181284766989216,
    "rf": 2.198477565788422,
    "gb": 2.1786425440565274,
    "ridge": 9.362367280568524,
    "linear": 8.741162256926406
  },
  "test_mae_all": {
    "xgboost": 3.3246910051680496,
    "lightgbm": 4.703794107885611,
    "catboost": 3.4131333731917355,
    "rf": 3.266008244335348,
    "gb": 5.675655067239814,
    "ridge": 11.450109026564254,
    "linear": 9.830483773820863
  },
  "historical_best_cv_mae": 2.042469801781462,
  "is_new_historical_best": false,
  "features": [
    "pm2_5",
    "pm10",
    "co",
    "no2",
    "so2",
    "month_cos",
    "total_pm",
    "total_gases",
    "no2_o3_ratio",
    "pm2_5_rolling_3h",
    "pm10_rolling_3h",
    "co_rolling_3h",
    "pm2_5_co_interaction",
    "hour_sin",
    "hour_cos"
  ],
  "scaler_needed": false,
  "all_models_saved": [
    "model_xgboost.pkl",
    "model_lightgbm.pkl",
    "model_catboost.pkl",
    "model_rf.pkl",
    "model_gb.pkl",
    "model_ridge.pkl",
    "model_linear.pkl"
  ],
  "all_metrics": {
    "train": {
      "xgboost": {
        "mae": 1.8100651204780434,
        "rmse": 3.4260410446701615,
        "r2": 0.9987777779817794,
        "mape": 1.4813188750326245
      },
      "lightgbm": {
        "mae": 1.5522635193345016,
        "rmse": 3.0970525287895163,
        "r2": 0.999001237741105,
        "mape": 1.2913471987061214
      },
      "catboost": {
        "mae": 1.8894652411391457,
        "rmse": 2.983909116490141,
        "r2": 0.9990728795456857,
        "mape": 1.593677231877822
      },
      "rf": {
        "mae": 1.183501491304975,
        "rmse": 3.8941289892375046,
        "r2": 0.9984209872164017,
        "mape": 1.1612682048300076
      },
      "gb": {
        "mae": 1.381258081579367,
        "rmse": 2.9308101927858794,
        "r2": 0.9991055823381025,
        "mape": 1.2010836766502737
      },
      "ridge": {
        "mae": 8.666492397373299,
        "rmse": 11.543497490901052,
        "r2": 0.9861247823019855,
        "mape": 8.123617586205345
      },
      "linear": {
        "mae": 8.369815673826778,
        "rmse": 11.224317087806446,
        "r2": 0.9868814802299505,
        "mape": 7.711093395519522
      }
    },
    "val": {
      "xgboost": {
        "mae": 2.765862835052351,
        "rmse": 8.84756189174893,
        "r2": 0.9416514088297917,
        "mape": 4.533806273724316
      },
      "lightgbm": {
        "mae": 2.5979320039978973,
        "rmse": 10.130267845444452,
        "r2": 0.9235064155277982,
        "mape": 3.908181541154992
      },
      "catboost": {
        "mae": 2.9945458400945855,
        "rmse": 9.32962824471545,
        "r2": 0.9351198517637158,
        "mape": 4.801880038623548
      },
      "rf": {
        "mae": 3.3847862336176027,
        "rmse": 11.827363275552313,
        "r2": 0.895730082882701,
        "mape": 5.851298196757022
      },
      "gb": {
        "mae": 2.6825251734958746,
        "rmse": 9.512330648415526,
        "r2": 0.9325538705714442,
        "mape": 4.008870604478311
      },
      "ridge": {
        "mae": 6.401314621591522,
        "rmse": 11.589421228169785,
        "r2": 0.8998832710613687,
        "mape": 10.387802289423737
      },
      "linear": {
        "mae": 6.051405267934362,
        "rmse": 11.416077817958609,
        "r2": 0.90285577302785,
        "mape": 9.488854772410876
      }
    },
    "test": {
      "xgboost": {
        "mae": 3.3246910051680496,
        "rmse": 5.412807071883823,
        "r2": 0.9862515001959657,
        "mape": 7.302574852701029
      },
      "lightgbm": {
        "mae": 4.703794107885611,
        "rmse": 7.685416782083768,
        "r2": 0.9722830738391582,
        "mape": 7.65423112071356
      },
      "catboost": {
        "mae": 3.4131333731917355,
        "rmse": 5.593983782561094,
        "r2": 0.9853157211826784,
        "mape": 8.224994657905945
      },
      "rf": {
        "mae": 3.266008244335348,
        "rmse": 6.373653733654829,
        "r2": 0.9809371799962867,
        "mape": 9.913302663139131
      },
      "gb": {
        "mae": 5.675655067239814,
        "rmse": 9.732314361992518,
        "r2": 0.9555529979398819,
        "mape": 7.798979177931141
      },
      "ridge": {
        "mae": 11.450109026564254,
        "rmse": 14.383865497402379,
        "r2": 0.9029129192404877,
        "mape": 22.276859678042612
      },
      "linear": {
        "mae": 9.830483773820863,
        "rmse": 12.713146007628309,
        "r2": 0.9241568633776435,
        "mape": 19.482445150181697
      }
    },
    "cv_mae": {
      "xgboost": 2.6554032014074154,
      "lightgbm": 2.4507519394855537,
      "catboost": 3.181284766989216,
      "rf": 2.198477565788422,
      "gb": 2.1786425440565274,
      "ridge": 9.362367280568524,
      "linear": 8.741162256926406
    }
  }
}