{
  "trained_best_model": "rf",
  "new_test_metrics": {
    "mae": 3.324343103523408,
    "rmse": 6.471958236263457,
    "r2": 0.9805854398409304,
    "mape": 10.068645449585544
  },
  "cv_mae": {
    "xgboost": 2.9397851988760695,
    "lightgbm": 2.414813248801204,
    "catboost": 3.2283729164841866,
    "rf": 2.1712194621264462,
    "gb": 2.347482328263377,
    "ridge": 9.520139426933216,
    "linear": 8.78551200807956
  },
  "test_mae_all": {
    "xgboost": 3.563587350341971,
    "lightgbm": 4.287547594334342,
    "catboost": 3.0241206060082435,
    "rf": 3.3243431035234097,
    "gb": 6.241588857948012,
    "ridge": 11.490452881930793,
    "linear": 9.867171488915545
  },
  "historical_best_cv_mae": 2.042469801781462,
  "is_new_historical_best": false,
  "features": [
    "pm2_5",
    "pm10",
    "co",
    "no2",
    "so2",
    "month_cos",
    "total_pm",
    "total_gases",
    "no2_o3_ratio",
    "pm2_5_rolling_3h",
    "pm10_rolling_3h",
    "co_rolling_3h",
    "pm2_5_co_interaction",
    "hour_sin",
    "hour_cos"
  ],
  "scaler_needed": false,
  "all_models_saved": [
    "model_xgboost.pkl",
    "model_lightgbm.pkl",
    "model_catboost.pkl",
    "model_rf.pkl",
    "model_gb.pkl",
    "model_ridge.pkl",
    "model_linear.pkl"
  ],
  "all_metrics": {
    "train": {
      "xgboost": {
        "mae": 1.8101590255157511,
        "rmse": 3.3887211553895367,
        "r2": 0.9987989086074045,
        "mape": 1.4871535828446314
      },
      "lightgbm": {
        "mae": 1.6351215453065575,
        "rmse": 3.304836824531107,
        "r2": 0.9988576362084819,
        "mape": 1.348107697388991
      },
      "catboost": {
        "mae": 1.8909465586360905,
        "rmse": 3.0230889006039097,
        "r2": 0.9990441137283175,
        "mape": 1.5864974039854665
      },
      "rf": {
        "mae": 1.184109983426404,
        "rmse": 3.9007722495424,
        "r2": 0.9984085039116224,
        "mape": 1.1654369897400505
      },
      "gb": {
        "mae": 1.390492375856501,
        "rmse": 2.983589403335782,
        "r2": 0.9990689296453416,
        "mape": 1.2079727094324366
      },
      "ridge": {
        "mae": 8.6538953534392,
        "rmse": 11.53017234925321,
        "r2": 0.9860948401765576,
        "mape": 8.119646415081602
      },
      "linear": {
        "mae": 8.359592518888151,
        "rmse": 11.21286078715348,
        "r2": 0.9868496519542646,
        "mape": 7.709263246378184
      }
    },
    "val": {
      "xgboost": {
        "mae": 2.7117067820405305,
        "rmse": 8.956719930575595,
        "r2": 0.9402047519428576,
        "mape": 4.379828416580773
      },
      "lightgbm": {
        "mae": 2.491732237554801,
        "rmse": 10.014132974487834,
        "r2": 0.9252527204480718,
        "mape": 3.4535823203565026
      },
      "catboost": {
        "mae": 2.988576514766636,
        "rmse": 9.789521126327728,
        "r2": 0.928568202464494,
        "mape": 4.633029689324162
      },
      "rf": {
        "mae": 3.402464101448686,
        "rmse": 11.853848446513402,
        "r2": 0.8952660642705806,
        "mape": 5.897446370483122
      },
      "gb": {
        "mae": 2.700472021797706,
        "rmse": 9.671731771598504,
        "r2": 0.9302768226078453,
        "mape": 4.07638599147323
      },
      "ridge": {
        "mae": 6.408391412267389,
        "rmse": 11.592344711598383,
        "r2": 0.8998360928674984,
        "mape": 10.398753766786095
      },
      "linear": {
        "mae": 6.050455785716317,
        "rmse": 11.418786861223975,
        "r2": 0.9028129015326922,
        "mape": 9.492489865624961
      }
    },
    "test": {
      "xgboost": {
        "mae": 3.563587350341971,
        "rmse": 5.769345604437412,
        "r2": 0.9845720133347078,
        "mape": 7.323213987083458
      },
      "lightgbm": {
        "mae": 4.287547594334342,
        "rmse": 7.133775860678583,
        "r2": 0.976411785759707,
        "mape": 6.925680992691792
      },
      "catboost": {
        "mae": 3.0241206060082435,
        "rmse": 4.970591730869923,
        "r2": 0.9885482375736657,
        "mape": 7.433987880513514
      },
      "rf": {
        "mae": 3.3243431035234097,
        "rmse": 6.471958236263457,
        "r2": 0.9805854398409304,
        "mape": 10.068645449585544
      },
      "gb": {
        "mae": 6.241588857948012,
        "rmse": 10.492879496017881,
        "r2": 0.9489676562695618,
        "mape": 8.545442337162541
      },
      "ridge": {
        "mae": 11.490452881930793,
        "rmse": 14.410026505965467,
        "r2": 0.903753332077257,
        "mape": 22.285127404339033
      },
      "linear": {
        "mae": 9.867171488915545,
        "rmse": 12.740858326906958,
        "r2": 0.9247591805379634,
        "mape": 19.497877160843
      }
    },
    "cv_mae": {
      "xgboost": 2.9397851988760695,
      "lightgbm": 2.414813248801204,
      "catboost": 3.2283729164841866,
      "rf": 2.1712194621264462,
      "gb": 2.347482328263377,
      "ridge": 9.520139426933216,
      "linear": 8.78551200807956
    }
  }
}