{
  "trained_best_model": "rf",
  "new_test_metrics": {
    "mae": 4.496432037272716,
    "rmse": 7.430209425494224,
    "r2": 0.9593099546258668,
    "mape": 12.133013728820963
  },
  "cv_mae": {
    "xgboost": 2.7343579514385903,
    "lightgbm": 2.437745235493055,
    "catboost": 3.1764526883405493,
    "rf": 2.1232818154175352,
    "gb": 2.3055785415931793,
    "ridge": 10.198871336404864,
    "linear": 9.348947254958016
  },
  "test_mae_all": {
    "xgboost": 3.6526539632495223,
    "lightgbm": 4.060571553140774,
    "catboost": 4.091002404814378,
    "rf": 4.496432037272715,
    "gb": 3.6716992628922447,
    "ridge": 10.53113392065268,
    "linear": 9.143306964418011
  },
  "historical_best_cv_mae": 2.042469801781462,
  "is_new_historical_best": false,
  "features": [
    "pm2_5",
    "pm10",
    "co",
    "no2",
    "so2",
    "month_cos",
    "total_pm",
    "total_gases",
    "no2_o3_ratio",
    "pm2_5_rolling_3h",
    "pm10_rolling_3h",
    "co_rolling_3h",
    "pm2_5_co_interaction",
    "hour_sin",
    "hour_cos"
  ],
  "scaler_needed": false,
  "all_models_saved": [
    "model_xgboost.pkl",
    "model_lightgbm.pkl",
    "model_catboost.pkl",
    "model_rf.pkl",
    "model_gb.pkl",
    "model_ridge.pkl",
    "model_linear.pkl"
  ],
  "all_metrics": {
    "train": {
      "xgboost": {
        "mae": 1.8263609001858905,
        "rmse": 3.3599051364920673,
        "r2": 0.9988648834200795,
        "mape": 1.4842309558561635
      },
      "lightgbm": {
        "mae": 1.6356903654744477,
        "rmse": 3.2640939196605334,
        "r2": 0.9989286984612192,
        "mape": 1.3306745578251824
      },
      "catboost": {
        "mae": 1.917265977040656,
        "rmse": 3.022631179334764,
        "r2": 0.9990813358863153,
        "mape": 1.575909348887593
      },
      "rf": {
        "mae": 1.1552709029302817,
        "rmse": 3.8546342212182347,
        "r2": 0.9985059924877262,
        "mape": 1.129515135648936
      },
      "gb": {
        "mae": 1.3844326750950244,
        "rmse": 2.94440011985551,
        "r2": 0.9991282738196249,
        "mape": 1.183855078683085
      },
      "ridge": {
        "mae": 8.905496880476136,
        "rmse": 11.77047463231115,
        "r2": 0.9860692535717087,
        "mape": 8.20682006193346
      },
      "linear": {
        "mae": 8.580481294392492,
        "rmse": 11.424005570378434,
        "r2": 0.986877298558606,
        "mape": 7.7677109235371065
      }
    },
    "val": {
      "xgboost": {
        "mae": 2.8394838228617627,
        "rmse": 9.219324059013886,
        "r2": 0.9362440811234529,
        "mape": 5.050328789477751
      },
      "lightgbm": {
        "mae": 3.046389352325205,
        "rmse": 10.138328441701194,
        "r2": 0.9228998787452154,
        "mape": 4.826351559359603
      },
      "catboost": {
        "mae": 3.621746194622741,
        "rmse": 10.452931191255045,
        "r2": 0.9180406451570274,
        "mape": 6.217779284820195
      },
      "rf": {
        "mae": 4.883089023715942,
        "rmse": 12.39164237750284,
        "r2": 0.8848192000647571,
        "mape": 8.296002918387227
      },
      "gb": {
        "mae": 2.6936936971628835,
        "rmse": 9.75601037802097,
        "r2": 0.9286051549718702,
        "mape": 4.352233238617635
      },
      "ridge": {
        "mae": 6.72083419384992,
        "rmse": 11.873039391214489,
        "r2": 0.8942583299283963,
        "mape": 10.92597300307556
      },
      "linear": {
        "mae": 6.381040801425112,
        "rmse": 11.602302160222848,
        "r2": 0.8990257371550721,
        "mape": 10.016493224745176
      }
    },
    "test": {
      "xgboost": {
        "mae": 3.6526539632495223,
        "rmse": 6.283507954845553,
        "r2": 0.9709001732764251,
        "mape": 9.197357658490338
      },
      "lightgbm": {
        "mae": 4.060571553140774,
        "rmse": 6.663435251223003,
        "r2": 0.967274791022705,
        "mape": 9.206872015507253
      },
      "catboost": {
        "mae": 4.091002404814378,
        "rmse": 6.676593000614113,
        "r2": 0.967145423749503,
        "mape": 10.22884412556335
      },
      "rf": {
        "mae": 4.496432037272715,
        "rmse": 7.430209425494224,
        "r2": 0.9593099546258668,
        "mape": 12.133013728820957
      },
      "gb": {
        "mae": 3.6716992628922447,
        "rmse": 6.618947406922921,
        "r2": 0.9677103063204651,
        "mape": 7.651341552896304
      },
      "ridge": {
        "mae": 10.53113392065268,
        "rmse": 13.746986008984347,
        "r2": 0.8607160592205059,
        "mape": 22.511486834430574
      },
      "linear": {
        "mae": 9.143306964418011,
        "rmse": 12.273218637493025,
        "r2": 0.8889795441295175,
        "mape": 19.698968366162756
      }
    },
    "cv_mae": {
      "xgboost": 2.7343579514385903,
      "lightgbm": 2.437745235493055,
      "catboost": 3.1764526883405493,
      "rf": 2.1232818154175352,
      "gb": 2.3055785415931793,
      "ridge": 10.198871336404864,
      "linear": 9.348947254958016
    }
  }
}