{
  "trained_best_model": "rf",
  "new_test_metrics": {
    "mae": 4.659086488478266,
    "rmse": 7.611770282427516,
    "r2": 0.957299953245981,
    "mape": 12.49840318701445
  },
  "cv_mae": {
    "xgboost": 2.672598573419679,
    "lightgbm": 2.498021859446734,
    "catboost": 3.115011395055274,
    "rf": 2.1242732972678837,
    "gb": 2.3082568223132847,
    "ridge": 10.196522123490645,
    "linear": 9.337534523747786
  },
  "test_mae_all": {
    "xgboost": 3.3759779931475196,
    "lightgbm": 3.7862389771539577,
    "catboost": 4.055146383585867,
    "rf": 4.659086488478266,
    "gb": 3.7476209460557075,
    "ridge": 10.53236248324725,
    "linear": 9.144639704649801
  },
  "historical_best_cv_mae": 2.042469801781462,
  "is_new_historical_best": false,
  "features": [
    "pm2_5",
    "pm10",
    "co",
    "no2",
    "so2",
    "month_cos",
    "total_pm",
    "total_gases",
    "no2_o3_ratio",
    "pm2_5_rolling_3h",
    "pm10_rolling_3h",
    "co_rolling_3h",
    "pm2_5_co_interaction",
    "hour_sin",
    "hour_cos"
  ],
  "scaler_needed": false,
  "all_models_saved": [
    "model_xgboost.pkl",
    "model_lightgbm.pkl",
    "model_catboost.pkl",
    "model_rf.pkl",
    "model_gb.pkl",
    "model_ridge.pkl",
    "model_linear.pkl"
  ],
  "all_metrics": {
    "train": {
      "xgboost": {
        "mae": 1.8371962339210883,
        "rmse": 3.3861674580372023,
        "r2": 0.9988472477194226,
        "mape": 1.4742042555543067
      },
      "lightgbm": {
        "mae": 1.8363542292664328,
        "rmse": 3.6513400375306837,
        "r2": 0.9986596331286652,
        "mape": 1.489478856006842
      },
      "catboost": {
        "mae": 1.941572143748313,
        "rmse": 3.0494161213924817,
        "r2": 0.9990651272293632,
        "mape": 1.607298431115893
      },
      "rf": {
        "mae": 1.1533797933741958,
        "rmse": 3.833558422872345,
        "r2": 0.9985225142560765,
        "mape": 1.1263464963875618
      },
      "gb": {
        "mae": 1.3851880218603094,
        "rmse": 2.907448196071579,
        "r2": 0.9991501483980583,
        "mape": 1.1903283283683224
      },
      "ridge": {
        "mae": 8.905482016212137,
        "rmse": 11.77063102224114,
        "r2": 0.9860710423303367,
        "mape": 8.206074170082257
      },
      "linear": {
        "mae": 8.580246488107946,
        "rmse": 11.424050575308142,
        "r2": 0.9868792288444366,
        "mape": 7.766531407098576
      }
    },
    "val": {
      "xgboost": {
        "mae": 2.78889083426837,
        "rmse": 9.080217121823782,
        "r2": 0.9381010682892146,
        "mape": 4.972725951898256
      },
      "lightgbm": {
        "mae": 2.9600850114878803,
        "rmse": 10.345486159928159,
        "r2": 0.9196487762806248,
        "mape": 4.65714758661382
      },
      "catboost": {
        "mae": 3.603028263648255,
        "rmse": 10.9945358440614,
        "r2": 0.9092504487476945,
        "mape": 6.187106631283024
      },
      "rf": {
        "mae": 4.974521004867497,
        "rmse": 12.461356049866582,
        "r2": 0.8834207392136887,
        "mape": 8.473278855098483
      },
      "gb": {
        "mae": 2.7018175321266074,
        "rmse": 9.816186519256489,
        "r2": 0.9276603686849152,
        "mape": 4.27977378925012
      },
      "ridge": {
        "mae": 6.717730693890023,
        "rmse": 11.87143179315972,
        "r2": 0.8941972659500503,
        "mape": 10.924410369503972
      },
      "linear": {
        "mae": 6.3790679596843045,
        "rmse": 11.600937920211129,
        "r2": 0.8989638258661747,
        "mape": 10.016111788810738
      }
    },
    "test": {
      "xgboost": {
        "mae": 3.3759779931475196,
        "rmse": 6.001034956047909,
        "r2": 0.973459486736316,
        "mape": 8.865641199275546
      },
      "lightgbm": {
        "mae": 3.7862389771539577,
        "rmse": 6.448309155294426,
        "r2": 0.9693557704998634,
        "mape": 8.882657702735347
      },
      "catboost": {
        "mae": 4.055146383585867,
        "rmse": 6.861837169338405,
        "r2": 0.9652993331772814,
        "mape": 10.482418793157326
      },
      "rf": {
        "mae": 4.659086488478266,
        "rmse": 7.611770282427517,
        "r2": 0.957299953245981,
        "mape": 12.49840318701445
      },
      "gb": {
        "mae": 3.7476209460557075,
        "rmse": 6.8922722217064205,
        "r2": 0.9649908272363082,
        "mape": 7.575395213026869
      },
      "ridge": {
        "mae": 10.53236248324725,
        "rmse": 13.746771188452552,
        "r2": 0.8607297316814089,
        "mape": 22.512456434625523
      },
      "linear": {
        "mae": 9.144639704649801,
        "rmse": 12.272838113297885,
        "r2": 0.8889938563456692,
        "mape": 19.699366413802174
      }
    },
    "cv_mae": {
      "xgboost": 2.672598573419679,
      "lightgbm": 2.498021859446734,
      "catboost": 3.115011395055274,
      "rf": 2.1242732972678837,
      "gb": 2.3082568223132847,
      "ridge": 10.196522123490645,
      "linear": 9.337534523747786
    }
  }
}