{
  "trained_best_model": "rf",
  "new_test_metrics": {
    "mae": 3.3269747983386484,
    "rmse": 6.506184376357134,
    "r2": 0.976763410191618,
    "mape": 10.137714828953955
  },
  "cv_mae": {
    "xgboost": 2.7149148086279107,
    "lightgbm": 2.507982481404585,
    "catboost": 3.187985185969177,
    "rf": 2.2587895403188423,
    "gb": 2.2688888776396583,
    "ridge": 9.627068640472872,
    "linear": 9.024560240333697
  },
  "test_mae_all": {
    "xgboost": 3.2472467773481033,
    "lightgbm": 4.1455946667391945,
    "catboost": 3.488392208589378,
    "rf": 3.326974798338649,
    "gb": 4.97236147133598,
    "ridge": 11.13090894985832,
    "linear": 9.523679456265397
  },
  "historical_best_cv_mae": 2.042469801781462,
  "is_new_historical_best": false,
  "features": [
    "pm2_5",
    "pm10",
    "co",
    "no2",
    "so2",
    "month_cos",
    "total_pm",
    "total_gases",
    "no2_o3_ratio",
    "pm2_5_rolling_3h",
    "pm10_rolling_3h",
    "co_rolling_3h",
    "pm2_5_co_interaction",
    "hour_sin",
    "hour_cos"
  ],
  "scaler_needed": false,
  "all_models_saved": [
    "model_xgboost.pkl",
    "model_lightgbm.pkl",
    "model_catboost.pkl",
    "model_rf.pkl",
    "model_gb.pkl",
    "model_ridge.pkl",
    "model_linear.pkl"
  ],
  "all_metrics": {
    "train": {
      "xgboost": {
        "mae": 1.825655891470713,
        "rmse": 3.374132011993852,
        "r2": 0.9988298562254329,
        "mape": 1.4921591675676218
      },
      "lightgbm": {
        "mae": 1.5133061579140141,
        "rmse": 3.042692362741987,
        "r2": 0.9990484509615402,
        "mape": 1.2551889276672799
      },
      "catboost": {
        "mae": 1.8706566331506382,
        "rmse": 2.990540130350426,
        "r2": 0.9990807908152146,
        "mape": 1.56299793742956
      },
      "rf": {
        "mae": 1.1780452635157428,
        "rmse": 3.895986570613206,
        "r2": 0.9984399087956396,
        "mape": 1.1552731038115898
      },
      "gb": {
        "mae": 1.3850847503556218,
        "rmse": 2.9304247457731445,
        "r2": 0.9991173749847134,
        "mape": 1.1990275211684838
      },
      "ridge": {
        "mae": 8.722794710746111,
        "rmse": 11.601610945860708,
        "r2": 0.9861658754613264,
        "mape": 8.105058438062196
      },
      "linear": {
        "mae": 8.414116329641145,
        "rmse": 11.271349536131334,
        "r2": 0.9869422929262351,
        "mape": 7.682421652324205
      }
    },
    "val": {
      "xgboost": {
        "mae": 2.717500847768566,
        "rmse": 9.047381647721437,
        "r2": 0.9396473643322303,
        "mape": 4.585635509287493
      },
      "lightgbm": {
        "mae": 2.7820006510398954,
        "rmse": 10.105212556234504,
        "r2": 0.9247093015888914,
        "mape": 4.490072402914616
      },
      "catboost": {
        "mae": 3.2490375788852237,
        "rmse": 9.793313820366143,
        "r2": 0.9292852903521595,
        "mape": 5.3775519400914416
      },
      "rf": {
        "mae": 3.421477032043125,
        "rmse": 11.881145123174155,
        "r2": 0.8959200629302404,
        "mape": 5.979008918611099
      },
      "gb": {
        "mae": 2.581900539706646,
        "rmse": 9.46867775457673,
        "r2": 0.9338957940516116,
        "mape": 3.98566840390677
      },
      "ridge": {
        "mae": 6.5756454355785445,
        "rmse": 11.74688376844842,
        "r2": 0.8982590560155088,
        "mape": 10.430257303198681
      },
      "linear": {
        "mae": 6.330609457991734,
        "rmse": 11.618491626002816,
        "r2": 0.9004709363555181,
        "mape": 9.680929951526753
      }
    },
    "test": {
      "xgboost": {
        "mae": 3.2472467773481033,
        "rmse": 5.412592614065305,
        "r2": 0.9839183598539781,
        "mape": 7.5877625540129126
      },
      "lightgbm": {
        "mae": 4.1455946667391945,
        "rmse": 6.6207388682426105,
        "r2": 0.9759379526725872,
        "mape": 8.458686313456555
      },
      "catboost": {
        "mae": 3.488392208589378,
        "rmse": 5.820646358771364,
        "r2": 0.9814021780091223,
        "mape": 8.687396903589876
      },
      "rf": {
        "mae": 3.326974798338649,
        "rmse": 6.506184376357133,
        "r2": 0.976763410191618,
        "mape": 10.137714828953955
      },
      "gb": {
        "mae": 4.97236147133598,
        "rmse": 8.617527901509089,
        "r2": 0.9592352244813687,
        "mape": 7.7310951895234
      },
      "ridge": {
        "mae": 11.13090894985832,
        "rmse": 14.173217974817131,
        "r2": 0.8897301988657271,
        "mape": 22.211795757734514
      },
      "linear": {
        "mae": 9.523679456265397,
        "rmse": 12.512720795274177,
        "r2": 0.914054495228816,
        "mape": 19.369407760126673
      }
    },
    "cv_mae": {
      "xgboost": 2.7149148086279107,
      "lightgbm": 2.507982481404585,
      "catboost": 3.187985185969177,
      "rf": 2.2587895403188423,
      "gb": 2.2688888776396583,
      "ridge": 9.627068640472872,
      "linear": 9.024560240333697
    }
  }
}