{
  "trained_best_model": "gb",
  "new_test_metrics": {
    "mae": 5.462875451346035,
    "rmse": 8.81777978523002,
    "r2": 0.9647636937287535,
    "mape": 7.616442523051554
  },
  "cv_mae": {
    "xgboost": 2.7016412313203757,
    "lightgbm": 2.399875008322163,
    "catboost": 3.1320499370870607,
    "rf": 2.228137648997016,
    "gb": 2.206485925409356,
    "ridge": 9.700194488665229,
    "linear": 8.856258376341732
  },
  "test_mae_all": {
    "xgboost": 3.2458022320321556,
    "lightgbm": 4.66227094011602,
    "catboost": 3.434338138345692,
    "rf": 3.308597997011172,
    "gb": 5.462875451346035,
    "ridge": 11.576436652365532,
    "linear": 9.913928940942043
  },
  "historical_best_cv_mae": 2.042469801781462,
  "is_new_historical_best": false,
  "features": [
    "pm2_5",
    "pm10",
    "co",
    "no2",
    "so2",
    "month_cos",
    "total_pm",
    "total_gases",
    "no2_o3_ratio",
    "pm2_5_rolling_3h",
    "pm10_rolling_3h",
    "co_rolling_3h",
    "pm2_5_co_interaction",
    "hour_sin",
    "hour_cos"
  ],
  "scaler_needed": false,
  "all_models_saved": [
    "model_xgboost.pkl",
    "model_lightgbm.pkl",
    "model_catboost.pkl",
    "model_rf.pkl",
    "model_gb.pkl",
    "model_ridge.pkl",
    "model_linear.pkl"
  ],
  "all_metrics": {
    "train": {
      "xgboost": {
        "mae": 1.8220698642170825,
        "rmse": 3.413750715987621,
        "r2": 0.9987673668384777,
        "mape": 1.4953331005660258
      },
      "lightgbm": {
        "mae": 1.535360237524919,
        "rmse": 3.1129592849837704,
        "r2": 0.9989750159202608,
        "mape": 1.2806183874146053
      },
      "catboost": {
        "mae": 1.8953161030375503,
        "rmse": 3.0068288350031978,
        "r2": 0.9990437143215797,
        "mape": 1.6020542640714155
      },
      "rf": {
        "mae": 1.1862439355258583,
        "rmse": 3.8998579369028366,
        "r2": 0.9983913268514285,
        "mape": 1.1709389169099942
      },
      "gb": {
        "mae": 1.3827415606236633,
        "rmse": 2.942690139257648,
        "r2": 0.999084076278745,
        "mape": 1.2077626466786886
      },
      "ridge": {
        "mae": 8.62012247719578,
        "rmse": 11.495351145501843,
        "r2": 0.9860229756079059,
        "mape": 8.099573047845604
      },
      "linear": {
        "mae": 8.322089576677657,
        "rmse": 11.17226062497843,
        "r2": 0.986797616146411,
        "mape": 7.685698939805162
      }
    },
    "val": {
      "xgboost": {
        "mae": 2.67259474976422,
        "rmse": 9.003059062559146,
        "r2": 0.9394600260400674,
        "mape": 4.248345754501613
      },
      "lightgbm": {
        "mae": 2.470539938766118,
        "rmse": 9.786518535475247,
        "r2": 0.928465017162571,
        "mape": 3.573393329810122
      },
      "catboost": {
        "mae": 2.954483072553927,
        "rmse": 8.733936106963396,
        "r2": 0.9430252993071488,
        "mape": 4.872980208349362
      },
      "rf": {
        "mae": 3.4019004788146088,
        "rmse": 11.87310237482007,
        "r2": 0.8947091925260027,
        "mape": 5.909995314159899
      },
      "gb": {
        "mae": 2.648810131680415,
        "rmse": 9.551907192576472,
        "r2": 0.9318537096008226,
        "mape": 3.8805313844050886
      },
      "ridge": {
        "mae": 6.410863981430588,
        "rmse": 11.585954475021463,
        "r2": 0.8997404694669939,
        "mape": 10.385703612079363
      },
      "linear": {
        "mae": 6.024398055361783,
        "rmse": 11.406156420530465,
        "r2": 0.902828103824948,
        "mape": 9.449590818735984
      }
    },
    "test": {
      "xgboost": {
        "mae": 3.2458022320321556,
        "rmse": 5.184995088384409,
        "r2": 0.987816597905027,
        "mape": 6.909536937833599
      },
      "lightgbm": {
        "mae": 4.66227094011602,
        "rmse": 7.610405807795665,
        "r2": 0.9737525262921278,
        "mape": 7.310887562526569
      },
      "catboost": {
        "mae": 3.434338138345692,
        "rmse": 5.48613568262167,
        "r2": 0.98636029530747,
        "mape": 7.938653723315331
      },
      "rf": {
        "mae": 3.308597997011172,
        "rmse": 6.44310699889645,
        "r2": 0.9811868045993659,
        "mape": 10.023141858561962
      },
      "gb": {
        "mae": 5.462875451346035,
        "rmse": 8.81777978523002,
        "r2": 0.9647636937287535,
        "mape": 7.616442523051554
      },
      "ridge": {
        "mae": 11.576436652365532,
        "rmse": 14.458918960926416,
        "r2": 0.9052577866891762,
        "mape": 22.29465315371099
      },
      "linear": {
        "mae": 9.913928940942043,
        "rmse": 12.750498460899262,
        "r2": 0.9263239718132897,
        "mape": 19.48147534037206
      }
    },
    "cv_mae": {
      "xgboost": 2.7016412313203757,
      "lightgbm": 2.399875008322163,
      "catboost": 3.1320499370870607,
      "rf": 2.228137648997016,
      "gb": 2.206485925409356,
      "ridge": 9.700194488665229,
      "linear": 8.856258376341732
    }
  }
}