{
  "trained_best_model": "rf",
  "new_test_metrics": {
    "mae": 3.248612068760413,
    "rmse": 6.340085865923669,
    "r2": 0.9817379246111181,
    "mape": 9.857909607106063
  },
  "cv_mae": {
    "xgboost": 2.729231177477454,
    "lightgbm": 2.3945535649949377,
    "catboost": 3.1577135466709634,
    "rf": 2.2201722892443927,
    "gb": 2.2577722629925385,
    "ridge": 9.634802343337203,
    "linear": 8.86114443519551
  },
  "test_mae_all": {
    "xgboost": 2.897802273455088,
    "lightgbm": 4.356909537231751,
    "catboost": 3.647790950731298,
    "rf": 3.248612068760412,
    "gb": 5.7680774465004685,
    "ridge": 11.568488686262537,
    "linear": 9.920501660575633
  },
  "historical_best_cv_mae": 2.042469801781462,
  "is_new_historical_best": false,
  "features": [
    "pm2_5",
    "pm10",
    "co",
    "no2",
    "so2",
    "month_cos",
    "total_pm",
    "total_gases",
    "no2_o3_ratio",
    "pm2_5_rolling_3h",
    "pm10_rolling_3h",
    "co_rolling_3h",
    "pm2_5_co_interaction",
    "hour_sin",
    "hour_cos"
  ],
  "scaler_needed": false,
  "all_models_saved": [
    "model_xgboost.pkl",
    "model_lightgbm.pkl",
    "model_catboost.pkl",
    "model_rf.pkl",
    "model_gb.pkl",
    "model_ridge.pkl",
    "model_linear.pkl"
  ],
  "all_metrics": {
    "train": {
      "xgboost": {
        "mae": 1.820845470969691,
        "rmse": 3.42394886257191,
        "r2": 0.9987713173486642,
        "mape": 1.4949670665234152
      },
      "lightgbm": {
        "mae": 1.5278665528856248,
        "rmse": 3.0764366656819377,
        "r2": 0.9990080697285793,
        "mape": 1.271638885571039
      },
      "catboost": {
        "mae": 1.8845843209844575,
        "rmse": 3.001553539256025,
        "r2": 0.9990557709116846,
        "mape": 1.5896294578233747
      },
      "rf": {
        "mae": 1.1834288582553747,
        "rmse": 3.889747226023756,
        "r2": 0.9984142747335211,
        "mape": 1.1648008861874555
      },
      "gb": {
        "mae": 1.3813183494315715,
        "rmse": 2.940866090243789,
        "r2": 0.9990935670461762,
        "mape": 1.2004163281044442
      },
      "ridge": {
        "mae": 8.644236117061766,
        "rmse": 11.524784648751366,
        "r2": 0.9860796285359289,
        "mape": 8.112972900188225
      },
      "linear": {
        "mae": 8.350856974721847,
        "rmse": 11.20679377234322,
        "r2": 0.9868372101730832,
        "mape": 7.70429727320937
      }
    },
    "val": {
      "xgboost": {
        "mae": 2.6282491074305145,
        "rmse": 9.00950531754794,
        "r2": 0.9394334453655604,
        "mape": 4.096621519816149
      },
      "lightgbm": {
        "mae": 2.5919814968112216,
        "rmse": 9.934049046012191,
        "r2": 0.9263651210750646,
        "mape": 3.748040828600104
      },
      "catboost": {
        "mae": 2.966642340920876,
        "rmse": 9.694304287037664,
        "r2": 0.929876388977121,
        "mape": 4.7859877465509415
      },
      "rf": {
        "mae": 3.387760385866974,
        "rmse": 11.842908678231316,
        "r2": 0.8953479504454461,
        "mape": 5.837572672212601
      },
      "gb": {
        "mae": 2.625154315974908,
        "rmse": 9.394467760144884,
        "r2": 0.9341470343297366,
        "mape": 3.8824651304273865
      },
      "ridge": {
        "mae": 6.436172303722585,
        "rmse": 11.593051681833494,
        "r2": 0.8997171838668442,
        "mape": 10.430597980872756
      },
      "linear": {
        "mae": 6.047310735766896,
        "rmse": 11.413594550910162,
        "r2": 0.9027978526799,
        "mape": 9.48892849227218
      }
    },
    "test": {
      "xgboost": {
        "mae": 2.897802273455088,
        "rmse": 4.7464981925479535,
        "r2": 0.9897645605960383,
        "mape": 6.70810612594991
      },
      "lightgbm": {
        "mae": 4.356909537231751,
        "rmse": 7.071369994220898,
        "r2": 0.9772821632400208,
        "mape": 7.265742945250421
      },
      "catboost": {
        "mae": 3.647790950731298,
        "rmse": 5.873991005197811,
        "r2": 0.9843243193914315,
        "mape": 8.262952269504739
      },
      "rf": {
        "mae": 3.248612068760412,
        "rmse": 6.340085865923669,
        "r2": 0.9817379246111181,
        "mape": 9.857909607106063
      },
      "gb": {
        "mae": 5.7680774465004685,
        "rmse": 9.91084583561705,
        "r2": 0.9553746851531896,
        "mape": 7.729107947433346
      },
      "ridge": {
        "mae": 11.568488686262537,
        "rmse": 14.450764433164574,
        "r2": 0.9051272487847891,
        "mape": 22.318356434836684
      },
      "linear": {
        "mae": 9.920501660575633,
        "rmse": 12.765799822180208,
        "r2": 0.9259617897294333,
        "mape": 19.523399310350598
      }
    },
    "cv_mae": {
      "xgboost": 2.729231177477454,
      "lightgbm": 2.3945535649949377,
      "catboost": 3.1577135466709634,
      "rf": 2.2201722892443927,
      "gb": 2.2577722629925385,
      "ridge": 9.634802343337203,
      "linear": 8.86114443519551
    }
  }
}