{
  "trained_best_model": "rf",
  "new_test_metrics": {
    "mae": 3.595778433991786,
    "rmse": 6.732227110323311,
    "r2": 0.970042780328408,
    "mape": 10.457734265113215
  },
  "cv_mae": {
    "xgboost": 2.612961098732547,
    "lightgbm": 2.3988106152731254,
    "catboost": 3.2814322382478913,
    "rf": 2.1852973925426156,
    "gb": 2.2946367588397707,
    "ridge": 10.298639374077974,
    "linear": 9.53224195203031
  },
  "test_mae_all": {
    "xgboost": 3.425992346966318,
    "lightgbm": 3.837796355420156,
    "catboost": 3.9818825247225385,
    "rf": 3.595778433991786,
    "gb": 3.6384507275459708,
    "ridge": 10.500276600092006,
    "linear": 9.055797685853534
  },
  "historical_best_cv_mae": 2.042469801781462,
  "is_new_historical_best": false,
  "features": [
    "pm2_5",
    "pm10",
    "co",
    "no2",
    "so2",
    "month_cos",
    "total_pm",
    "total_gases",
    "no2_o3_ratio",
    "pm2_5_rolling_3h",
    "pm10_rolling_3h",
    "co_rolling_3h",
    "pm2_5_co_interaction",
    "hour_sin",
    "hour_cos"
  ],
  "scaler_needed": false,
  "all_models_saved": [
    "model_xgboost.pkl",
    "model_lightgbm.pkl",
    "model_catboost.pkl",
    "model_rf.pkl",
    "model_gb.pkl",
    "model_ridge.pkl",
    "model_linear.pkl"
  ],
  "all_metrics": {
    "train": {
      "xgboost": {
        "mae": 1.847795787700546,
        "rmse": 3.4015216602765905,
        "r2": 0.9988286741042106,
        "mape": 1.4998813871840584
      },
      "lightgbm": {
        "mae": 1.5324331430991767,
        "rmse": 3.026421467622862,
        "r2": 0.9990727644350459,
        "mape": 1.2639565673048072
      },
      "catboost": {
        "mae": 1.8796344253885435,
        "rmse": 2.9750772429455266,
        "r2": 0.9991039592619765,
        "mape": 1.5797002492364174
      },
      "rf": {
        "mae": 1.1642237972262193,
        "rmse": 3.8698381580203267,
        "r2": 0.9984839383278657,
        "mape": 1.1407211998610436
      },
      "gb": {
        "mae": 1.3768276558331873,
        "rmse": 2.9273623507627238,
        "r2": 0.9991324705449951,
        "mape": 1.1785033401042149
      },
      "ridge": {
        "mae": 8.85446916346423,
        "rmse": 11.720448352582011,
        "r2": 0.9860934399942626,
        "mape": 8.206068031120763
      },
      "linear": {
        "mae": 8.534410996491472,
        "rmse": 11.376994295062474,
        "r2": 0.9868965292432798,
        "mape": 7.769512804883699
      }
    },
    "val": {
      "xgboost": {
        "mae": 2.9543844837031954,
        "rmse": 9.297476205467373,
        "r2": 0.9373963152125647,
        "mape": 5.073365253569382
      },
      "lightgbm": {
        "mae": 2.9476785464565216,
        "rmse": 9.82581929302725,
        "r2": 0.9300790548107455,
        "mape": 4.674204396227818
      },
      "catboost": {
        "mae": 3.481024718902122,
        "rmse": 9.338645125286789,
        "r2": 0.9368406736212292,
        "mape": 5.824450956575141
      },
      "rf": {
        "mae": 4.037301695756796,
        "rmse": 12.156161261384668,
        "r2": 0.8929805658478592,
        "mape": 6.657599150720316
      },
      "gb": {
        "mae": 2.742389879446039,
        "rmse": 9.682535451259579,
        "r2": 0.9321034141550112,
        "mape": 4.2110418941293295
      },
      "ridge": {
        "mae": 6.61807636391183,
        "rmse": 11.915589636815145,
        "r2": 0.8971745021151691,
        "mape": 10.39890883310952
      },
      "linear": {
        "mae": 6.393106760610304,
        "rmse": 11.72742106419459,
        "r2": 0.9003964581818835,
        "mape": 9.714322605680412
      }
    },
    "test": {
      "xgboost": {
        "mae": 3.425992346966318,
        "rmse": 5.936727418356617,
        "r2": 0.9767041690968995,
        "mape": 8.493723262107872
      },
      "lightgbm": {
        "mae": 3.837796355420156,
        "rmse": 6.282817076489845,
        "r2": 0.9739088742347746,
        "mape": 8.308840198119013
      },
      "catboost": {
        "mae": 3.9818825247225385,
        "rmse": 6.363393755881846,
        "r2": 0.9732353491564073,
        "mape": 9.698718296475764
      },
      "rf": {
        "mae": 3.595778433991786,
        "rmse": 6.7322271103233104,
        "r2": 0.970042780328408,
        "mape": 10.457734265113212
      },
      "gb": {
        "mae": 3.6384507275459708,
        "rmse": 6.534562132419962,
        "r2": 0.9717761035104796,
        "mape": 7.108060644745254
      },
      "ridge": {
        "mae": 10.500276600092006,
        "rmse": 13.669203984029341,
        "r2": 0.8764990107760708,
        "mape": 22.166938746285332
      },
      "linear": {
        "mae": 9.055797685853534,
        "rmse": 12.165277398260722,
        "r2": 0.9021799185742477,
        "mape": 19.352921993867838
      }
    },
    "cv_mae": {
      "xgboost": 2.612961098732547,
      "lightgbm": 2.3988106152731254,
      "catboost": 3.2814322382478913,
      "rf": 2.1852973925426156,
      "gb": 2.2946367588397707,
      "ridge": 10.298639374077974,
      "linear": 9.53224195203031
    }
  }
}