{
  "trained_best_model": "rf",
  "new_test_metrics": {
    "mae": 4.681935278078778,
    "rmse": 7.590205755347773,
    "r2": 0.9575549379709705,
    "mape": 12.45756065873459
  },
  "cv_mae": {
    "xgboost": 2.6479610629744257,
    "lightgbm": 2.4631432393843813,
    "catboost": 3.144096938055723,
    "rf": 2.1185979349658943,
    "gb": 2.322757364291967,
    "ridge": 10.19666965324505,
    "linear": 9.334135664571605
  },
  "test_mae_all": {
    "xgboost": 3.594195457599983,
    "lightgbm": 4.01596200531495,
    "catboost": 3.994934253612033,
    "rf": 4.681935278078776,
    "gb": 4.04151448985682,
    "ridge": 10.539433710154572,
    "linear": 9.152268478157813
  },
  "historical_best_cv_mae": 2.042469801781462,
  "is_new_historical_best": false,
  "features": [
    "pm2_5",
    "pm10",
    "co",
    "no2",
    "so2",
    "month_cos",
    "total_pm",
    "total_gases",
    "no2_o3_ratio",
    "pm2_5_rolling_3h",
    "pm10_rolling_3h",
    "co_rolling_3h",
    "pm2_5_co_interaction",
    "hour_sin",
    "hour_cos"
  ],
  "scaler_needed": false,
  "all_models_saved": [
    "model_xgboost.pkl",
    "model_lightgbm.pkl",
    "model_catboost.pkl",
    "model_rf.pkl",
    "model_gb.pkl",
    "model_ridge.pkl",
    "model_linear.pkl"
  ],
  "all_metrics": {
    "train": {
      "xgboost": {
        "mae": 1.9540259547274017,
        "rmse": 3.583771899855532,
        "r2": 0.9987084766355563,
        "mape": 1.5801161610977639
      },
      "lightgbm": {
        "mae": 1.7826516200105138,
        "rmse": 3.565629669611321,
        "r2": 0.9987215197682662,
        "mape": 1.4406563601092082
      },
      "catboost": {
        "mae": 1.940911096853883,
        "rmse": 3.0437633516944063,
        "r2": 0.9990683703224628,
        "mape": 1.6014095084917055
      },
      "rf": {
        "mae": 1.1530742685833175,
        "rmse": 3.844171563715919,
        "r2": 0.9985139717312163,
        "mape": 1.1268925827528282
      },
      "gb": {
        "mae": 1.405407912628072,
        "rmse": 2.9691532247835286,
        "r2": 0.9991134836129212,
        "mape": 1.2066830754442146
      },
      "ridge": {
        "mae": 8.910435892239722,
        "rmse": 11.77399143722463,
        "r2": 0.98605980083034,
        "mape": 8.207795959913167
      },
      "linear": {
        "mae": 8.581696657834867,
        "rmse": 11.425465439084999,
        "r2": 0.9868728832012146,
        "mape": 7.7642371507539805
      }
    },
    "val": {
      "xgboost": {
        "mae": 2.9539102005631954,
        "rmse": 9.173017223127347,
        "r2": 0.9366941899762091,
        "mape": 5.371449587074444
      },
      "lightgbm": {
        "mae": 3.03416143444177,
        "rmse": 10.250207054985482,
        "r2": 0.9209531753500728,
        "mape": 4.990744720230548
      },
      "catboost": {
        "mae": 3.5653376756320876,
        "rmse": 10.467393145043518,
        "r2": 0.917567926438392,
        "mape": 6.013207976842384
      },
      "rf": {
        "mae": 5.050111681468706,
        "rmse": 12.49694065046656,
        "r2": 0.8825030571422786,
        "mape": 8.581061500094494
      },
      "gb": {
        "mae": 2.910354644195904,
        "rmse": 9.793689468700936,
        "r2": 0.9278374599611217,
        "mape": 4.825189696514173
      },
      "ridge": {
        "mae": 6.705407492407758,
        "rmse": 11.866370873018534,
        "r2": 0.8940612150174365,
        "mape": 10.91409142254858
      },
      "linear": {
        "mae": 6.372172993009905,
        "rmse": 11.596974929096135,
        "r2": 0.8988167583810143,
        "mape": 10.01123687768463
      }
    },
    "test": {
      "xgboost": {
        "mae": 3.594195457599983,
        "rmse": 6.331596636557307,
        "r2": 0.970464348554314,
        "mape": 9.586098042673138
      },
      "lightgbm": {
        "mae": 4.01596200531495,
        "rmse": 6.828758042801208,
        "r2": 0.9656439263700562,
        "mape": 9.435291743639905
      },
      "catboost": {
        "mae": 3.994934253612033,
        "rmse": 6.573030059216552,
        "r2": 0.9681689245880464,
        "mape": 9.855566021820444
      },
      "rf": {
        "mae": 4.681935278078776,
        "rmse": 7.590205755347773,
        "r2": 0.9575549379709705,
        "mape": 12.457560658734588
      },
      "gb": {
        "mae": 4.04151448985682,
        "rmse": 7.048094093588905,
        "r2": 0.9634014852162698,
        "mape": 8.512749471355924
      },
      "ridge": {
        "mae": 10.539433710154572,
        "rmse": 13.74890688737575,
        "r2": 0.8607303717580206,
        "mape": 22.52203157756222
      },
      "linear": {
        "mae": 9.152268478157813,
        "rmse": 12.27257140679931,
        "r2": 0.88903367323969,
        "mape": 19.70199513261973
      }
    },
    "cv_mae": {
      "xgboost": 2.6479610629744257,
      "lightgbm": 2.4631432393843813,
      "catboost": 3.144096938055723,
      "rf": 2.1185979349658943,
      "gb": 2.322757364291967,
      "ridge": 10.19666965324505,
      "linear": 9.334135664571605
    }
  }
}