{
  "trained_best_model": "rf",
  "new_test_metrics": {
    "mae": 3.32114144412032,
    "rmse": 6.5990466082628325,
    "r2": 0.9782421979765379,
    "mape": 10.215228073390142
  },
  "cv_mae": {
    "xgboost": 2.6514424090749364,
    "lightgbm": 2.5232019263902297,
    "catboost": 3.2571875299456208,
    "rf": 2.145620714042689,
    "gb": 2.20136494162278,
    "ridge": 9.68289571247975,
    "linear": 9.024412501050376
  },
  "test_mae_all": {
    "xgboost": 3.1634575934961076,
    "lightgbm": 4.090126901231848,
    "catboost": 3.6115099807220528,
    "rf": 3.32114144412032,
    "gb": 5.090125619599661,
    "ridge": 11.397533680884523,
    "linear": 9.749347133247559
  },
  "historical_best_cv_mae": 2.042469801781462,
  "is_new_historical_best": false,
  "features": [
    "pm2_5",
    "pm10",
    "co",
    "no2",
    "so2",
    "month_cos",
    "total_pm",
    "total_gases",
    "no2_o3_ratio",
    "pm2_5_rolling_3h",
    "pm10_rolling_3h",
    "co_rolling_3h",
    "pm2_5_co_interaction",
    "hour_sin",
    "hour_cos"
  ],
  "scaler_needed": false,
  "all_models_saved": [
    "model_xgboost.pkl",
    "model_lightgbm.pkl",
    "model_catboost.pkl",
    "model_rf.pkl",
    "model_gb.pkl",
    "model_ridge.pkl",
    "model_linear.pkl"
  ],
  "all_metrics": {
    "train": {
      "xgboost": {
        "mae": 1.8236015169587854,
        "rmse": 3.3773824874410887,
        "r2": 0.9988193436453295,
        "mape": 1.483868159976638
      },
      "lightgbm": {
        "mae": 1.6681885832046197,
        "rmse": 3.360657140319244,
        "r2": 0.9988310082954179,
        "mape": 1.3724885422251152
      },
      "catboost": {
        "mae": 1.88671221097902,
        "rmse": 3.0001371631562357,
        "r2": 0.9990683662009722,
        "mape": 1.5815452770597267
      },
      "rf": {
        "mae": 1.1792523285199805,
        "rmse": 3.890293165016065,
        "r2": 0.9984335098261097,
        "mape": 1.1544127654218987
      },
      "gb": {
        "mae": 1.4028201082677085,
        "rmse": 2.967287800125282,
        "r2": 0.9990886559621043,
        "mape": 1.2153548984120628
      },
      "ridge": {
        "mae": 8.701441052471992,
        "rmse": 11.570222057459317,
        "r2": 0.986143727908366,
        "mape": 8.138090551489089
      },
      "linear": {
        "mae": 8.399141924870351,
        "rmse": 11.249399367664177,
        "r2": 0.9869014963694046,
        "mape": 7.718783038614618
      }
    },
    "val": {
      "xgboost": {
        "mae": 2.8036294244740105,
        "rmse": 8.887798004783265,
        "r2": 0.9413763528944861,
        "mape": 4.802989639116285
      },
      "lightgbm": {
        "mae": 2.839206059885976,
        "rmse": 10.27759812176881,
        "r2": 0.9216087218806419,
        "mape": 4.522477254675819
      },
      "catboost": {
        "mae": 3.166642390035038,
        "rmse": 9.913027923840463,
        "r2": 0.9270715235210224,
        "mape": 5.594452966380321
      },
      "rf": {
        "mae": 3.398769579325902,
        "rmse": 11.903822992602972,
        "r2": 0.894838347326908,
        "mape": 5.999893528094918
      },
      "gb": {
        "mae": 2.775336039463283,
        "rmse": 9.984011057262716,
        "r2": 0.9260233622728067,
        "mape": 4.298535605989276
      },
      "ridge": {
        "mae": 6.36323580877426,
        "rmse": 11.586090866009966,
        "r2": 0.9003772921076888,
        "mape": 10.361906257216837
      },
      "linear": {
        "mae": 6.051881734217787,
        "rmse": 11.420932176367671,
        "r2": 0.903197274118666,
        "mape": 9.512164844787966
      }
    },
    "test": {
      "xgboost": {
        "mae": 3.1634575934961076,
        "rmse": 5.303753682692728,
        "r2": 0.9859453730745056,
        "mape": 7.571987146623682
      },
      "lightgbm": {
        "mae": 4.090126901231848,
        "rmse": 6.463486273541474,
        "r2": 0.9791269318565398,
        "mape": 8.31017183687134
      },
      "catboost": {
        "mae": 3.6115099807220528,
        "rmse": 6.230943907674957,
        "r2": 0.980601850031145,
        "mape": 9.34831094819445
      },
      "rf": {
        "mae": 3.32114144412032,
        "rmse": 6.5990466082628325,
        "r2": 0.9782421979765379,
        "mape": 10.215228073390138
      },
      "gb": {
        "mae": 5.090125619599661,
        "rmse": 8.325188897087981,
        "r2": 0.965370930502131,
        "mape": 7.929090317351409
      },
      "ridge": {
        "mae": 11.397533680884523,
        "rmse": 14.346060584524622,
        "r2": 0.8971704464184264,
        "mape": 22.30791302008497
      },
      "linear": {
        "mae": 9.749347133247559,
        "rmse": 12.66604943178961,
        "r2": 0.9198441938139837,
        "mape": 19.480122603553887
      }
    },
    "cv_mae": {
      "xgboost": 2.6514424090749364,
      "lightgbm": 2.5232019263902297,
      "catboost": 3.2571875299456208,
      "rf": 2.145620714042689,
      "gb": 2.20136494162278,
      "ridge": 9.68289571247975,
      "linear": 9.024412501050376
    }
  }
}