{
  "trained_best_model": "rf",
  "new_test_metrics": {
    "mae": 3.2183267576973136,
    "rmse": 6.184091196445148,
    "r2": 0.9823905492194622,
    "mape": 9.651239838877638
  },
  "cv_mae": {
    "xgboost": 2.6300685307750964,
    "lightgbm": 2.4149200428064987,
    "catboost": 3.278563980653613,
    "rf": 2.180369620684689,
    "gb": 2.2575633360849325,
    "ridge": 9.578815924671686,
    "linear": 8.829185490833101
  },
  "test_mae_all": {
    "xgboost": 3.748268579654449,
    "lightgbm": 4.671104348426351,
    "catboost": 3.4388021860539113,
    "rf": 3.218326757697314,
    "gb": 6.117605061982013,
    "ridge": 11.544852128939391,
    "linear": 9.900606914229927
  },
  "historical_best_cv_mae": 2.042469801781462,
  "is_new_historical_best": false,
  "features": [
    "pm2_5",
    "pm10",
    "co",
    "no2",
    "so2",
    "month_cos",
    "total_pm",
    "total_gases",
    "no2_o3_ratio",
    "pm2_5_rolling_3h",
    "pm10_rolling_3h",
    "co_rolling_3h",
    "pm2_5_co_interaction",
    "hour_sin",
    "hour_cos"
  ],
  "scaler_needed": false,
  "all_models_saved": [
    "model_xgboost.pkl",
    "model_lightgbm.pkl",
    "model_catboost.pkl",
    "model_rf.pkl",
    "model_gb.pkl",
    "model_ridge.pkl",
    "model_linear.pkl"
  ],
  "all_metrics": {
    "train": {
      "xgboost": {
        "mae": 1.8477653052708873,
        "rmse": 3.421428726057232,
        "r2": 0.9987745005887484,
        "mape": 1.5153635439333468
      },
      "lightgbm": {
        "mae": 1.5446222334213902,
        "rmse": 3.1040996695138103,
        "r2": 0.9989912827973227,
        "mape": 1.2815690539830962
      },
      "catboost": {
        "mae": 1.8539329779187272,
        "rmse": 2.970984853259874,
        "r2": 0.9990759425185163,
        "mape": 1.5691886423520156
      },
      "rf": {
        "mae": 1.1795448498676084,
        "rmse": 3.8988895868745543,
        "r2": 0.9984085976858172,
        "mape": 1.1581785713734642
      },
      "gb": {
        "mae": 1.3920983499185635,
        "rmse": 2.9868429686954014,
        "r2": 0.9990660515769698,
        "mape": 1.2052098949954118
      },
      "ridge": {
        "mae": 8.649352511305436,
        "rmse": 11.528074515427104,
        "r2": 0.9860872922561777,
        "mape": 8.116764119339285
      },
      "linear": {
        "mae": 8.355555994675582,
        "rmse": 11.210441314335494,
        "r2": 0.9868434042341201,
        "mape": 7.70713062319732
      }
    },
    "val": {
      "xgboost": {
        "mae": 2.7218967790472997,
        "rmse": 8.773381783327238,
        "r2": 0.9426097488389396,
        "mape": 4.353251034064884
      },
      "lightgbm": {
        "mae": 2.659209904262519,
        "rmse": 9.933458174721562,
        "r2": 0.9264292805144909,
        "mape": 4.143689899808745
      },
      "catboost": {
        "mae": 3.0160176825422655,
        "rmse": 9.726681444862582,
        "r2": 0.9294603251278345,
        "mape": 4.751528146762145
      },
      "rf": {
        "mae": 3.3741772711962104,
        "rmse": 11.78924664668578,
        "r2": 0.8963722244315646,
        "mape": 5.743996171730336
      },
      "gb": {
        "mae": 2.6301891613416575,
        "rmse": 9.786359708824197,
        "r2": 0.9285920742925726,
        "mape": 3.7699571473286273
      },
      "ridge": {
        "mae": 6.4281561826188724,
        "rmse": 11.592869822442808,
        "r2": 0.8997957858236852,
        "mape": 10.422633170167051
      },
      "linear": {
        "mae": 6.0520479818253055,
        "rmse": 11.415557529921028,
        "r2": 0.9028375801707128,
        "mape": 9.49321802005057
      }
    },
    "test": {
      "xgboost": {
        "mae": 3.748268579654449,
        "rmse": 5.832767582973758,
        "r2": 0.9843345316631438,
        "mape": 7.372160792436576
      },
      "lightgbm": {
        "mae": 4.671104348426351,
        "rmse": 7.447975908727278,
        "r2": 0.9744570786301056,
        "mape": 8.019006258189778
      },
      "catboost": {
        "mae": 3.4388021860539113,
        "rmse": 5.532138919300197,
        "r2": 0.9859077546870276,
        "mape": 7.968735722067379
      },
      "rf": {
        "mae": 3.218326757697314,
        "rmse": 6.184091196445148,
        "r2": 0.9823905492194622,
        "mape": 9.651239838877638
      },
      "gb": {
        "mae": 6.117605061982013,
        "rmse": 10.452194421834177,
        "r2": 0.9496952495402196,
        "mape": 7.800008511339186
      },
      "ridge": {
        "mae": 11.544852128939391,
        "rmse": 14.441509295984215,
        "r2": 0.9039672847579029,
        "mape": 22.312956122318482
      },
      "linear": {
        "mae": 9.900606914229927,
        "rmse": 12.759606836922607,
        "r2": 0.9250332600387193,
        "mape": 19.514695511592315
      }
    },
    "cv_mae": {
      "xgboost": 2.6300685307750964,
      "lightgbm": 2.4149200428064987,
      "catboost": 3.278563980653613,
      "rf": 2.180369620684689,
      "gb": 2.2575633360849325,
      "ridge": 9.578815924671686,
      "linear": 8.829185490833101
    }
  }
}