{
  "trained_best_model": "rf",
  "new_test_metrics": {
    "mae": 3.5990227619953856,
    "rmse": 6.772360564100453,
    "r2": 0.9707678294752109,
    "mape": 10.526751224489836
  },
  "cv_mae": {
    "xgboost": 2.582944582586419,
    "lightgbm": 2.4041425239045022,
    "catboost": 3.3016102540607255,
    "rf": 2.1417596004129957,
    "gb": 2.255302174557917,
    "ridge": 10.159377577196503,
    "linear": 9.403441396521199
  },
  "test_mae_all": {
    "xgboost": 3.4926981655235125,
    "lightgbm": 4.2230627656683275,
    "catboost": 4.350148048459877,
    "rf": 3.5990227619953847,
    "gb": 3.9348783455582597,
    "ridge": 10.523721588003362,
    "linear": 9.083682667105775
  },
  "historical_best_cv_mae": 2.042469801781462,
  "is_new_historical_best": false,
  "features": [
    "pm2_5",
    "pm10",
    "co",
    "no2",
    "so2",
    "month_cos",
    "total_pm",
    "total_gases",
    "no2_o3_ratio",
    "pm2_5_rolling_3h",
    "pm10_rolling_3h",
    "co_rolling_3h",
    "pm2_5_co_interaction",
    "hour_sin",
    "hour_cos"
  ],
  "scaler_needed": false,
  "all_models_saved": [
    "model_xgboost.pkl",
    "model_lightgbm.pkl",
    "model_catboost.pkl",
    "model_rf.pkl",
    "model_gb.pkl",
    "model_ridge.pkl",
    "model_linear.pkl"
  ],
  "all_metrics": {
    "train": {
      "xgboost": {
        "mae": 1.8309604046940415,
        "rmse": 3.4023600267040286,
        "r2": 0.9988286418903005,
        "mape": 1.486658926679181
      },
      "lightgbm": {
        "mae": 1.5553198029398543,
        "rmse": 3.0563508606345375,
        "r2": 0.9990547741915083,
        "mape": 1.2830062678318632
      },
      "catboost": {
        "mae": 1.8621477069067411,
        "rmse": 2.9752822229497213,
        "r2": 0.9991042527392014,
        "mape": 1.5600432043106967
      },
      "rf": {
        "mae": 1.1610899855195103,
        "rmse": 3.863702975009459,
        "r2": 0.9984894447361479,
        "mape": 1.1378194825701091
      },
      "gb": {
        "mae": 1.400836051655025,
        "rmse": 2.9208828830268248,
        "r2": 0.9991367085468077,
        "mape": 1.208413615544221
      },
      "ridge": {
        "mae": 8.85999138122183,
        "rmse": 11.724337527619774,
        "r2": 0.9860906838218598,
        "mape": 8.214223639678746
      },
      "linear": {
        "mae": 8.540280708229433,
        "rmse": 11.381595381526006,
        "r2": 0.9868920300068722,
        "mape": 7.778678721537541
      }
    },
    "val": {
      "xgboost": {
        "mae": 2.8534174575108917,
        "rmse": 8.913102069971911,
        "r2": 0.9424806686479812,
        "mape": 5.171038536951994
      },
      "lightgbm": {
        "mae": 2.96713548887463,
        "rmse": 10.02143573185407,
        "r2": 0.9272863475183759,
        "mape": 4.881010295048716
      },
      "catboost": {
        "mae": 3.41467365461193,
        "rmse": 10.059781306560865,
        "r2": 0.9267288263647666,
        "mape": 5.925379640847495
      },
      "rf": {
        "mae": 4.014102867058822,
        "rmse": 12.129119764965859,
        "r2": 0.8934840518280995,
        "mape": 6.668690194733047
      },
      "gb": {
        "mae": 2.782217083185279,
        "rmse": 9.560610834988454,
        "r2": 0.9338199105085835,
        "mape": 4.232593322410126
      },
      "ridge": {
        "mae": 6.57696548381045,
        "rmse": 11.900295456595664,
        "r2": 0.897465136635395,
        "mape": 10.32902841242219
      },
      "linear": {
        "mae": 6.335034688618294,
        "rmse": 11.703350649945158,
        "r2": 0.9008308699124372,
        "mape": 9.620391587007747
      }
    },
    "test": {
      "xgboost": {
        "mae": 3.4926981655235125,
        "rmse": 6.195237932640649,
        "r2": 0.9755377218482837,
        "mape": 8.91438313481644
      },
      "lightgbm": {
        "mae": 4.2230627656683275,
        "rmse": 7.063918707088588,
        "r2": 0.9681966913164259,
        "mape": 9.09916229659828
      },
      "catboost": {
        "mae": 4.350148048459877,
        "rmse": 7.063136803690398,
        "r2": 0.9682037315273618,
        "mape": 10.406210529165074
      },
      "rf": {
        "mae": 3.5990227619953847,
        "rmse": 6.772360564100453,
        "r2": 0.9707678294752109,
        "mape": 10.526751224489834
      },
      "gb": {
        "mae": 3.9348783455582597,
        "rmse": 7.04524761257544,
        "r2": 0.9683645918396607,
        "mape": 7.0453772728697235
      },
      "ridge": {
        "mae": 10.523721588003362,
        "rmse": 13.688864868781693,
        "r2": 0.8805693511253893,
        "mape": 22.14877620059349
      },
      "linear": {
        "mae": 9.083682667105775,
        "rmse": 12.182831447274168,
        "r2": 0.9054029941359617,
        "mape": 19.34676849908947
      }
    },
    "cv_mae": {
      "xgboost": 2.582944582586419,
      "lightgbm": 2.4041425239045022,
      "catboost": 3.3016102540607255,
      "rf": 2.1417596004129957,
      "gb": 2.255302174557917,
      "ridge": 10.159377577196503,
      "linear": 9.403441396521199
    }
  }
}