{
  "trained_best_model": "rf",
  "new_test_metrics": {
    "mae": 3.2961513361981174,
    "rmse": 6.364896254604498,
    "r2": 0.9813021432923562,
    "mape": 9.923083806976628
  },
  "cv_mae": {
    "xgboost": 2.7052588419904913,
    "lightgbm": 2.436315909045818,
    "catboost": 3.1423402716713156,
    "rf": 2.17292502258833,
    "gb": 2.3882022373466554,
    "ridge": 9.573879168916452,
    "linear": 8.833543801085034
  },
  "test_mae_all": {
    "xgboost": 3.6269737553834576,
    "lightgbm": 4.21954402231467,
    "catboost": 3.553270532152353,
    "rf": 3.2961513361981174,
    "gb": 5.302848839707452,
    "ridge": 11.516492777175896,
    "linear": 9.887662991640145
  },
  "historical_best_cv_mae": 2.042469801781462,
  "is_new_historical_best": false,
  "features": [
    "pm2_5",
    "pm10",
    "co",
    "no2",
    "so2",
    "month_cos",
    "total_pm",
    "total_gases",
    "no2_o3_ratio",
    "pm2_5_rolling_3h",
    "pm10_rolling_3h",
    "co_rolling_3h",
    "pm2_5_co_interaction",
    "hour_sin",
    "hour_cos"
  ],
  "scaler_needed": false,
  "all_models_saved": [
    "model_xgboost.pkl",
    "model_lightgbm.pkl",
    "model_catboost.pkl",
    "model_rf.pkl",
    "model_gb.pkl",
    "model_ridge.pkl",
    "model_linear.pkl"
  ],
  "all_metrics": {
    "train": {
      "xgboost": {
        "mae": 1.7999160263325293,
        "rmse": 3.3688276841228055,
        "r2": 0.9988119520130763,
        "mape": 1.4908668811739676
      },
      "lightgbm": {
        "mae": 1.6742744567447938,
        "rmse": 3.354760432848952,
        "r2": 0.998821853188019,
        "mape": 1.3760576965301534
      },
      "catboost": {
        "mae": 1.907975980039969,
        "rmse": 3.0226888131646086,
        "r2": 0.9990435478108791,
        "mape": 1.5991053095704568
      },
      "rf": {
        "mae": 1.1834696334325256,
        "rmse": 3.902677305748565,
        "r2": 0.998405583889294,
        "mape": 1.161762389615944
      },
      "gb": {
        "mae": 1.376770925272215,
        "rmse": 2.935482879314196,
        "r2": 0.9990979398623352,
        "mape": 1.1969714572153431
      },
      "ridge": {
        "mae": 8.649663909528952,
        "rmse": 11.52808405249088,
        "r2": 0.9860879651572885,
        "mape": 8.116823605671621
      },
      "linear": {
        "mae": 8.355589239925918,
        "rmse": 11.210447584863651,
        "r2": 0.9868440476152597,
        "mape": 7.707007632080278
      }
    },
    "val": {
      "xgboost": {
        "mae": 2.7047488504348824,
        "rmse": 9.04738388678924,
        "r2": 0.9389778309429122,
        "mape": 4.483170408179933
      },
      "lightgbm": {
        "mae": 2.737804563965777,
        "rmse": 10.163396975869231,
        "r2": 0.9229949188520459,
        "mape": 4.10707673545713
      },
      "catboost": {
        "mae": 2.9717946953376178,
        "rmse": 9.953843197984918,
        "r2": 0.9261376374829499,
        "mape": 4.663881309165148
      },
      "rf": {
        "mae": 3.4028033678593905,
        "rmse": 11.820372211077546,
        "r2": 0.8958392954157808,
        "mape": 5.881227768280259
      },
      "gb": {
        "mae": 2.687277790575244,
        "rmse": 9.6369312707653,
        "r2": 0.9307660471713661,
        "mape": 4.082405257567212
      },
      "ridge": {
        "mae": 6.420795918496731,
        "rmse": 11.591844275478683,
        "r2": 0.8998279224842506,
        "mape": 10.414566595414232
      },
      "linear": {
        "mae": 6.050362629121846,
        "rmse": 11.415341257375315,
        "r2": 0.902855234852222,
        "mape": 9.492562486140315
      }
    },
    "test": {
      "xgboost": {
        "mae": 3.6269737553834576,
        "rmse": 5.862999592039271,
        "r2": 0.9841346777873197,
        "mape": 7.5041501670882225
      },
      "lightgbm": {
        "mae": 4.21954402231467,
        "rmse": 6.775028824622449,
        "r2": 0.978814853902799,
        "mape": 7.639191921050339
      },
      "catboost": {
        "mae": 3.553270532152353,
        "rmse": 5.727588908747937,
        "r2": 0.9848590596800171,
        "mape": 8.367858758671023
      },
      "rf": {
        "mae": 3.2961513361981174,
        "rmse": 6.364896254604498,
        "r2": 0.9813021432923562,
        "mape": 9.923083806976628
      },
      "gb": {
        "mae": 5.302848839707452,
        "rmse": 8.639428237632673,
        "r2": 0.9655507975400501,
        "mape": 8.001720238441983
      },
      "ridge": {
        "mae": 11.516492777175896,
        "rmse": 14.424203849436086,
        "r2": 0.9039731082535608,
        "mape": 22.296448333554604
      },
      "linear": {
        "mae": 9.887662991640145,
        "rmse": 12.748366014850314,
        "r2": 0.9249901638898812,
        "mape": 19.5070814055085
      }
    },
    "cv_mae": {
      "xgboost": 2.7052588419904913,
      "lightgbm": 2.436315909045818,
      "catboost": 3.1423402716713156,
      "rf": 2.17292502258833,
      "gb": 2.3882022373466554,
      "ridge": 9.573879168916452,
      "linear": 8.833543801085034
    }
  }
}