{
  "trained_best_model": "rf",
  "new_test_metrics": {
    "mae": 3.6937547902498498,
    "rmse": 6.848084992025252,
    "r2": 0.9684101970455831,
    "mape": 10.719781303989167
  },
  "cv_mae": {
    "xgboost": 2.620589438436549,
    "lightgbm": 2.4941630634880836,
    "catboost": 3.238618174249706,
    "rf": 2.1854789229928433,
    "gb": 2.322428514594531,
    "ridge": 10.246593175538637,
    "linear": 9.462884357388639
  },
  "test_mae_all": {
    "xgboost": 3.076390008205354,
    "lightgbm": 3.796368010191881,
    "catboost": 3.9473868930593414,
    "rf": 3.693754790249851,
    "gb": 4.087056716982388,
    "ridge": 10.495096768552555,
    "linear": 9.054558075956598
  },
  "historical_best_cv_mae": 2.042469801781462,
  "is_new_historical_best": false,
  "features": [
    "pm2_5",
    "pm10",
    "co",
    "no2",
    "so2",
    "month_cos",
    "total_pm",
    "total_gases",
    "no2_o3_ratio",
    "pm2_5_rolling_3h",
    "pm10_rolling_3h",
    "co_rolling_3h",
    "pm2_5_co_interaction",
    "hour_sin",
    "hour_cos"
  ],
  "scaler_needed": false,
  "all_models_saved": [
    "model_xgboost.pkl",
    "model_lightgbm.pkl",
    "model_catboost.pkl",
    "model_rf.pkl",
    "model_gb.pkl",
    "model_ridge.pkl",
    "model_linear.pkl"
  ],
  "all_metrics": {
    "train": {
      "xgboost": {
        "mae": 1.8155005534956523,
        "rmse": 3.3848557076922665,
        "r2": 0.9988409609676772,
        "mape": 1.4780813718175323
      },
      "lightgbm": {
        "mae": 1.8776797326135113,
        "rmse": 3.81341826530547,
        "r2": 0.998528884990361,
        "mape": 1.5406875123673371
      },
      "catboost": {
        "mae": 1.9063196946961307,
        "rmse": 3.0064884912037817,
        "r2": 0.9990855987034227,
        "mape": 1.599815799454845
      },
      "rf": {
        "mae": 1.1671389383679756,
        "rmse": 3.8639165107607543,
        "r2": 0.9984896652684915,
        "mape": 1.1444440321945022
      },
      "gb": {
        "mae": 1.3758677200424527,
        "rmse": 2.9100766461175014,
        "r2": 0.9991433042801967,
        "mape": 1.1856519410287727
      },
      "ridge": {
        "mae": 8.856941440040389,
        "rmse": 11.724130119891864,
        "r2": 0.9860947435965797,
        "mape": 8.205528176763611
      },
      "linear": {
        "mae": 8.536609304515533,
        "rmse": 11.380388078147504,
        "r2": 0.9868981722393473,
        "mape": 7.768825081914516
      }
    },
    "val": {
      "xgboost": {
        "mae": 2.8195981456808847,
        "rmse": 8.978042408770868,
        "r2": 0.9418104316632361,
        "mape": 4.7852927324784655
      },
      "lightgbm": {
        "mae": 3.129900966257255,
        "rmse": 10.41949459694737,
        "r2": 0.9216254359588443,
        "mape": 4.971803597348764
      },
      "catboost": {
        "mae": 3.4588339945920095,
        "rmse": 10.223514272175311,
        "r2": 0.924546003826029,
        "mape": 5.85536221584353
      },
      "rf": {
        "mae": 4.117776309120296,
        "rmse": 12.174364127188273,
        "r2": 0.8930023092741749,
        "mape": 6.839915147188084
      },
      "gb": {
        "mae": 2.8960792749709396,
        "rmse": 9.690851988733163,
        "r2": 0.9322037376630337,
        "mape": 4.762078101540026
      },
      "ridge": {
        "mae": 6.662576285067569,
        "rmse": 11.933597279003815,
        "r2": 0.8971925503093773,
        "mape": 10.491962922425731
      },
      "linear": {
        "mae": 6.416053199082533,
        "rmse": 11.73381920049668,
        "r2": 0.900605897895805,
        "mape": 9.770968497233333
      }
    },
    "test": {
      "xgboost": {
        "mae": 3.076390008205354,
        "rmse": 5.356458857746265,
        "r2": 0.9806730118474614,
        "mape": 7.840124587811058
      },
      "lightgbm": {
        "mae": 3.796368010191881,
        "rmse": 6.396356063552779,
        "r2": 0.9724403374044006,
        "mape": 8.947564230649693
      },
      "catboost": {
        "mae": 3.9473868930593414,
        "rmse": 6.424234087607605,
        "r2": 0.9721995805619974,
        "mape": 9.87163164924764
      },
      "rf": {
        "mae": 3.693754790249851,
        "rmse": 6.848084992025254,
        "r2": 0.9684101970455831,
        "mape": 10.719781303989171
      },
      "gb": {
        "mae": 4.087056716982388,
        "rmse": 7.320401604432635,
        "r2": 0.9639023899999536,
        "mape": 8.208530083968563
      },
      "ridge": {
        "mae": 10.495096768552555,
        "rmse": 13.671800810925179,
        "r2": 0.8740900422566731,
        "mape": 22.20290176205776
      },
      "linear": {
        "mae": 9.054558075956598,
        "rmse": 12.168704793384643,
        "r2": 0.9002535738009675,
        "mape": 19.38060220206802
      }
    },
    "cv_mae": {
      "xgboost": 2.620589438436549,
      "lightgbm": 2.4941630634880836,
      "catboost": 3.238618174249706,
      "rf": 2.1854789229928433,
      "gb": 2.322428514594531,
      "ridge": 10.246593175538637,
      "linear": 9.462884357388639
    }
  }
}