{
  "trained_best_model": "rf",
  "new_test_metrics": {
    "mae": 4.306290555734378,
    "rmse": 7.185873977247772,
    "r2": 0.9614096003386258,
    "mape": 11.816481294850183
  },
  "cv_mae": {
    "xgboost": 2.6321236197962454,
    "lightgbm": 2.4412856530020877,
    "catboost": 3.184394614509403,
    "rf": 2.134271014044749,
    "gb": 2.2899009213404202,
    "ridge": 10.242867094254747,
    "linear": 9.425922802388047
  },
  "test_mae_all": {
    "xgboost": 3.184230382160181,
    "lightgbm": 3.877337059631966,
    "catboost": 3.7682111536463756,
    "rf": 4.306290555734377,
    "gb": 3.2481905746946795,
    "ridge": 10.451638926241873,
    "linear": 9.049830353782921
  },
  "historical_best_cv_mae": 2.042469801781462,
  "is_new_historical_best": false,
  "features": [
    "pm2_5",
    "pm10",
    "co",
    "no2",
    "so2",
    "month_cos",
    "total_pm",
    "total_gases",
    "no2_o3_ratio",
    "pm2_5_rolling_3h",
    "pm10_rolling_3h",
    "co_rolling_3h",
    "pm2_5_co_interaction",
    "hour_sin",
    "hour_cos"
  ],
  "scaler_needed": false,
  "all_models_saved": [
    "model_xgboost.pkl",
    "model_lightgbm.pkl",
    "model_catboost.pkl",
    "model_rf.pkl",
    "model_gb.pkl",
    "model_ridge.pkl",
    "model_linear.pkl"
  ],
  "all_metrics": {
    "train": {
      "xgboost": {
        "mae": 1.8258389118677327,
        "rmse": 3.365571611933497,
        "r2": 0.9988628674690095,
        "mape": 1.4728621203708385
      },
      "lightgbm": {
        "mae": 1.7871794752691545,
        "rmse": 3.536969461154321,
        "r2": 0.9987440971891558,
        "mape": 1.4495428041917782
      },
      "catboost": {
        "mae": 1.930078199173353,
        "rmse": 3.0512893663876595,
        "r2": 0.9990653259109038,
        "mape": 1.6075559657907448
      },
      "rf": {
        "mae": 1.1525417681664172,
        "rmse": 3.845130588114555,
        "r2": 0.9985157208048293,
        "mape": 1.1288046295934047
      },
      "gb": {
        "mae": 1.3805836046583528,
        "rmse": 2.9052622131494967,
        "r2": 0.9991526475618268,
        "mape": 1.18255316626867
      },
      "ridge": {
        "mae": 8.896173249727733,
        "rmse": 11.768253881894283,
        "r2": 0.9860967135565427,
        "mape": 8.211600848883807
      },
      "linear": {
        "mae": 8.57587747892766,
        "rmse": 11.422899979277263,
        "r2": 0.9869007581529509,
        "mape": 7.776669295957187
      }
    },
    "val": {
      "xgboost": {
        "mae": 2.932583715273365,
        "rmse": 9.072743455046254,
        "r2": 0.9404823058077355,
        "mape": 5.169964771576093
      },
      "lightgbm": {
        "mae": 3.1120708752403035,
        "rmse": 10.221484115022394,
        "r2": 0.924456560880526,
        "mape": 4.8758232409252145
      },
      "catboost": {
        "mae": 3.4077421981760656,
        "rmse": 10.204334242711814,
        "r2": 0.9247098457181866,
        "mape": 5.804898522116318
      },
      "rf": {
        "mae": 4.778806821980287,
        "rmse": 12.399085079644355,
        "r2": 0.888840107986377,
        "mape": 7.9924534242485175
      },
      "gb": {
        "mae": 2.7452132380446854,
        "rmse": 9.667928687565402,
        "r2": 0.9324172728537271,
        "mape": 4.131882519533923
      },
      "ridge": {
        "mae": 6.920395495101252,
        "rmse": 12.059810740807148,
        "r2": 0.8948401832234553,
        "mape": 10.97626673933763
      },
      "linear": {
        "mae": 6.605123045594105,
        "rmse": 11.821877756896022,
        "r2": 0.8989487326552649,
        "mape": 10.124445836865371
      }
    },
    "test": {
      "xgboost": {
        "mae": 3.184230382160181,
        "rmse": 5.778943622034257,
        "r2": 0.9750415851767689,
        "mape": 8.491480755448599
      },
      "lightgbm": {
        "mae": 3.877337059631966,
        "rmse": 6.527784422598053,
        "r2": 0.96815423466127,
        "mape": 8.886627822895274
      },
      "catboost": {
        "mae": 3.7682111536463756,
        "rmse": 6.274342563390883,
        "r2": 0.9705790605490326,
        "mape": 9.555134971291638
      },
      "rf": {
        "mae": 4.306290555734377,
        "rmse": 7.185873977247773,
        "r2": 0.9614096003386258,
        "mape": 11.816481294850183
      },
      "gb": {
        "mae": 3.2481905746946795,
        "rmse": 5.713497117758437,
        "r2": 0.9756036919400652,
        "mape": 6.871508245860306
      },
      "ridge": {
        "mae": 10.451638926241873,
        "rmse": 13.682998731083181,
        "r2": 0.8600790784618075,
        "mape": 22.4026657090945
      },
      "linear": {
        "mae": 9.049830353782921,
        "rmse": 12.183200517138575,
        "r2": 0.8890715696705994,
        "mape": 19.587555554143005
      }
    },
    "cv_mae": {
      "xgboost": 2.6321236197962454,
      "lightgbm": 2.4412856530020877,
      "catboost": 3.184394614509403,
      "rf": 2.134271014044749,
      "gb": 2.2899009213404202,
      "ridge": 10.242867094254747,
      "linear": 9.425922802388047
    }
  }
}