{
  "trained_best_model": "rf",
  "new_test_metrics": {
    "mae": 3.183661096340058,
    "rmse": 6.16195498345634,
    "r2": 0.9824665751850856,
    "mape": 9.579571070284414
  },
  "cv_mae": {
    "xgboost": 2.69444838036763,
    "lightgbm": 2.4572254854039954,
    "catboost": 3.2383483545314973,
    "rf": 2.199179011594148,
    "gb": 2.329880178910667,
    "ridge": 9.560771631971994,
    "linear": 8.810616615550721
  },
  "test_mae_all": {
    "xgboost": 3.3385678496748508,
    "lightgbm": 3.3765524191401486,
    "catboost": 3.684159198203958,
    "rf": 3.183661096340057,
    "gb": 5.154816304460714,
    "ridge": 11.51230659518559,
    "linear": 9.884768811201983
  },
  "historical_best_cv_mae": 2.042469801781462,
  "is_new_historical_best": false,
  "features": [
    "pm2_5",
    "pm10",
    "co",
    "no2",
    "so2",
    "month_cos",
    "total_pm",
    "total_gases",
    "no2_o3_ratio",
    "pm2_5_rolling_3h",
    "pm10_rolling_3h",
    "co_rolling_3h",
    "pm2_5_co_interaction",
    "hour_sin",
    "hour_cos"
  ],
  "scaler_needed": false,
  "all_models_saved": [
    "model_xgboost.pkl",
    "model_lightgbm.pkl",
    "model_catboost.pkl",
    "model_rf.pkl",
    "model_gb.pkl",
    "model_ridge.pkl",
    "model_linear.pkl"
  ],
  "all_metrics": {
    "train": {
      "xgboost": {
        "mae": 1.7989384462377718,
        "rmse": 3.362613450746674,
        "r2": 0.9988167889630135,
        "mape": 1.4942833692031243
      },
      "lightgbm": {
        "mae": 1.7036238674683917,
        "rmse": 3.4091030316387405,
        "r2": 0.998783845995484,
        "mape": 1.3966589663002207
      },
      "catboost": {
        "mae": 1.9103111888962894,
        "rmse": 3.015353722410539,
        "r2": 0.9990485524525511,
        "mape": 1.6140408264378077
      },
      "rf": {
        "mae": 1.179310819415416,
        "rmse": 3.896293877318221,
        "r2": 0.9984114103362911,
        "mape": 1.1571573060179827
      },
      "gb": {
        "mae": 1.3877520837108608,
        "rmse": 2.950645455341574,
        "r2": 0.9990889496538893,
        "mape": 1.213984270951973
      },
      "ridge": {
        "mae": 8.649741196692244,
        "rmse": 11.528104200019406,
        "r2": 0.9860932993271425,
        "mape": 8.116740565036794
      },
      "linear": {
        "mae": 8.355598264825355,
        "rmse": 11.210469862898677,
        "r2": 0.9868490855860306,
        "mape": 7.706759394257231
      }
    },
    "val": {
      "xgboost": {
        "mae": 2.7105211427766984,
        "rmse": 8.668927056888787,
        "r2": 0.9439782992729298,
        "mape": 4.426824035763895
      },
      "lightgbm": {
        "mae": 2.6064874738205046,
        "rmse": 9.947204814911585,
        "r2": 0.9262388443665736,
        "mape": 3.7680471745574122
      },
      "catboost": {
        "mae": 3.169281567462302,
        "rmse": 9.604849607322414,
        "r2": 0.9312287798158603,
        "mape": 5.290151171658606
      },
      "rf": {
        "mae": 3.335051352305156,
        "rmse": 11.785661853149316,
        "r2": 0.8964539480263909,
        "mape": 5.697290320983522
      },
      "gb": {
        "mae": 2.5538803067772617,
        "rmse": 9.450648722289664,
        "r2": 0.9334192269136742,
        "mape": 3.6836867668167996
      },
      "ridge": {
        "mae": 6.41701781554798,
        "rmse": 11.590915690309982,
        "r2": 0.8998476635077255,
        "mape": 10.410210980226946
      },
      "linear": {
        "mae": 6.048888481653226,
        "rmse": 11.414823902955554,
        "r2": 0.9028676214380982,
        "mape": 9.491290607015957
      }
    },
    "test": {
      "xgboost": {
        "mae": 3.3385678496748508,
        "rmse": 5.443602369824587,
        "r2": 0.9863163328409227,
        "mape": 7.227766707880172
      },
      "lightgbm": {
        "mae": 3.3765524191401486,
        "rmse": 5.344780745659559,
        "r2": 0.9868086421647961,
        "mape": 6.71059976378094
      },
      "catboost": {
        "mae": 3.684159198203958,
        "rmse": 5.967247822115704,
        "r2": 0.9835571209507741,
        "mape": 8.77202180850107
      },
      "rf": {
        "mae": 3.183661096340057,
        "rmse": 6.161954983456338,
        "r2": 0.9824665751850856,
        "mape": 9.579571070284414
      },
      "gb": {
        "mae": 5.154816304460714,
        "rmse": 8.816122958129128,
        "r2": 0.9641090469950231,
        "mape": 7.039495663221194
      },
      "ridge": {
        "mae": 11.51230659518559,
        "rmse": 14.421922274537987,
        "r2": 0.9039547228185525,
        "mape": 22.294454585131124
      },
      "linear": {
        "mae": 9.884768811201983,
        "rmse": 12.747081914146923,
        "r2": 0.924967180494537,
        "mape": 19.50588378967487
      }
    },
    "cv_mae": {
      "xgboost": 2.69444838036763,
      "lightgbm": 2.4572254854039954,
      "catboost": 3.2383483545314973,
      "rf": 2.199179011594148,
      "gb": 2.329880178910667,
      "ridge": 9.560771631971994,
      "linear": 8.810616615550721
    }
  }
}