{
  "trained_best_model": "xgboost",
  "new_test_metrics": {
    "mae": 3.434955045670143,
    "rmse": 5.697832159743094,
    "r2": 0.9752305451818503,
    "mape": 8.715051369733875
  },
  "cv_mae": {
    "xgboost": 2.087613417071139,
    "lightgbm": 2.3113407235762544,
    "catboost": 3.479574738272526,
    "rf": 2.2974403362985387,
    "gb": 2.3778514125532153,
    "ridge": 10.73484616936269,
    "linear": 9.706856957644495
  },
  "test_mae_all": {
    "xgboost": 3.434955045670143,
    "lightgbm": 3.7783689896901977,
    "catboost": 4.292193755699443,
    "rf": 5.600994914653725,
    "gb": 4.550804310616685,
    "ridge": 10.190668997301907,
    "linear": 8.779071006484093
  },
  "historical_best_cv_mae": 2.0564814707537686,
  "is_new_historical_best": false,
  "features": [
    "pm2_5",
    "pm10",
    "co",
    "no2",
    "so2",
    "month_cos",
    "total_pm",
    "total_gases",
    "no2_o3_ratio",
    "pm2_5_rolling_3h",
    "pm10_rolling_3h",
    "co_rolling_3h",
    "pm2_5_co_interaction",
    "hour_sin",
    "hour_cos"
  ],
  "scaler_needed": false,
  "all_models_saved": [
    "model_xgboost.pkl",
    "model_lightgbm.pkl",
    "model_catboost.pkl",
    "model_rf.pkl",
    "model_gb.pkl",
    "model_ridge.pkl",
    "model_linear.pkl"
  ],
  "all_metrics": {
    "train": {
      "xgboost": {
        "mae": 1.1169298323477628,
        "rmse": 1.933412298938787,
        "r2": 0.9996260431038578,
        "mape": 0.9492345585508942
      },
      "lightgbm": {
        "mae": 0.9742671469280909,
        "rmse": 1.8726812799775348,
        "r2": 0.9996491670858455,
        "mape": 0.8125662835699679
      },
      "catboost": {
        "mae": 1.974220235446929,
        "rmse": 3.1014242204146436,
        "r2": 0.9990377344433234,
        "mape": 1.6029092528551898
      },
      "rf": {
        "mae": 1.1552950740220644,
        "rmse": 3.800396496670521,
        "r2": 0.9985551245541401,
        "mape": 1.12968527375118
      },
      "gb": {
        "mae": 1.414408544795804,
        "rmse": 2.993434882276938,
        "r2": 0.9991035785852447,
        "mape": 1.2030286057232629
      },
      "ridge": {
        "mae": 8.989564924299547,
        "rmse": 11.849118699642768,
        "r2": 0.9859542578064334,
        "mape": 8.245611914217028
      },
      "linear": {
        "mae": 8.668363470743861,
        "rmse": 11.503502517638912,
        "r2": 0.9867616829993475,
        "mape": 7.809892713509871
      }
    },
    "val": {
      "xgboost": {
        "mae": 2.9573487952419613,
        "rmse": 8.531210186483579,
        "r2": 0.9546266116687459,
        "mape": 5.22162407942138
      },
      "lightgbm": {
        "mae": 2.9140513914295934,
        "rmse": 9.32700564516045,
        "r2": 0.9457669027797793,
        "mape": 4.769465321645626
      },
      "catboost": {
        "mae": 4.144848089655556,
        "rmse": 10.700083291060782,
        "r2": 0.9286236649018484,
        "mape": 6.441107844959696
      },
      "rf": {
        "mae": 5.682403199482013,
        "rmse": 12.619744761044972,
        "r2": 0.9007155874109005,
        "mape": 9.530634660903393
      },
      "gb": {
        "mae": 3.302263843914886,
        "rmse": 9.994628308292034,
        "r2": 0.9377250734999717,
        "mape": 5.674571073720635
      },
      "ridge": {
        "mae": 7.215489540400028,
        "rmse": 12.304979556875049,
        "r2": 0.9056065800450166,
        "mape": 11.373537822528618
      },
      "linear": {
        "mae": 6.810498405799965,
        "rmse": 11.954017772764896,
        "r2": 0.9109143562606731,
        "mape": 10.486023038705012
      }
    },
    "test": {
      "xgboost": {
        "mae": 3.434955045670143,
        "rmse": 5.697832159743094,
        "r2": 0.9752305451818503,
        "mape": 8.715051369733875
      },
      "lightgbm": {
        "mae": 3.7783689896901977,
        "rmse": 5.709017173859899,
        "r2": 0.975133203379041,
        "mape": 8.938500368964803
      },
      "catboost": {
        "mae": 4.292193755699443,
        "rmse": 6.347948720066416,
        "r2": 0.9692557457475353,
        "mape": 10.008985352478948
      },
      "rf": {
        "mae": 5.600994914653725,
        "rmse": 7.905338747923913,
        "r2": 0.9523197951827477,
        "mape": 13.706770561199615
      },
      "gb": {
        "mae": 4.550804310616685,
        "rmse": 7.656661783798049,
        "r2": 0.9552723510648419,
        "mape": 9.809583410142272
      },
      "ridge": {
        "mae": 10.190668997301907,
        "rmse": 13.626413313123702,
        "r2": 0.8583357525414593,
        "mape": 22.276781143696276
      },
      "linear": {
        "mae": 8.779071006484093,
        "rmse": 12.096824452831934,
        "r2": 0.8883548401009453,
        "mape": 19.383016494446455
      }
    },
    "cv_mae": {
      "xgboost": 2.087613417071139,
      "lightgbm": 2.3113407235762544,
      "catboost": 3.479574738272526,
      "rf": 2.2974403362985387,
      "gb": 2.3778514125532153,
      "ridge": 10.73484616936269,
      "linear": 9.706856957644495
    }
  }
}