{
  "trained_best_model": "rf",
  "new_test_metrics": {
    "mae": 3.6130463542826488,
    "rmse": 6.662994224589098,
    "r2": 0.9689808093254544,
    "mape": 10.495686810808053
  },
  "cv_mae": {
    "xgboost": 2.637829213599636,
    "lightgbm": 2.4461887710197248,
    "catboost": 3.2799602665121723,
    "rf": 2.179963077869862,
    "gb": 2.2986595704263086,
    "ridge": 10.189464386854262,
    "linear": 9.396671165642552
  },
  "test_mae_all": {
    "xgboost": 3.189159504323135,
    "lightgbm": 4.212811957609833,
    "catboost": 4.025464474261656,
    "rf": 3.613046354282649,
    "gb": 4.002067016240335,
    "ridge": 10.474843899374358,
    "linear": 9.035758167378651
  },
  "historical_best_cv_mae": 2.042469801781462,
  "is_new_historical_best": false,
  "features": [
    "pm2_5",
    "pm10",
    "co",
    "no2",
    "so2",
    "month_cos",
    "total_pm",
    "total_gases",
    "no2_o3_ratio",
    "pm2_5_rolling_3h",
    "pm10_rolling_3h",
    "co_rolling_3h",
    "pm2_5_co_interaction",
    "hour_sin",
    "hour_cos"
  ],
  "scaler_needed": false,
  "all_models_saved": [
    "model_xgboost.pkl",
    "model_lightgbm.pkl",
    "model_catboost.pkl",
    "model_rf.pkl",
    "model_gb.pkl",
    "model_ridge.pkl",
    "model_linear.pkl"
  ],
  "all_metrics": {
    "train": {
      "xgboost": {
        "mae": 1.8379973335664255,
        "rmse": 3.375591260529751,
        "r2": 0.9988549189200348,
        "mape": 1.4885416349175156
      },
      "lightgbm": {
        "mae": 1.548456508405204,
        "rmse": 3.0543977433022778,
        "r2": 0.9990624645209821,
        "mape": 1.2810486164616146
      },
      "catboost": {
        "mae": 1.8921783105492933,
        "rmse": 3.0044995935182413,
        "r2": 0.9990928463956213,
        "mape": 1.5776548916492568
      },
      "rf": {
        "mae": 1.1571947707501662,
        "rmse": 3.850466471556969,
        "r2": 0.9985100790618113,
        "mape": 1.131885456570619
      },
      "gb": {
        "mae": 1.3984078628943724,
        "rmse": 2.9604283386131427,
        "r2": 0.9991192642261115,
        "mape": 1.196153508400698
      },
      "ridge": {
        "mae": 8.879393282642356,
        "rmse": 11.750913632451939,
        "r2": 0.9861235044783898,
        "mape": 8.209585632534901
      },
      "linear": {
        "mae": 8.559771269348841,
        "rmse": 11.40811270139031,
        "r2": 0.986921313275292,
        "mape": 7.7744375017872835
      }
    },
    "val": {
      "xgboost": {
        "mae": 2.8290073163977496,
        "rmse": 9.403040466528534,
        "r2": 0.9361749501416926,
        "mape": 4.907872409796758
      },
      "lightgbm": {
        "mae": 2.9172761717367406,
        "rmse": 9.970915378338162,
        "r2": 0.9282330295487948,
        "mape": 4.674158653403492
      },
      "catboost": {
        "mae": 3.4301216405790327,
        "rmse": 10.363219816679374,
        "r2": 0.9224746076519146,
        "mape": 5.720215315272956
      },
      "rf": {
        "mae": 4.016701257327839,
        "rmse": 12.10401704138187,
        "r2": 0.8942419083935891,
        "mape": 6.664373082578312
      },
      "gb": {
        "mae": 2.818477482942404,
        "rmse": 9.702665505937095,
        "r2": 0.9320426130019083,
        "mape": 4.402210910053026
      },
      "ridge": {
        "mae": 6.763792526658589,
        "rmse": 11.974819590922408,
        "r2": 0.896487568356529,
        "mape": 10.673743501065502
      },
      "linear": {
        "mae": 6.502281251419029,
        "rmse": 11.76744630788759,
        "r2": 0.9000416673506638,
        "mape": 9.923784233826614
      }
    },
    "test": {
      "xgboost": {
        "mae": 3.189159504323135,
        "rmse": 5.730259731778087,
        "r2": 0.9770575283594755,
        "mape": 8.228794068007655
      },
      "lightgbm": {
        "mae": 4.212811957609833,
        "rmse": 7.129260641820791,
        "r2": 0.9644875550193239,
        "mape": 9.008983101625581
      },
      "catboost": {
        "mae": 4.025464474261656,
        "rmse": 6.651860761187742,
        "r2": 0.9690843851299855,
        "mape": 9.85786309586697
      },
      "rf": {
        "mae": 3.613046354282649,
        "rmse": 6.662994224589097,
        "r2": 0.9689808093254544,
        "mape": 10.495686810808053
      },
      "gb": {
        "mae": 4.002067016240335,
        "rmse": 7.459036254314783,
        "r2": 0.9611261974184018,
        "mape": 7.752296688728285
      },
      "ridge": {
        "mae": 10.474843899374358,
        "rmse": 13.674472465773615,
        "r2": 0.8693489961521345,
        "mape": 22.248164646765435
      },
      "linear": {
        "mae": 9.035758167378651,
        "rmse": 12.173970369617434,
        "r2": 0.8964485774341324,
        "mape": 19.423403774105157
      }
    },
    "cv_mae": {
      "xgboost": 2.637829213599636,
      "lightgbm": 2.4461887710197248,
      "catboost": 3.2799602665121723,
      "rf": 2.179963077869862,
      "gb": 2.2986595704263086,
      "ridge": 10.189464386854262,
      "linear": 9.396671165642552
    }
  }
}