{
  "trained_best_model": "rf",
  "new_test_metrics": {
    "mae": 4.6381492230527055,
    "rmse": 7.588662448554622,
    "r2": 0.9576522791443413,
    "mape": 12.403461112315304
  },
  "cv_mae": {
    "xgboost": 2.6260848689219256,
    "lightgbm": 2.469019967193586,
    "catboost": 3.2152839372462174,
    "rf": 2.1172580971006463,
    "gb": 2.318287850681624,
    "ridge": 10.191071610673909,
    "linear": 9.3373315102878
  },
  "test_mae_all": {
    "xgboost": 4.01825580460879,
    "lightgbm": 3.9940285711591654,
    "catboost": 3.8893827596687642,
    "rf": 4.638149223052705,
    "gb": 3.986396447957143,
    "ridge": 10.557202529229983,
    "linear": 9.166070978373249
  },
  "historical_best_cv_mae": 2.042469801781462,
  "is_new_historical_best": false,
  "features": [
    "pm2_5",
    "pm10",
    "co",
    "no2",
    "so2",
    "month_cos",
    "total_pm",
    "total_gases",
    "no2_o3_ratio",
    "pm2_5_rolling_3h",
    "pm10_rolling_3h",
    "co_rolling_3h",
    "pm2_5_co_interaction",
    "hour_sin",
    "hour_cos"
  ],
  "scaler_needed": false,
  "all_models_saved": [
    "model_xgboost.pkl",
    "model_lightgbm.pkl",
    "model_catboost.pkl",
    "model_rf.pkl",
    "model_gb.pkl",
    "model_ridge.pkl",
    "model_linear.pkl"
  ],
  "all_metrics": {
    "train": {
      "xgboost": {
        "mae": 1.8165151178642418,
        "rmse": 3.3316935330041986,
        "r2": 0.998884217547024,
        "mape": 1.4538700591120475
      },
      "lightgbm": {
        "mae": 1.539775549285806,
        "rmse": 3.02716938073612,
        "r2": 0.9990788658586254,
        "mape": 1.2562606876699598
      },
      "catboost": {
        "mae": 1.9081144284125056,
        "rmse": 3.02045433292258,
        "r2": 0.9990829479554932,
        "mape": 1.587784039553602
      },
      "rf": {
        "mae": 1.148975164650563,
        "rmse": 3.850170132308909,
        "r2": 0.998509921059069,
        "mape": 1.1218008966136908
      },
      "gb": {
        "mae": 1.3772328588166274,
        "rmse": 2.9142568369670045,
        "r2": 0.9991463003887174,
        "mape": 1.1766548926234157
      },
      "ridge": {
        "mae": 8.912048362627464,
        "rmse": 11.774593222070312,
        "r2": 0.9860638997902353,
        "mape": 8.207984775950111
      },
      "linear": {
        "mae": 8.5837786518706,
        "rmse": 11.42613158498214,
        "r2": 0.9868765543210529,
        "mape": 7.764145412524982
      }
    },
    "val": {
      "xgboost": {
        "mae": 3.320400601652659,
        "rmse": 9.702117598264952,
        "r2": 0.928792391555486,
        "mape": 6.234520171361637
      },
      "lightgbm": {
        "mae": 2.8566136132869557,
        "rmse": 9.927069087160932,
        "r2": 0.9254520989766918,
        "mape": 4.677096680096807
      },
      "catboost": {
        "mae": 3.475271281443063,
        "rmse": 10.67651675508736,
        "r2": 0.9137711680663234,
        "mape": 6.0114766295850055
      },
      "rf": {
        "mae": 5.0046998910806835,
        "rmse": 12.501126957068907,
        "r2": 0.8817798073553362,
        "mape": 8.519062666961263
      },
      "gb": {
        "mae": 2.907641078126574,
        "rmse": 9.709495565680125,
        "r2": 0.9286840508418007,
        "mape": 4.83179561449303
      },
      "ridge": {
        "mae": 6.645809671897392,
        "rmse": 11.834400632741513,
        "r2": 0.8940536824688767,
        "mape": 10.866599334479796
      },
      "linear": {
        "mae": 6.321516818562742,
        "rmse": 11.569820049058498,
        "r2": 0.8987379909336549,
        "mape": 9.972936766148472
      }
    },
    "test": {
      "xgboost": {
        "mae": 4.01825580460879,
        "rmse": 6.842022056412273,
        "r2": 0.9655754310725233,
        "mape": 10.77626072388905
      },
      "lightgbm": {
        "mae": 3.9940285711591654,
        "rmse": 6.5911531297504915,
        "r2": 0.9680535669833615,
        "mape": 8.943481033523181
      },
      "catboost": {
        "mae": 3.8893827596687642,
        "rmse": 6.583560625139776,
        "r2": 0.9681271242907676,
        "mape": 9.948730901242426
      },
      "rf": {
        "mae": 4.638149223052705,
        "rmse": 7.588662448554622,
        "r2": 0.9576522791443413,
        "mape": 12.403461112315304
      },
      "gb": {
        "mae": 3.986396447957143,
        "rmse": 6.8787913467938,
        "r2": 0.9652044389590964,
        "mape": 8.379777247103103
      },
      "ridge": {
        "mae": 10.557202529229983,
        "rmse": 13.76098205860025,
        "r2": 0.8607489661783769,
        "mape": 22.537170308305516
      },
      "linear": {
        "mae": 9.166070978373249,
        "rmse": 12.282664769775833,
        "r2": 0.889060866735268,
        "mape": 19.7129499740827
      }
    },
    "cv_mae": {
      "xgboost": 2.6260848689219256,
      "lightgbm": 2.469019967193586,
      "catboost": 3.2152839372462174,
      "rf": 2.1172580971006463,
      "gb": 2.318287850681624,
      "ridge": 10.191071610673909,
      "linear": 9.3373315102878
    }
  }
}