{
  "trained_best_model": "rf",
  "new_test_metrics": {
    "mae": 3.3560524734676136,
    "rmse": 6.644586433194013,
    "r2": 0.9765298235187764,
    "mape": 10.317428252081337
  },
  "cv_mae": {
    "xgboost": 2.730378018806592,
    "lightgbm": 2.5456747594718943,
    "catboost": 3.1103553915392035,
    "rf": 2.2350740487352128,
    "gb": 2.314955513305849,
    "ridge": 9.91712062637244,
    "linear": 9.328056075357733
  },
  "test_mae_all": {
    "xgboost": 4.072509618152395,
    "lightgbm": 4.076714138892193,
    "catboost": 4.0423587487492965,
    "rf": 3.3560524734676136,
    "gb": 5.207866662590952,
    "ridge": 11.26374806316945,
    "linear": 9.618548325883825
  },
  "historical_best_cv_mae": 2.042469801781462,
  "is_new_historical_best": false,
  "features": [
    "pm2_5",
    "pm10",
    "co",
    "no2",
    "so2",
    "month_cos",
    "total_pm",
    "total_gases",
    "no2_o3_ratio",
    "pm2_5_rolling_3h",
    "pm10_rolling_3h",
    "co_rolling_3h",
    "pm2_5_co_interaction",
    "hour_sin",
    "hour_cos"
  ],
  "scaler_needed": false,
  "all_models_saved": [
    "model_xgboost.pkl",
    "model_lightgbm.pkl",
    "model_catboost.pkl",
    "model_rf.pkl",
    "model_gb.pkl",
    "model_ridge.pkl",
    "model_linear.pkl"
  ],
  "all_metrics": {
    "train": {
      "xgboost": {
        "mae": 1.8146160648915788,
        "rmse": 3.3486674252642357,
        "r2": 0.998841325996859,
        "mape": 1.4846177086483383
      },
      "lightgbm": {
        "mae": 1.5322942688856376,
        "rmse": 3.047644726000055,
        "r2": 0.9990402769955776,
        "mape": 1.2684771471177863
      },
      "catboost": {
        "mae": 1.8789013325613377,
        "rmse": 2.9885945667728646,
        "r2": 0.9990771072525485,
        "mape": 1.587036722973174
      },
      "rf": {
        "mae": 1.1725136459994396,
        "rmse": 3.887148049486673,
        "r2": 0.9984387250499112,
        "mape": 1.1500269080512624
      },
      "gb": {
        "mae": 1.4008964541635878,
        "rmse": 2.974872222213176,
        "r2": 0.9990855628510462,
        "mape": 1.2167470711350383
      },
      "ridge": {
        "mae": 8.719223047182979,
        "rmse": 11.589992555936432,
        "r2": 0.9861201893329641,
        "mape": 8.124457454395637
      },
      "linear": {
        "mae": 8.412967404075133,
        "rmse": 11.264459530076714,
        "r2": 0.986888935736355,
        "mape": 7.701739546406506
      }
    },
    "val": {
      "xgboost": {
        "mae": 2.979274923942949,
        "rmse": 9.1862736015448,
        "r2": 0.9368804460767702,
        "mape": 5.38604408906754
      },
      "lightgbm": {
        "mae": 2.8993740992188264,
        "rmse": 10.28805222741216,
        "r2": 0.9208316690380249,
        "mape": 4.626622068129756
      },
      "catboost": {
        "mae": 3.338881085854895,
        "rmse": 9.863896747951852,
        "r2": 0.9272250017407779,
        "mape": 5.714933816455434
      },
      "rf": {
        "mae": 3.4763091483704565,
        "rmse": 11.937361860643115,
        "r2": 0.8934135772883222,
        "mape": 6.123534329103381
      },
      "gb": {
        "mae": 2.8610262227707803,
        "rmse": 9.66907187549147,
        "r2": 0.9300714141340058,
        "mape": 4.5562676750220525
      },
      "ridge": {
        "mae": 6.391437138035653,
        "rmse": 11.594346818958394,
        "r2": 0.8994510029547583,
        "mape": 10.331850154260001
      },
      "linear": {
        "mae": 6.141900922542032,
        "rmse": 11.457288021783647,
        "r2": 0.9018141667045807,
        "mape": 9.569276782404067
      }
    },
    "test": {
      "xgboost": {
        "mae": 4.072509618152395,
        "rmse": 6.823988248084128,
        "r2": 0.975245338876957,
        "mape": 9.135421763481576
      },
      "lightgbm": {
        "mae": 4.076714138892193,
        "rmse": 6.461759377553958,
        "r2": 0.977803627297212,
        "mape": 8.450586806189136
      },
      "catboost": {
        "mae": 4.0423587487492965,
        "rmse": 6.65138656350407,
        "r2": 0.9764817597519017,
        "mape": 9.77198572800868
      },
      "rf": {
        "mae": 3.3560524734676136,
        "rmse": 6.644586433194014,
        "r2": 0.9765298235187764,
        "mape": 10.317428252081337
      },
      "gb": {
        "mae": 5.207866662590952,
        "rmse": 8.840118986029944,
        "r2": 0.9584571137841605,
        "mape": 8.460355729358158
      },
      "ridge": {
        "mae": 11.26374806316945,
        "rmse": 14.243275079795469,
        "r2": 0.8921549617664256,
        "mape": 22.286096919680105
      },
      "linear": {
        "mae": 9.618548325883825,
        "rmse": 12.571820266281378,
        "r2": 0.9159811424437087,
        "mape": 19.42923339110107
      }
    },
    "cv_mae": {
      "xgboost": 2.730378018806592,
      "lightgbm": 2.5456747594718943,
      "catboost": 3.1103553915392035,
      "rf": 2.2350740487352128,
      "gb": 2.314955513305849,
      "ridge": 9.91712062637244,
      "linear": 9.328056075357733
    }
  }
}