{
  "trained_best_model": "rf",
  "new_test_metrics": {
    "mae": 5.515619184858548,
    "rmse": 7.801357049519864,
    "r2": 0.9534058304597066,
    "mape": 13.516734579330222
  },
  "cv_mae": {
    "xgboost": 2.7872991237155142,
    "lightgbm": 2.5541521111075536,
    "catboost": 3.5530650593721247,
    "rf": 2.247380203142412,
    "gb": 2.374177702282961,
    "ridge": 10.54341391565927,
    "linear": 9.617866311678211
  },
  "test_mae_all": {
    "xgboost": 4.116625553735142,
    "lightgbm": 4.528689422154898,
    "catboost": 4.55236814410521,
    "rf": 5.515619184858548,
    "gb": 4.352557810158581,
    "ridge": 10.339304602223912,
    "linear": 8.925668156464106
  },
  "historical_best_cv_mae": 2.042469801781462,
  "is_new_historical_best": false,
  "features": [
    "pm2_5",
    "pm10",
    "co",
    "no2",
    "so2",
    "month_cos",
    "total_pm",
    "total_gases",
    "no2_o3_ratio",
    "pm2_5_rolling_3h",
    "pm10_rolling_3h",
    "co_rolling_3h",
    "pm2_5_co_interaction",
    "hour_sin",
    "hour_cos"
  ],
  "scaler_needed": false,
  "all_models_saved": [
    "model_xgboost.pkl",
    "model_lightgbm.pkl",
    "model_catboost.pkl",
    "model_rf.pkl",
    "model_gb.pkl",
    "model_ridge.pkl",
    "model_linear.pkl"
  ],
  "all_metrics": {
    "train": {
      "xgboost": {
        "mae": 1.859117148829222,
        "rmse": 3.37406964916759,
        "r2": 0.9988607913070282,
        "mape": 1.4889341325162697
      },
      "lightgbm": {
        "mae": 1.7295990545422495,
        "rmse": 3.4096279278278705,
        "r2": 0.998836653244316,
        "mape": 1.3949043381452157
      },
      "catboost": {
        "mae": 1.9485404743294512,
        "rmse": 3.034211981846318,
        "r2": 0.9990787297610494,
        "mape": 1.5878136214411538
      },
      "rf": {
        "mae": 1.166537978515902,
        "rmse": 3.8204008366023383,
        "r2": 0.9985394613075458,
        "mape": 1.136592922373746
      },
      "gb": {
        "mae": 1.3894745606259853,
        "rmse": 2.9521574799342267,
        "r2": 0.9991278840178515,
        "mape": 1.1825353289909328
      },
      "ridge": {
        "mae": 9.021265190785554,
        "rmse": 11.866313050064921,
        "r2": 0.9859094869447665,
        "mape": 8.272597383813919
      },
      "linear": {
        "mae": 8.68708606250378,
        "rmse": 11.510264243703995,
        "r2": 0.9867423731358322,
        "mape": 7.824512683145931
      }
    },
    "val": {
      "xgboost": {
        "mae": 3.417201595219303,
        "rmse": 9.339469202121768,
        "r2": 0.9343286095308969,
        "mape": 5.918652763051228
      },
      "lightgbm": {
        "mae": 3.056495245549383,
        "rmse": 10.154321332074822,
        "r2": 0.9223692775036705,
        "mape": 4.991076645909176
      },
      "catboost": {
        "mae": 4.011534053500722,
        "rmse": 10.391832801326414,
        "r2": 0.9186952115243618,
        "mape": 6.44485965112283
      },
      "rf": {
        "mae": 5.689169553497394,
        "rmse": 12.58097199315921,
        "r2": 0.8808318453437827,
        "mape": 9.485261271892238
      },
      "gb": {
        "mae": 2.902895460208467,
        "rmse": 9.909225195519092,
        "r2": 0.9260716148859066,
        "mape": 4.860278151958097
      },
      "ridge": {
        "mae": 6.886301520970707,
        "rmse": 11.961259741795072,
        "r2": 0.8922826487273009,
        "mape": 11.273523651546784
      },
      "linear": {
        "mae": 6.555120755592399,
        "rmse": 11.69825498078381,
        "r2": 0.8969675588766692,
        "mape": 10.401386612114042
      }
    },
    "test": {
      "xgboost": {
        "mae": 4.116625553735142,
        "rmse": 6.3609860500934685,
        "r2": 0.969022943210241,
        "mape": 10.010559635334715
      },
      "lightgbm": {
        "mae": 4.528689422154898,
        "rmse": 7.3914521019579915,
        "r2": 0.9581735698490758,
        "mape": 9.767133282079948
      },
      "catboost": {
        "mae": 4.55236814410521,
        "rmse": 6.7469689925421905,
        "r2": 0.9651495256121255,
        "mape": 10.364565361187541
      },
      "rf": {
        "mae": 5.515619184858548,
        "rmse": 7.801357049519864,
        "r2": 0.9534058304597066,
        "mape": 13.516734579330222
      },
      "gb": {
        "mae": 4.352557810158581,
        "rmse": 7.733360424763415,
        "r2": 0.9542145202877721,
        "mape": 8.820711607680717
      },
      "ridge": {
        "mae": 10.339304602223912,
        "rmse": 13.71148041231281,
        "r2": 0.8560671381009561,
        "mape": 22.443653673892285
      },
      "linear": {
        "mae": 8.925668156464106,
        "rmse": 12.196562788483256,
        "r2": 0.8861150914405947,
        "mape": 19.540824328879726
      }
    },
    "cv_mae": {
      "xgboost": 2.7872991237155142,
      "lightgbm": 2.5541521111075536,
      "catboost": 3.5530650593721247,
      "rf": 2.247380203142412,
      "gb": 2.374177702282961,
      "ridge": 10.54341391565927,
      "linear": 9.617866311678211
    }
  }
}