{
  "trained_best_model": "rf",
  "new_test_metrics": {
    "mae": 3.6955219209715544,
    "rmse": 6.941544472016606,
    "r2": 0.971322278192092,
    "mape": 10.797235099965038
  },
  "cv_mae": {
    "xgboost": 2.6442235062033697,
    "lightgbm": 2.4125142383456555,
    "catboost": 3.1903395150051717,
    "rf": 2.1217236069262304,
    "gb": 2.2564442574033565,
    "ridge": 9.808106831052445,
    "linear": 9.161569107408479
  },
  "test_mae_all": {
    "xgboost": 3.3973370545260746,
    "lightgbm": 3.346809902837388,
    "catboost": 3.9533107115692387,
    "rf": 3.6955219209715544,
    "gb": 4.381873674701095,
    "ridge": 10.745215616789729,
    "linear": 9.258759414344006
  },
  "historical_best_cv_mae": 2.042469801781462,
  "is_new_historical_best": false,
  "features": [
    "pm2_5",
    "pm10",
    "co",
    "no2",
    "so2",
    "month_cos",
    "total_pm",
    "total_gases",
    "no2_o3_ratio",
    "pm2_5_rolling_3h",
    "pm10_rolling_3h",
    "co_rolling_3h",
    "pm2_5_co_interaction",
    "hour_sin",
    "hour_cos"
  ],
  "scaler_needed": false,
  "all_models_saved": [
    "model_xgboost.pkl",
    "model_lightgbm.pkl",
    "model_catboost.pkl",
    "model_rf.pkl",
    "model_gb.pkl",
    "model_ridge.pkl",
    "model_linear.pkl"
  ],
  "all_metrics": {
    "train": {
      "xgboost": {
        "mae": 1.8414528321691066,
        "rmse": 3.4389187790062756,
        "r2": 0.9988014732986691,
        "mape": 1.4872505401306988
      },
      "lightgbm": {
        "mae": 1.9858894593999685,
        "rmse": 4.035832317684308,
        "r2": 0.9983492925783274,
        "mape": 1.6336592705472652
      },
      "catboost": {
        "mae": 1.8796786532919088,
        "rmse": 2.9762766096818796,
        "r2": 0.9991022602421189,
        "mape": 1.5818127569794511
      },
      "rf": {
        "mae": 1.1764947239494281,
        "rmse": 3.8830088160028953,
        "r2": 0.9984719392179022,
        "mape": 1.1541416944891498
      },
      "gb": {
        "mae": 1.4040302803633768,
        "rmse": 2.979711172182039,
        "r2": 0.9991001870998882,
        "mape": 1.2139197424527193
      },
      "ridge": {
        "mae": 8.801015348571523,
        "rmse": 11.675021539363854,
        "r2": 0.9861860061781007,
        "mape": 8.15627000636424
      },
      "linear": {
        "mae": 8.485779614002096,
        "rmse": 11.337387578657543,
        "r2": 0.9869734364128475,
        "mape": 7.727968900922664
      }
    },
    "val": {
      "xgboost": {
        "mae": 2.647565567330138,
        "rmse": 8.709747074797185,
        "r2": 0.9434450989527787,
        "mape": 4.736209434830921
      },
      "lightgbm": {
        "mae": 2.856638814354369,
        "rmse": 10.429153358213119,
        "r2": 0.9189118733638575,
        "mape": 4.51841481172001
      },
      "catboost": {
        "mae": 3.497045331095693,
        "rmse": 10.374745084001319,
        "r2": 0.9197557303212096,
        "mape": 5.74935621043312
      },
      "rf": {
        "mae": 4.004832024424619,
        "rmse": 12.186480130458369,
        "r2": 0.8892826380983029,
        "mape": 6.747501608278003
      },
      "gb": {
        "mae": 2.5726980974649107,
        "rmse": 9.669419209826154,
        "r2": 0.9302956409730374,
        "mape": 4.0201069334500525
      },
      "ridge": {
        "mae": 6.528167081189178,
        "rmse": 11.783008087657251,
        "r2": 0.896492573410252,
        "mape": 10.37919157673465
      },
      "linear": {
        "mae": 6.264819139497145,
        "rmse": 11.64382909387586,
        "r2": 0.8989233582061094,
        "mape": 9.611798538546875
      }
    },
    "test": {
      "xgboost": {
        "mae": 3.3973370545260746,
        "rmse": 5.696152916105173,
        "r2": 0.9806894027537355,
        "mape": 8.140653334887487
      },
      "lightgbm": {
        "mae": 3.346809902837388,
        "rmse": 5.615987768389882,
        "r2": 0.9812291156823324,
        "mape": 8.182732901272722
      },
      "catboost": {
        "mae": 3.9533107115692387,
        "rmse": 6.320314198844123,
        "r2": 0.9762255891177987,
        "mape": 9.630999650717841
      },
      "rf": {
        "mae": 3.6955219209715544,
        "rmse": 6.941544472016607,
        "r2": 0.971322278192092,
        "mape": 10.79723509996504
      },
      "gb": {
        "mae": 4.381873674701095,
        "rmse": 7.64764114580851,
        "r2": 0.9651913300564247,
        "mape": 7.4699640051466645
      },
      "ridge": {
        "mae": 10.745215616789729,
        "rmse": 13.843462633318836,
        "r2": 0.8859430136545479,
        "mape": 22.10502382142566
      },
      "linear": {
        "mae": 9.258759414344006,
        "rmse": 12.286869830188252,
        "r2": 0.9101506496491356,
        "mape": 19.329227789858155
      }
    },
    "cv_mae": {
      "xgboost": 2.6442235062033697,
      "lightgbm": 2.4125142383456555,
      "catboost": 3.1903395150051717,
      "rf": 2.1217236069262304,
      "gb": 2.2564442574033565,
      "ridge": 9.808106831052445,
      "linear": 9.161569107408479
    }
  }
}