{
  "trained_best_model": "rf",
  "new_test_metrics": {
    "mae": 3.2944005244242685,
    "rmse": 6.390548723697403,
    "r2": 0.9775738669957548,
    "mape": 9.967928278343877
  },
  "cv_mae": {
    "xgboost": 2.7094644736870395,
    "lightgbm": 2.46345835881259,
    "catboost": 3.1815312296587748,
    "rf": 2.2996133487381982,
    "gb": 2.36305244066938,
    "ridge": 9.646622600093853,
    "linear": 9.046741976509692
  },
  "test_mae_all": {
    "xgboost": 3.4221653610425395,
    "lightgbm": 3.5970826910718365,
    "catboost": 3.8593746352277307,
    "rf": 3.2944005244242676,
    "gb": 5.104897850362155,
    "ridge": 11.153284963796343,
    "linear": 9.546260872509887
  },
  "historical_best_cv_mae": 2.042469801781462,
  "is_new_historical_best": false,
  "features": [
    "pm2_5",
    "pm10",
    "co",
    "no2",
    "so2",
    "month_cos",
    "total_pm",
    "total_gases",
    "no2_o3_ratio",
    "pm2_5_rolling_3h",
    "pm10_rolling_3h",
    "co_rolling_3h",
    "pm2_5_co_interaction",
    "hour_sin",
    "hour_cos"
  ],
  "scaler_needed": false,
  "all_models_saved": [
    "model_xgboost.pkl",
    "model_lightgbm.pkl",
    "model_catboost.pkl",
    "model_rf.pkl",
    "model_gb.pkl",
    "model_ridge.pkl",
    "model_linear.pkl"
  ],
  "all_metrics": {
    "train": {
      "xgboost": {
        "mae": 1.8584974277120592,
        "rmse": 3.414631541191241,
        "r2": 0.9988015871780614,
        "mape": 1.5172123838276024
      },
      "lightgbm": {
        "mae": 1.84841849061225,
        "rmse": 3.7939751345679826,
        "r2": 0.9985205247231839,
        "mape": 1.5185196857165806
      },
      "catboost": {
        "mae": 1.8858653022854692,
        "rmse": 3.0052069399282053,
        "r2": 0.9990717445283577,
        "mape": 1.5848610775380114
      },
      "rf": {
        "mae": 1.1760368333055913,
        "rmse": 3.888562139954566,
        "r2": 0.9984458360226022,
        "mape": 1.153339879454619
      },
      "gb": {
        "mae": 1.4122885491574886,
        "rmse": 2.965957198293576,
        "r2": 0.9990958332949439,
        "mape": 1.2332951646587578
      },
      "ridge": {
        "mae": 8.719991207776493,
        "rmse": 11.597263686521673,
        "r2": 0.9861761244523922,
        "mape": 8.10539223586089
      },
      "linear": {
        "mae": 8.41262801358541,
        "rmse": 11.268727982432736,
        "r2": 0.9869482561236033,
        "mape": 7.684004014414564
      }
    },
    "val": {
      "xgboost": {
        "mae": 2.7572727813023956,
        "rmse": 9.414664043876016,
        "r2": 0.9341837702416432,
        "mape": 4.679446156740772
      },
      "lightgbm": {
        "mae": 2.8984774707197754,
        "rmse": 10.381894752225465,
        "r2": 0.9199656190971505,
        "mape": 4.594219755745048
      },
      "catboost": {
        "mae": 3.5525002372070498,
        "rmse": 10.122915612731186,
        "r2": 0.9239087744411281,
        "mape": 6.027669330743323
      },
      "rf": {
        "mae": 3.4242975899621184,
        "rmse": 11.853588617851289,
        "r2": 0.8956666750679183,
        "mape": 5.92190254727512
      },
      "gb": {
        "mae": 2.7519964723328507,
        "rmse": 9.93497545979896,
        "r2": 0.9267079374517249,
        "mape": 4.340764195035734
      },
      "ridge": {
        "mae": 6.498440388933603,
        "rmse": 11.687775354632832,
        "r2": 0.898565181273316,
        "mape": 10.381683537014535
      },
      "linear": {
        "mae": 6.256197882395627,
        "rmse": 11.554923358151035,
        "r2": 0.900858043629025,
        "mape": 9.634584554757309
      }
    },
    "test": {
      "xgboost": {
        "mae": 3.4221653610425395,
        "rmse": 5.852376390960566,
        "r2": 0.9811920010429338,
        "mape": 8.079945367598226
      },
      "lightgbm": {
        "mae": 3.5970826910718365,
        "rmse": 5.944019101459967,
        "r2": 0.980598358054075,
        "mape": 8.284224835988132
      },
      "catboost": {
        "mae": 3.8593746352277307,
        "rmse": 6.40760462118513,
        "r2": 0.9774539999010191,
        "mape": 9.850642204775166
      },
      "rf": {
        "mae": 3.2944005244242676,
        "rmse": 6.3905487236974015,
        "r2": 0.9775738669957548,
        "mape": 9.967928278343873
      },
      "gb": {
        "mae": 5.104897850362155,
        "rmse": 8.690409164150953,
        "r2": 0.9585276598665108,
        "mape": 8.298351781530908
      },
      "ridge": {
        "mae": 11.153284963796343,
        "rmse": 14.176497225496712,
        "r2": 0.8896389135682893,
        "mape": 22.229462506755073
      },
      "linear": {
        "mae": 9.546260872509887,
        "rmse": 12.526224322892611,
        "r2": 0.9138374660733164,
        "mape": 19.39455840977959
      }
    },
    "cv_mae": {
      "xgboost": 2.7094644736870395,
      "lightgbm": 2.46345835881259,
      "catboost": 3.1815312296587748,
      "rf": 2.2996133487381982,
      "gb": 2.36305244066938,
      "ridge": 9.646622600093853,
      "linear": 9.046741976509692
    }
  }
}