{
  "trained_best_model": "rf",
  "new_test_metrics": {
    "mae": 5.34172872684721,
    "rmse": 7.680739055897961,
    "r2": 0.9548584768093628,
    "mape": 13.23688137571796
  },
  "cv_mae": {
    "xgboost": 2.8332999257425504,
    "lightgbm": 2.6472621617356404,
    "catboost": 3.553156538070959,
    "rf": 2.2756974589456536,
    "gb": 2.479365564094997,
    "ridge": 10.536358469865089,
    "linear": 9.599809778303268
  },
  "test_mae_all": {
    "xgboost": 3.806795789579862,
    "lightgbm": 4.608582276872494,
    "catboost": 4.691415834386957,
    "rf": 5.34172872684721,
    "gb": 4.2386228514302635,
    "ridge": 10.333369741674575,
    "linear": 8.924758710900658
  },
  "historical_best_cv_mae": 2.042469801781462,
  "is_new_historical_best": false,
  "features": [
    "pm2_5",
    "pm10",
    "co",
    "no2",
    "so2",
    "month_cos",
    "total_pm",
    "total_gases",
    "no2_o3_ratio",
    "pm2_5_rolling_3h",
    "pm10_rolling_3h",
    "co_rolling_3h",
    "pm2_5_co_interaction",
    "hour_sin",
    "hour_cos"
  ],
  "scaler_needed": false,
  "all_models_saved": [
    "model_xgboost.pkl",
    "model_lightgbm.pkl",
    "model_catboost.pkl",
    "model_rf.pkl",
    "model_gb.pkl",
    "model_ridge.pkl",
    "model_linear.pkl"
  ],
  "all_metrics": {
    "train": {
      "xgboost": {
        "mae": 1.8666711990458469,
        "rmse": 3.374548696091866,
        "r2": 0.9988604341693248,
        "mape": 1.4828251932829615
      },
      "lightgbm": {
        "mae": 1.6118664272035197,
        "rmse": 3.13344125146547,
        "r2": 0.9990174579801816,
        "mape": 1.3146249964440022
      },
      "catboost": {
        "mae": 1.9443761318520525,
        "rmse": 3.051885559145704,
        "r2": 0.9990679386314703,
        "mape": 1.5768815068812458
      },
      "rf": {
        "mae": 1.1493644841380166,
        "rmse": 3.791206313915582,
        "r2": 0.9985616556972253,
        "mape": 1.114979821429314
      },
      "gb": {
        "mae": 1.405358515785755,
        "rmse": 2.945744564955797,
        "r2": 0.9991316432397974,
        "mape": 1.1951878197915564
      },
      "ridge": {
        "mae": 9.023217150757338,
        "rmse": 11.873946528759605,
        "r2": 0.9858909362021926,
        "mape": 8.272518984080346
      },
      "linear": {
        "mae": 8.689747917242983,
        "rmse": 11.518430853411928,
        "r2": 0.9867231619259665,
        "mape": 7.82575215400631
      }
    },
    "val": {
      "xgboost": {
        "mae": 3.0823269717769537,
        "rmse": 9.256228370924347,
        "r2": 0.9355566770485106,
        "mape": 5.439464202784669
      },
      "lightgbm": {
        "mae": 3.1615591133319034,
        "rmse": 9.761956824842864,
        "r2": 0.9283223811986717,
        "mape": 5.031988799462455
      },
      "catboost": {
        "mae": 4.33805941291454,
        "rmse": 10.874367277771336,
        "r2": 0.9110557662053096,
        "mape": 6.819680345163216
      },
      "rf": {
        "mae": 5.516643242685221,
        "rmse": 12.500299327043464,
        "r2": 0.8824694876694016,
        "mape": 9.231412968216087
      },
      "gb": {
        "mae": 3.1587902330505124,
        "rmse": 9.99782287893468,
        "r2": 0.9248168216873275,
        "mape": 5.262480564489913
      },
      "ridge": {
        "mae": 6.907252665972004,
        "rmse": 11.98380121980453,
        "r2": 0.891981287292858,
        "mape": 11.282592174544021
      },
      "linear": {
        "mae": 6.570408621801504,
        "rmse": 11.714787163519858,
        "r2": 0.8967764931378048,
        "mape": 10.407422622992527
      }
    },
    "test": {
      "xgboost": {
        "mae": 3.806795789579862,
        "rmse": 6.2602812972477535,
        "r2": 0.9700112831319807,
        "mape": 9.548554013621697
      },
      "lightgbm": {
        "mae": 4.608582276872494,
        "rmse": 6.927253660560669,
        "r2": 0.9632808711279196,
        "mape": 9.404159521769234
      },
      "catboost": {
        "mae": 4.691415834386957,
        "rmse": 6.732324515448806,
        "r2": 0.9653183084338629,
        "mape": 10.663173743495493
      },
      "rf": {
        "mae": 5.34172872684721,
        "rmse": 7.68073905589796,
        "r2": 0.9548584768093628,
        "mape": 13.236881375717957
      },
      "gb": {
        "mae": 4.2386228514302635,
        "rmse": 7.467081602950859,
        "r2": 0.9573349771339245,
        "mape": 9.079707475762884
      },
      "ridge": {
        "mae": 10.333369741674575,
        "rmse": 13.70959708013778,
        "r2": 0.8561799053543835,
        "mape": 22.43468411383842
      },
      "linear": {
        "mae": 8.924758710900658,
        "rmse": 12.197853653786954,
        "r2": 0.8861489540590567,
        "mape": 19.539275950006466
      }
    },
    "cv_mae": {
      "xgboost": 2.8332999257425504,
      "lightgbm": 2.6472621617356404,
      "catboost": 3.553156538070959,
      "rf": 2.2756974589456536,
      "gb": 2.479365564094997,
      "ridge": 10.536358469865089,
      "linear": 9.599809778303268
    }
  }
}