{
  "trained_best_model": "rf",
  "new_test_metrics": {
    "mae": 3.38490463086513,
    "rmse": 6.616264344846598,
    "r2": 0.975972303806239,
    "mape": 10.325028481507017
  },
  "cv_mae": {
    "xgboost": 2.6949679249653373,
    "lightgbm": 2.491736314855589,
    "catboost": 3.1460753858186474,
    "rf": 2.2410939539641412,
    "gb": 2.342029708069265,
    "ridge": 9.76790456836025,
    "linear": 9.200852823266093
  },
  "test_mae_all": {
    "xgboost": 3.0646754266191993,
    "lightgbm": 4.163492781331988,
    "catboost": 3.9521281229875003,
    "rf": 3.384904630865129,
    "gb": 5.105838999719764,
    "ridge": 11.155475923101417,
    "linear": 9.539274195810744
  },
  "historical_best_cv_mae": 2.042469801781462,
  "is_new_historical_best": false,
  "features": [
    "pm2_5",
    "pm10",
    "co",
    "no2",
    "so2",
    "month_cos",
    "total_pm",
    "total_gases",
    "no2_o3_ratio",
    "pm2_5_rolling_3h",
    "pm10_rolling_3h",
    "co_rolling_3h",
    "pm2_5_co_interaction",
    "hour_sin",
    "hour_cos"
  ],
  "scaler_needed": false,
  "all_models_saved": [
    "model_xgboost.pkl",
    "model_lightgbm.pkl",
    "model_catboost.pkl",
    "model_rf.pkl",
    "model_gb.pkl",
    "model_ridge.pkl",
    "model_linear.pkl"
  ],
  "all_metrics": {
    "train": {
      "xgboost": {
        "mae": 1.92434940583863,
        "rmse": 3.6089126610019497,
        "r2": 0.998661404116026,
        "mape": 1.5680867855081326
      },
      "lightgbm": {
        "mae": 1.6448573308361183,
        "rmse": 3.280001519284076,
        "r2": 0.9988942808498259,
        "mape": 1.3481581111986574
      },
      "catboost": {
        "mae": 1.8980828607285343,
        "rmse": 2.9914715028468977,
        "r2": 0.9990802570201917,
        "mape": 1.5941316020168756
      },
      "rf": {
        "mae": 1.1809124404327778,
        "rmse": 3.8808830379264307,
        "r2": 0.9984520467160187,
        "mape": 1.1566289056049106
      },
      "gb": {
        "mae": 1.3966084546041924,
        "rmse": 2.999833619941841,
        "r2": 0.9990751078834647,
        "mape": 1.2088404434483746
      },
      "ridge": {
        "mae": 8.71671049113941,
        "rmse": 11.593520169732281,
        "r2": 0.9861857476432668,
        "mape": 8.104455899238094
      },
      "linear": {
        "mae": 8.411461837109194,
        "rmse": 11.266945888313193,
        "r2": 0.9869530451757996,
        "mape": 7.685429563767922
      }
    },
    "val": {
      "xgboost": {
        "mae": 2.88217356651341,
        "rmse": 9.684374781601925,
        "r2": 0.9303212715053806,
        "mape": 4.774932487287348
      },
      "lightgbm": {
        "mae": 2.8892239631288157,
        "rmse": 10.277660596414293,
        "r2": 0.9215224232814249,
        "mape": 4.412289829415193
      },
      "catboost": {
        "mae": 3.3066709039541973,
        "rmse": 9.986551813474943,
        "r2": 0.9259051266584304,
        "mape": 5.573371777239765
      },
      "rf": {
        "mae": 3.501876113927156,
        "rmse": 11.928170894791467,
        "r2": 0.8942927569820531,
        "mape": 6.132823169488218
      },
      "gb": {
        "mae": 2.706794010471882,
        "rmse": 9.734428267094493,
        "r2": 0.9295991441070968,
        "mape": 4.161238825519411
      },
      "ridge": {
        "mae": 6.49708389297801,
        "rmse": 11.673689093614469,
        "r2": 0.8987550696810541,
        "mape": 10.392844433010866
      },
      "linear": {
        "mae": 6.2528839895330295,
        "rmse": 11.53980339675024,
        "r2": 0.9010641110270677,
        "mape": 9.643202180823922
      }
    },
    "test": {
      "xgboost": {
        "mae": 3.0646754266191993,
        "rmse": 5.404736478279707,
        "r2": 0.9839662361746195,
        "mape": 7.834090704233127
      },
      "lightgbm": {
        "mae": 4.163492781331988,
        "rmse": 6.618921798159495,
        "r2": 0.9759529982583209,
        "mape": 8.016320795603589
      },
      "catboost": {
        "mae": 3.9521281229875003,
        "rmse": 6.353331777742701,
        "r2": 0.9778440944354106,
        "mape": 9.18947798428038
      },
      "rf": {
        "mae": 3.384904630865129,
        "rmse": 6.616264344846597,
        "r2": 0.975972303806239,
        "mape": 10.325028481507015
      },
      "gb": {
        "mae": 5.105838999719764,
        "rmse": 8.960406528008107,
        "r2": 0.9559301205593224,
        "mape": 7.733796833889824
      },
      "ridge": {
        "mae": 11.155475923101417,
        "rmse": 14.174628188923732,
        "r2": 0.8897166914719623,
        "mape": 22.227129085474935
      },
      "linear": {
        "mae": 9.539274195810744,
        "rmse": 12.521364359254838,
        "r2": 0.9139422986951348,
        "mape": 19.391490855252094
      }
    },
    "cv_mae": {
      "xgboost": 2.6949679249653373,
      "lightgbm": 2.491736314855589,
      "catboost": 3.1460753858186474,
      "rf": 2.2410939539641412,
      "gb": 2.342029708069265,
      "ridge": 9.76790456836025,
      "linear": 9.200852823266093
    }
  }
}