{
  "trained_best_model": "rf",
  "new_test_metrics": {
    "mae": 5.2379565114099815,
    "rmse": 7.849406770099994,
    "r2": 0.9527234609721417,
    "mape": 13.239418676016884
  },
  "cv_mae": {
    "xgboost": 2.8061553253352995,
    "lightgbm": 2.562406250399964,
    "catboost": 3.6064153568743067,
    "rf": 2.169000014595033,
    "gb": 2.209635386877936,
    "ridge": 10.64419082739074,
    "linear": 9.960458653452779
  },
  "test_mae_all": {
    "xgboost": 3.8406390245902897,
    "lightgbm": 4.472049342469396,
    "catboost": 4.239831322278752,
    "rf": 5.2379565114099815,
    "gb": 3.9376778141379645,
    "ridge": 10.41218789883242,
    "linear": 8.991490015159284
  },
  "historical_best_cv_mae": 2.042469801781462,
  "is_new_historical_best": false,
  "features": [
    "pm2_5",
    "pm10",
    "co",
    "no2",
    "so2",
    "month_cos",
    "total_pm",
    "total_gases",
    "no2_o3_ratio",
    "pm2_5_rolling_3h",
    "pm10_rolling_3h",
    "co_rolling_3h",
    "pm2_5_co_interaction",
    "hour_sin",
    "hour_cos"
  ],
  "scaler_needed": false,
  "all_models_saved": [
    "model_xgboost.pkl",
    "model_lightgbm.pkl",
    "model_catboost.pkl",
    "model_rf.pkl",
    "model_gb.pkl",
    "model_ridge.pkl",
    "model_linear.pkl"
  ],
  "all_metrics": {
    "train": {
      "xgboost": {
        "mae": 1.9457743845962654,
        "rmse": 3.585969339298197,
        "r2": 0.9987096656737787,
        "mape": 1.5606716677970063
      },
      "lightgbm": {
        "mae": 1.6190102026424826,
        "rmse": 3.182322672251009,
        "r2": 0.9989838038791531,
        "mape": 1.303146120584298
      },
      "catboost": {
        "mae": 1.9408309993716353,
        "rmse": 3.0605935996922873,
        "r2": 0.9990600593365522,
        "mape": 1.5783863233888036
      },
      "rf": {
        "mae": 1.1516570009852354,
        "rmse": 3.8194432529837536,
        "r2": 0.9985361747615811,
        "mape": 1.1246534611150871
      },
      "gb": {
        "mae": 1.3939574935777996,
        "rmse": 2.9469755645382225,
        "r2": 0.9991285505973633,
        "mape": 1.1866321785639538
      },
      "ridge": {
        "mae": 8.9976692164252,
        "rmse": 11.83373706812889,
        "r2": 0.9859481683522671,
        "mape": 8.260037547726643
      },
      "linear": {
        "mae": 8.6607328808972,
        "rmse": 11.47421043814724,
        "r2": 0.9867890293371564,
        "mape": 7.80820805818524
      }
    },
    "val": {
      "xgboost": {
        "mae": 2.945242674927733,
        "rmse": 9.358864172784877,
        "r2": 0.9340446088116637,
        "mape": 5.583603588898398
      },
      "lightgbm": {
        "mae": 3.0196705362492673,
        "rmse": 10.17394281110589,
        "r2": 0.9220560167754728,
        "mape": 4.807330214101889
      },
      "catboost": {
        "mae": 3.9472529720278513,
        "rmse": 10.510829604744783,
        "r2": 0.9168086823311031,
        "mape": 6.36370452012987
      },
      "rf": {
        "mae": 5.453534727552197,
        "rmse": 12.624534204849025,
        "r2": 0.8799852185525786,
        "mape": 9.230980593980105
      },
      "gb": {
        "mae": 2.65652761348212,
        "rmse": 9.741172566232922,
        "r2": 0.9285460098284328,
        "mape": 4.337670159864213
      },
      "ridge": {
        "mae": 6.829969030423829,
        "rmse": 11.928135131692374,
        "r2": 0.8928606239243569,
        "mape": 11.190916948299986
      },
      "linear": {
        "mae": 6.473453431703229,
        "rmse": 11.65155772392397,
        "r2": 0.8977714986718458,
        "mape": 10.259194305205051
      }
    },
    "test": {
      "xgboost": {
        "mae": 3.8406390245902897,
        "rmse": 6.925151000249448,
        "r2": 0.9632014675185556,
        "mape": 10.212837048952828
      },
      "lightgbm": {
        "mae": 4.472049342469396,
        "rmse": 7.36486804682484,
        "r2": 0.958380012554639,
        "mape": 9.906187978715387
      },
      "catboost": {
        "mae": 4.239831322278752,
        "rmse": 6.824796059103098,
        "r2": 0.9642602622976113,
        "mape": 10.206068116128144
      },
      "rf": {
        "mae": 5.2379565114099815,
        "rmse": 7.849406770099994,
        "r2": 0.9527234609721417,
        "mape": 13.239418676016882
      },
      "gb": {
        "mae": 3.9376778141379645,
        "rmse": 7.369310868545417,
        "r2": 0.9583297832888458,
        "mape": 7.9567533780635955
      },
      "ridge": {
        "mae": 10.41218789883242,
        "rmse": 13.737396599806733,
        "r2": 0.8551958936969597,
        "mape": 22.528141689462196
      },
      "linear": {
        "mae": 8.991490015159284,
        "rmse": 12.22641510948508,
        "r2": 0.885298188155942,
        "mape": 19.603187402357197
      }
    },
    "cv_mae": {
      "xgboost": 2.8061553253352995,
      "lightgbm": 2.562406250399964,
      "catboost": 3.6064153568743067,
      "rf": 2.169000014595033,
      "gb": 2.209635386877936,
      "ridge": 10.64419082739074,
      "linear": 9.960458653452779
    }
  }
}