{
  "trained_best_model": "rf",
  "new_test_metrics": {
    "mae": 3.6554976286389,
    "rmse": 6.8942769788292795,
    "r2": 0.9718226214306972,
    "mape": 10.71103059434781
  },
  "cv_mae": {
    "xgboost": 2.6193409130297995,
    "lightgbm": 2.4210835137125235,
    "catboost": 3.2084308097404852,
    "rf": 2.154350797047724,
    "gb": 2.285093151249481,
    "ridge": 9.785324848769745,
    "linear": 9.142714019145664
  },
  "test_mae_all": {
    "xgboost": 3.223604189754383,
    "lightgbm": 4.334837612650402,
    "catboost": 3.782805931369778,
    "rf": 3.6554976286388996,
    "gb": 4.621142424280963,
    "ridge": 10.764644183352326,
    "linear": 9.270958456191957
  },
  "historical_best_cv_mae": 2.042469801781462,
  "is_new_historical_best": false,
  "features": [
    "pm2_5",
    "pm10",
    "co",
    "no2",
    "so2",
    "month_cos",
    "total_pm",
    "total_gases",
    "no2_o3_ratio",
    "pm2_5_rolling_3h",
    "pm10_rolling_3h",
    "co_rolling_3h",
    "pm2_5_co_interaction",
    "hour_sin",
    "hour_cos"
  ],
  "scaler_needed": false,
  "all_models_saved": [
    "model_xgboost.pkl",
    "model_lightgbm.pkl",
    "model_catboost.pkl",
    "model_rf.pkl",
    "model_gb.pkl",
    "model_ridge.pkl",
    "model_linear.pkl"
  ],
  "all_metrics": {
    "train": {
      "xgboost": {
        "mae": 1.9885438513460303,
        "rmse": 3.784244298694142,
        "r2": 0.9985484902721657,
        "mape": 1.603292710618184
      },
      "lightgbm": {
        "mae": 1.5555359749885431,
        "rmse": 3.0640406853023148,
        "r2": 0.9990484082338212,
        "mape": 1.2852500983306692
      },
      "catboost": {
        "mae": 1.9220067008933945,
        "rmse": 3.046891150282891,
        "r2": 0.9990590306034348,
        "mape": 1.6159363231461301
      },
      "rf": {
        "mae": 1.170345128096861,
        "rmse": 3.8733861268360568,
        "r2": 0.998479301191649,
        "mape": 1.1458587142511412
      },
      "gb": {
        "mae": 1.4137881561258372,
        "rmse": 2.968240917640481,
        "r2": 0.9991069826115254,
        "mape": 1.2275870981631485
      },
      "ridge": {
        "mae": 8.796427590357188,
        "rmse": 11.672275782905803,
        "r2": 0.9861906670598622,
        "mape": 8.152832428703153
      },
      "linear": {
        "mae": 8.481401461988183,
        "rmse": 11.334741849910255,
        "r2": 0.9869777842286023,
        "mape": 7.724796507478637
      }
    },
    "val": {
      "xgboost": {
        "mae": 2.7308684919522777,
        "rmse": 9.198988467761493,
        "r2": 0.9368977384428147,
        "mape": 4.748422515042352
      },
      "lightgbm": {
        "mae": 2.8960063000856264,
        "rmse": 10.356852598998403,
        "r2": 0.9200128235846762,
        "mape": 4.604873590529226
      },
      "catboost": {
        "mae": 3.3489477822034255,
        "rmse": 10.402572450548865,
        "r2": 0.9193050653868684,
        "mape": 5.468340231046335
      },
      "rf": {
        "mae": 3.98258213557016,
        "rmse": 12.153655126588271,
        "r2": 0.8898514986014341,
        "mape": 6.705284868371404
      },
      "gb": {
        "mae": 2.5328766441007833,
        "rmse": 9.631480234972496,
        "r2": 0.9308247318802134,
        "mape": 3.8633376788231684
      },
      "ridge": {
        "mae": 6.536461968724549,
        "rmse": 11.781231535285423,
        "r2": 0.8964986157780757,
        "mape": 10.389528683430258
      },
      "linear": {
        "mae": 6.281056927331852,
        "rmse": 11.646461678186457,
        "r2": 0.8988530527656236,
        "mape": 9.631971345686505
      }
    },
    "test": {
      "xgboost": {
        "mae": 3.223604189754383,
        "rmse": 5.633947054430415,
        "r2": 0.9811830749535142,
        "mape": 8.266802207851502
      },
      "lightgbm": {
        "mae": 4.334837612650402,
        "rmse": 7.029959649181304,
        "r2": 0.9707026191432765,
        "mape": 8.574683579925415
      },
      "catboost": {
        "mae": 3.782805931369778,
        "rmse": 6.194424643770159,
        "r2": 0.9772529500963935,
        "mape": 9.2743642431155
      },
      "rf": {
        "mae": 3.6554976286388996,
        "rmse": 6.8942769788292795,
        "r2": 0.9718226214306972,
        "mape": 10.71103059434781
      },
      "gb": {
        "mae": 4.621142424280963,
        "rmse": 8.10906461142088,
        "r2": 0.9610179518208476,
        "mape": 7.353856067014821
      },
      "ridge": {
        "mae": 10.764644183352326,
        "rmse": 13.862807524269902,
        "r2": 0.8860732996599515,
        "mape": 22.107731387065993
      },
      "linear": {
        "mae": 9.270958456191957,
        "rmse": 12.30027474530209,
        "r2": 0.9103081965287564,
        "mape": 19.32656551213004
      }
    },
    "cv_mae": {
      "xgboost": 2.6193409130297995,
      "lightgbm": 2.4210835137125235,
      "catboost": 3.2084308097404852,
      "rf": 2.154350797047724,
      "gb": 2.285093151249481,
      "ridge": 9.785324848769745,
      "linear": 9.142714019145664
    }
  }
}