{
  "trained_best_model": "gb",
  "new_test_metrics": {
    "mae": 5.488844967744334,
    "rmse": 9.060048741683717,
    "r2": 0.9617840746201065,
    "mape": 7.75247561362042
  },
  "cv_mae": {
    "xgboost": 2.6014348670227885,
    "lightgbm": 2.4101121392466354,
    "catboost": 3.1022397388929606,
    "rf": 2.193505323743085,
    "gb": 2.1628419326378667,
    "ridge": 9.39000556186156,
    "linear": 8.752102569560666
  },
  "test_mae_all": {
    "xgboost": 3.345051910465692,
    "lightgbm": 3.2534040443434256,
    "catboost": 3.5561783903245683,
    "rf": 3.249367534512552,
    "gb": 5.488844967744334,
    "ridge": 11.472671923775462,
    "linear": 9.848708574815555
  },
  "historical_best_cv_mae": 2.042469801781462,
  "is_new_historical_best": false,
  "features": [
    "pm2_5",
    "pm10",
    "co",
    "no2",
    "so2",
    "month_cos",
    "total_pm",
    "total_gases",
    "no2_o3_ratio",
    "pm2_5_rolling_3h",
    "pm10_rolling_3h",
    "co_rolling_3h",
    "pm2_5_co_interaction",
    "hour_sin",
    "hour_cos"
  ],
  "scaler_needed": false,
  "all_models_saved": [
    "model_xgboost.pkl",
    "model_lightgbm.pkl",
    "model_catboost.pkl",
    "model_rf.pkl",
    "model_gb.pkl",
    "model_ridge.pkl",
    "model_linear.pkl"
  ],
  "all_metrics": {
    "train": {
      "xgboost": {
        "mae": 1.7979365502473814,
        "rmse": 3.3729855484712967,
        "r2": 0.9988124033678151,
        "mape": 1.4846644177248944
      },
      "lightgbm": {
        "mae": 1.9062643441976284,
        "rmse": 3.936687484196461,
        "r2": 0.9983822855104937,
        "mape": 1.5944489247400635
      },
      "catboost": {
        "mae": 1.8927181615731723,
        "rmse": 3.026346824165596,
        "r2": 0.9990439570766668,
        "mape": 1.5941498697679375
      },
      "rf": {
        "mae": 1.1747506138954227,
        "rmse": 3.9062974875911394,
        "r2": 0.9984071656052953,
        "mape": 1.1535435229700306
      },
      "gb": {
        "mae": 1.365640757752911,
        "rmse": 2.937697870447825,
        "r2": 0.9990991463276575,
        "mape": 1.187903641519279
      },
      "ridge": {
        "mae": 8.662428410065177,
        "rmse": 11.538544234288963,
        "r2": 0.9861023287232425,
        "mape": 8.123599163384426
      },
      "linear": {
        "mae": 8.366415951132904,
        "rmse": 11.2203191211017,
        "r2": 0.9868583343265207,
        "mape": 7.710991658092804
      }
    },
    "val": {
      "xgboost": {
        "mae": 2.60032350069856,
        "rmse": 8.294039840834056,
        "r2": 0.9487303147716674,
        "mape": 4.151505314376088
      },
      "lightgbm": {
        "mae": 2.8029063548817548,
        "rmse": 10.417016305868149,
        "r2": 0.9191248489801216,
        "mape": 4.100161337122183
      },
      "catboost": {
        "mae": 2.8257309236261103,
        "rmse": 8.954114176892764,
        "r2": 0.9402450795539999,
        "mape": 4.590743382033072
      },
      "rf": {
        "mae": 3.3727278754402765,
        "rmse": 11.837129512017226,
        "r2": 0.8955709768939994,
        "mape": 5.838828894770614
      },
      "gb": {
        "mae": 2.6527420970409397,
        "rmse": 9.86673501549744,
        "r2": 0.9274436634998673,
        "mape": 3.889779901087579
      },
      "ridge": {
        "mae": 6.405992852539114,
        "rmse": 11.590950878071029,
        "r2": 0.8998694625290946,
        "mape": 10.39339568082916
      },
      "linear": {
        "mae": 6.054010168723802,
        "rmse": 11.417809924108557,
        "r2": 0.9028385394691885,
        "mape": 9.493254039216827
      }
    },
    "test": {
      "xgboost": {
        "mae": 3.345051910465692,
        "rmse": 5.3560303391394,
        "r2": 0.9866442165492697,
        "mape": 6.878142444000947
      },
      "lightgbm": {
        "mae": 3.2534040443434256,
        "rmse": 5.170637427335097,
        "r2": 0.9875528052967543,
        "mape": 6.809533460779621
      },
      "catboost": {
        "mae": 3.5561783903245683,
        "rmse": 5.527463012566598,
        "r2": 0.9857755657448162,
        "mape": 7.826408867478378
      },
      "rf": {
        "mae": 3.249367534512552,
        "rmse": 6.359806228079473,
        "r2": 0.9811690999006507,
        "mape": 9.881961911199374
      },
      "gb": {
        "mae": 5.488844967744334,
        "rmse": 9.060048741683717,
        "r2": 0.9617840746201065,
        "mape": 7.75247561362042
      },
      "ridge": {
        "mae": 11.472671923775462,
        "rmse": 14.402322360952358,
        "r2": 0.9034286357485083,
        "mape": 22.282124882652994
      },
      "linear": {
        "mae": 9.848708574815555,
        "rmse": 12.731263516313353,
        "r2": 0.9245383448089691,
        "mape": 19.48891024075635
      }
    },
    "cv_mae": {
      "xgboost": 2.6014348670227885,
      "lightgbm": 2.4101121392466354,
      "catboost": 3.1022397388929606,
      "rf": 2.193505323743085,
      "gb": 2.1628419326378667,
      "ridge": 9.39000556186156,
      "linear": 8.752102569560666
    }
  }
}