{
  "trained_best_model": "rf",
  "new_test_metrics": {
    "mae": 3.265229524106997,
    "rmse": 6.2432843739690504,
    "r2": 0.9816033298618312,
    "mape": 9.765088420683067
  },
  "cv_mae": {
    "xgboost": 2.612949457933758,
    "lightgbm": 2.4706735402595625,
    "catboost": 3.222164621433984,
    "rf": 2.1995414063376613,
    "gb": 2.216886344776696,
    "ridge": 9.368547315131744,
    "linear": 8.746135653190594
  },
  "test_mae_all": {
    "xgboost": 3.344911143783156,
    "lightgbm": 4.097998083789642,
    "catboost": 3.474201315962877,
    "rf": 3.2652295241069966,
    "gb": 5.553985180490065,
    "ridge": 11.452075454621713,
    "linear": 9.827541094878617
  },
  "historical_best_cv_mae": 2.042469801781462,
  "is_new_historical_best": false,
  "features": [
    "pm2_5",
    "pm10",
    "co",
    "no2",
    "so2",
    "month_cos",
    "total_pm",
    "total_gases",
    "no2_o3_ratio",
    "pm2_5_rolling_3h",
    "pm10_rolling_3h",
    "co_rolling_3h",
    "pm2_5_co_interaction",
    "hour_sin",
    "hour_cos"
  ],
  "scaler_needed": false,
  "all_models_saved": [
    "model_xgboost.pkl",
    "model_lightgbm.pkl",
    "model_catboost.pkl",
    "model_rf.pkl",
    "model_gb.pkl",
    "model_ridge.pkl",
    "model_linear.pkl"
  ],
  "all_metrics": {
    "train": {
      "xgboost": {
        "mae": 1.823472116169242,
        "rmse": 3.428970581193467,
        "r2": 0.9987785398855916,
        "mape": 1.5082828092898208
      },
      "lightgbm": {
        "mae": 1.5304131441824063,
        "rmse": 3.0878230101670954,
        "r2": 0.9990094952323931,
        "mape": 1.2694658850834684
      },
      "catboost": {
        "mae": 1.849961994315262,
        "rmse": 2.9645739863123475,
        "r2": 0.9990869882668505,
        "mape": 1.5649052919215325
      },
      "rf": {
        "mae": 1.185919011556329,
        "rmse": 3.9087753864077484,
        "r2": 0.9984127943468978,
        "mape": 1.167005408798882
      },
      "gb": {
        "mae": 1.3865782114822194,
        "rmse": 2.9418542902753666,
        "r2": 0.9991009287948538,
        "mape": 1.2017481089960804
      },
      "ridge": {
        "mae": 8.673197997030346,
        "rmse": 11.551906505886596,
        "r2": 0.9861369400121104,
        "mape": 8.125158372797221
      },
      "linear": {
        "mae": 8.375538926304618,
        "rmse": 11.232287217674102,
        "r2": 0.9868934565326716,
        "mape": 7.712199856364355
      }
    },
    "val": {
      "xgboost": {
        "mae": 2.786941195187503,
        "rmse": 8.948164334961223,
        "r2": 0.9403191453913734,
        "mape": 4.599304575187898
      },
      "lightgbm": {
        "mae": 2.577397261898833,
        "rmse": 9.957588596858015,
        "r2": 0.9260947162024673,
        "mape": 3.8001475238879796
      },
      "catboost": {
        "mae": 2.9019262342797973,
        "rmse": 9.086381730706563,
        "r2": 0.9384611909865729,
        "mape": 4.853075118033512
      },
      "rf": {
        "mae": 3.3888000671375775,
        "rmse": 11.799752017112562,
        "r2": 0.896220185228057,
        "mape": 5.806418961123898
      },
      "gb": {
        "mae": 2.655464548713931,
        "rmse": 9.686206903713973,
        "r2": 0.9300682149698954,
        "mape": 3.9225074264277495
      },
      "ridge": {
        "mae": 6.3904640209087935,
        "rmse": 11.584134427484884,
        "r2": 0.8999782824471925,
        "mape": 10.372873733980144
      },
      "linear": {
        "mae": 6.041682711243963,
        "rmse": 11.411970219789055,
        "r2": 0.9029292489192645,
        "mape": 9.475308712792867
      }
    },
    "test": {
      "xgboost": {
        "mae": 3.344911143783156,
        "rmse": 5.490353498395847,
        "r2": 0.9857729911231949,
        "mape": 7.4863157354923615
      },
      "lightgbm": {
        "mae": 4.097998083789642,
        "rmse": 6.766794694453056,
        "r2": 0.9783887947700971,
        "mape": 7.138765742991006
      },
      "catboost": {
        "mae": 3.474201315962877,
        "rmse": 5.740525882252356,
        "r2": 0.9844469221393211,
        "mape": 8.39371755706207
      },
      "rf": {
        "mae": 3.2652295241069966,
        "rmse": 6.2432843739690504,
        "r2": 0.9816033298618312,
        "mape": 9.765088420683067
      },
      "gb": {
        "mae": 5.553985180490065,
        "rmse": 9.321416897380896,
        "r2": 0.9589912197910668,
        "mape": 7.721521686408156
      },
      "ridge": {
        "mae": 11.452075454621713,
        "rmse": 14.382259424184314,
        "r2": 0.9023736114887834,
        "mape": 22.278020130549194
      },
      "linear": {
        "mae": 9.827541094878617,
        "rmse": 12.709611900660265,
        "r2": 0.9237609342466824,
        "mape": 19.47802294774192
      }
    },
    "cv_mae": {
      "xgboost": 2.612949457933758,
      "lightgbm": 2.4706735402595625,
      "catboost": 3.222164621433984,
      "rf": 2.1995414063376613,
      "gb": 2.216886344776696,
      "ridge": 9.368547315131744,
      "linear": 8.746135653190594
    }
  }
}