{
  "trained_best_model": "rf",
  "new_test_metrics": {
    "mae": 4.508581336043736,
    "rmse": 7.437719406631978,
    "r2": 0.9591414250147912,
    "mape": 12.166078988407452
  },
  "cv_mae": {
    "xgboost": 2.660700958908887,
    "lightgbm": 2.4513122491726733,
    "catboost": 3.1743935771044303,
    "rf": 2.1193461247856336,
    "gb": 2.3136967015730443,
    "ridge": 10.19385733515026,
    "linear": 9.338321483238392
  },
  "test_mae_all": {
    "xgboost": 3.0731697692000406,
    "lightgbm": 4.155342794857333,
    "catboost": 3.8663038388787454,
    "rf": 4.5085813360437355,
    "gb": 3.941351199231764,
    "ridge": 10.515220448391533,
    "linear": 9.129632334620576
  },
  "historical_best_cv_mae": 2.042469801781462,
  "is_new_historical_best": false,
  "features": [
    "pm2_5",
    "pm10",
    "co",
    "no2",
    "so2",
    "month_cos",
    "total_pm",
    "total_gases",
    "no2_o3_ratio",
    "pm2_5_rolling_3h",
    "pm10_rolling_3h",
    "co_rolling_3h",
    "pm2_5_co_interaction",
    "hour_sin",
    "hour_cos"
  ],
  "scaler_needed": false,
  "all_models_saved": [
    "model_xgboost.pkl",
    "model_lightgbm.pkl",
    "model_catboost.pkl",
    "model_rf.pkl",
    "model_gb.pkl",
    "model_ridge.pkl",
    "model_linear.pkl"
  ],
  "all_metrics": {
    "train": {
      "xgboost": {
        "mae": 1.869605170926158,
        "rmse": 3.439679462640191,
        "r2": 0.9988104539172318,
        "mape": 1.5109514294369242
      },
      "lightgbm": {
        "mae": 1.6567358276538753,
        "rmse": 3.2828382802909792,
        "r2": 0.9989164616116791,
        "mape": 1.3432071442046032
      },
      "catboost": {
        "mae": 1.919848043703459,
        "rmse": 3.0227492133054144,
        "r2": 0.9990813511026632,
        "mape": 1.5872501823633787
      },
      "rf": {
        "mae": 1.1505195616514265,
        "rmse": 3.842411628254133,
        "r2": 0.998515592635474,
        "mape": 1.1246105978021823
      },
      "gb": {
        "mae": 1.3992875561177776,
        "rmse": 2.9080246093934687,
        "r2": 0.9991497601044667,
        "mape": 1.201483638797981
      },
      "ridge": {
        "mae": 8.901404012957023,
        "rmse": 11.768992587043305,
        "r2": 0.9860740797724458,
        "mape": 8.205378785573657
      },
      "linear": {
        "mae": 8.577059681916133,
        "rmse": 11.422934241018773,
        "r2": 0.9868810016387841,
        "mape": 7.766558382391809
      }
    },
    "val": {
      "xgboost": {
        "mae": 2.7065175352575572,
        "rmse": 8.909190466676085,
        "r2": 0.9409269395416131,
        "mape": 4.643612839542115
      },
      "lightgbm": {
        "mae": 3.0208632292180853,
        "rmse": 10.053206876283294,
        "r2": 0.9247819235083138,
        "mape": 4.733341984656369
      },
      "catboost": {
        "mae": 3.4497763053299635,
        "rmse": 9.830586641123583,
        "r2": 0.9280763275780193,
        "mape": 5.881172165817942
      },
      "rf": {
        "mae": 4.861610466937753,
        "rmse": 12.374013605478817,
        "r2": 0.8860447961300739,
        "mape": 8.24433300752895
      },
      "gb": {
        "mae": 2.9242055477508724,
        "rmse": 9.976527272147736,
        "r2": 0.9259249808862271,
        "mape": 4.749295445338747
      },
      "ridge": {
        "mae": 6.768835226908092,
        "rmse": 11.894148678136043,
        "r2": 0.8947117978669468,
        "mape": 10.961930730340928
      },
      "linear": {
        "mae": 6.423238344172305,
        "rmse": 11.618925868405883,
        "r2": 0.8995280235468678,
        "mape": 10.04786067641328
      }
    },
    "test": {
      "xgboost": {
        "mae": 3.0731697692000406,
        "rmse": 5.47389503046631,
        "r2": 0.9778692279366472,
        "mape": 8.066784233450647
      },
      "lightgbm": {
        "mae": 4.155342794857333,
        "rmse": 6.777754708755626,
        "r2": 0.9660706663829379,
        "mape": 9.180176196377877
      },
      "catboost": {
        "mae": 3.8663038388787454,
        "rmse": 6.198812482807449,
        "r2": 0.9716194614027256,
        "mape": 9.783279210745736
      },
      "rf": {
        "mae": 4.5085813360437355,
        "rmse": 7.437719406631977,
        "r2": 0.9591414250147913,
        "mape": 12.166078988407449
      },
      "gb": {
        "mae": 3.941351199231764,
        "rmse": 6.826680672662883,
        "r2": 0.965579053168578,
        "mape": 8.407295046109258
      },
      "ridge": {
        "mae": 10.515220448391533,
        "rmse": 13.739665772262585,
        "r2": 0.8605700820233185,
        "mape": 22.49675317486824
      },
      "linear": {
        "mae": 9.129632334620576,
        "rmse": 12.266830851271223,
        "r2": 0.8888605127463841,
        "mape": 19.68781327977115
      }
    },
    "cv_mae": {
      "xgboost": 2.660700958908887,
      "lightgbm": 2.4513122491726733,
      "catboost": 3.1743935771044303,
      "rf": 2.1193461247856336,
      "gb": 2.3136967015730443,
      "ridge": 10.19385733515026,
      "linear": 9.338321483238392
    }
  }
}