{
  "trained_best_model": "rf",
  "new_test_metrics": {
    "mae": 3.635925009633289,
    "rmse": 6.75396162098414,
    "r2": 0.9720235374112484,
    "mape": 10.536167328463437
  },
  "cv_mae": {
    "xgboost": 2.6001771706657633,
    "lightgbm": 2.409839268965209,
    "catboost": 3.2136034456588036,
    "rf": 2.0889771085879305,
    "gb": 2.2471924891572757,
    "ridge": 9.988655172800948,
    "linear": 9.266997835293761
  },
  "test_mae_all": {
    "xgboost": 3.151313809491428,
    "lightgbm": 3.6338551723322055,
    "catboost": 4.137955559769244,
    "rf": 3.635925009633289,
    "gb": 4.247332383310199,
    "ridge": 10.581150380607236,
    "linear": 9.127762564457443
  },
  "historical_best_cv_mae": 2.042469801781462,
  "is_new_historical_best": false,
  "features": [
    "pm2_5",
    "pm10",
    "co",
    "no2",
    "so2",
    "month_cos",
    "total_pm",
    "total_gases",
    "no2_o3_ratio",
    "pm2_5_rolling_3h",
    "pm10_rolling_3h",
    "co_rolling_3h",
    "pm2_5_co_interaction",
    "hour_sin",
    "hour_cos"
  ],
  "scaler_needed": false,
  "all_models_saved": [
    "model_xgboost.pkl",
    "model_lightgbm.pkl",
    "model_catboost.pkl",
    "model_rf.pkl",
    "model_gb.pkl",
    "model_ridge.pkl",
    "model_linear.pkl"
  ],
  "all_metrics": {
    "train": {
      "xgboost": {
        "mae": 1.8548316591639809,
        "rmse": 3.385836190826452,
        "r2": 0.9988402284717659,
        "mape": 1.5080763646888191
      },
      "lightgbm": {
        "mae": 1.952589668907291,
        "rmse": 3.9916986788076523,
        "r2": 0.9983880333300739,
        "mape": 1.6117839894400996
      },
      "catboost": {
        "mae": 1.911533294555033,
        "rmse": 3.0218801754620026,
        "r2": 0.9990761636712202,
        "mape": 1.6007626118355336
      },
      "rf": {
        "mae": 1.169828870337149,
        "rmse": 3.8718527435442596,
        "r2": 0.9984833749655118,
        "mape": 1.1487107988627427
      },
      "gb": {
        "mae": 1.391056933386064,
        "rmse": 2.949242739585602,
        "r2": 0.9991200427067862,
        "mape": 1.197777956265591
      },
      "ridge": {
        "mae": 8.816962785489258,
        "rmse": 11.685536186025658,
        "r2": 0.9861854148878326,
        "mape": 8.16929999298222
      },
      "linear": {
        "mae": 8.501310606423235,
        "rmse": 11.347821959843767,
        "r2": 0.9869723649488283,
        "mape": 7.740083644728641
      }
    },
    "val": {
      "xgboost": {
        "mae": 2.7320524611973873,
        "rmse": 9.095087975639537,
        "r2": 0.9391191870325628,
        "mape": 4.824211655062319
      },
      "lightgbm": {
        "mae": 2.9971890578971467,
        "rmse": 10.638626963338305,
        "r2": 0.9167013819614256,
        "mape": 4.815236281506024
      },
      "catboost": {
        "mae": 3.4092261354876916,
        "rmse": 9.596373560804269,
        "r2": 0.9322232210218387,
        "mape": 5.898200751554379
      },
      "rf": {
        "mae": 3.984960793914512,
        "rmse": 12.109359651800043,
        "r2": 0.8920782471011219,
        "mape": 6.6419492622035365
      },
      "gb": {
        "mae": 2.510932131817308,
        "rmse": 9.730286352288902,
        "r2": 0.9303184380396982,
        "mape": 3.840035781817989
      },
      "ridge": {
        "mae": 6.537677028050505,
        "rmse": 11.819803294469633,
        "r2": 0.8971777429907871,
        "mape": 10.346510213626615
      },
      "linear": {
        "mae": 6.275554111487316,
        "rmse": 11.651902423919534,
        "r2": 0.9000781853153387,
        "mape": 9.597616172134742
      }
    },
    "test": {
      "xgboost": {
        "mae": 3.151313809491428,
        "rmse": 5.596576430189366,
        "r2": 0.9807903035722726,
        "mape": 8.286839680557375
      },
      "lightgbm": {
        "mae": 3.6338551723322055,
        "rmse": 6.073335253219198,
        "r2": 0.9773780450130279,
        "mape": 8.7551380417803
      },
      "catboost": {
        "mae": 4.137955559769244,
        "rmse": 6.641453739073962,
        "r2": 0.9729478412500628,
        "mape": 9.968593039247803
      },
      "rf": {
        "mae": 3.635925009633289,
        "rmse": 6.75396162098414,
        "r2": 0.9720235374112484,
        "mape": 10.536167328463437
      },
      "gb": {
        "mae": 4.247332383310199,
        "rmse": 7.819197447321237,
        "r2": 0.9625027012181872,
        "mape": 7.048238536112983
      },
      "ridge": {
        "mae": 10.581150380607236,
        "rmse": 13.717553367328666,
        "r2": 0.8845938533461214,
        "mape": 22.053700447871755
      },
      "linear": {
        "mae": 9.127762564457443,
        "rmse": 12.198039961234977,
        "r2": 0.9087451980133362,
        "mape": 19.28587936514336
      }
    },
    "cv_mae": {
      "xgboost": 2.6001771706657633,
      "lightgbm": 2.409839268965209,
      "catboost": 3.2136034456588036,
      "rf": 2.0889771085879305,
      "gb": 2.2471924891572757,
      "ridge": 9.988655172800948,
      "linear": 9.266997835293761
    }
  }
}