{
  "trained_best_model": "rf",
  "new_test_metrics": {
    "mae": 3.328439855775763,
    "rmse": 6.4995251951042645,
    "r2": 0.9768052495007246,
    "mape": 10.140528725071317
  },
  "cv_mae": {
    "xgboost": 2.6638231979190956,
    "lightgbm": 2.464646041796396,
    "catboost": 3.2138696941549574,
    "rf": 2.2714280301092793,
    "gb": 2.279139622718721,
    "ridge": 9.63292590729091,
    "linear": 9.015017445537232
  },
  "test_mae_all": {
    "xgboost": 3.362268240543643,
    "lightgbm": 3.4050276196634037,
    "catboost": 3.8331312717676527,
    "rf": 3.328439855775764,
    "gb": 5.311930438451415,
    "ridge": 11.129881221146503,
    "linear": 9.527478869046131
  },
  "historical_best_cv_mae": 2.042469801781462,
  "is_new_historical_best": false,
  "features": [
    "pm2_5",
    "pm10",
    "co",
    "no2",
    "so2",
    "month_cos",
    "total_pm",
    "total_gases",
    "no2_o3_ratio",
    "pm2_5_rolling_3h",
    "pm10_rolling_3h",
    "co_rolling_3h",
    "pm2_5_co_interaction",
    "hour_sin",
    "hour_cos"
  ],
  "scaler_needed": false,
  "all_models_saved": [
    "model_xgboost.pkl",
    "model_lightgbm.pkl",
    "model_catboost.pkl",
    "model_rf.pkl",
    "model_gb.pkl",
    "model_ridge.pkl",
    "model_linear.pkl"
  ],
  "all_metrics": {
    "train": {
      "xgboost": {
        "mae": 1.851124453218016,
        "rmse": 3.4250573185198623,
        "r2": 0.998794216022146,
        "mape": 1.5094483190886363
      },
      "lightgbm": {
        "mae": 1.825656084127016,
        "rmse": 3.6715825188902125,
        "r2": 0.9986143919175763,
        "mape": 1.5032445994493568
      },
      "catboost": {
        "mae": 1.89383317790636,
        "rmse": 3.0162735832933345,
        "r2": 0.9990648629108708,
        "mape": 1.5851634289738175
      },
      "rf": {
        "mae": 1.174302507460449,
        "rmse": 3.8887248051363423,
        "r2": 0.9984456520604638,
        "mape": 1.1499750760891088
      },
      "gb": {
        "mae": 1.3700751914030158,
        "rmse": 2.9248375769633923,
        "r2": 0.9991206994829736,
        "mape": 1.183720730009108
      },
      "ridge": {
        "mae": 8.727851238377665,
        "rmse": 11.607149143046843,
        "r2": 0.9861520670913556,
        "mape": 8.109249803289611
      },
      "linear": {
        "mae": 8.419075999568571,
        "rmse": 11.276324429488563,
        "r2": 0.9869301998778877,
        "mape": 7.686760694507837
      }
    },
    "val": {
      "xgboost": {
        "mae": 2.746444186119184,
        "rmse": 9.059688571686165,
        "r2": 0.9394480329089689,
        "mape": 4.765552061499356
      },
      "lightgbm": {
        "mae": 2.759655431110805,
        "rmse": 10.053466940545855,
        "r2": 0.9254352739659192,
        "mape": 4.151021567073969
      },
      "catboost": {
        "mae": 3.4611399010908097,
        "rmse": 10.183636374193762,
        "r2": 0.923491887909603,
        "mape": 5.866874744260722
      },
      "rf": {
        "mae": 3.444038437518168,
        "rmse": 11.89703548740512,
        "r2": 0.89558107151713,
        "mape": 6.005584489924168
      },
      "gb": {
        "mae": 2.6442124839521806,
        "rmse": 9.87455097550271,
        "r2": 0.9280656323119644,
        "mape": 4.191862434209261
      },
      "ridge": {
        "mae": 6.575900818192406,
        "rmse": 11.750157019538252,
        "r2": 0.8981434273435966,
        "mape": 10.427383160127876
      },
      "linear": {
        "mae": 6.332666503735296,
        "rmse": 11.622303263231322,
        "r2": 0.9003479757569788,
        "mape": 9.68059127557336
      }
    },
    "test": {
      "xgboost": {
        "mae": 3.362268240543643,
        "rmse": 5.69917287488722,
        "r2": 0.9821659449213058,
        "mape": 8.172475926057206
      },
      "lightgbm": {
        "mae": 3.4050276196634037,
        "rmse": 5.527351738262722,
        "r2": 0.9832250727090432,
        "mape": 7.16588265115226
      },
      "catboost": {
        "mae": 3.8331312717676527,
        "rmse": 6.394142888446181,
        "r2": 0.9775513041283901,
        "mape": 9.66323564428909
      },
      "rf": {
        "mae": 3.328439855775764,
        "rmse": 6.499525195104265,
        "r2": 0.9768052495007246,
        "mape": 10.140528725071322
      },
      "gb": {
        "mae": 5.311930438451415,
        "rmse": 9.547112569266277,
        "r2": 0.9499538666591759,
        "mape": 8.244898575736553
      },
      "ridge": {
        "mae": 11.129881221146503,
        "rmse": 14.176332126959837,
        "r2": 0.8896546082358764,
        "mape": 22.220703670859244
      },
      "linear": {
        "mae": 9.527478869046131,
        "rmse": 12.518467472727322,
        "r2": 0.913954379156225,
        "mape": 19.380678508667902
      }
    },
    "cv_mae": {
      "xgboost": 2.6638231979190956,
      "lightgbm": 2.464646041796396,
      "catboost": 3.2138696941549574,
      "rf": 2.2714280301092793,
      "gb": 2.279139622718721,
      "ridge": 9.63292590729091,
      "linear": 9.015017445537232
    }
  }
}