{
  "trained_best_model": "rf",
  "new_test_metrics": {
    "mae": 3.1325128442946832,
    "rmse": 6.09688406080802,
    "r2": 0.9822630534737556,
    "mape": 9.469379138648739
  },
  "cv_mae": {
    "xgboost": 2.6436805068163487,
    "lightgbm": 2.4115924442712995,
    "catboost": 3.1658801541031614,
    "rf": 2.2082606288584525,
    "gb": 2.259997012636311,
    "ridge": 9.374515395797236,
    "linear": 8.767492644245625
  },
  "test_mae_all": {
    "xgboost": 3.8732890593002254,
    "lightgbm": 4.0042227734657745,
    "catboost": 3.676232702761557,
    "rf": 3.132512844294684,
    "gb": 5.110333329543864,
    "ridge": 11.45786377403743,
    "linear": 9.822383469490175
  },
  "historical_best_cv_mae": 2.042469801781462,
  "is_new_historical_best": false,
  "features": [
    "pm2_5",
    "pm10",
    "co",
    "no2",
    "so2",
    "month_cos",
    "total_pm",
    "total_gases",
    "no2_o3_ratio",
    "pm2_5_rolling_3h",
    "pm10_rolling_3h",
    "co_rolling_3h",
    "pm2_5_co_interaction",
    "hour_sin",
    "hour_cos"
  ],
  "scaler_needed": false,
  "all_models_saved": [
    "model_xgboost.pkl",
    "model_lightgbm.pkl",
    "model_catboost.pkl",
    "model_rf.pkl",
    "model_gb.pkl",
    "model_ridge.pkl",
    "model_linear.pkl"
  ],
  "all_metrics": {
    "train": {
      "xgboost": {
        "mae": 1.8002807299296062,
        "rmse": 3.350830237133817,
        "r2": 0.9988332609773266,
        "mape": 1.4699531434217825
      },
      "lightgbm": {
        "mae": 1.6840321166140644,
        "rmse": 3.4013649331597526,
        "r2": 0.998797803852474,
        "mape": 1.3804250769617914
      },
      "catboost": {
        "mae": 1.8775589880906451,
        "rmse": 2.9827165166329053,
        "r2": 0.9990755299834977,
        "mape": 1.584727997468522
      },
      "rf": {
        "mae": 1.1785026765159323,
        "rmse": 3.888790097793306,
        "r2": 0.9984285597368112,
        "mape": 1.1563587970827582
      },
      "gb": {
        "mae": 1.4215646411856786,
        "rmse": 2.9887380260827565,
        "r2": 0.999071793574796,
        "mape": 1.2310417246703853
      },
      "ridge": {
        "mae": 8.67829102524763,
        "rmse": 11.55469266341868,
        "r2": 0.9861265118097815,
        "mape": 8.128202451805516
      },
      "linear": {
        "mae": 8.381370944019704,
        "rmse": 11.236214492060302,
        "r2": 0.9868807528413627,
        "mape": 7.715770595289817
      }
    },
    "val": {
      "xgboost": {
        "mae": 2.785383770999299,
        "rmse": 8.961284173346575,
        "r2": 0.9401591706270878,
        "mape": 4.680560049882574
      },
      "lightgbm": {
        "mae": 2.5758546771973387,
        "rmse": 10.025894984733487,
        "r2": 0.9250962764334136,
        "mape": 3.714114815957116
      },
      "catboost": {
        "mae": 2.954122185892208,
        "rmse": 9.307918849289635,
        "r2": 0.9354401843690718,
        "mape": 4.846419150738895
      },
      "rf": {
        "mae": 3.3131890949733225,
        "rmse": 11.765519647860302,
        "r2": 0.8968476012230354,
        "mape": 5.6315363893656665
      },
      "gb": {
        "mae": 2.5660885745009407,
        "rmse": 9.563262865927902,
        "r2": 0.9318494615039662,
        "mape": 3.6250038664265287
      },
      "ridge": {
        "mae": 6.376491982094723,
        "rmse": 11.577394147540542,
        "r2": 0.9001199519078529,
        "mape": 10.351560168413965
      },
      "linear": {
        "mae": 6.03827735545451,
        "rmse": 11.407104495912392,
        "r2": 0.9030365755843999,
        "mape": 9.468051232383134
      }
    },
    "test": {
      "xgboost": {
        "mae": 3.8732890593002254,
        "rmse": 6.259345981560609,
        "r2": 0.9813051967494456,
        "mape": 8.03984741557842
      },
      "lightgbm": {
        "mae": 4.0042227734657745,
        "rmse": 6.542498379356024,
        "r2": 0.9795755565502431,
        "mape": 7.099966757183966
      },
      "catboost": {
        "mae": 3.676232702761557,
        "rmse": 5.834668997501414,
        "r2": 0.9837559083714233,
        "mape": 8.377892734251931
      },
      "rf": {
        "mae": 3.132512844294684,
        "rmse": 6.09688406080802,
        "r2": 0.9822630534737556,
        "mape": 9.469379138648739
      },
      "gb": {
        "mae": 5.110333329543864,
        "rmse": 8.591465819785125,
        "r2": 0.9647793378069502,
        "mape": 7.1270309459223995
      },
      "ridge": {
        "mae": 11.45786377403743,
        "rmse": 14.384317783713698,
        "r2": 0.901271731162229,
        "mape": 22.289262350493967
      },
      "linear": {
        "mae": 9.822383469490175,
        "rmse": 12.710254791656228,
        "r2": 0.9229147124370699,
        "mape": 19.48491603858915
      }
    },
    "cv_mae": {
      "xgboost": 2.6436805068163487,
      "lightgbm": 2.4115924442712995,
      "catboost": 3.1658801541031614,
      "rf": 2.2082606288584525,
      "gb": 2.259997012636311,
      "ridge": 9.374515395797236,
      "linear": 8.767492644245625
    }
  }
}