{
  "trained_best_model": "rf",
  "new_test_metrics": {
    "mae": 3.373238327797802,
    "rmse": 6.588132673440516,
    "r2": 0.9763914508583466,
    "mape": 10.281042791687131
  },
  "cv_mae": {
    "xgboost": 2.670660105516766,
    "lightgbm": 2.482556786060166,
    "catboost": 3.209072950936141,
    "rf": 2.219991389765527,
    "gb": 2.284900230883452,
    "ridge": 9.816112582975638,
    "linear": 9.264942281863297
  },
  "test_mae_all": {
    "xgboost": 3.2969080066544865,
    "lightgbm": 4.262004111838364,
    "catboost": 3.3425356412027423,
    "rf": 3.373238327797802,
    "gb": 4.639436377385179,
    "ridge": 11.19746715816272,
    "linear": 9.566588873351314
  },
  "historical_best_cv_mae": 2.042469801781462,
  "is_new_historical_best": false,
  "features": [
    "pm2_5",
    "pm10",
    "co",
    "no2",
    "so2",
    "month_cos",
    "total_pm",
    "total_gases",
    "no2_o3_ratio",
    "pm2_5_rolling_3h",
    "pm10_rolling_3h",
    "co_rolling_3h",
    "pm2_5_co_interaction",
    "hour_sin",
    "hour_cos"
  ],
  "scaler_needed": false,
  "all_models_saved": [
    "model_xgboost.pkl",
    "model_lightgbm.pkl",
    "model_catboost.pkl",
    "model_rf.pkl",
    "model_gb.pkl",
    "model_ridge.pkl",
    "model_linear.pkl"
  ],
  "all_metrics": {
    "train": {
      "xgboost": {
        "mae": 1.8596137517119107,
        "rmse": 3.42965942985926,
        "r2": 0.998790763409177,
        "mape": 1.525220361306406
      },
      "lightgbm": {
        "mae": 1.615862868252792,
        "rmse": 3.2163230020621927,
        "r2": 0.9989365217767308,
        "mape": 1.3266870168129248
      },
      "catboost": {
        "mae": 1.8960188636828046,
        "rmse": 3.032946446165426,
        "r2": 0.9990543318294014,
        "mape": 1.5766203244233157
      },
      "rf": {
        "mae": 1.176714892273234,
        "rmse": 3.8782079702960477,
        "r2": 0.9984537793212471,
        "mape": 1.1555351577702275
      },
      "gb": {
        "mae": 1.390572833552477,
        "rmse": 2.946027466305413,
        "r2": 0.9991077575719484,
        "mape": 1.2141508132646701
      },
      "ridge": {
        "mae": 8.720447789899744,
        "rmse": 11.595421639130247,
        "r2": 0.9861776343110512,
        "mape": 8.112035697720852
      },
      "linear": {
        "mae": 8.41370053613573,
        "rmse": 11.268208090294836,
        "r2": 0.9869467395050352,
        "mape": 7.691152964903862
      }
    },
    "val": {
      "xgboost": {
        "mae": 2.862229932933093,
        "rmse": 9.093514320840189,
        "r2": 0.9382890117646102,
        "mape": 4.871506092882448
      },
      "lightgbm": {
        "mae": 2.813336703272057,
        "rmse": 10.036103294498393,
        "r2": 0.9248326505945613,
        "mape": 4.44930927977938
      },
      "catboost": {
        "mae": 3.204530068530791,
        "rmse": 10.075185229057347,
        "r2": 0.9242460872213215,
        "mape": 5.251057895865742
      },
      "rf": {
        "mae": 3.5243017889148724,
        "rmse": 11.936039615916606,
        "r2": 0.8936788919167393,
        "mape": 6.156006368982761
      },
      "gb": {
        "mae": 2.7393888628786436,
        "rmse": 9.74741193656904,
        "r2": 0.9290948742595545,
        "mape": 4.158733590670662
      },
      "ridge": {
        "mae": 6.446058892168729,
        "rmse": 11.632272833227937,
        "r2": 0.8990216776738693,
        "mape": 10.362481147722837
      },
      "linear": {
        "mae": 6.206083001894371,
        "rmse": 11.503574806633216,
        "r2": 0.9012437402973489,
        "mape": 9.613009461196413
      }
    },
    "test": {
      "xgboost": {
        "mae": 3.2969080066544865,
        "rmse": 5.747299441079697,
        "r2": 0.9820331362101136,
        "mape": 8.210685536228716
      },
      "lightgbm": {
        "mae": 4.262004111838364,
        "rmse": 6.973778606662594,
        "r2": 0.9735466342137756,
        "mape": 8.441174567489844
      },
      "catboost": {
        "mae": 3.3425356412027423,
        "rmse": 5.647596095371536,
        "r2": 0.9826511023869952,
        "mape": 8.472494001920058
      },
      "rf": {
        "mae": 3.373238327797802,
        "rmse": 6.588132673440517,
        "r2": 0.9763914508583466,
        "mape": 10.281042791687133
      },
      "gb": {
        "mae": 4.639436377385179,
        "rmse": 8.055605474027864,
        "r2": 0.9647027393398786,
        "mape": 7.439692015171544
      },
      "ridge": {
        "mae": 11.19746715816272,
        "rmse": 14.199021717421775,
        "r2": 0.8903366591700348,
        "mape": 22.255373703071207
      },
      "linear": {
        "mae": 9.566588873351314,
        "rmse": 12.537691976465384,
        "r2": 0.9144973023101816,
        "mape": 19.40557318892524
      }
    },
    "cv_mae": {
      "xgboost": 2.670660105516766,
      "lightgbm": 2.482556786060166,
      "catboost": 3.209072950936141,
      "rf": 2.219991389765527,
      "gb": 2.284900230883452,
      "ridge": 9.816112582975638,
      "linear": 9.264942281863297
    }
  }
}