{
  "trained_best_model": "gb",
  "new_test_metrics": {
    "mae": 6.223418178058799,
    "rmse": 10.479210431217014,
    "r2": 0.9503320741758968,
    "mape": 7.758091840872408
  },
  "cv_mae": {
    "xgboost": 2.7384539247725574,
    "lightgbm": 2.4143357423178355,
    "catboost": 3.1879665332476037,
    "rf": 2.225584657235186,
    "gb": 2.1471978375916265,
    "ridge": 9.82554739049965,
    "linear": 8.936236730698825
  },
  "test_mae_all": {
    "xgboost": 3.725709175621392,
    "lightgbm": 3.9344162833196474,
    "catboost": 3.9679348588992553,
    "rf": 3.239814573875647,
    "gb": 6.223418178058799,
    "ridge": 11.608337017665523,
    "linear": 9.956002369893355
  },
  "historical_best_cv_mae": 2.042469801781462,
  "is_new_historical_best": false,
  "features": [
    "pm2_5",
    "pm10",
    "co",
    "no2",
    "so2",
    "month_cos",
    "total_pm",
    "total_gases",
    "no2_o3_ratio",
    "pm2_5_rolling_3h",
    "pm10_rolling_3h",
    "co_rolling_3h",
    "pm2_5_co_interaction",
    "hour_sin",
    "hour_cos"
  ],
  "scaler_needed": false,
  "all_models_saved": [
    "model_xgboost.pkl",
    "model_lightgbm.pkl",
    "model_catboost.pkl",
    "model_rf.pkl",
    "model_gb.pkl",
    "model_ridge.pkl",
    "model_linear.pkl"
  ],
  "all_metrics": {
    "train": {
      "xgboost": {
        "mae": 1.7878423404320345,
        "rmse": 3.3960774392805653,
        "r2": 0.998772667414977,
        "mape": 1.469166888072843
      },
      "lightgbm": {
        "mae": 1.745291911191073,
        "rmse": 3.5650187772587034,
        "r2": 0.9986475203521578,
        "mape": 1.451238939155072
      },
      "catboost": {
        "mae": 1.9206156831579146,
        "rmse": 3.0327194415449825,
        "r2": 0.9990212504712739,
        "mape": 1.623128125826267
      },
      "rf": {
        "mae": 1.1865390161959959,
        "rmse": 3.90028597982765,
        "r2": 0.9983811746411624,
        "mape": 1.1718542871937587
      },
      "gb": {
        "mae": 1.3930736074153809,
        "rmse": 2.9654953001988655,
        "r2": 0.9990641600616584,
        "mape": 1.220856638604541
      },
      "ridge": {
        "mae": 8.608809035301963,
        "rmse": 11.47722530498492,
        "r2": 0.9859821661008058,
        "mape": 8.106005876884925
      },
      "linear": {
        "mae": 8.312343644542764,
        "rmse": 11.151354391640925,
        "r2": 0.9867668775497193,
        "mape": 7.694385646549441
      }
    },
    "val": {
      "xgboost": {
        "mae": 2.7759349204633876,
        "rmse": 9.18786787510719,
        "r2": 0.9367894138245806,
        "mape": 4.4931607920969965
      },
      "lightgbm": {
        "mae": 2.7116523225871028,
        "rmse": 10.015083477806456,
        "r2": 0.924894890718971,
        "mape": 4.1561591391434956
      },
      "catboost": {
        "mae": 3.085362801137379,
        "rmse": 10.107747086568953,
        "r2": 0.9234986554139362,
        "mape": 4.929157698313118
      },
      "rf": {
        "mae": 3.360154385722596,
        "rmse": 11.820372432924588,
        "r2": 0.8953780871934258,
        "mape": 5.77099579015396
      },
      "gb": {
        "mae": 2.6225578415975557,
        "rmse": 9.716896996734095,
        "r2": 0.9293006317130315,
        "mape": 3.6952455342163946
      },
      "ridge": {
        "mae": 6.343907612949595,
        "rmse": 11.565859661235855,
        "r2": 0.8998349592934847,
        "mape": 10.260765365475354
      },
      "linear": {
        "mae": 5.977229358595395,
        "rmse": 11.40419640436023,
        "r2": 0.9026155285349567,
        "mape": 9.353907544947281
      }
    },
    "test": {
      "xgboost": {
        "mae": 3.725709175621392,
        "rmse": 5.990710656530201,
        "r2": 0.9837678671127729,
        "mape": 7.68952391400228
      },
      "lightgbm": {
        "mae": 3.9344162833196474,
        "rmse": 6.237373446803238,
        "r2": 0.9824036579629336,
        "mape": 7.581532075944304
      },
      "catboost": {
        "mae": 3.9679348588992553,
        "rmse": 6.317530265312237,
        "r2": 0.9819484888764062,
        "mape": 8.637998211413734
      },
      "rf": {
        "mae": 3.239814573875647,
        "rmse": 6.264408760315648,
        "r2": 0.9822507879719404,
        "mape": 9.753644212174194
      },
      "gb": {
        "mae": 6.223418178058799,
        "rmse": 10.479210431217014,
        "r2": 0.9503320741758968,
        "mape": 7.758091840872408
      },
      "ridge": {
        "mae": 11.608337017665523,
        "rmse": 14.464329285987354,
        "r2": 0.9053729064081412,
        "mape": 22.34935150456425
      },
      "linear": {
        "mae": 9.956002369893355,
        "rmse": 12.768823203340832,
        "r2": 0.9262570259749157,
        "mape": 19.552989025420807
      }
    },
    "cv_mae": {
      "xgboost": 2.7384539247725574,
      "lightgbm": 2.4143357423178355,
      "catboost": 3.1879665332476037,
      "rf": 2.225584657235186,
      "gb": 2.1471978375916265,
      "ridge": 9.82554739049965,
      "linear": 8.936236730698825
    }
  }
}