{
  "trained_best_model": "rf",
  "new_test_metrics": {
    "mae": 4.333795062833047,
    "rmse": 7.274040985877252,
    "r2": 0.9604399647702134,
    "mape": 11.935309507204433
  },
  "cv_mae": {
    "xgboost": 2.6775687387544815,
    "lightgbm": 2.432322917904899,
    "catboost": 3.178706150281106,
    "rf": 2.1303367895532554,
    "gb": 2.3336074471651287,
    "ridge": 10.241100175256012,
    "linear": 9.399231078119474
  },
  "test_mae_all": {
    "xgboost": 3.2061141472570225,
    "lightgbm": 4.058118842214003,
    "catboost": 3.697344465170299,
    "rf": 4.333795062833046,
    "gb": 3.4743676308718006,
    "ridge": 10.451732501317647,
    "linear": 9.050433193923759
  },
  "historical_best_cv_mae": 2.042469801781462,
  "is_new_historical_best": false,
  "features": [
    "pm2_5",
    "pm10",
    "co",
    "no2",
    "so2",
    "month_cos",
    "total_pm",
    "total_gases",
    "no2_o3_ratio",
    "pm2_5_rolling_3h",
    "pm10_rolling_3h",
    "co_rolling_3h",
    "pm2_5_co_interaction",
    "hour_sin",
    "hour_cos"
  ],
  "scaler_needed": false,
  "all_models_saved": [
    "model_xgboost.pkl",
    "model_lightgbm.pkl",
    "model_catboost.pkl",
    "model_rf.pkl",
    "model_gb.pkl",
    "model_ridge.pkl",
    "model_linear.pkl"
  ],
  "all_metrics": {
    "train": {
      "xgboost": {
        "mae": 1.8599338467729223,
        "rmse": 3.418084843268517,
        "r2": 0.9988270826746092,
        "mape": 1.4994222859094237
      },
      "lightgbm": {
        "mae": 1.554212308777096,
        "rmse": 3.05814657240028,
        "r2": 0.9990611022081555,
        "mape": 1.275535399665206
      },
      "catboost": {
        "mae": 1.9108185294268156,
        "rmse": 3.0117017792017116,
        "r2": 0.9990894041737484,
        "mape": 1.590011169249644
      },
      "rf": {
        "mae": 1.1583142395671222,
        "rmse": 3.8542074689184878,
        "r2": 0.9985086763618085,
        "mape": 1.131756006536443
      },
      "gb": {
        "mae": 1.3967909790183324,
        "rmse": 2.9285316105115995,
        "r2": 0.9991390031617354,
        "mape": 1.204043375556757
      },
      "ridge": {
        "mae": 8.896188260374274,
        "rmse": 11.768228486438,
        "r2": 0.9860965074642124,
        "mape": 8.211368657418893
      },
      "linear": {
        "mae": 8.575868337626181,
        "rmse": 11.422860271288924,
        "r2": 0.9869005985148945,
        "mape": 7.77646026272905
      }
    },
    "val": {
      "xgboost": {
        "mae": 2.8615708220494938,
        "rmse": 8.93541133637044,
        "r2": 0.9422820422482413,
        "mape": 5.135724490882239
      },
      "lightgbm": {
        "mae": 3.0447744912601427,
        "rmse": 9.931702782066491,
        "r2": 0.9286934729319779,
        "mape": 4.8885461676184745
      },
      "catboost": {
        "mae": 3.3307368008023253,
        "rmse": 9.56534191668597,
        "r2": 0.9338571576792954,
        "mape": 5.667743926395684
      },
      "rf": {
        "mae": 4.792292297485604,
        "rmse": 12.436240347252184,
        "r2": 0.8881952976042582,
        "mape": 8.05035539470336
      },
      "gb": {
        "mae": 2.8077082492110006,
        "rmse": 9.72521391297861,
        "r2": 0.9316277012169066,
        "mape": 4.376443740031068
      },
      "ridge": {
        "mae": 6.917662971891957,
        "rmse": 12.057590545501412,
        "r2": 0.8948999505956878,
        "mape": 10.975976075173687
      },
      "linear": {
        "mae": 6.601452717478744,
        "rmse": 11.819247290585876,
        "r2": 0.8990139244962682,
        "mape": 10.122382532093578
      }
    },
    "test": {
      "xgboost": {
        "mae": 3.2061141472570225,
        "rmse": 5.759503683546279,
        "r2": 0.9751986510474085,
        "mape": 8.721741460693066
      },
      "lightgbm": {
        "mae": 4.058118842214003,
        "rmse": 6.681527331451861,
        "r2": 0.9666222789579705,
        "mape": 9.117577694203362
      },
      "catboost": {
        "mae": 3.697344465170299,
        "rmse": 6.123412580375182,
        "r2": 0.971965537984926,
        "mape": 9.511312993730375
      },
      "rf": {
        "mae": 4.333795062833046,
        "rmse": 7.274040985877251,
        "r2": 0.9604399647702134,
        "mape": 11.935309507204432
      },
      "gb": {
        "mae": 3.4743676308718006,
        "rmse": 6.29568409500531,
        "r2": 0.9703659480526223,
        "mape": 7.204307530598831
      },
      "ridge": {
        "mae": 10.451732501317647,
        "rmse": 13.682928367928929,
        "r2": 0.8600208703466886,
        "mape": 22.40493022452041
      },
      "linear": {
        "mae": 9.050433193923759,
        "rmse": 12.183766745918387,
        "r2": 0.8890139655885932,
        "mape": 19.58971818270278
      }
    },
    "cv_mae": {
      "xgboost": 2.6775687387544815,
      "lightgbm": 2.432322917904899,
      "catboost": 3.178706150281106,
      "rf": 2.1303367895532554,
      "gb": 2.3336074471651287,
      "ridge": 10.241100175256012,
      "linear": 9.399231078119474
    }
  }
}