{
  "trained_best_model": "gb",
  "new_test_metrics": {
    "mae": 5.7638431174394595,
    "rmse": 9.790363240095413,
    "r2": 0.9566667175101946,
    "mape": 7.815180121855389
  },
  "cv_mae": {
    "xgboost": 2.654895216238242,
    "lightgbm": 2.390491846449545,
    "catboost": 3.138403222880822,
    "rf": 2.2270981669320866,
    "gb": 2.1910339569109034,
    "ridge": 9.823417081795862,
    "linear": 8.942343659411534
  },
  "test_mae_all": {
    "xgboost": 3.379180324298679,
    "lightgbm": 3.917186329181018,
    "catboost": 3.361144963411065,
    "rf": 3.2566032421424183,
    "gb": 5.7638431174394595,
    "ridge": 11.60850412890913,
    "linear": 9.959011272260494
  },
  "historical_best_cv_mae": 2.042469801781462,
  "is_new_historical_best": false,
  "features": [
    "pm2_5",
    "pm10",
    "co",
    "no2",
    "so2",
    "month_cos",
    "total_pm",
    "total_gases",
    "no2_o3_ratio",
    "pm2_5_rolling_3h",
    "pm10_rolling_3h",
    "co_rolling_3h",
    "pm2_5_co_interaction",
    "hour_sin",
    "hour_cos"
  ],
  "scaler_needed": false,
  "all_models_saved": [
    "model_xgboost.pkl",
    "model_lightgbm.pkl",
    "model_catboost.pkl",
    "model_rf.pkl",
    "model_gb.pkl",
    "model_ridge.pkl",
    "model_linear.pkl"
  ],
  "all_metrics": {
    "train": {
      "xgboost": {
        "mae": 1.7913372723479248,
        "rmse": 3.3238887069555654,
        "r2": 0.9988242759770151,
        "mape": 1.4867170446399252
      },
      "lightgbm": {
        "mae": 1.8117033476992888,
        "rmse": 3.746311177325032,
        "r2": 0.9985064487138435,
        "mape": 1.5129702067616677
      },
      "catboost": {
        "mae": 1.870204470581409,
        "rmse": 2.987993834731144,
        "r2": 0.9990498944868553,
        "mape": 1.5823642784029786
      },
      "rf": {
        "mae": 1.1819065150000498,
        "rmse": 3.906779596248833,
        "r2": 0.9983757597597821,
        "mape": 1.1635806708209013
      },
      "gb": {
        "mae": 1.3725621090395967,
        "rmse": 2.9501536054471,
        "r2": 0.999073806557217,
        "mape": 1.1956859725567985
      },
      "ridge": {
        "mae": 8.603876319972365,
        "rmse": 11.471590911072477,
        "r2": 0.9859957535013181,
        "mape": 8.102653302069008
      },
      "linear": {
        "mae": 8.308085517278665,
        "rmse": 11.147010147383982,
        "r2": 0.9867770231673355,
        "mape": 7.6918114773387325
      }
    },
    "val": {
      "xgboost": {
        "mae": 2.7175899096275575,
        "rmse": 9.046464617620053,
        "r2": 0.9386428551534591,
        "mape": 4.487287966840222
      },
      "lightgbm": {
        "mae": 2.754025334616437,
        "rmse": 10.217450141554307,
        "r2": 0.9217305253746907,
        "mape": 4.055679935468359
      },
      "catboost": {
        "mae": 2.956658445042904,
        "rmse": 8.828326617644716,
        "r2": 0.9415661974455907,
        "mape": 4.822146190185595
      },
      "rf": {
        "mae": 3.358903901025772,
        "rmse": 11.850050197820975,
        "r2": 0.8947195471094578,
        "mape": 5.8237085117542104
      },
      "gb": {
        "mae": 2.6707113408526757,
        "rmse": 9.753592485842631,
        "r2": 0.9286758545145631,
        "mape": 3.895481369445317
      },
      "ridge": {
        "mae": 6.3220769751419885,
        "rmse": 11.55426863391168,
        "r2": 0.8999096321158837,
        "mape": 10.221509950809388
      },
      "linear": {
        "mae": 5.973810767308446,
        "rmse": 11.39961557064202,
        "r2": 0.9025711051939901,
        "mape": 9.344868614051109
      }
    },
    "test": {
      "xgboost": {
        "mae": 3.379180324298679,
        "rmse": 5.515136586944774,
        "r2": 0.9862489290534457,
        "mape": 7.644367786144311
      },
      "lightgbm": {
        "mae": 3.917186329181018,
        "rmse": 6.088012693535403,
        "r2": 0.9832438177195039,
        "mape": 7.8393322015596745
      },
      "catboost": {
        "mae": 3.361144963411065,
        "rmse": 5.5041953859760415,
        "r2": 0.9863034350444067,
        "mape": 8.103462513653442
      },
      "rf": {
        "mae": 3.2566032421424183,
        "rmse": 6.402353837214761,
        "r2": 0.9814688094140093,
        "mape": 9.917984283404362
      },
      "gb": {
        "mae": 5.7638431174394595,
        "rmse": 9.790363240095413,
        "r2": 0.9566667175101946,
        "mape": 7.815180121855389
      },
      "ridge": {
        "mae": 11.60850412890913,
        "rmse": 14.456469620605812,
        "r2": 0.9055181315013044,
        "mape": 22.350942694333295
      },
      "linear": {
        "mae": 9.959011272260494,
        "rmse": 12.767462723979275,
        "r2": 0.9263058227270047,
        "mape": 19.560781699044508
      }
    },
    "cv_mae": {
      "xgboost": 2.654895216238242,
      "lightgbm": 2.390491846449545,
      "catboost": 3.138403222880822,
      "rf": 2.2270981669320866,
      "gb": 2.1910339569109034,
      "ridge": 9.823417081795862,
      "linear": 8.942343659411534
    }
  }
}