{
  "trained_best_model": "rf",
  "new_test_metrics": {
    "mae": 3.3603287801544397,
    "rmse": 6.553208128083813,
    "r2": 0.9764284637672626,
    "mape": 10.21448251829682
  },
  "cv_mae": {
    "xgboost": 2.707543320105267,
    "lightgbm": 2.4944227044880445,
    "catboost": 3.102411203288668,
    "rf": 2.2300278097089836,
    "gb": 2.2826765067394676,
    "ridge": 9.757588388047932,
    "linear": 9.207775144261465
  },
  "test_mae_all": {
    "xgboost": 3.3527142724705152,
    "lightgbm": 4.421420345547172,
    "catboost": 3.9838645375302377,
    "rf": 3.3603287801544393,
    "gb": 4.498320949605363,
    "ridge": 11.1579631481406,
    "linear": 9.543064177028768
  },
  "historical_best_cv_mae": 2.042469801781462,
  "is_new_historical_best": false,
  "features": [
    "pm2_5",
    "pm10",
    "co",
    "no2",
    "so2",
    "month_cos",
    "total_pm",
    "total_gases",
    "no2_o3_ratio",
    "pm2_5_rolling_3h",
    "pm10_rolling_3h",
    "co_rolling_3h",
    "pm2_5_co_interaction",
    "hour_sin",
    "hour_cos"
  ],
  "scaler_needed": false,
  "all_models_saved": [
    "model_xgboost.pkl",
    "model_lightgbm.pkl",
    "model_catboost.pkl",
    "model_rf.pkl",
    "model_gb.pkl",
    "model_ridge.pkl",
    "model_linear.pkl"
  ],
  "all_metrics": {
    "train": {
      "xgboost": {
        "mae": 1.8440340499977466,
        "rmse": 3.3712867780796123,
        "r2": 0.9988318648922346,
        "mape": 1.4941788262168636
      },
      "lightgbm": {
        "mae": 1.5473407709761284,
        "rmse": 3.0891578942239377,
        "r2": 0.9990191967518389,
        "mape": 1.2847794041085987
      },
      "catboost": {
        "mae": 1.9098088924577163,
        "rmse": 3.0120992795655774,
        "r2": 0.9990675184524751,
        "mape": 1.597286068673183
      },
      "rf": {
        "mae": 1.1760257667566327,
        "rmse": 3.8796816621847086,
        "r2": 0.9984529873455222,
        "mape": 1.1536470148198348
      },
      "gb": {
        "mae": 1.3908482684574328,
        "rmse": 2.9516487122432595,
        "r2": 0.9991045712792779,
        "mape": 1.201077619203318
      },
      "ridge": {
        "mae": 8.717530568025266,
        "rmse": 11.594182511134546,
        "r2": 0.9861840120039929,
        "mape": 8.104963187684143
      },
      "linear": {
        "mae": 8.412251495660986,
        "rmse": 11.267593874712588,
        "r2": 0.9869513959760573,
        "mape": 7.685889410836448
      }
    },
    "val": {
      "xgboost": {
        "mae": 2.85583003144286,
        "rmse": 9.264212723378453,
        "r2": 0.936240160589838,
        "mape": 4.795469412228838
      },
      "lightgbm": {
        "mae": 2.7873492453005846,
        "rmse": 10.191984663012075,
        "r2": 0.9228301421838874,
        "mape": 4.322049603866527
      },
      "catboost": {
        "mae": 3.347983100259769,
        "rmse": 10.091526991119066,
        "r2": 0.9243439001173,
        "mape": 5.843758047995004
      },
      "rf": {
        "mae": 3.487795317878623,
        "rmse": 11.898745563724404,
        "r2": 0.8948201534278635,
        "mape": 6.083480963598579
      },
      "gb": {
        "mae": 2.681837762014824,
        "rmse": 9.649784579641306,
        "r2": 0.930822412269021,
        "mape": 4.114344971908861
      },
      "ridge": {
        "mae": 6.4967119450565445,
        "rmse": 11.674519487814896,
        "r2": 0.8987469285695583,
        "mape": 10.391349952808566
      },
      "linear": {
        "mae": 6.252610350507713,
        "rmse": 11.540666534425926,
        "r2": 0.9010554308251898,
        "mape": 9.641856796619516
      }
    },
    "test": {
      "xgboost": {
        "mae": 3.3527142724705152,
        "rmse": 5.62032587618074,
        "r2": 0.9826618418440216,
        "mape": 7.827989540206222
      },
      "lightgbm": {
        "mae": 4.421420345547172,
        "rmse": 7.237341452907944,
        "r2": 0.9712499839828181,
        "mape": 8.237724881553648
      },
      "catboost": {
        "mae": 3.9838645375302377,
        "rmse": 6.6052766775303,
        "r2": 0.9760524001425797,
        "mape": 9.985732005411576
      },
      "rf": {
        "mae": 3.3603287801544393,
        "rmse": 6.553208128083813,
        "r2": 0.9764284637672626,
        "mape": 10.21448251829682
      },
      "gb": {
        "mae": 4.498320949605363,
        "rmse": 7.771979934566086,
        "r2": 0.9668454370994997,
        "mape": 7.26189653561589
      },
      "ridge": {
        "mae": 11.1579631481406,
        "rmse": 14.176549024156929,
        "r2": 0.889688443270266,
        "mape": 22.23010200982716
      },
      "linear": {
        "mae": 9.543064177028768,
        "rmse": 12.523774132929649,
        "r2": 0.913910453850863,
        "mape": 19.395607908109422
      }
    },
    "cv_mae": {
      "xgboost": 2.707543320105267,
      "lightgbm": 2.4944227044880445,
      "catboost": 3.102411203288668,
      "rf": 2.2300278097089836,
      "gb": 2.2826765067394676,
      "ridge": 9.757588388047932,
      "linear": 9.207775144261465
    }
  }
}