{
  "trained_best_model": "rf",
  "new_test_metrics": {
    "mae": 3.3608041022732116,
    "rmse": 6.606000587715348,
    "r2": 0.9760750960647047,
    "mape": 10.296908173655515
  },
  "cv_mae": {
    "xgboost": 2.6889895299176176,
    "lightgbm": 2.5140922073971668,
    "catboost": 3.0775885596571237,
    "rf": 2.23649257953815,
    "gb": 2.2662910563724386,
    "ridge": 9.775982500912482,
    "linear": 9.229281074897024
  },
  "test_mae_all": {
    "xgboost": 3.088142627928294,
    "lightgbm": 3.5526092908880917,
    "catboost": 3.8357431693224844,
    "rf": 3.3608041022732134,
    "gb": 5.120465401954141,
    "ridge": 11.162648114882094,
    "linear": 9.540722438557546
  },
  "historical_best_cv_mae": 2.042469801781462,
  "is_new_historical_best": false,
  "features": [
    "pm2_5",
    "pm10",
    "co",
    "no2",
    "so2",
    "month_cos",
    "total_pm",
    "total_gases",
    "no2_o3_ratio",
    "pm2_5_rolling_3h",
    "pm10_rolling_3h",
    "co_rolling_3h",
    "pm2_5_co_interaction",
    "hour_sin",
    "hour_cos"
  ],
  "scaler_needed": false,
  "all_models_saved": [
    "model_xgboost.pkl",
    "model_lightgbm.pkl",
    "model_catboost.pkl",
    "model_rf.pkl",
    "model_gb.pkl",
    "model_ridge.pkl",
    "model_linear.pkl"
  ],
  "all_metrics": {
    "train": {
      "xgboost": {
        "mae": 1.806805936790959,
        "rmse": 3.3435640532002626,
        "r2": 0.9988509719264894,
        "mape": 1.4800117702660975
      },
      "lightgbm": {
        "mae": 1.767211701634051,
        "rmse": 3.584710302044678,
        "r2": 0.9986792534872434,
        "mape": 1.45791781729066
      },
      "catboost": {
        "mae": 1.9224498674024915,
        "rmse": 3.0257833305312154,
        "r2": 0.9990590056914823,
        "mape": 1.6164143435601745
      },
      "rf": {
        "mae": 1.17675362679847,
        "rmse": 3.8689037610030743,
        "r2": 0.9984615364956888,
        "mape": 1.1533134629908404
      },
      "gb": {
        "mae": 1.3997811053890683,
        "rmse": 2.9846208960174643,
        "r2": 0.9990844339184239,
        "mape": 1.2133131254155183
      },
      "ridge": {
        "mae": 8.716555411099803,
        "rmse": 11.593274991481149,
        "r2": 0.9861858674271495,
        "mape": 8.105623704906087
      },
      "linear": {
        "mae": 8.411033580709343,
        "rmse": 11.266633553673904,
        "r2": 0.9869533298350807,
        "mape": 7.686281369392464
      }
    },
    "val": {
      "xgboost": {
        "mae": 2.782875182966119,
        "rmse": 9.101785210014715,
        "r2": 0.938407500762241,
        "mape": 4.586475404346421
      },
      "lightgbm": {
        "mae": 2.906265708853029,
        "rmse": 10.446884003425241,
        "r2": 0.9188575331261557,
        "mape": 4.421953475263132
      },
      "catboost": {
        "mae": 3.4695933403187893,
        "rmse": 10.010865081784829,
        "r2": 0.9254894312463251,
        "mape": 5.899939550784347
      },
      "rf": {
        "mae": 3.501831978343074,
        "rmse": 11.93462824692976,
        "r2": 0.894100855159088,
        "mape": 6.128837483778956
      },
      "gb": {
        "mae": 2.7313309756141666,
        "rmse": 9.931368454072784,
        "r2": 0.9266681146420878,
        "mape": 4.133134601947021
      },
      "ridge": {
        "mae": 6.48949439581835,
        "rmse": 11.668541598138926,
        "r2": 0.8987703304018979,
        "mape": 10.387087245740892
      },
      "linear": {
        "mae": 6.247458808692879,
        "rmse": 11.535526394123073,
        "r2": 0.9010651052229269,
        "mape": 9.639310262659219
      }
    },
    "test": {
      "xgboost": {
        "mae": 3.088142627928294,
        "rmse": 5.28052111564157,
        "r2": 0.9847128490526356,
        "mape": 7.334639378646147
      },
      "lightgbm": {
        "mae": 3.5526092908880917,
        "rmse": 5.821926465468327,
        "r2": 0.9814174025871478,
        "mape": 7.922041437776025
      },
      "catboost": {
        "mae": 3.8357431693224844,
        "rmse": 6.412985902955944,
        "r2": 0.9774527511982439,
        "mape": 9.768219265945193
      },
      "rf": {
        "mae": 3.3608041022732134,
        "rmse": 6.606000587715348,
        "r2": 0.9760750960647047,
        "mape": 10.296908173655517
      },
      "gb": {
        "mae": 5.120465401954141,
        "rmse": 8.935857635823178,
        "r2": 0.9562230531835803,
        "mape": 7.787433464955962
      },
      "ridge": {
        "mae": 11.162648114882094,
        "rmse": 14.17612963459755,
        "r2": 0.8898236606565668,
        "mape": 22.23284112524398
      },
      "linear": {
        "mae": 9.540722438557546,
        "rmse": 12.520839449257945,
        "r2": 0.9140511876006275,
        "mape": 19.39211551946178
      }
    },
    "cv_mae": {
      "xgboost": 2.6889895299176176,
      "lightgbm": 2.5140922073971668,
      "catboost": 3.0775885596571237,
      "rf": 2.23649257953815,
      "gb": 2.2662910563724386,
      "ridge": 9.775982500912482,
      "linear": 9.229281074897024
    }
  }
}