{
  "trained_best_model": "xgboost",
  "new_test_metrics": {
    "mae": 3.8677236559727732,
    "rmse": 5.729388415851552,
    "r2": 0.9749185581342776,
    "mape": 9.127300921048999
  },
  "cv_mae": {
    "xgboost": 2.096252251044645,
    "lightgbm": 2.2343771844663314,
    "catboost": 3.4798818300525207,
    "rf": 2.246429393820447,
    "gb": 2.3303397973545232,
    "ridge": 10.572435690349211,
    "linear": 9.619279399786494
  },
  "test_mae_all": {
    "xgboost": 3.8677236559727732,
    "lightgbm": 3.7037923259030605,
    "catboost": 4.627359612047929,
    "rf": 5.378228081470077,
    "gb": 4.146860470314619,
    "ridge": 10.262495215250715,
    "linear": 8.862892227641131
  },
  "historical_best_cv_mae": 2.0495682714503336,
  "is_new_historical_best": false,
  "features": [
    "pm2_5",
    "pm10",
    "co",
    "no2",
    "so2",
    "month_cos",
    "total_pm",
    "total_gases",
    "no2_o3_ratio",
    "pm2_5_rolling_3h",
    "pm10_rolling_3h",
    "co_rolling_3h",
    "pm2_5_co_interaction",
    "hour_sin",
    "hour_cos"
  ],
  "scaler_needed": false,
  "all_models_saved": [
    "model_xgboost.pkl",
    "model_lightgbm.pkl",
    "model_catboost.pkl",
    "model_rf.pkl",
    "model_gb.pkl",
    "model_ridge.pkl",
    "model_linear.pkl"
  ],
  "all_metrics": {
    "train": {
      "xgboost": {
        "mae": 1.122681107617482,
        "rmse": 1.9657828810880986,
        "r2": 0.9996136369975194,
        "mape": 0.9488596110815274
      },
      "lightgbm": {
        "mae": 0.986939968770343,
        "rmse": 1.9178824376638863,
        "r2": 0.9996322366900724,
        "mape": 0.8198161157439133
      },
      "catboost": {
        "mae": 1.9888495727849467,
        "rmse": 3.0622507739178473,
        "r2": 0.9990624251672849,
        "mape": 1.6068359990068453
      },
      "rf": {
        "mae": 1.1602968936186353,
        "rmse": 3.7795990891862536,
        "r2": 0.9985717116091545,
        "mape": 1.131696991721335
      },
      "gb": {
        "mae": 1.4451405682961955,
        "rmse": 3.0288812572570847,
        "r2": 0.9990827474441825,
        "mape": 1.2225712126606754
      },
      "ridge": {
        "mae": 8.997207112648605,
        "rmse": 11.85076235187725,
        "r2": 0.9859583865509506,
        "mape": 8.24611870779075
      },
      "linear": {
        "mae": 8.673445410010979,
        "rmse": 11.50498286003668,
        "r2": 0.9867658398169941,
        "mape": 7.81011432249088
      }
    },
    "val": {
      "xgboost": {
        "mae": 3.2627589604625964,
        "rmse": 8.81464860704506,
        "r2": 0.9445642833563197,
        "mape": 5.626251260820844
      },
      "lightgbm": {
        "mae": 2.8386761391500843,
        "rmse": 9.120214680741489,
        "r2": 0.9406542283896506,
        "mape": 4.76523563945804
      },
      "catboost": {
        "mae": 4.419307147550699,
        "rmse": 11.10095472326332,
        "r2": 0.912077440773226,
        "mape": 6.651106137029976
      },
      "rf": {
        "mae": 5.568351596208613,
        "rmse": 12.53037674674788,
        "r2": 0.8879768149916285,
        "mape": 9.29676952383612
      },
      "gb": {
        "mae": 3.037445871684379,
        "rmse": 10.007119269613547,
        "r2": 0.9285507276614461,
        "mape": 4.949111847498602
      },
      "ridge": {
        "mae": 7.058726169771854,
        "rmse": 12.167704112578175,
        "r2": 0.8943676506996275,
        "mape": 11.326200521434565
      },
      "linear": {
        "mae": 6.677322346158792,
        "rmse": 11.831250413405234,
        "r2": 0.900128642918534,
        "mape": 10.446552624796347
      }
    },
    "test": {
      "xgboost": {
        "mae": 3.8677236559727732,
        "rmse": 5.729388415851552,
        "r2": 0.9749185581342776,
        "mape": 9.127300921048999
      },
      "lightgbm": {
        "mae": 3.7037923259030605,
        "rmse": 5.399524372678681,
        "r2": 0.9777234988397266,
        "mape": 8.673121660022263
      },
      "catboost": {
        "mae": 4.627359612047929,
        "rmse": 6.499927661679478,
        "r2": 0.967718551419931,
        "mape": 10.06749101795266
      },
      "rf": {
        "mae": 5.378228081470077,
        "rmse": 7.705217763772661,
        "r2": 0.954636578603534,
        "mape": 13.255985340293785
      },
      "gb": {
        "mae": 4.146860470314619,
        "rmse": 7.0292503908386115,
        "r2": 0.9622467802923405,
        "mape": 8.82643213590956
      },
      "ridge": {
        "mae": 10.262495215250715,
        "rmse": 13.666422985924658,
        "r2": 0.8572928658487661,
        "mape": 22.338511260570385
      },
      "linear": {
        "mae": 8.862892227641131,
        "rmse": 12.159584855740995,
        "r2": 0.8870273116217117,
        "mape": 19.471713515145506
      }
    },
    "cv_mae": {
      "xgboost": 2.096252251044645,
      "lightgbm": 2.2343771844663314,
      "catboost": 3.4798818300525207,
      "rf": 2.246429393820447,
      "gb": 2.3303397973545232,
      "ridge": 10.572435690349211,
      "linear": 9.619279399786494
    }
  }
}