{
  "trained_best_model": "rf",
  "new_test_metrics": {
    "mae": 4.887966101770676,
    "rmse": 7.543660111016253,
    "r2": 0.9563588155297041,
    "mape": 12.50693777276211
  },
  "cv_mae": {
    "xgboost": 2.6893126814332726,
    "lightgbm": 2.473489568246177,
    "catboost": 3.4080936951674987,
    "rf": 2.1661351960907305,
    "gb": 2.276845280786311,
    "ridge": 10.536556862978344,
    "linear": 9.755869655765327
  },
  "test_mae_all": {
    "xgboost": 3.687596925961308,
    "lightgbm": 3.986357126235675,
    "catboost": 3.990687079237732,
    "rf": 4.887966101770676,
    "gb": 4.044622680659116,
    "ridge": 10.4658655215984,
    "linear": 9.074806110987897
  },
  "historical_best_cv_mae": 2.042469801781462,
  "is_new_historical_best": false,
  "features": [
    "pm2_5",
    "pm10",
    "co",
    "no2",
    "so2",
    "month_cos",
    "total_pm",
    "total_gases",
    "no2_o3_ratio",
    "pm2_5_rolling_3h",
    "pm10_rolling_3h",
    "co_rolling_3h",
    "pm2_5_co_interaction",
    "hour_sin",
    "hour_cos"
  ],
  "scaler_needed": false,
  "all_models_saved": [
    "model_xgboost.pkl",
    "model_lightgbm.pkl",
    "model_catboost.pkl",
    "model_rf.pkl",
    "model_gb.pkl",
    "model_ridge.pkl",
    "model_linear.pkl"
  ],
  "all_metrics": {
    "train": {
      "xgboost": {
        "mae": 1.8471830572400774,
        "rmse": 3.3704602623236504,
        "r2": 0.998855472582943,
        "mape": 1.4718333853350731
      },
      "lightgbm": {
        "mae": 1.7005795545458693,
        "rmse": 3.337136043162714,
        "r2": 0.9988779929091567,
        "mape": 1.37250964232343
      },
      "catboost": {
        "mae": 1.9787252131471003,
        "rmse": 3.135925781204572,
        "r2": 0.9990092152134303,
        "mape": 1.614777135518866
      },
      "rf": {
        "mae": 1.1502821274842339,
        "rmse": 3.8259776602273243,
        "r2": 0.9985252016671553,
        "mape": 1.1230626269187032
      },
      "gb": {
        "mae": 1.388901018468108,
        "rmse": 2.971699792736035,
        "r2": 0.999110271204991,
        "mape": 1.1818325540482681
      },
      "ridge": {
        "mae": 8.971350350839264,
        "rmse": 11.814901081030136,
        "r2": 0.9859360291343302,
        "mape": 8.24333316178064
      },
      "linear": {
        "mae": 8.635620315883616,
        "rmse": 11.457564765631922,
        "r2": 0.9867738811809487,
        "mape": 7.792086619700239
      }
    },
    "val": {
      "xgboost": {
        "mae": 2.7774067926624593,
        "rmse": 8.988229789438066,
        "r2": 0.9390738556810788,
        "mape": 5.244005766061112
      },
      "lightgbm": {
        "mae": 2.8421481687152568,
        "rmse": 10.108276800199102,
        "r2": 0.9229434407362236,
        "mape": 4.680918101820331
      },
      "catboost": {
        "mae": 3.6620556905070045,
        "rmse": 10.206040007098016,
        "r2": 0.9214457124865527,
        "mape": 6.2428172765300936
      },
      "rf": {
        "mae": 5.21121577247266,
        "rmse": 12.490042858395226,
        "r2": 0.8823523603660184,
        "mape": 8.72190945368585
      },
      "gb": {
        "mae": 2.7226541380295646,
        "rmse": 9.762490579389691,
        "r2": 0.9281252053810523,
        "mape": 4.5717724554752035
      },
      "ridge": {
        "mae": 6.814665544284719,
        "rmse": 11.900745430009678,
        "r2": 0.8931920224463599,
        "mape": 11.164527287446111
      },
      "linear": {
        "mae": 6.441358361066278,
        "rmse": 11.620710838422564,
        "r2": 0.898159446648102,
        "mape": 10.210247476619896
      }
    },
    "test": {
      "xgboost": {
        "mae": 3.687596925961308,
        "rmse": 6.593698352568425,
        "r2": 0.9666580915425576,
        "mape": 9.730255317345025
      },
      "lightgbm": {
        "mae": 3.986357126235675,
        "rmse": 6.754361914135766,
        "r2": 0.9650134628860256,
        "mape": 9.322118613324069
      },
      "catboost": {
        "mae": 3.990687079237732,
        "rmse": 6.553952714767355,
        "r2": 0.9670588382330113,
        "mape": 10.104583555665789
      },
      "rf": {
        "mae": 4.887966101770676,
        "rmse": 7.543660111016253,
        "r2": 0.9563588155297041,
        "mape": 12.50693777276211
      },
      "gb": {
        "mae": 4.044622680659116,
        "rmse": 7.22686877345463,
        "r2": 0.9599472221412964,
        "mape": 8.730854941109156
      },
      "ridge": {
        "mae": 10.4658655215984,
        "rmse": 13.744059164892755,
        "r2": 0.8551353783856885,
        "mape": 22.595794249198704
      },
      "linear": {
        "mae": 9.074806110987897,
        "rmse": 12.25953207138311,
        "r2": 0.8847396079314798,
        "mape": 19.71644509763704
      }
    },
    "cv_mae": {
      "xgboost": 2.6893126814332726,
      "lightgbm": 2.473489568246177,
      "catboost": 3.4080936951674987,
      "rf": 2.1661351960907305,
      "gb": 2.276845280786311,
      "ridge": 10.536556862978344,
      "linear": 9.755869655765327
    }
  }
}