{
  "trained_best_model": "rf",
  "new_test_metrics": {
    "mae": 3.698845737221396,
    "rmse": 6.826971138006993,
    "r2": 0.9675339530262362,
    "mape": 10.73586855555572
  },
  "cv_mae": {
    "xgboost": 2.612655370902642,
    "lightgbm": 2.4350770964842163,
    "catboost": 3.2740310262955736,
    "rf": 2.1744452113795534,
    "gb": 2.296089223073877,
    "ridge": 10.192714358455541,
    "linear": 9.390676813167936
  },
  "test_mae_all": {
    "xgboost": 3.296081376994047,
    "lightgbm": 4.112062521296323,
    "catboost": 3.896897714566536,
    "rf": 3.6988457372213968,
    "gb": 3.872866406669844,
    "ridge": 10.477434660088635,
    "linear": 9.039836544976279
  },
  "historical_best_cv_mae": 2.042469801781462,
  "is_new_historical_best": false,
  "features": [
    "pm2_5",
    "pm10",
    "co",
    "no2",
    "so2",
    "month_cos",
    "total_pm",
    "total_gases",
    "no2_o3_ratio",
    "pm2_5_rolling_3h",
    "pm10_rolling_3h",
    "co_rolling_3h",
    "pm2_5_co_interaction",
    "hour_sin",
    "hour_cos"
  ],
  "scaler_needed": false,
  "all_models_saved": [
    "model_xgboost.pkl",
    "model_lightgbm.pkl",
    "model_catboost.pkl",
    "model_rf.pkl",
    "model_gb.pkl",
    "model_ridge.pkl",
    "model_linear.pkl"
  ],
  "all_metrics": {
    "train": {
      "xgboost": {
        "mae": 1.8393056481318464,
        "rmse": 3.3555393316809288,
        "r2": 0.998868554176276,
        "mape": 1.4827666561527018
      },
      "lightgbm": {
        "mae": 1.712338173483821,
        "rmse": 3.396360884458348,
        "r2": 0.9988408576927742,
        "mape": 1.3924665812572379
      },
      "catboost": {
        "mae": 1.882343239386195,
        "rmse": 2.9689861190246694,
        "r2": 0.9991142208965579,
        "mape": 1.5571388260271999
      },
      "rf": {
        "mae": 1.159274186160418,
        "rmse": 3.8730896232506256,
        "r2": 0.9984926149987965,
        "mape": 1.1327906354385888
      },
      "gb": {
        "mae": 1.391408777996073,
        "rmse": 2.936789529902267,
        "r2": 0.9991333280462679,
        "mape": 1.2038553272962649
      },
      "ridge": {
        "mae": 8.879489366087439,
        "rmse": 11.7510972671169,
        "r2": 0.9861239473694453,
        "mape": 8.210048924140182
      },
      "linear": {
        "mae": 8.55952307421932,
        "rmse": 11.408090246054133,
        "r2": 0.9869221909325758,
        "mape": 7.774556371608457
      }
    },
    "val": {
      "xgboost": {
        "mae": 2.867626442756827,
        "rmse": 9.006539547856706,
        "r2": 0.9414455425090191,
        "mape": 4.976041983726101
      },
      "lightgbm": {
        "mae": 3.1313395097106516,
        "rmse": 10.277318662248968,
        "r2": 0.923756348755158,
        "mape": 4.924406127056018
      },
      "catboost": {
        "mae": 3.2813269186630345,
        "rmse": 10.389652582491102,
        "r2": 0.9220805116914051,
        "mape": 5.592676786069827
      },
      "rf": {
        "mae": 4.1073145291530055,
        "rmse": 12.153510418531978,
        "r2": 0.893377830252445,
        "mape": 6.834128962255121
      },
      "gb": {
        "mae": 2.772236601424787,
        "rmse": 9.456336177048247,
        "r2": 0.9354509511438754,
        "mape": 4.353439662808221
      },
      "ridge": {
        "mae": 6.759871727351248,
        "rmse": 11.97318726833114,
        "r2": 0.8965182912859315,
        "mape": 10.66625558734561
      },
      "linear": {
        "mae": 6.500556042009983,
        "rmse": 11.766979228355527,
        "r2": 0.9000520215470023,
        "mape": 9.920254442375759
      }
    },
    "test": {
      "xgboost": {
        "mae": 3.296081376994047,
        "rmse": 5.7149682046406145,
        "r2": 0.9772489777007016,
        "mape": 8.173078186640607
      },
      "lightgbm": {
        "mae": 4.112062521296323,
        "rmse": 6.7901049348622635,
        "r2": 0.96788364491162,
        "mape": 9.001670430745538
      },
      "catboost": {
        "mae": 3.896897714566536,
        "rmse": 6.5158514406845764,
        "r2": 0.9704256214848468,
        "mape": 9.64152244445957
      },
      "rf": {
        "mae": 3.6988457372213968,
        "rmse": 6.826971138006994,
        "r2": 0.9675339530262362,
        "mape": 10.735868555555719
      },
      "gb": {
        "mae": 3.872866406669844,
        "rmse": 7.070355599240109,
        "r2": 0.9651778330862671,
        "mape": 7.4241505151672715
      },
      "ridge": {
        "mae": 10.477434660088635,
        "rmse": 13.675687136272169,
        "r2": 0.869721847086854,
        "mape": 22.247109605138093
      },
      "linear": {
        "mae": 9.039836544976279,
        "rmse": 12.17718045128589,
        "r2": 0.8967079818995217,
        "mape": 19.423063427596627
      }
    },
    "cv_mae": {
      "xgboost": 2.612655370902642,
      "lightgbm": 2.4350770964842163,
      "catboost": 3.2740310262955736,
      "rf": 2.1744452113795534,
      "gb": 2.296089223073877,
      "ridge": 10.192714358455541,
      "linear": 9.390676813167936
    }
  }
}