{
  "trained_best_model": "rf",
  "new_test_metrics": {
    "mae": 3.3377737833778736,
    "rmse": 6.625156610936585,
    "r2": 0.9768510339574537,
    "mape": 10.265151299436406
  },
  "cv_mae": {
    "xgboost": 2.7079460375462956,
    "lightgbm": 2.507727120159587,
    "catboost": 3.115086159222815,
    "rf": 2.2226361441111178,
    "gb": 2.2799725148348005,
    "ridge": 9.92674018291266,
    "linear": 9.332026047383557
  },
  "test_mae_all": {
    "xgboost": 3.3582591869011416,
    "lightgbm": 4.159762500675004,
    "catboost": 3.977081693917033,
    "rf": 3.3377737833778736,
    "gb": 5.2377692709408645,
    "ridge": 11.271950924217416,
    "linear": 9.632079614487491
  },
  "historical_best_cv_mae": 2.042469801781462,
  "is_new_historical_best": false,
  "features": [
    "pm2_5",
    "pm10",
    "co",
    "no2",
    "so2",
    "month_cos",
    "total_pm",
    "total_gases",
    "no2_o3_ratio",
    "pm2_5_rolling_3h",
    "pm10_rolling_3h",
    "co_rolling_3h",
    "pm2_5_co_interaction",
    "hour_sin",
    "hour_cos"
  ],
  "scaler_needed": false,
  "all_models_saved": [
    "model_xgboost.pkl",
    "model_lightgbm.pkl",
    "model_catboost.pkl",
    "model_rf.pkl",
    "model_gb.pkl",
    "model_ridge.pkl",
    "model_linear.pkl"
  ],
  "all_metrics": {
    "train": {
      "xgboost": {
        "mae": 1.7993579161221578,
        "rmse": 3.360922637947867,
        "r2": 0.9988331357086246,
        "mape": 1.4689297491318567
      },
      "lightgbm": {
        "mae": 1.63890336310252,
        "rmse": 3.310344979510691,
        "r2": 0.9988679911349989,
        "mape": 1.3474058809571337
      },
      "catboost": {
        "mae": 1.8553979077844673,
        "rmse": 2.9788014276221637,
        "r2": 0.9990833861304445,
        "mape": 1.56057309308413
      },
      "rf": {
        "mae": 1.1752451923643534,
        "rmse": 3.8890674515488883,
        "r2": 0.998437592665896,
        "mape": 1.14879372606391
      },
      "gb": {
        "mae": 1.3849305467739081,
        "rmse": 2.9547998623347307,
        "r2": 0.9990980977756886,
        "mape": 1.192771971878917
      },
      "ridge": {
        "mae": 8.715458788422664,
        "rmse": 11.586976621909802,
        "r2": 0.9861310501030993,
        "mape": 8.124004339411863
      },
      "linear": {
        "mae": 8.410089574230206,
        "rmse": 11.262005044844368,
        "r2": 0.9868980857453195,
        "mape": 7.702741393481778
      }
    },
    "val": {
      "xgboost": {
        "mae": 2.8443281073548476,
        "rmse": 9.186476255920699,
        "r2": 0.9369624975339196,
        "mape": 4.885010344540911
      },
      "lightgbm": {
        "mae": 2.79195679394667,
        "rmse": 10.367784798009605,
        "r2": 0.919707860116153,
        "mape": 4.46571266831964
      },
      "catboost": {
        "mae": 3.169162393612801,
        "rmse": 9.492225087373358,
        "r2": 0.932696578892214,
        "mape": 5.474334417111273
      },
      "rf": {
        "mae": 3.46606993477646,
        "rmse": 11.924287687646,
        "r2": 0.8937898615042164,
        "mape": 6.075503082134139
      },
      "gb": {
        "mae": 2.6540773192039713,
        "rmse": 9.806325758274236,
        "r2": 0.9281687016188349,
        "mape": 3.9228600754390137
      },
      "ridge": {
        "mae": 6.388928545382347,
        "rmse": 11.593703119941045,
        "r2": 0.8995972900738308,
        "mape": 10.338694971010183
      },
      "linear": {
        "mae": 6.120494715206196,
        "rmse": 11.4508015799691,
        "r2": 0.9020571216469512,
        "mape": 9.548692636718334
      }
    },
    "test": {
      "xgboost": {
        "mae": 3.3582591869011416,
        "rmse": 5.790095629253794,
        "r2": 0.9823188392269028,
        "mape": 8.28268043517605
      },
      "lightgbm": {
        "mae": 4.159762500675004,
        "rmse": 6.769924985109891,
        "r2": 0.9758283101624513,
        "mape": 8.290084387445233
      },
      "catboost": {
        "mae": 3.977081693917033,
        "rmse": 6.544953990169448,
        "r2": 0.9774081135919607,
        "mape": 9.54569959605724
      },
      "rf": {
        "mae": 3.3377737833778736,
        "rmse": 6.625156610936585,
        "r2": 0.9768510339574537,
        "mape": 10.265151299436406
      },
      "gb": {
        "mae": 5.2377692709408645,
        "rmse": 9.348354498535725,
        "r2": 0.9539096882389577,
        "mape": 7.452476182518058
      },
      "ridge": {
        "mae": 11.271950924217416,
        "rmse": 14.249292698557639,
        "r2": 0.89291567215416,
        "mape": 22.282149333880433
      },
      "linear": {
        "mae": 9.632079614487491,
        "rmse": 12.578806785189386,
        "r2": 0.9165515657294068,
        "mape": 19.43659522339913
      }
    },
    "cv_mae": {
      "xgboost": 2.7079460375462956,
      "lightgbm": 2.507727120159587,
      "catboost": 3.115086159222815,
      "rf": 2.2226361441111178,
      "gb": 2.2799725148348005,
      "ridge": 9.92674018291266,
      "linear": 9.332026047383557
    }
  }
}