{
  "trained_best_model": "rf",
  "new_test_metrics": {
    "mae": 5.362296357573058,
    "rmse": 7.903886769853163,
    "r2": 0.9520619611679882,
    "mape": 13.427047810836216
  },
  "cv_mae": {
    "xgboost": 2.805079567642361,
    "lightgbm": 2.595330328543073,
    "catboost": 3.618075612421219,
    "rf": 2.131885736163671,
    "gb": 2.2122809069579863,
    "ridge": 10.661990548827768,
    "linear": 9.936183274187176
  },
  "test_mae_all": {
    "xgboost": 3.7480310497202307,
    "lightgbm": 4.337346790014476,
    "catboost": 4.343168915944665,
    "rf": 5.362296357573058,
    "gb": 3.776313056329001,
    "ridge": 10.400201970893018,
    "linear": 8.973044729881925
  },
  "historical_best_cv_mae": 2.042469801781462,
  "is_new_historical_best": false,
  "features": [
    "pm2_5",
    "pm10",
    "co",
    "no2",
    "so2",
    "month_cos",
    "total_pm",
    "total_gases",
    "no2_o3_ratio",
    "pm2_5_rolling_3h",
    "pm10_rolling_3h",
    "co_rolling_3h",
    "pm2_5_co_interaction",
    "hour_sin",
    "hour_cos"
  ],
  "scaler_needed": false,
  "all_models_saved": [
    "model_xgboost.pkl",
    "model_lightgbm.pkl",
    "model_catboost.pkl",
    "model_rf.pkl",
    "model_gb.pkl",
    "model_ridge.pkl",
    "model_linear.pkl"
  ],
  "all_metrics": {
    "train": {
      "xgboost": {
        "mae": 1.8566257588161958,
        "rmse": 3.367344461963206,
        "r2": 0.9988617332804692,
        "mape": 1.4802062731274928
      },
      "lightgbm": {
        "mae": 1.696897819902553,
        "rmse": 3.356895532302554,
        "r2": 0.9988687864441053,
        "mape": 1.3637793191136878
      },
      "catboost": {
        "mae": 1.9563809885709298,
        "rmse": 3.0838979416304517,
        "r2": 0.9990452955587276,
        "mape": 1.5938442585273616
      },
      "rf": {
        "mae": 1.157800303871521,
        "rmse": 3.8302047311454466,
        "r2": 0.9985273046162921,
        "mape": 1.1287009634749008
      },
      "gb": {
        "mae": 1.4117607635478477,
        "rmse": 2.99461601511711,
        "r2": 0.9990997746581485,
        "mape": 1.210184915719387
      },
      "ridge": {
        "mae": 9.004328705319365,
        "rmse": 11.838992229470922,
        "r2": 0.9859298599682254,
        "mape": 8.265524050327556
      },
      "linear": {
        "mae": 8.664944959802291,
        "rmse": 11.477633684059523,
        "r2": 0.9867756702946934,
        "mape": 7.81080801326642
      }
    },
    "val": {
      "xgboost": {
        "mae": 2.8159543694970814,
        "rmse": 9.04171394036757,
        "r2": 0.938465743355885,
        "mape": 5.170773359853381
      },
      "lightgbm": {
        "mae": 3.045123252339957,
        "rmse": 10.165924304089375,
        "r2": 0.9222126142503994,
        "mape": 4.862539385089687
      },
      "catboost": {
        "mae": 4.027621416147371,
        "rmse": 10.234996826187135,
        "r2": 0.9211519680907788,
        "mape": 6.510273201451714
      },
      "rf": {
        "mae": 5.578798322542941,
        "rmse": 12.636289873696594,
        "r2": 0.8798138030970182,
        "mape": 9.406079788411734
      },
      "gb": {
        "mae": 2.7623393886339636,
        "rmse": 9.639111706404982,
        "r2": 0.9300658244329346,
        "mape": 4.489857746620371
      },
      "ridge": {
        "mae": 6.828742624501669,
        "rmse": 11.931355349314403,
        "r2": 0.8928493046473404,
        "mape": 11.189907656936615
      },
      "linear": {
        "mae": 6.485794550636055,
        "rmse": 11.659792908253323,
        "r2": 0.8976713824878254,
        "mape": 10.27923480586169
      }
    },
    "test": {
      "xgboost": {
        "mae": 3.7480310497202307,
        "rmse": 6.4566041246030474,
        "r2": 0.968010521413042,
        "mape": 9.653541696675
      },
      "lightgbm": {
        "mae": 4.337346790014476,
        "rmse": 7.130551727740306,
        "r2": 0.9609837870957133,
        "mape": 9.603523187016869
      },
      "catboost": {
        "mae": 4.343168915944665,
        "rmse": 6.745097565613868,
        "r2": 0.9650879528948441,
        "mape": 10.253997973681821
      },
      "rf": {
        "mae": 5.362296357573058,
        "rmse": 7.903886769853163,
        "r2": 0.9520619611679882,
        "mape": 13.427047810836216
      },
      "gb": {
        "mae": 3.776313056329001,
        "rmse": 6.845084527659461,
        "r2": 0.964045233403138,
        "mape": 7.955792553672328
      },
      "ridge": {
        "mae": 10.400201970893018,
        "rmse": 13.73274071553931,
        "r2": 0.8552850884253106,
        "mape": 22.517070012454337
      },
      "linear": {
        "mae": 8.973044729881925,
        "rmse": 12.213067682990493,
        "r2": 0.8855414154995312,
        "mape": 19.58007053087581
      }
    },
    "cv_mae": {
      "xgboost": 2.805079567642361,
      "lightgbm": 2.595330328543073,
      "catboost": 3.618075612421219,
      "rf": 2.131885736163671,
      "gb": 2.2122809069579863,
      "ridge": 10.661990548827768,
      "linear": 9.936183274187176
    }
  }
}