{
  "trained_best_model": "rf",
  "new_test_metrics": {
    "mae": 3.6266767414865955,
    "rmse": 6.75049317259257,
    "r2": 0.9728126288601232,
    "mape": 10.515707030240616
  },
  "cv_mae": {
    "xgboost": 2.620495901462383,
    "lightgbm": 2.44745646234085,
    "catboost": 3.123628767403077,
    "rf": 2.134473901983844,
    "gb": 2.1993092099682072,
    "ridge": 9.817944888164522,
    "linear": 9.163019080696078
  },
  "test_mae_all": {
    "xgboost": 3.2890704896412633,
    "lightgbm": 3.121948122082273,
    "catboost": 3.7351262746562175,
    "rf": 3.6266767414865955,
    "gb": 4.224158059373089,
    "ridge": 10.715408135278446,
    "linear": 9.240263643400073
  },
  "historical_best_cv_mae": 2.042469801781462,
  "is_new_historical_best": false,
  "features": [
    "pm2_5",
    "pm10",
    "co",
    "no2",
    "so2",
    "month_cos",
    "total_pm",
    "total_gases",
    "no2_o3_ratio",
    "pm2_5_rolling_3h",
    "pm10_rolling_3h",
    "co_rolling_3h",
    "pm2_5_co_interaction",
    "hour_sin",
    "hour_cos"
  ],
  "scaler_needed": false,
  "all_models_saved": [
    "model_xgboost.pkl",
    "model_lightgbm.pkl",
    "model_catboost.pkl",
    "model_rf.pkl",
    "model_gb.pkl",
    "model_ridge.pkl",
    "model_linear.pkl"
  ],
  "all_metrics": {
    "train": {
      "xgboost": {
        "mae": 1.8350239506128638,
        "rmse": 3.386676000070831,
        "r2": 0.998838256683544,
        "mape": 1.4891121683198953
      },
      "lightgbm": {
        "mae": 1.958045566494414,
        "rmse": 4.027454983246999,
        "r2": 0.9983570502825394,
        "mape": 1.6238420799307443
      },
      "catboost": {
        "mae": 1.8949846207218604,
        "rmse": 2.99262752905447,
        "r2": 0.9990928727448133,
        "mape": 1.5882141953386972
      },
      "rf": {
        "mae": 1.1690782407397824,
        "rmse": 3.866017450766722,
        "r2": 0.9984861233079896,
        "mape": 1.1465388607448206
      },
      "gb": {
        "mae": 1.4026422108657481,
        "rmse": 2.9997017625796456,
        "r2": 0.9990885789830395,
        "mape": 1.209496095892302
      },
      "ridge": {
        "mae": 8.802653365355209,
        "rmse": 11.675484124605608,
        "r2": 0.9861925754811368,
        "mape": 8.15691236236476
      },
      "linear": {
        "mae": 8.487689573151851,
        "rmse": 11.337944985022878,
        "r2": 0.9869793827380158,
        "mape": 7.728932929610369
      }
    },
    "val": {
      "xgboost": {
        "mae": 2.751597378351917,
        "rmse": 9.06316673167826,
        "r2": 0.9388474156609823,
        "mape": 4.815004559450021
      },
      "lightgbm": {
        "mae": 2.917662830479272,
        "rmse": 10.407172174201218,
        "r2": 0.919365600683826,
        "mape": 4.588470558478494
      },
      "catboost": {
        "mae": 3.316232151715454,
        "rmse": 9.694124546620476,
        "r2": 0.9300364132031749,
        "mape": 5.598052099510616
      },
      "rf": {
        "mae": 3.9899839729965816,
        "rmse": 12.123521485345405,
        "r2": 0.8905760346314313,
        "mape": 6.6500435896763355
      },
      "gb": {
        "mae": 2.57717422069203,
        "rmse": 9.77620235934705,
        "r2": 0.9288466681878867,
        "mape": 4.042468140191697
      },
      "ridge": {
        "mae": 6.524543759105721,
        "rmse": 11.78477593781513,
        "r2": 0.8966054766263677,
        "mape": 10.372256055951244
      },
      "linear": {
        "mae": 6.257016903372096,
        "rmse": 11.641496556310074,
        "r2": 0.8991043357035371,
        "mape": 9.600909464964591
      }
    },
    "test": {
      "xgboost": {
        "mae": 3.2890704896412633,
        "rmse": 5.596450769512309,
        "r2": 0.9813137744503083,
        "mape": 8.190753049044087
      },
      "lightgbm": {
        "mae": 3.121948122082273,
        "rmse": 5.326201043148605,
        "r2": 0.9830748969423795,
        "mape": 7.975979089792186
      },
      "catboost": {
        "mae": 3.7351262746562175,
        "rmse": 6.1643769173341765,
        "r2": 0.9773287961340582,
        "mape": 9.35143980642951
      },
      "rf": {
        "mae": 3.6266767414865955,
        "rmse": 6.75049317259257,
        "r2": 0.9728126288601232,
        "mape": 10.515707030240616
      },
      "gb": {
        "mae": 4.224158059373089,
        "rmse": 7.262045912425446,
        "r2": 0.9685359812822523,
        "mape": 7.328402585487989
      },
      "ridge": {
        "mae": 10.715408135278446,
        "rmse": 13.826478182003576,
        "r2": 0.8859436796246402,
        "mape": 22.08812522007105
      },
      "linear": {
        "mae": 9.240263643400073,
        "rmse": 12.277101861073819,
        "r2": 0.9100734505731871,
        "mape": 19.32234739657472
      }
    },
    "cv_mae": {
      "xgboost": 2.620495901462383,
      "lightgbm": 2.44745646234085,
      "catboost": 3.123628767403077,
      "rf": 2.134473901983844,
      "gb": 2.1993092099682072,
      "ridge": 9.817944888164522,
      "linear": 9.163019080696078
    }
  }
}