{
  "trained_best_model": "gb",
  "new_test_metrics": {
    "mae": 5.670289737719502,
    "rmse": 9.525324151226462,
    "r2": 0.9588737656229501,
    "mape": 7.148782695149657
  },
  "cv_mae": {
    "xgboost": 2.5609572248216246,
    "lightgbm": 2.370408766782441,
    "catboost": 3.2909001733334207,
    "rf": 2.2230377066424363,
    "gb": 2.1700421608077485,
    "ridge": 9.691333279366837,
    "linear": 8.852310595977983
  },
  "test_mae_all": {
    "xgboost": 3.361045267102382,
    "lightgbm": 4.29787856405463,
    "catboost": 3.3209280021636522,
    "rf": 3.2019693838468846,
    "gb": 5.670289737719502,
    "ridge": 11.571676003219027,
    "linear": 9.907504372106128
  },
  "historical_best_cv_mae": 2.042469801781462,
  "is_new_historical_best": false,
  "features": [
    "pm2_5",
    "pm10",
    "co",
    "no2",
    "so2",
    "month_cos",
    "total_pm",
    "total_gases",
    "no2_o3_ratio",
    "pm2_5_rolling_3h",
    "pm10_rolling_3h",
    "co_rolling_3h",
    "pm2_5_co_interaction",
    "hour_sin",
    "hour_cos"
  ],
  "scaler_needed": false,
  "all_models_saved": [
    "model_xgboost.pkl",
    "model_lightgbm.pkl",
    "model_catboost.pkl",
    "model_rf.pkl",
    "model_gb.pkl",
    "model_ridge.pkl",
    "model_linear.pkl"
  ],
  "all_metrics": {
    "train": {
      "xgboost": {
        "mae": 1.8187700660105866,
        "rmse": 3.4158950407023108,
        "r2": 0.998767082512402,
        "mape": 1.4972969600114636
      },
      "lightgbm": {
        "mae": 1.6173059722299405,
        "rmse": 3.2627631543373203,
        "r2": 0.9988751462108184,
        "mape": 1.3487396253262318
      },
      "catboost": {
        "mae": 1.8928257173204663,
        "rmse": 3.002751535329592,
        "r2": 0.9990472833120086,
        "mape": 1.600451667090784
      },
      "rf": {
        "mae": 1.1860048139366204,
        "rmse": 3.878117698079074,
        "r2": 0.9984108424775674,
        "mape": 1.1710003558140039
      },
      "gb": {
        "mae": 1.4071524958068082,
        "rmse": 2.9591135557974475,
        "r2": 0.9990747731231157,
        "mape": 1.2309736614207565
      },
      "ridge": {
        "mae": 8.620174499176137,
        "rmse": 11.494943250812174,
        "r2": 0.9860382891260031,
        "mape": 8.098717189426187
      },
      "linear": {
        "mae": 8.322342460005663,
        "rmse": 11.171992889048807,
        "r2": 0.9868117771137876,
        "mape": 7.684863002824249
      }
    },
    "val": {
      "xgboost": {
        "mae": 2.75815290947483,
        "rmse": 8.831254806122411,
        "r2": 0.9417610055444517,
        "mape": 4.489238839766712
      },
      "lightgbm": {
        "mae": 2.588979082296341,
        "rmse": 10.050749902909144,
        "r2": 0.9245662028442087,
        "mape": 3.7699329761251406
      },
      "catboost": {
        "mae": 3.007864554822921,
        "rmse": 9.851070158566097,
        "r2": 0.9275337378050073,
        "mape": 4.966587730822325
      },
      "rf": {
        "mae": 3.3498540692397047,
        "rmse": 11.776495306042683,
        "r2": 0.8964378248583564,
        "mape": 5.7345015803600345
      },
      "gb": {
        "mae": 2.612269755783737,
        "rmse": 9.64498765605802,
        "r2": 0.9305339844608249,
        "mape": 3.6525983220516416
      },
      "ridge": {
        "mae": 6.414940562691723,
        "rmse": 11.587296020807324,
        "r2": 0.8997387209001031,
        "mape": 10.394179871431518
      },
      "linear": {
        "mae": 6.02692902746709,
        "rmse": 11.40605074634026,
        "r2": 0.9028507089318489,
        "mape": 9.455375128585393
      }
    },
    "test": {
      "xgboost": {
        "mae": 3.361045267102382,
        "rmse": 5.508918444844662,
        "r2": 0.9862440019810467,
        "mape": 7.331575593769882
      },
      "lightgbm": {
        "mae": 4.29787856405463,
        "rmse": 6.903814819211778,
        "r2": 0.9783958250201762,
        "mape": 7.261733555006968
      },
      "catboost": {
        "mae": 3.3209280021636522,
        "rmse": 5.662864074278397,
        "r2": 0.9854644425052594,
        "mape": 8.332721602788705
      },
      "rf": {
        "mae": 3.2019693838468846,
        "rmse": 6.217351065238517,
        "r2": 0.9824785436976168,
        "mape": 9.674612523306154
      },
      "gb": {
        "mae": 5.670289737719502,
        "rmse": 9.525324151226462,
        "r2": 0.9588737656229501,
        "mape": 7.148782695149657
      },
      "ridge": {
        "mae": 11.571676003219027,
        "rmse": 14.457142681959391,
        "r2": 0.9052619692801245,
        "mape": 22.28749037633069
      },
      "linear": {
        "mae": 9.907504372106128,
        "rmse": 12.747599734776365,
        "r2": 0.926342621931076,
        "mape": 19.47197557017298
      }
    },
    "cv_mae": {
      "xgboost": 2.5609572248216246,
      "lightgbm": 2.370408766782441,
      "catboost": 3.2909001733334207,
      "rf": 2.2230377066424363,
      "gb": 2.1700421608077485,
      "ridge": 9.691333279366837,
      "linear": 8.852310595977983
    }
  }
}