{
  "trained_best_model": "rf",
  "new_test_metrics": {
    "mae": 3.245225345964138,
    "rmse": 6.368051947777388,
    "r2": 0.9813637840198302,
    "mape": 9.873026318849085
  },
  "cv_mae": {
    "xgboost": 2.7180624220935803,
    "lightgbm": 2.372749996330247,
    "catboost": 3.181978186299624,
    "rf": 2.1939225983769552,
    "gb": 2.2538687583043266,
    "ridge": 9.593262355033389,
    "linear": 8.836607117215168
  },
  "test_mae_all": {
    "xgboost": 3.330396530869684,
    "lightgbm": 4.216727923341852,
    "catboost": 3.669014033513239,
    "rf": 3.245225345964137,
    "gb": 5.489391092808567,
    "ridge": 11.559910621757957,
    "linear": 9.914961262267257
  },
  "historical_best_cv_mae": 2.042469801781462,
  "is_new_historical_best": false,
  "features": [
    "pm2_5",
    "pm10",
    "co",
    "no2",
    "so2",
    "month_cos",
    "total_pm",
    "total_gases",
    "no2_o3_ratio",
    "pm2_5_rolling_3h",
    "pm10_rolling_3h",
    "co_rolling_3h",
    "pm2_5_co_interaction",
    "hour_sin",
    "hour_cos"
  ],
  "scaler_needed": false,
  "all_models_saved": [
    "model_xgboost.pkl",
    "model_lightgbm.pkl",
    "model_catboost.pkl",
    "model_rf.pkl",
    "model_gb.pkl",
    "model_ridge.pkl",
    "model_linear.pkl"
  ],
  "all_metrics": {
    "train": {
      "xgboost": {
        "mae": 1.814454649759132,
        "rmse": 3.3803781866206495,
        "r2": 0.9988029305879109,
        "mape": 1.4975173100414714
      },
      "lightgbm": {
        "mae": 1.6042173576473495,
        "rmse": 3.2286618744842888,
        "r2": 0.9989079717250064,
        "mape": 1.3186584179082583
      },
      "catboost": {
        "mae": 1.9061708440675902,
        "rmse": 3.0456906360946503,
        "r2": 0.9990282370682135,
        "mape": 1.6111852102343311
      },
      "rf": {
        "mae": 1.1822502836297588,
        "rmse": 3.8989258179217536,
        "r2": 0.9984075027278505,
        "mape": 1.1630961743165142
      },
      "gb": {
        "mae": 1.374696770920969,
        "rmse": 2.9289811625433364,
        "r2": 0.9991012851668507,
        "mape": 1.1897106963911153
      },
      "ridge": {
        "mae": 8.649309246210281,
        "rmse": 11.52795947267742,
        "r2": 0.9860782562841064,
        "mape": 8.11680850573525
      },
      "linear": {
        "mae": 8.355326968103558,
        "rmse": 11.210403730801135,
        "r2": 0.9868346848507215,
        "mape": 7.707178259348953
      }
    },
    "val": {
      "xgboost": {
        "mae": 2.7466146935066678,
        "rmse": 9.103676869749066,
        "r2": 0.9381959440281376,
        "mape": 4.532206727935232
      },
      "lightgbm": {
        "mae": 2.545318635763537,
        "rmse": 10.02984020752892,
        "r2": 0.9249809886082514,
        "mape": 3.620253204401324
      },
      "catboost": {
        "mae": 3.1243528965346057,
        "rmse": 9.815178278629071,
        "r2": 0.9281577883879227,
        "mape": 5.127435583367863
      },
      "rf": {
        "mae": 3.375628436830423,
        "rmse": 11.828884716385408,
        "r2": 0.8956551769186402,
        "mape": 5.832964126211954
      },
      "gb": {
        "mae": 2.7147898970707987,
        "rmse": 9.750246705120993,
        "r2": 0.9291051777890019,
        "mape": 4.060576304608656
      },
      "ridge": {
        "mae": 6.4270510935721665,
        "rmse": 11.592620901583304,
        "r2": 0.8997818050098222,
        "mape": 10.420296398820126
      },
      "linear": {
        "mae": 6.05287637076793,
        "rmse": 11.4155221460808,
        "r2": 0.9028204529603263,
        "mape": 9.493725013896121
      }
    },
    "test": {
      "xgboost": {
        "mae": 3.330396530869684,
        "rmse": 5.338052484997981,
        "r2": 0.9869048577928312,
        "mape": 7.271786495030027
      },
      "lightgbm": {
        "mae": 4.216727923341852,
        "rmse": 6.831794297356518,
        "r2": 0.9785506516344628,
        "mape": 6.996587031330084
      },
      "catboost": {
        "mae": 3.669014033513239,
        "rmse": 5.8770256894125,
        "r2": 0.9841269743487883,
        "mape": 8.366529563433996
      },
      "rf": {
        "mae": 3.245225345964137,
        "rmse": 6.3680519477773885,
        "r2": 0.9813637840198302,
        "mape": 9.873026318849085
      },
      "gb": {
        "mae": 5.489391092808567,
        "rmse": 9.117920943199318,
        "r2": 0.9617935941597904,
        "mape": 7.737110677573904
      },
      "ridge": {
        "mae": 11.559910621757957,
        "rmse": 14.452046942752578,
        "r2": 0.9040150225864789,
        "mape": 22.32137788689416
      },
      "linear": {
        "mae": 9.914961262267257,
        "rmse": 12.77072616014336,
        "r2": 0.9250492945372405,
        "mape": 19.522926097593388
      }
    },
    "cv_mae": {
      "xgboost": 2.7180624220935803,
      "lightgbm": 2.372749996330247,
      "catboost": 3.181978186299624,
      "rf": 2.1939225983769552,
      "gb": 2.2538687583043266,
      "ridge": 9.593262355033389,
      "linear": 8.836607117215168
    }
  }
}