{
  "trained_best_model": "gb",
  "new_test_metrics": {
    "mae": 6.4692918816272496,
    "rmse": 11.163395114357186,
    "r2": 0.9414392004290164,
    "mape": 8.339828978401242
  },
  "cv_mae": {
    "xgboost": 2.5869231020634422,
    "lightgbm": 2.4055705770029663,
    "catboost": 3.129397377696913,
    "rf": 2.200526697464192,
    "gb": 2.164618641877161,
    "ridge": 9.35874584617953,
    "linear": 8.728495201638292
  },
  "test_mae_all": {
    "xgboost": 2.9271308920692953,
    "lightgbm": 4.370557343709373,
    "catboost": 3.288713690958229,
    "rf": 3.3072811243547973,
    "gb": 6.4692918816272496,
    "ridge": 11.445423148843805,
    "linear": 9.826048663236747
  },
  "historical_best_cv_mae": 2.042469801781462,
  "is_new_historical_best": false,
  "features": [
    "pm2_5",
    "pm10",
    "co",
    "no2",
    "so2",
    "month_cos",
    "total_pm",
    "total_gases",
    "no2_o3_ratio",
    "pm2_5_rolling_3h",
    "pm10_rolling_3h",
    "co_rolling_3h",
    "pm2_5_co_interaction",
    "hour_sin",
    "hour_cos"
  ],
  "scaler_needed": false,
  "all_models_saved": [
    "model_xgboost.pkl",
    "model_lightgbm.pkl",
    "model_catboost.pkl",
    "model_rf.pkl",
    "model_gb.pkl",
    "model_ridge.pkl",
    "model_linear.pkl"
  ],
  "all_metrics": {
    "train": {
      "xgboost": {
        "mae": 1.7972609531778334,
        "rmse": 3.369389116914988,
        "r2": 0.9988190811668048,
        "mape": 1.4754733865635008
      },
      "lightgbm": {
        "mae": 1.624648944612169,
        "rmse": 3.2785929787574077,
        "r2": 0.9988818689181045,
        "mape": 1.3463197653309398
      },
      "catboost": {
        "mae": 1.8488524610991688,
        "rmse": 2.9602655157729267,
        "r2": 0.9990884530476695,
        "mape": 1.5701327774082137
      },
      "rf": {
        "mae": 1.183710903074597,
        "rmse": 3.89946152620949,
        "r2": 0.9984182895251458,
        "mape": 1.1630238079874213
      },
      "gb": {
        "mae": 1.4066357637035427,
        "rmse": 2.9604059651242407,
        "r2": 0.9990883665492021,
        "mape": 1.2232821928941782
      },
      "ridge": {
        "mae": 8.668192814238877,
        "rmse": 11.547346870926772,
        "r2": 0.9861298187978215,
        "mape": 8.122012466914063
      },
      "linear": {
        "mae": 8.370975643761723,
        "rmse": 11.22856252372627,
        "r2": 0.9868850682630134,
        "mape": 7.70948890077565
      }
    },
    "val": {
      "xgboost": {
        "mae": 2.6447082610979473,
        "rmse": 8.683746580752526,
        "r2": 0.943792395047711,
        "mape": 4.351048825739013
      },
      "lightgbm": {
        "mae": 2.6305794477531834,
        "rmse": 9.977472007967103,
        "r2": 0.9257969367155748,
        "mape": 3.8722918397076413
      },
      "catboost": {
        "mae": 2.9577022038715124,
        "rmse": 9.26947163061574,
        "r2": 0.9359541848488173,
        "mape": 4.825691481240352
      },
      "rf": {
        "mae": 3.4065400508821324,
        "rmse": 11.814602693089657,
        "r2": 0.8959555206131689,
        "mape": 5.858377612480962
      },
      "gb": {
        "mae": 2.625660060059345,
        "rmse": 9.633764246522599,
        "r2": 0.9308212314641451,
        "mape": 3.8875843966663672
      },
      "ridge": {
        "mae": 6.395440033793544,
        "rmse": 11.584991631479513,
        "r2": 0.8999603307639241,
        "mape": 10.377871353164899
      },
      "linear": {
        "mae": 6.046555630774862,
        "rmse": 11.411903022908218,
        "r2": 0.9029273371482608,
        "mape": 9.480586798706078
      }
    },
    "test": {
      "xgboost": {
        "mae": 2.9271308920692953,
        "rmse": 4.956597469101061,
        "r2": 0.9884553251230943,
        "mape": 7.107090348373095
      },
      "lightgbm": {
        "mae": 4.370557343709373,
        "rmse": 6.911568793365113,
        "r2": 0.9775525157606364,
        "mape": 7.570999325499566
      },
      "catboost": {
        "mae": 3.288713690958229,
        "rmse": 5.2656361061999535,
        "r2": 0.9869708497908256,
        "mape": 7.7955059893605485
      },
      "rf": {
        "mae": 3.3072811243547973,
        "rmse": 6.351389062125318,
        "r2": 0.9810437757042714,
        "mape": 9.921495631977585
      },
      "gb": {
        "mae": 6.4692918816272496,
        "rmse": 11.163395114357186,
        "r2": 0.9414392004290164,
        "mape": 8.339828978401242
      },
      "ridge": {
        "mae": 11.445423148843805,
        "rmse": 14.37895393215818,
        "r2": 0.9028441423749682,
        "mape": 22.262697580031645
      },
      "linear": {
        "mae": 9.826048663236747,
        "rmse": 12.708330833401632,
        "r2": 0.9241087983254823,
        "mape": 19.46987502955924
      }
    },
    "cv_mae": {
      "xgboost": 2.5869231020634422,
      "lightgbm": 2.4055705770029663,
      "catboost": 3.129397377696913,
      "rf": 2.200526697464192,
      "gb": 2.164618641877161,
      "ridge": 9.35874584617953,
      "linear": 8.728495201638292
    }
  }
}