{
  "trained_best_model": "rf",
  "new_test_metrics": {
    "mae": 3.189894914022174,
    "rmse": 6.182479513394715,
    "r2": 0.9822291875486233,
    "mape": 9.6126827088364
  },
  "cv_mae": {
    "xgboost": 2.644965193089674,
    "lightgbm": 2.379709027723324,
    "catboost": 3.0723768569746923,
    "rf": 2.2015919362110137,
    "gb": 2.2230882827580203,
    "ridge": 9.423262815646842,
    "linear": 8.763210090234413
  },
  "test_mae_all": {
    "xgboost": 3.0579768503273437,
    "lightgbm": 4.068687981903383,
    "catboost": 3.191965515950852,
    "rf": 3.1898949140221755,
    "gb": 5.702420030959941,
    "ridge": 11.482653507276396,
    "linear": 9.859086860374404
  },
  "historical_best_cv_mae": 2.042469801781462,
  "is_new_historical_best": false,
  "features": [
    "pm2_5",
    "pm10",
    "co",
    "no2",
    "so2",
    "month_cos",
    "total_pm",
    "total_gases",
    "no2_o3_ratio",
    "pm2_5_rolling_3h",
    "pm10_rolling_3h",
    "co_rolling_3h",
    "pm2_5_co_interaction",
    "hour_sin",
    "hour_cos"
  ],
  "scaler_needed": false,
  "all_models_saved": [
    "model_xgboost.pkl",
    "model_lightgbm.pkl",
    "model_catboost.pkl",
    "model_rf.pkl",
    "model_gb.pkl",
    "model_ridge.pkl",
    "model_linear.pkl"
  ],
  "all_metrics": {
    "train": {
      "xgboost": {
        "mae": 1.832240007472676,
        "rmse": 3.400053354877,
        "r2": 0.9987911200914115,
        "mape": 1.5058707716192286
      },
      "lightgbm": {
        "mae": 1.5984362719153036,
        "rmse": 3.20461457504802,
        "r2": 0.998926101334968,
        "mape": 1.32351841970984
      },
      "catboost": {
        "mae": 1.8560149516412998,
        "rmse": 2.984873315240143,
        "r2": 0.9990683270163093,
        "mape": 1.55377548546402
      },
      "rf": {
        "mae": 1.1783195093386603,
        "rmse": 3.8970910460377572,
        "r2": 0.9984118453167437,
        "mape": 1.1567151519279557
      },
      "gb": {
        "mae": 1.37192953937953,
        "rmse": 2.921311159025479,
        "r2": 0.9991075840358625,
        "mape": 1.1943691397501863
      },
      "ridge": {
        "mae": 8.658766818204027,
        "rmse": 11.534607845098408,
        "r2": 0.9860871096255435,
        "mape": 8.123623848639633
      },
      "linear": {
        "mae": 8.3631617306448,
        "rmse": 11.21634177752829,
        "r2": 0.9868442938589511,
        "mape": 7.711420291617924
      }
    },
    "val": {
      "xgboost": {
        "mae": 2.7272797088100487,
        "rmse": 8.87156033523446,
        "r2": 0.9413431482489847,
        "mape": 4.3921667679706395
      },
      "lightgbm": {
        "mae": 2.678515652039156,
        "rmse": 10.290858688178819,
        "r2": 0.921073661119816,
        "mape": 3.8815089407321604
      },
      "catboost": {
        "mae": 2.951016333267542,
        "rmse": 9.40708798977719,
        "r2": 0.9340478221665158,
        "mape": 4.685822945754196
      },
      "rf": {
        "mae": 3.328580262589817,
        "rmse": 11.784351228452895,
        "r2": 0.8965024463257047,
        "mape": 5.685150371265825
      },
      "gb": {
        "mae": 2.5697818093018965,
        "rmse": 9.586497158954522,
        "r2": 0.9315081929670598,
        "mape": 3.6766058744471275
      },
      "ridge": {
        "mae": 6.408845056349733,
        "rmse": 11.59618020199645,
        "r2": 0.899781328878871,
        "mape": 10.398146571209496
      },
      "linear": {
        "mae": 6.054572994339933,
        "rmse": 11.422944448132375,
        "r2": 0.9027533032750255,
        "mape": 9.495756071666964
      }
    },
    "test": {
      "xgboost": {
        "mae": 3.0579768503273437,
        "rmse": 5.08225677436781,
        "r2": 0.9879913242501814,
        "mape": 7.065051067223652
      },
      "lightgbm": {
        "mae": 4.068687981903383,
        "rmse": 6.408682808141545,
        "r2": 0.9809050086568465,
        "mape": 7.268136512459882
      },
      "catboost": {
        "mae": 3.191965515950852,
        "rmse": 5.229012215246902,
        "r2": 0.9872877851491828,
        "mape": 7.708003380737001
      },
      "rf": {
        "mae": 3.1898949140221755,
        "rmse": 6.182479513394716,
        "r2": 0.9822291875486233,
        "mape": 9.612682708836402
      },
      "gb": {
        "mae": 5.702420030959941,
        "rmse": 9.834497873346292,
        "r2": 0.9550337890966051,
        "mape": 7.623425158440355
      },
      "ridge": {
        "mae": 11.482653507276396,
        "rmse": 14.409719873870543,
        "r2": 0.903463180169084,
        "mape": 22.287789110926255
      },
      "linear": {
        "mae": 9.859086860374404,
        "rmse": 12.73868982346689,
        "r2": 0.9245548306614189,
        "mape": 19.49655974022865
      }
    },
    "cv_mae": {
      "xgboost": 2.644965193089674,
      "lightgbm": 2.379709027723324,
      "catboost": 3.0723768569746923,
      "rf": 2.2015919362110137,
      "gb": 2.2230882827580203,
      "ridge": 9.423262815646842,
      "linear": 8.763210090234413
    }
  }
}