{
  "trained_best_model": "rf",
  "new_test_metrics": {
    "mae": 3.3997422016580865,
    "rmse": 6.497545569294609,
    "r2": 0.9753084561240873,
    "mape": 10.153144336122805
  },
  "cv_mae": {
    "xgboost": 2.6323584901843287,
    "lightgbm": 2.4533196341725994,
    "catboost": 3.2335965103180113,
    "rf": 2.1749490368012934,
    "gb": 2.281388520820767,
    "ridge": 9.745128218511935,
    "linear": 9.101810468007667
  },
  "test_mae_all": {
    "xgboost": 3.386138268986374,
    "lightgbm": 4.046392856177876,
    "catboost": 4.235583601619914,
    "rf": 3.3997422016580865,
    "gb": 4.8477259284260406,
    "ridge": 10.827341891227126,
    "linear": 9.311198725547678
  },
  "historical_best_cv_mae": 2.042469801781462,
  "is_new_historical_best": false,
  "features": [
    "pm2_5",
    "pm10",
    "co",
    "no2",
    "so2",
    "month_cos",
    "total_pm",
    "total_gases",
    "no2_o3_ratio",
    "pm2_5_rolling_3h",
    "pm10_rolling_3h",
    "co_rolling_3h",
    "pm2_5_co_interaction",
    "hour_sin",
    "hour_cos"
  ],
  "scaler_needed": false,
  "all_models_saved": [
    "model_xgboost.pkl",
    "model_lightgbm.pkl",
    "model_catboost.pkl",
    "model_rf.pkl",
    "model_gb.pkl",
    "model_ridge.pkl",
    "model_linear.pkl"
  ],
  "all_metrics": {
    "train": {
      "xgboost": {
        "mae": 1.8397990792542598,
        "rmse": 3.386581927645283,
        "r2": 0.9988354937681023,
        "mape": 1.4996453751754184
      },
      "lightgbm": {
        "mae": 1.6456435113719514,
        "rmse": 3.250995832073272,
        "r2": 0.9989268721410117,
        "mape": 1.3480454586086337
      },
      "catboost": {
        "mae": 1.89581468834905,
        "rmse": 2.981707579174302,
        "r2": 0.9990972889833193,
        "mape": 1.5886022110293663
      },
      "rf": {
        "mae": 1.172093807229471,
        "rmse": 3.891769137388206,
        "r2": 0.9984621542261464,
        "mape": 1.1477553964818197
      },
      "gb": {
        "mae": 1.4074503673978656,
        "rmse": 2.972512551251641,
        "r2": 0.9991028479821566,
        "mape": 1.2270790189137726
      },
      "ridge": {
        "mae": 8.787113024013985,
        "rmse": 11.663715078005465,
        "r2": 0.9861868588916842,
        "mape": 8.14471320709324
      },
      "linear": {
        "mae": 8.47356544835847,
        "rmse": 11.326941644831624,
        "r2": 0.9869730132842729,
        "mape": 7.7186299216180325
      }
    },
    "val": {
      "xgboost": {
        "mae": 2.702876552599206,
        "rmse": 8.763987630984849,
        "r2": 0.9427425509421303,
        "mape": 4.85143886684211
      },
      "lightgbm": {
        "mae": 2.803372663615443,
        "rmse": 10.272602870936751,
        "r2": 0.9213335627842341,
        "mape": 4.552162463739385
      },
      "catboost": {
        "mae": 3.4262722644645773,
        "rmse": 10.331195883140706,
        "r2": 0.9204336060978917,
        "mape": 5.7436329234260945
      },
      "rf": {
        "mae": 3.613686057225278,
        "rmse": 11.93135177294212,
        "r2": 0.893877423876189,
        "mape": 6.17658793894824
      },
      "gb": {
        "mae": 2.5292903475090514,
        "rmse": 9.578512185906296,
        "r2": 0.9316049619263537,
        "mape": 3.8965696552119837
      },
      "ridge": {
        "mae": 6.545620837905376,
        "rmse": 11.780392495079116,
        "r2": 0.8965458291822017,
        "mape": 10.397146218073647
      },
      "linear": {
        "mae": 6.288937654264475,
        "rmse": 11.64992183518122,
        "r2": 0.898824698689848,
        "mape": 9.637446815022006
      }
    },
    "test": {
      "xgboost": {
        "mae": 3.386138268986374,
        "rmse": 5.82796690397925,
        "r2": 0.9801352212976971,
        "mape": 8.266084417618318
      },
      "lightgbm": {
        "mae": 4.046392856177876,
        "rmse": 6.523219997568762,
        "r2": 0.9751129380643768,
        "mape": 8.335685706249613
      },
      "catboost": {
        "mae": 4.235583601619914,
        "rmse": 6.891274825173742,
        "r2": 0.9722253421518519,
        "mape": 9.854110394060493
      },
      "rf": {
        "mae": 3.3997422016580865,
        "rmse": 6.49754556929461,
        "r2": 0.9753084561240873,
        "mape": 10.153144336122805
      },
      "gb": {
        "mae": 4.8477259284260406,
        "rmse": 8.617879065480853,
        "r2": 0.9565639456027846,
        "mape": 7.442612341987973
      },
      "ridge": {
        "mae": 10.827341891227126,
        "rmse": 13.920234619372003,
        "r2": 0.8866705742932051,
        "mape": 22.1202104684981
      },
      "linear": {
        "mae": 9.311198725547678,
        "rmse": 12.336117601117142,
        "r2": 0.9109966036747686,
        "mape": 19.324266584133028
      }
    },
    "cv_mae": {
      "xgboost": 2.6323584901843287,
      "lightgbm": 2.4533196341725994,
      "catboost": 3.2335965103180113,
      "rf": 2.1749490368012934,
      "gb": 2.281388520820767,
      "ridge": 9.745128218511935,
      "linear": 9.101810468007667
    }
  }
}