{
  "trained_best_model": "rf",
  "new_test_metrics": {
    "mae": 5.508813424979529,
    "rmse": 7.771209939056605,
    "r2": 0.9537070264558032,
    "mape": 13.493451224296221
  },
  "cv_mae": {
    "xgboost": 2.7991839929569493,
    "lightgbm": 2.4819020745615084,
    "catboost": 3.6244922317611183,
    "rf": 2.126544228495293,
    "gb": 2.2446938001916794,
    "ridge": 10.667202257949235,
    "linear": 9.929293011563455
  },
  "test_mae_all": {
    "xgboost": 3.6305155739124424,
    "lightgbm": 4.524534294357668,
    "catboost": 4.124096883856511,
    "rf": 5.508813424979528,
    "gb": 3.794912912653209,
    "ridge": 10.356129938220864,
    "linear": 8.933647378835538
  },
  "historical_best_cv_mae": 2.042469801781462,
  "is_new_historical_best": false,
  "features": [
    "pm2_5",
    "pm10",
    "co",
    "no2",
    "so2",
    "month_cos",
    "total_pm",
    "total_gases",
    "no2_o3_ratio",
    "pm2_5_rolling_3h",
    "pm10_rolling_3h",
    "co_rolling_3h",
    "pm2_5_co_interaction",
    "hour_sin",
    "hour_cos"
  ],
  "scaler_needed": false,
  "all_models_saved": [
    "model_xgboost.pkl",
    "model_lightgbm.pkl",
    "model_catboost.pkl",
    "model_rf.pkl",
    "model_gb.pkl",
    "model_ridge.pkl",
    "model_linear.pkl"
  ],
  "all_metrics": {
    "train": {
      "xgboost": {
        "mae": 1.8476187033507065,
        "rmse": 3.3839319070610756,
        "r2": 0.9988528892752403,
        "mape": 1.489439525695676
      },
      "lightgbm": {
        "mae": 1.583150231674854,
        "rmse": 3.0878383127869484,
        "r2": 0.999044850808682,
        "mape": 1.283536821031399
      },
      "catboost": {
        "mae": 1.9018774231841409,
        "rmse": 3.0053138228618956,
        "r2": 0.9990952225517998,
        "mape": 1.5534215213933493
      },
      "rf": {
        "mae": 1.1565558046916824,
        "rmse": 3.840234872637428,
        "r2": 0.9985226694339059,
        "mape": 1.1272818451214683
      },
      "gb": {
        "mae": 1.410683575069412,
        "rmse": 2.9698349375816937,
        "r2": 0.9991164589469483,
        "mape": 1.199943703629439
      },
      "ridge": {
        "mae": 9.010013136694855,
        "rmse": 11.841950483884396,
        "r2": 0.9859521910908379,
        "mape": 8.267180658797686
      },
      "linear": {
        "mae": 8.673065420007225,
        "rmse": 11.483105158594867,
        "r2": 0.9867906698993215,
        "mape": 7.814322056296814
      }
    },
    "val": {
      "xgboost": {
        "mae": 2.902988662458446,
        "rmse": 9.073450213411641,
        "r2": 0.9380495763192418,
        "mape": 4.953791425248387
      },
      "lightgbm": {
        "mae": 3.063842278027815,
        "rmse": 9.99065207972816,
        "r2": 0.9248918560494589,
        "mape": 4.988450868839143
      },
      "catboost": {
        "mae": 3.82010602762046,
        "rmse": 10.551836647476206,
        "r2": 0.916217082696548,
        "mape": 6.20861885401507
      },
      "rf": {
        "mae": 5.650597875793866,
        "rmse": 12.559024074299376,
        "r2": 0.8813108155697108,
        "mape": 9.454029489697241
      },
      "gb": {
        "mae": 2.851896968339047,
        "rmse": 9.929806511303386,
        "r2": 0.9258039249437515,
        "mape": 4.507405953858794
      },
      "ridge": {
        "mae": 6.858544703256649,
        "rmse": 11.943482382985676,
        "r2": 0.8926600703481716,
        "mape": 11.248450540791286
      },
      "linear": {
        "mae": 6.544887855970865,
        "rmse": 11.688393536065915,
        "r2": 0.8971962372776043,
        "mape": 10.388076093334849
      }
    },
    "test": {
      "xgboost": {
        "mae": 3.6305155739124424,
        "rmse": 5.941828152420158,
        "r2": 0.9729368734159761,
        "mape": 8.675146102252217
      },
      "lightgbm": {
        "mae": 4.524534294357668,
        "rmse": 7.223561962434494,
        "r2": 0.9600017860116026,
        "mape": 9.666846194994573
      },
      "catboost": {
        "mae": 4.124096883856511,
        "rmse": 6.54277111871877,
        "r2": 0.9671858430860567,
        "mape": 9.840520503354664
      },
      "rf": {
        "mae": 5.508813424979528,
        "rmse": 7.771209939056604,
        "r2": 0.9537070264558032,
        "mape": 13.493451224296221
      },
      "gb": {
        "mae": 3.794912912653209,
        "rmse": 6.788407902013192,
        "r2": 0.9646756926117488,
        "mape": 7.760073862762873
      },
      "ridge": {
        "mae": 10.356129938220864,
        "rmse": 13.714537252978783,
        "r2": 0.8558216298921206,
        "mape": 22.459024148645025
      },
      "linear": {
        "mae": 8.933647378835538,
        "rmse": 12.195613929384312,
        "r2": 0.8859894265835575,
        "mape": 19.539407139019914
      }
    },
    "cv_mae": {
      "xgboost": 2.7991839929569493,
      "lightgbm": 2.4819020745615084,
      "catboost": 3.6244922317611183,
      "rf": 2.126544228495293,
      "gb": 2.2446938001916794,
      "ridge": 10.667202257949235,
      "linear": 9.929293011563455
    }
  }
}