{
  "trained_best_model": "gb",
  "new_test_metrics": {
    "mae": 5.823767658306936,
    "rmse": 10.144599240768557,
    "r2": 0.9533515252911987,
    "mape": 7.221558231366745
  },
  "cv_mae": {
    "xgboost": 2.6462968438105574,
    "lightgbm": 2.4153284936106596,
    "catboost": 3.1379219728715415,
    "rf": 2.2441442774192586,
    "gb": 2.212738034254737,
    "ridge": 9.681137068975154,
    "linear": 8.811373660116077
  },
  "test_mae_all": {
    "xgboost": 3.1661336248509384,
    "lightgbm": 4.336537857706659,
    "catboost": 3.6060398341606548,
    "rf": 3.191130351526725,
    "gb": 5.823767658306936,
    "ridge": 11.571043101240642,
    "linear": 9.907060721147447
  },
  "historical_best_cv_mae": 2.042469801781462,
  "is_new_historical_best": false,
  "features": [
    "pm2_5",
    "pm10",
    "co",
    "no2",
    "so2",
    "month_cos",
    "total_pm",
    "total_gases",
    "no2_o3_ratio",
    "pm2_5_rolling_3h",
    "pm10_rolling_3h",
    "co_rolling_3h",
    "pm2_5_co_interaction",
    "hour_sin",
    "hour_cos"
  ],
  "scaler_needed": false,
  "all_models_saved": [
    "model_xgboost.pkl",
    "model_lightgbm.pkl",
    "model_catboost.pkl",
    "model_rf.pkl",
    "model_gb.pkl",
    "model_ridge.pkl",
    "model_linear.pkl"
  ],
  "all_metrics": {
    "train": {
      "xgboost": {
        "mae": 1.8236556748354738,
        "rmse": 3.4146284855814844,
        "r2": 0.9987692593080965,
        "mape": 1.497951545465534
      },
      "lightgbm": {
        "mae": 1.6043864661863825,
        "rmse": 3.2331791648046133,
        "r2": 0.9988965842344663,
        "mape": 1.333804479308645
      },
      "catboost": {
        "mae": 1.8447081503345193,
        "rmse": 2.9784140500199543,
        "r2": 0.9990636250525161,
        "mape": 1.569205056428271
      },
      "rf": {
        "mae": 1.1842490876898057,
        "rmse": 3.8898053864753894,
        "r2": 0.9984028879415748,
        "mape": 1.164908972351752
      },
      "gb": {
        "mae": 1.396053855225153,
        "rmse": 2.960977383435969,
        "r2": 0.9990745566857778,
        "mape": 1.2215854186979231
      },
      "ridge": {
        "mae": 8.620081705141335,
        "rmse": 11.494563338353748,
        "r2": 0.9860535203544755,
        "mape": 8.098646091094727
      },
      "linear": {
        "mae": 8.322821627873365,
        "rmse": 11.171792850988625,
        "r2": 0.9868257654682849,
        "mape": 7.685185692673338
      }
    },
    "val": {
      "xgboost": {
        "mae": 2.7404398874605085,
        "rmse": 9.099110152941675,
        "r2": 0.9381871518747646,
        "mape": 4.340231630803025
      },
      "lightgbm": {
        "mae": 2.5290525601102445,
        "rmse": 9.836599077283559,
        "r2": 0.9277611454497295,
        "mape": 3.616578059212124
      },
      "catboost": {
        "mae": 3.0053440677703778,
        "rmse": 9.907330292772006,
        "r2": 0.9267185264862016,
        "mape": 4.734061231630622
      },
      "rf": {
        "mae": 3.3280997151681926,
        "rmse": 11.769068263364145,
        "r2": 0.8965893963196516,
        "mape": 5.6733500738339
      },
      "gb": {
        "mae": 2.5812044816484216,
        "rmse": 9.52793337088009,
        "r2": 0.932223625689863,
        "mape": 3.559408229813295
      },
      "ridge": {
        "mae": 6.419666101463975,
        "rmse": 11.58966935341454,
        "r2": 0.8997179965859987,
        "mape": 10.402659297191134
      },
      "linear": {
        "mae": 6.029498113164689,
        "rmse": 11.407632582564665,
        "r2": 0.9028434779939327,
        "mape": 9.460192934637996
      }
    },
    "test": {
      "xgboost": {
        "mae": 3.1661336248509384,
        "rmse": 5.128036031673573,
        "r2": 0.9880801773444928,
        "mape": 7.025219265905894
      },
      "lightgbm": {
        "mae": 4.336537857706659,
        "rmse": 6.968153452525523,
        "r2": 0.9779908601442344,
        "mape": 6.926572117239815
      },
      "catboost": {
        "mae": 3.6060398341606548,
        "rmse": 5.769507797093464,
        "r2": 0.9849115305777211,
        "mape": 7.990073548509689
      },
      "rf": {
        "mae": 3.191130351526725,
        "rmse": 6.14423001335793,
        "r2": 0.9828879284001664,
        "mape": 9.560950375452133
      },
      "gb": {
        "mae": 5.823767658306936,
        "rmse": 10.144599240768557,
        "r2": 0.9533515252911987,
        "mape": 7.221558231366745
      },
      "ridge": {
        "mae": 11.571043101240642,
        "rmse": 14.457457891478144,
        "r2": 0.9052560406396939,
        "mape": 22.287078082922175
      },
      "linear": {
        "mae": 9.907060721147447,
        "rmse": 12.748017413367968,
        "r2": 0.9263363975284128,
        "mape": 19.471922236098337
      }
    },
    "cv_mae": {
      "xgboost": 2.6462968438105574,
      "lightgbm": 2.4153284936106596,
      "catboost": 3.1379219728715415,
      "rf": 2.2441442774192586,
      "gb": 2.212738034254737,
      "ridge": 9.681137068975154,
      "linear": 8.811373660116077
    }
  }
}