{
  "trained_best_model": "rf",
  "new_test_metrics": {
    "mae": 3.5758836278003208,
    "rmse": 6.736698215124928,
    "r2": 0.973173722161146,
    "mape": 10.496436458771598
  },
  "cv_mae": {
    "xgboost": 2.629951385602559,
    "lightgbm": 2.426802529196319,
    "catboost": 3.201867353266349,
    "rf": 2.16044910506551,
    "gb": 2.2867212059637123,
    "ridge": 9.757972448709591,
    "linear": 9.115340880217229
  },
  "test_mae_all": {
    "xgboost": 3.3119889666112448,
    "lightgbm": 3.440317058431846,
    "catboost": 4.0167622974301915,
    "rf": 3.5758836278003217,
    "gb": 4.49089694007407,
    "ridge": 10.77438576981069,
    "linear": 9.275502195410656
  },
  "historical_best_cv_mae": 2.042469801781462,
  "is_new_historical_best": false,
  "features": [
    "pm2_5",
    "pm10",
    "co",
    "no2",
    "so2",
    "month_cos",
    "total_pm",
    "total_gases",
    "no2_o3_ratio",
    "pm2_5_rolling_3h",
    "pm10_rolling_3h",
    "co_rolling_3h",
    "pm2_5_co_interaction",
    "hour_sin",
    "hour_cos"
  ],
  "scaler_needed": false,
  "all_models_saved": [
    "model_xgboost.pkl",
    "model_lightgbm.pkl",
    "model_catboost.pkl",
    "model_rf.pkl",
    "model_gb.pkl",
    "model_ridge.pkl",
    "model_linear.pkl"
  ],
  "all_metrics": {
    "train": {
      "xgboost": {
        "mae": 1.958805038037832,
        "rmse": 3.6932133839087324,
        "r2": 0.9986176035184486,
        "mape": 1.5899212929839615
      },
      "lightgbm": {
        "mae": 1.937150489599854,
        "rmse": 3.942294190956747,
        "r2": 0.9984248501417579,
        "mape": 1.605556236040809
      },
      "catboost": {
        "mae": 1.8813055460295254,
        "rmse": 3.002769100901605,
        "r2": 0.9990861651952585,
        "mape": 1.5849902906941147
      },
      "rf": {
        "mae": 1.1737877930872151,
        "rmse": 3.878151830586272,
        "r2": 0.998475689525616,
        "mape": 1.1488975277205518
      },
      "gb": {
        "mae": 1.3930278057002747,
        "rmse": 2.97472664260183,
        "r2": 0.9991031538572855,
        "mape": 1.200287268888262
      },
      "ridge": {
        "mae": 8.788765399615812,
        "rmse": 11.664576115166502,
        "r2": 0.9862100801793435,
        "mape": 8.145265072970394
      },
      "linear": {
        "mae": 8.473930086743435,
        "rmse": 11.327139186342608,
        "r2": 0.986996379320119,
        "mape": 7.717748938983436
      }
    },
    "val": {
      "xgboost": {
        "mae": 2.8035901126251916,
        "rmse": 9.524005735222426,
        "r2": 0.9323574051465765,
        "mape": 4.855175166113682
      },
      "lightgbm": {
        "mae": 2.8891446785634245,
        "rmse": 10.40940214670976,
        "r2": 0.9191960601392394,
        "mape": 4.646785952647105
      },
      "catboost": {
        "mae": 3.484346742819617,
        "rmse": 10.433239045599787,
        "r2": 0.9188255641855247,
        "mape": 5.9009255440360775
      },
      "rf": {
        "mae": 3.8794339638645257,
        "rmse": 12.092211342335881,
        "r2": 0.8909583484405774,
        "mape": 6.5431691119901325
      },
      "gb": {
        "mae": 2.523552953419093,
        "rmse": 9.822753497481585,
        "r2": 0.928047240595876,
        "mape": 3.9129330280059738
      },
      "ridge": {
        "mae": 6.5438109393638975,
        "rmse": 11.777515539840802,
        "r2": 0.8965600422034277,
        "mape": 10.398972548948699
      },
      "linear": {
        "mae": 6.294871920011583,
        "rmse": 11.647365338193923,
        "r2": 0.8988335853429483,
        "mape": 9.649597924897964
      }
    },
    "test": {
      "xgboost": {
        "mae": 3.3119889666112448,
        "rmse": 5.680828941356697,
        "r2": 0.9809238970593802,
        "mape": 8.363843593181441
      },
      "lightgbm": {
        "mae": 3.440317058431846,
        "rmse": 5.810165612392538,
        "r2": 0.9800453894443993,
        "mape": 8.398618415343694
      },
      "catboost": {
        "mae": 4.0167622974301915,
        "rmse": 6.533581808058148,
        "r2": 0.9747669993043865,
        "mape": 9.886200147876913
      },
      "rf": {
        "mae": 3.5758836278003217,
        "rmse": 6.736698215124928,
        "r2": 0.973173722161146,
        "mape": 10.496436458771598
      },
      "gb": {
        "mae": 4.49089694007407,
        "rmse": 8.018450251188845,
        "r2": 0.9619944421887968,
        "mape": 7.374983755639884
      },
      "ridge": {
        "mae": 10.77438576981069,
        "rmse": 13.873437545160408,
        "r2": 0.8862282600849809,
        "mape": 22.09666672238173
      },
      "linear": {
        "mae": 9.275502195410656,
        "rmse": 12.305725286939175,
        "r2": 0.9104881229485957,
        "mape": 19.312901713213854
      }
    },
    "cv_mae": {
      "xgboost": 2.629951385602559,
      "lightgbm": 2.426802529196319,
      "catboost": 3.201867353266349,
      "rf": 2.16044910506551,
      "gb": 2.2867212059637123,
      "ridge": 9.757972448709591,
      "linear": 9.115340880217229
    }
  }
}