{
  "trained_best_model": "gb",
  "new_test_metrics": {
    "mae": 6.133954609127673,
    "rmse": 10.117465032673273,
    "r2": 0.9536264338019427,
    "mape": 8.271268201480057
  },
  "cv_mae": {
    "xgboost": 2.654724445454995,
    "lightgbm": 2.421732950095049,
    "catboost": 3.1774388151212607,
    "rf": 2.2429601494660787,
    "gb": 2.177979650022686,
    "ridge": 9.764452156949812,
    "linear": 8.893975644620935
  },
  "test_mae_all": {
    "xgboost": 3.5663124378329507,
    "lightgbm": 4.539452573447709,
    "catboost": 3.3788752137786084,
    "rf": 3.283469105667298,
    "gb": 6.133954609127673,
    "ridge": 11.583416300335667,
    "linear": 9.921605831950332
  },
  "historical_best_cv_mae": 2.042469801781462,
  "is_new_historical_best": false,
  "features": [
    "pm2_5",
    "pm10",
    "co",
    "no2",
    "so2",
    "month_cos",
    "total_pm",
    "total_gases",
    "no2_o3_ratio",
    "pm2_5_rolling_3h",
    "pm10_rolling_3h",
    "co_rolling_3h",
    "pm2_5_co_interaction",
    "hour_sin",
    "hour_cos"
  ],
  "scaler_needed": false,
  "all_models_saved": [
    "model_xgboost.pkl",
    "model_lightgbm.pkl",
    "model_catboost.pkl",
    "model_rf.pkl",
    "model_gb.pkl",
    "model_ridge.pkl",
    "model_linear.pkl"
  ],
  "all_metrics": {
    "train": {
      "xgboost": {
        "mae": 1.7868116032587338,
        "rmse": 3.3744769053831294,
        "r2": 0.9987901080764339,
        "mape": 1.47623832629552
      },
      "lightgbm": {
        "mae": 1.586753429546611,
        "rmse": 3.175203970062334,
        "r2": 0.9989287843347963,
        "mape": 1.3164048586316421
      },
      "catboost": {
        "mae": 1.8830114311010226,
        "rmse": 3.0373695888090273,
        "r2": 0.9990197678605095,
        "mape": 1.594070793368765
      },
      "rf": {
        "mae": 1.1815345148881187,
        "rmse": 3.8865528892014614,
        "r2": 0.9983950451430198,
        "mape": 1.1665836568855126
      },
      "gb": {
        "mae": 1.3914453642534905,
        "rmse": 2.961036180120639,
        "r2": 0.9990684180072287,
        "mape": 1.2194126089470498
      },
      "ridge": {
        "mae": 8.610471101088711,
        "rmse": 11.478902912405967,
        "r2": 0.9859997941086764,
        "mape": 8.104006069005813
      },
      "linear": {
        "mae": 8.312553137337057,
        "rmse": 11.151729599932613,
        "r2": 0.9867864924249589,
        "mape": 7.690853177912826
      }
    },
    "val": {
      "xgboost": {
        "mae": 2.697468535540855,
        "rmse": 9.016220453176015,
        "r2": 0.9392281206251455,
        "mape": 4.291608792169509
      },
      "lightgbm": {
        "mae": 2.494468479520057,
        "rmse": 9.764760653746016,
        "r2": 0.9287185002666146,
        "mape": 3.6646477415222236
      },
      "catboost": {
        "mae": 3.0585851323572117,
        "rmse": 9.865253678322043,
        "r2": 0.9272437782724889,
        "mape": 4.761797162369227
      },
      "rf": {
        "mae": 3.385457817219888,
        "rmse": 11.812310002922938,
        "r2": 0.8956906364933599,
        "mape": 5.826980539318747
      },
      "gb": {
        "mae": 2.7687674632567156,
        "rmse": 9.790977113265388,
        "r2": 0.9283352328769606,
        "mape": 4.135084068470298
      },
      "ridge": {
        "mae": 6.401562567890958,
        "rmse": 11.595202268499373,
        "r2": 0.8994897667002281,
        "mape": 10.360727194532515
      },
      "linear": {
        "mae": 6.018076431727529,
        "rmse": 11.424243147688047,
        "r2": 0.9024317537406217,
        "mape": 9.428048788238621
      }
    },
    "test": {
      "xgboost": {
        "mae": 3.5663124378329507,
        "rmse": 5.638651165083239,
        "r2": 0.9855961852719148,
        "mape": 7.112690716404058
      },
      "lightgbm": {
        "mae": 4.539452573447709,
        "rmse": 7.270574209454489,
        "r2": 0.9760522622234789,
        "mape": 7.287213555326785
      },
      "catboost": {
        "mae": 3.3788752137786084,
        "rmse": 5.58693782225555,
        "r2": 0.9858591750205606,
        "mape": 7.844513662398582
      },
      "rf": {
        "mae": 3.283469105667298,
        "rmse": 6.319261169514636,
        "r2": 0.981909120519933,
        "mape": 9.853481025897855
      },
      "gb": {
        "mae": 6.133954609127673,
        "rmse": 10.117465032673273,
        "r2": 0.9536264338019427,
        "mape": 8.271268201480057
      },
      "ridge": {
        "mae": 11.583416300335667,
        "rmse": 14.46133756618332,
        "r2": 0.9052576836489596,
        "mape": 22.310880716361496
      },
      "linear": {
        "mae": 9.921605831950332,
        "rmse": 12.751585138625495,
        "r2": 0.9263359791191667,
        "mape": 19.49834082833075
      }
    },
    "cv_mae": {
      "xgboost": 2.654724445454995,
      "lightgbm": 2.421732950095049,
      "catboost": 3.1774388151212607,
      "rf": 2.2429601494660787,
      "gb": 2.177979650022686,
      "ridge": 9.764452156949812,
      "linear": 8.893975644620935
    }
  }
}