{
  "trained_best_model": "rf",
  "new_test_metrics": {
    "mae": 3.327803349408243,
    "rmse": 6.43730235475737,
    "r2": 0.9767315938846008,
    "mape": 10.055459253965946
  },
  "cv_mae": {
    "xgboost": 2.6778738111432516,
    "lightgbm": 2.493421296657446,
    "catboost": 3.1985511970544316,
    "rf": 2.237848638471757,
    "gb": 2.2405481103498412,
    "ridge": 9.661345790556565,
    "linear": 9.036020017521974
  },
  "test_mae_all": {
    "xgboost": 3.4383460035337703,
    "lightgbm": 4.506879216563459,
    "catboost": 3.9289711317915343,
    "rf": 3.3278033494082457,
    "gb": 4.762102605164176,
    "ridge": 11.007827812766811,
    "linear": 9.434042748463487
  },
  "historical_best_cv_mae": 2.042469801781462,
  "is_new_historical_best": false,
  "features": [
    "pm2_5",
    "pm10",
    "co",
    "no2",
    "so2",
    "month_cos",
    "total_pm",
    "total_gases",
    "no2_o3_ratio",
    "pm2_5_rolling_3h",
    "pm10_rolling_3h",
    "co_rolling_3h",
    "pm2_5_co_interaction",
    "hour_sin",
    "hour_cos"
  ],
  "scaler_needed": false,
  "all_models_saved": [
    "model_xgboost.pkl",
    "model_lightgbm.pkl",
    "model_catboost.pkl",
    "model_rf.pkl",
    "model_gb.pkl",
    "model_ridge.pkl",
    "model_linear.pkl"
  ],
  "all_metrics": {
    "train": {
      "xgboost": {
        "mae": 1.9931929536061743,
        "rmse": 3.7684447322897325,
        "r2": 0.9985471910004753,
        "mape": 1.6266075768390824
      },
      "lightgbm": {
        "mae": 1.6580948227141477,
        "rmse": 3.2747813020317724,
        "r2": 0.9989028934071357,
        "mape": 1.361883718893703
      },
      "catboost": {
        "mae": 1.8901306838447225,
        "rmse": 3.0025043869670958,
        "r2": 0.999077743930531,
        "mape": 1.5876706456069238
      },
      "rf": {
        "mae": 1.167972782849918,
        "rmse": 3.8892975606104403,
        "r2": 0.9984525145894659,
        "mape": 1.1468039914895771
      },
      "gb": {
        "mae": 1.392726638258095,
        "rmse": 2.9810908903070596,
        "r2": 0.9990908518577576,
        "mape": 1.2068410872878566
      },
      "ridge": {
        "mae": 8.744525425296109,
        "rmse": 11.622654206019037,
        "r2": 0.9861804196669588,
        "mape": 8.113420954143615
      },
      "linear": {
        "mae": 8.431321082500123,
        "rmse": 11.28917222720195,
        "r2": 0.9869620768106478,
        "mape": 7.68788966878748
      }
    },
    "val": {
      "xgboost": {
        "mae": 2.8410988093511156,
        "rmse": 9.457140547639751,
        "r2": 0.9336681779565683,
        "mape": 4.807921010761011
      },
      "lightgbm": {
        "mae": 2.798182031196643,
        "rmse": 10.259474015419325,
        "r2": 0.9219357068029717,
        "mape": 4.483799162598171
      },
      "catboost": {
        "mae": 3.4515678955009106,
        "rmse": 10.674794038813312,
        "r2": 0.9154874415988277,
        "mape": 5.910628235252498
      },
      "rf": {
        "mae": 3.39896714254137,
        "rmse": 11.840617818751063,
        "r2": 0.8960197236540406,
        "mape": 5.9237878634688395
      },
      "gb": {
        "mae": 2.568530973705508,
        "rmse": 9.784828165575968,
        "r2": 0.9289917766226232,
        "mape": 4.129935217837131
      },
      "ridge": {
        "mae": 6.554556242363099,
        "rmse": 11.747493884989304,
        "r2": 0.8976488573603697,
        "mape": 10.40720159885438
      },
      "linear": {
        "mae": 6.32499702835503,
        "rmse": 11.62919496941434,
        "r2": 0.8996998589649177,
        "mape": 9.672237388256761
      }
    },
    "test": {
      "xgboost": {
        "mae": 3.4383460035337703,
        "rmse": 5.786800282803637,
        "r2": 0.9811966250129787,
        "mape": 8.154971437363784
      },
      "lightgbm": {
        "mae": 4.506879216563459,
        "rmse": 7.414332433044002,
        "r2": 0.9691323954479316,
        "mape": 8.884350618961953
      },
      "catboost": {
        "mae": 3.9289711317915343,
        "rmse": 6.559363378402264,
        "r2": 0.9758408193846082,
        "mape": 9.942829495127713
      },
      "rf": {
        "mae": 3.3278033494082457,
        "rmse": 6.437302354757371,
        "r2": 0.9767315938846008,
        "mape": 10.05545925396595
      },
      "gb": {
        "mae": 4.762102605164176,
        "rmse": 8.558351448551695,
        "r2": 0.9588718615666219,
        "mape": 8.046223234171206
      },
      "ridge": {
        "mae": 11.007827812766811,
        "rmse": 14.06884981324104,
        "r2": 0.8888585634149707,
        "mape": 22.156152577033808
      },
      "linear": {
        "mae": 9.434042748463487,
        "rmse": 12.439404135673957,
        "r2": 0.9131123654284808,
        "mape": 19.32811021924576
      }
    },
    "cv_mae": {
      "xgboost": 2.6778738111432516,
      "lightgbm": 2.493421296657446,
      "catboost": 3.1985511970544316,
      "rf": 2.237848638471757,
      "gb": 2.2405481103498412,
      "ridge": 9.661345790556565,
      "linear": 9.036020017521974
    }
  }
}