{
  "trained_best_model": "rf",
  "new_test_metrics": {
    "mae": 3.3520429462206796,
    "rmse": 6.483351625304066,
    "r2": 0.9769197039053122,
    "mape": 10.153202459188165
  },
  "cv_mae": {
    "xgboost": 2.7131708731156743,
    "lightgbm": 2.5287914398471494,
    "catboost": 3.2899113035365977,
    "rf": 2.2830406293883687,
    "gb": 2.3234946929729565,
    "ridge": 9.656072024181674,
    "linear": 9.063048919242636
  },
  "test_mae_all": {
    "xgboost": 3.2759069418260953,
    "lightgbm": 4.694719922794209,
    "catboost": 4.03167492144872,
    "rf": 3.3520429462206796,
    "gb": 4.894253471475035,
    "ridge": 11.13378899944389,
    "linear": 9.51977618616144
  },
  "historical_best_cv_mae": 2.042469801781462,
  "is_new_historical_best": false,
  "features": [
    "pm2_5",
    "pm10",
    "co",
    "no2",
    "so2",
    "month_cos",
    "total_pm",
    "total_gases",
    "no2_o3_ratio",
    "pm2_5_rolling_3h",
    "pm10_rolling_3h",
    "co_rolling_3h",
    "pm2_5_co_interaction",
    "hour_sin",
    "hour_cos"
  ],
  "scaler_needed": false,
  "all_models_saved": [
    "model_xgboost.pkl",
    "model_lightgbm.pkl",
    "model_catboost.pkl",
    "model_rf.pkl",
    "model_gb.pkl",
    "model_ridge.pkl",
    "model_linear.pkl"
  ],
  "all_metrics": {
    "train": {
      "xgboost": {
        "mae": 1.8458867085501016,
        "rmse": 3.4046854382560667,
        "r2": 0.9988085321754937,
        "mape": 1.5023427244561576
      },
      "lightgbm": {
        "mae": 1.539955261172019,
        "rmse": 3.086219692734838,
        "r2": 0.9990210015404926,
        "mape": 1.276662875453264
      },
      "catboost": {
        "mae": 1.8994096585488158,
        "rmse": 3.0039639135229312,
        "r2": 0.9990724918069083,
        "mape": 1.5982779891677397
      },
      "rf": {
        "mae": 1.176091277339527,
        "rmse": 3.8873175469142676,
        "r2": 0.9984467964675011,
        "mape": 1.152559827861985
      },
      "gb": {
        "mae": 1.3653041568881,
        "rmse": 2.912815271184111,
        "r2": 0.9991279242344587,
        "mape": 1.185896747224117
      },
      "ridge": {
        "mae": 8.721321199187237,
        "rmse": 11.59878506779606,
        "r2": 0.9861721922207843,
        "mape": 8.104793896144306
      },
      "linear": {
        "mae": 8.41385055863321,
        "rmse": 11.269885401077811,
        "r2": 0.9869452868961108,
        "mape": 7.6835573288755175
      }
    },
    "val": {
      "xgboost": {
        "mae": 2.7475870123736934,
        "rmse": 9.122443668046756,
        "r2": 0.9382938404007908,
        "mape": 4.644935198512458
      },
      "lightgbm": {
        "mae": 2.878240538284045,
        "rmse": 10.19655585193697,
        "r2": 0.9229073201684891,
        "mape": 4.637520957721211
      },
      "catboost": {
        "mae": 3.369272090783145,
        "rmse": 9.729757751096878,
        "r2": 0.9298043511860359,
        "mape": 5.835285522153313
      },
      "rf": {
        "mae": 3.475715494926088,
        "rmse": 11.871972043965355,
        "r2": 0.8954914389343612,
        "mape": 6.046442379131739
      },
      "gb": {
        "mae": 2.657624593390043,
        "rmse": 9.780718507615745,
        "r2": 0.9290671095147022,
        "mape": 4.167643674152242
      },
      "ridge": {
        "mae": 6.5159580034683735,
        "rmse": 11.697881602194872,
        "r2": 0.8985339905236054,
        "mape": 10.3922876295598
      },
      "linear": {
        "mae": 6.273478746119629,
        "rmse": 11.564440183714167,
        "r2": 0.9008356965059929,
        "mape": 9.646216705849673
      }
    },
    "test": {
      "xgboost": {
        "mae": 3.2759069418260953,
        "rmse": 5.5031706818686645,
        "r2": 0.9833709212872643,
        "mape": 7.843940274651251
      },
      "lightgbm": {
        "mae": 4.694719922794209,
        "rmse": 7.483997500773968,
        "r2": 0.9692454419048723,
        "mape": 8.741356551696972
      },
      "catboost": {
        "mae": 4.03167492144872,
        "rmse": 6.47078062408319,
        "r2": 0.9770091209719527,
        "mape": 9.747070947790535
      },
      "rf": {
        "mae": 3.3520429462206796,
        "rmse": 6.483351625304067,
        "r2": 0.9769197039053122,
        "mape": 10.153202459188167
      },
      "gb": {
        "mae": 4.894253471475035,
        "rmse": 8.430847964343473,
        "r2": 0.9609712413074536,
        "mape": 7.918816308105272
      },
      "ridge": {
        "mae": 11.13378899944389,
        "rmse": 14.168149886690662,
        "r2": 0.889777943722951,
        "mape": 22.20644945310844
      },
      "linear": {
        "mae": 9.51977618616144,
        "rmse": 12.508713111216707,
        "r2": 0.9140852980879505,
        "mape": 19.360717411827306
      }
    },
    "cv_mae": {
      "xgboost": 2.7131708731156743,
      "lightgbm": 2.5287914398471494,
      "catboost": 3.2899113035365977,
      "rf": 2.2830406293883687,
      "gb": 2.3234946929729565,
      "ridge": 9.656072024181674,
      "linear": 9.063048919242636
    }
  }
}