{
  "trained_best_model": "rf",
  "new_test_metrics": {
    "mae": 5.20522900177018,
    "rmse": 7.89572364379537,
    "r2": 0.9521834606803802,
    "mape": 13.20123064035997
  },
  "cv_mae": {
    "xgboost": 2.7133460666335494,
    "lightgbm": 2.4947808571152206,
    "catboost": 3.4218887547354506,
    "rf": 2.1699686510673315,
    "gb": 2.264573259175015,
    "ridge": 10.535829240000975,
    "linear": 9.707776833650765
  },
  "test_mae_all": {
    "xgboost": 3.394049918464519,
    "lightgbm": 4.457528474085393,
    "catboost": 4.1646462015187815,
    "rf": 5.205229001770181,
    "gb": 3.7342048704582336,
    "ridge": 10.425468982244094,
    "linear": 9.01839936002448
  },
  "historical_best_cv_mae": 2.042469801781462,
  "is_new_historical_best": false,
  "features": [
    "pm2_5",
    "pm10",
    "co",
    "no2",
    "so2",
    "month_cos",
    "total_pm",
    "total_gases",
    "no2_o3_ratio",
    "pm2_5_rolling_3h",
    "pm10_rolling_3h",
    "co_rolling_3h",
    "pm2_5_co_interaction",
    "hour_sin",
    "hour_cos"
  ],
  "scaler_needed": false,
  "all_models_saved": [
    "model_xgboost.pkl",
    "model_lightgbm.pkl",
    "model_catboost.pkl",
    "model_rf.pkl",
    "model_gb.pkl",
    "model_ridge.pkl",
    "model_linear.pkl"
  ],
  "all_metrics": {
    "train": {
      "xgboost": {
        "mae": 1.849766057064855,
        "rmse": 3.3502772410525328,
        "r2": 0.9988688642698382,
        "mape": 1.4819593976711112
      },
      "lightgbm": {
        "mae": 1.551406414947702,
        "rmse": 3.0712491213563355,
        "r2": 0.9990494317215803,
        "mape": 1.2531649407680416
      },
      "catboost": {
        "mae": 1.9555908493282987,
        "rmse": 3.05003521411803,
        "r2": 0.9990625180087198,
        "mape": 1.596397072623335
      },
      "rf": {
        "mae": 1.1546827873137147,
        "rmse": 3.8287291400005787,
        "r2": 0.998522721034394,
        "mape": 1.1284766878967936
      },
      "gb": {
        "mae": 1.389443477810213,
        "rmse": 2.934235288038717,
        "r2": 0.9991323529424441,
        "mape": 1.1813821522725034
      },
      "ridge": {
        "mae": 8.983247637249487,
        "rmse": 11.820976756961727,
        "r2": 0.9859181422277248,
        "mape": 8.251033345000776
      },
      "linear": {
        "mae": 8.649308172667515,
        "rmse": 11.464455694760868,
        "r2": 0.9867547516019078,
        "mape": 7.801583730498991
      }
    },
    "val": {
      "xgboost": {
        "mae": 2.7153749966730265,
        "rmse": 8.668464063474724,
        "r2": 0.9433574245512178,
        "mape": 4.811220148452898
      },
      "lightgbm": {
        "mae": 3.0036883118680633,
        "rmse": 9.957772292193953,
        "r2": 0.9252548414553131,
        "mape": 4.934959468325841
      },
      "catboost": {
        "mae": 4.33520690228868,
        "rmse": 11.366628794290659,
        "r2": 0.9026082790291832,
        "mape": 6.974652361116755
      },
      "rf": {
        "mae": 5.48096071905621,
        "rmse": 12.64347724818004,
        "r2": 0.879498695507681,
        "mape": 9.221257904769233
      },
      "gb": {
        "mae": 2.690158062703625,
        "rmse": 9.962081925680735,
        "r2": 0.9251901294022539,
        "mape": 4.391319127984451
      },
      "ridge": {
        "mae": 6.82565363342113,
        "rmse": 11.90701316415532,
        "r2": 0.8931278975441768,
        "mape": 11.18574984987931
      },
      "linear": {
        "mae": 6.454139870807558,
        "rmse": 11.628026002765248,
        "r2": 0.8980773576622363,
        "mape": 10.23170512015434
      }
    },
    "test": {
      "xgboost": {
        "mae": 3.394049918464519,
        "rmse": 6.007811265142039,
        "r2": 0.9723161285190784,
        "mape": 8.742018981620339
      },
      "lightgbm": {
        "mae": 4.457528474085393,
        "rmse": 7.540957851827116,
        "r2": 0.9563838538419741,
        "mape": 9.386276067697134
      },
      "catboost": {
        "mae": 4.1646462015187815,
        "rmse": 6.794547465831927,
        "r2": 0.9645908634642617,
        "mape": 10.420156132084498
      },
      "rf": {
        "mae": 5.205229001770181,
        "rmse": 7.895723643795371,
        "r2": 0.9521834606803802,
        "mape": 13.201230640359974
      },
      "gb": {
        "mae": 3.7342048704582336,
        "rmse": 6.950579510790827,
        "r2": 0.9629458978682923,
        "mape": 7.855560290734605
      },
      "ridge": {
        "mae": 10.425468982244094,
        "rmse": 13.732498761691517,
        "r2": 0.8553583392340249,
        "mape": 22.547626600823623
      },
      "linear": {
        "mae": 9.01839936002448,
        "rmse": 12.235948230343357,
        "r2": 0.8851662560867297,
        "mape": 19.644832983280143
      }
    },
    "cv_mae": {
      "xgboost": 2.7133460666335494,
      "lightgbm": 2.4947808571152206,
      "catboost": 3.4218887547354506,
      "rf": 2.1699686510673315,
      "gb": 2.264573259175015,
      "ridge": 10.535829240000975,
      "linear": 9.707776833650765
    }
  }
}