{
  "trained_best_model": "rf",
  "new_test_metrics": {
    "mae": 3.341631490491286,
    "rmse": 6.586925709305485,
    "r2": 0.9780802905207898,
    "mape": 10.235476481633404
  },
  "cv_mae": {
    "xgboost": 2.6754615701574638,
    "lightgbm": 2.4788639854681493,
    "catboost": 3.2315289956021074,
    "rf": 2.229963405816567,
    "gb": 2.325784875819522,
    "ridge": 9.9523827751262,
    "linear": 9.27757046670131
  },
  "test_mae_all": {
    "xgboost": 3.6687586666003784,
    "lightgbm": 3.9455514295813794,
    "catboost": 3.8526364449266937,
    "rf": 3.341631490491286,
    "gb": 5.923159783797537,
    "ridge": 11.398713937752825,
    "linear": 9.752932880054281
  },
  "historical_best_cv_mae": 2.042469801781462,
  "is_new_historical_best": false,
  "features": [
    "pm2_5",
    "pm10",
    "co",
    "no2",
    "so2",
    "month_cos",
    "total_pm",
    "total_gases",
    "no2_o3_ratio",
    "pm2_5_rolling_3h",
    "pm10_rolling_3h",
    "co_rolling_3h",
    "pm2_5_co_interaction",
    "hour_sin",
    "hour_cos"
  ],
  "scaler_needed": false,
  "all_models_saved": [
    "model_xgboost.pkl",
    "model_lightgbm.pkl",
    "model_catboost.pkl",
    "model_rf.pkl",
    "model_gb.pkl",
    "model_ridge.pkl",
    "model_linear.pkl"
  ],
  "all_metrics": {
    "train": {
      "xgboost": {
        "mae": 1.8182292538224212,
        "rmse": 3.3890495508936387,
        "r2": 0.9988121827491071,
        "mape": 1.4830546277528298
      },
      "lightgbm": {
        "mae": 1.6397273207487573,
        "rmse": 3.280408410857298,
        "r2": 0.9988871167023138,
        "mape": 1.3476063273403167
      },
      "catboost": {
        "mae": 1.9067210914506176,
        "rmse": 3.0399079702407703,
        "r2": 0.9990443152343093,
        "mape": 1.6025611617135833
      },
      "rf": {
        "mae": 1.1777443178027105,
        "rmse": 3.889719302955132,
        "r2": 0.9984353027645938,
        "mape": 1.1509399116148074
      },
      "gb": {
        "mae": 1.4068035658864126,
        "rmse": 2.9735693058328514,
        "r2": 0.9990855711460069,
        "mape": 1.2243916570208284
      },
      "ridge": {
        "mae": 8.704711115977009,
        "rmse": 11.573037124508748,
        "r2": 0.9861487654465059,
        "mape": 8.136366649245826
      },
      "linear": {
        "mae": 8.400900272722922,
        "rmse": 11.251151619511724,
        "r2": 0.9869085501770345,
        "mape": 7.715817778893902
      }
    },
    "val": {
      "xgboost": {
        "mae": 2.8153693360280774,
        "rmse": 9.130968325257664,
        "r2": 0.9381108505133442,
        "mape": 4.842439233499406
      },
      "lightgbm": {
        "mae": 2.846970154699388,
        "rmse": 10.148555598303986,
        "r2": 0.923547918766805,
        "mape": 4.4319193562286685
      },
      "catboost": {
        "mae": 3.2760973925882095,
        "rmse": 10.218099327370354,
        "r2": 0.9224965416466369,
        "mape": 5.634745912662587
      },
      "rf": {
        "mae": 3.431227181608264,
        "rmse": 11.905246035884227,
        "r2": 0.8947898615707578,
        "mape": 6.043738647438107
      },
      "gb": {
        "mae": 2.801921224328946,
        "rmse": 9.821788694603201,
        "r2": 0.9283919223659627,
        "mape": 4.297999964184536
      },
      "ridge": {
        "mae": 6.358513894625262,
        "rmse": 11.585647293599632,
        "r2": 0.9003628152877178,
        "mape": 10.352517803862817
      },
      "linear": {
        "mae": 6.056010997145265,
        "rmse": 11.423488089350439,
        "r2": 0.9031324516086465,
        "mape": 9.51343686730472
      }
    },
    "test": {
      "xgboost": {
        "mae": 3.6687586666003784,
        "rmse": 6.066844123999176,
        "r2": 0.9814050533509866,
        "mape": 8.165661503828805
      },
      "lightgbm": {
        "mae": 3.9455514295813794,
        "rmse": 6.232634023474335,
        "r2": 0.9803748712102729,
        "mape": 8.31991394879027
      },
      "catboost": {
        "mae": 3.8526364449266937,
        "rmse": 6.575152492369481,
        "r2": 0.9781585773811845,
        "mape": 9.601522751741708
      },
      "rf": {
        "mae": 3.341631490491286,
        "rmse": 6.586925709305484,
        "r2": 0.9780802905207898,
        "mape": 10.235476481633402
      },
      "gb": {
        "mae": 5.923159783797537,
        "rmse": 10.085988666092717,
        "r2": 0.948606734332652,
        "mape": 8.556172204748078
      },
      "ridge": {
        "mae": 11.398713937752825,
        "rmse": 14.346247613880504,
        "r2": 0.896020934952678,
        "mape": 22.32225281498685
      },
      "linear": {
        "mae": 9.752932880054281,
        "rmse": 12.669060412099965,
        "r2": 0.9189117220791372,
        "mape": 19.48856139053939
      }
    },
    "cv_mae": {
      "xgboost": 2.6754615701574638,
      "lightgbm": 2.4788639854681493,
      "catboost": 3.2315289956021074,
      "rf": 2.229963405816567,
      "gb": 2.325784875819522,
      "ridge": 9.9523827751262,
      "linear": 9.27757046670131
    }
  }
}