{
  "trained_best_model": "rf",
  "new_test_metrics": {
    "mae": 4.36510438997264,
    "rmse": 7.3060512412859095,
    "r2": 0.9600076416776455,
    "mape": 12.027773464536246
  },
  "cv_mae": {
    "xgboost": 2.6806852755014674,
    "lightgbm": 2.4412793350350905,
    "catboost": 3.2748153044196173,
    "rf": 2.1412683140480873,
    "gb": 2.299220659898053,
    "ridge": 10.221879585321307,
    "linear": 9.386238714740506
  },
  "test_mae_all": {
    "xgboost": 3.499873697060491,
    "lightgbm": 3.6000751126542343,
    "catboost": 3.8231356500005305,
    "rf": 4.36510438997264,
    "gb": 4.030603265116063,
    "ridge": 10.451512758242021,
    "linear": 9.05437357108421
  },
  "historical_best_cv_mae": 2.042469801781462,
  "is_new_historical_best": false,
  "features": [
    "pm2_5",
    "pm10",
    "co",
    "no2",
    "so2",
    "month_cos",
    "total_pm",
    "total_gases",
    "no2_o3_ratio",
    "pm2_5_rolling_3h",
    "pm10_rolling_3h",
    "co_rolling_3h",
    "pm2_5_co_interaction",
    "hour_sin",
    "hour_cos"
  ],
  "scaler_needed": false,
  "all_models_saved": [
    "model_xgboost.pkl",
    "model_lightgbm.pkl",
    "model_catboost.pkl",
    "model_rf.pkl",
    "model_gb.pkl",
    "model_ridge.pkl",
    "model_linear.pkl"
  ],
  "all_metrics": {
    "train": {
      "xgboost": {
        "mae": 2.096547198622194,
        "rmse": 3.925261944795398,
        "r2": 0.9984525292205269,
        "mape": 1.6908196771695787
      },
      "lightgbm": {
        "mae": 1.785742008490957,
        "rmse": 3.556239153647116,
        "r2": 0.9987298146841551,
        "mape": 1.450055114535508
      },
      "catboost": {
        "mae": 1.9186785255263743,
        "rmse": 3.031985435891731,
        "r2": 0.9990767073229133,
        "mape": 1.5827404916099326
      },
      "rf": {
        "mae": 1.1606351927321619,
        "rmse": 3.857432689747413,
        "r2": 0.9985055483029496,
        "mape": 1.1361048967823304
      },
      "gb": {
        "mae": 1.369400680299094,
        "rmse": 2.9017870240626746,
        "r2": 0.9991543001802003,
        "mape": 1.1770022369336037
      },
      "ridge": {
        "mae": 8.897837164356579,
        "rmse": 11.76891020334191,
        "r2": 0.9860890218720618,
        "mape": 8.209902348000792
      },
      "linear": {
        "mae": 8.577750886982107,
        "rmse": 11.42382177669582,
        "r2": 0.986892857910505,
        "mape": 7.775763239813503
      }
    },
    "val": {
      "xgboost": {
        "mae": 3.0490994213922926,
        "rmse": 9.530439520493543,
        "r2": 0.934225521854216,
        "mape": 5.439884923951641
      },
      "lightgbm": {
        "mae": 3.0868400051725917,
        "rmse": 10.247997975289573,
        "r2": 0.9239481796642004,
        "mape": 4.82512999248175
      },
      "catboost": {
        "mae": 3.381966705213834,
        "rmse": 10.645423511094984,
        "r2": 0.91793510099791,
        "mape": 5.786212249559395
      },
      "rf": {
        "mae": 4.8039521521511634,
        "rmse": 12.446364838412,
        "r2": 0.8878196976539694,
        "mape": 8.119720246619652
      },
      "gb": {
        "mae": 2.9197008831667,
        "rmse": 9.907252773277047,
        "r2": 0.9289215351917524,
        "mape": 4.857231539837422
      },
      "ridge": {
        "mae": 6.892638252800915,
        "rmse": 12.034976011970004,
        "r2": 0.8951129164755655,
        "mape": 10.991988231066035
      },
      "linear": {
        "mae": 6.555825176290516,
        "rmse": 11.781981513783832,
        "r2": 0.8994763554919386,
        "mape": 10.107746122210926
      }
    },
    "test": {
      "xgboost": {
        "mae": 3.499873697060491,
        "rmse": 6.223224485920801,
        "r2": 0.9709836673265072,
        "mape": 9.562925009599493
      },
      "lightgbm": {
        "mae": 3.6000751126542343,
        "rmse": 6.007113745373027,
        "r2": 0.9729639464382065,
        "mape": 8.655576890964786
      },
      "catboost": {
        "mae": 3.8231356500005305,
        "rmse": 6.455623648531505,
        "r2": 0.9687760390602629,
        "mape": 9.69748419745885
      },
      "rf": {
        "mae": 4.36510438997264,
        "rmse": 7.3060512412859095,
        "r2": 0.9600076416776455,
        "mape": 12.027773464536248
      },
      "gb": {
        "mae": 4.030603265116063,
        "rmse": 7.308890895772558,
        "r2": 0.9599765478499037,
        "mape": 8.608811435388828
      },
      "ridge": {
        "mae": 10.451512758242021,
        "rmse": 13.680010163323248,
        "r2": 0.8597882443401159,
        "mape": 22.42284643243306
      },
      "linear": {
        "mae": 9.05437357108421,
        "rmse": 12.187585065988653,
        "r2": 0.8887123665337147,
        "mape": 19.60482803108411
      }
    },
    "cv_mae": {
      "xgboost": 2.6806852755014674,
      "lightgbm": 2.4412793350350905,
      "catboost": 3.2748153044196173,
      "rf": 2.1412683140480873,
      "gb": 2.299220659898053,
      "ridge": 10.221879585321307,
      "linear": 9.386238714740506
    }
  }
}