{
  "trained_best_model": "rf",
  "new_test_metrics": {
    "mae": 4.859939426176314,
    "rmse": 7.66928310670861,
    "r2": 0.9549855479302639,
    "mape": 12.683441937087292
  },
  "cv_mae": {
    "xgboost": 2.682841471916542,
    "lightgbm": 2.485611136673158,
    "catboost": 3.25485206083117,
    "rf": 2.1506100849363756,
    "gb": 2.3404168007566732,
    "ridge": 10.269322803271857,
    "linear": 9.416507475752326
  },
  "test_mae_all": {
    "xgboost": 3.4164162748720437,
    "lightgbm": 3.9259914293511473,
    "catboost": 4.1266076921484744,
    "rf": 4.859939426176315,
    "gb": 3.9954535991795006,
    "ridge": 10.489107580530215,
    "linear": 9.116377956746176
  },
  "historical_best_cv_mae": 2.042469801781462,
  "is_new_historical_best": false,
  "features": [
    "pm2_5",
    "pm10",
    "co",
    "no2",
    "so2",
    "month_cos",
    "total_pm",
    "total_gases",
    "no2_o3_ratio",
    "pm2_5_rolling_3h",
    "pm10_rolling_3h",
    "co_rolling_3h",
    "pm2_5_co_interaction",
    "hour_sin",
    "hour_cos"
  ],
  "scaler_needed": false,
  "all_models_saved": [
    "model_xgboost.pkl",
    "model_lightgbm.pkl",
    "model_catboost.pkl",
    "model_rf.pkl",
    "model_gb.pkl",
    "model_ridge.pkl",
    "model_linear.pkl"
  ],
  "all_metrics": {
    "train": {
      "xgboost": {
        "mae": 1.925929225665327,
        "rmse": 3.556823175359619,
        "r2": 0.9987274354542863,
        "mape": 1.5396848821423084
      },
      "lightgbm": {
        "mae": 1.6754691066457421,
        "rmse": 3.3071449224758935,
        "r2": 0.9988998251258396,
        "mape": 1.3580134250711366
      },
      "catboost": {
        "mae": 1.9017220208097985,
        "rmse": 3.0188753093924348,
        "r2": 0.9990832611846742,
        "mape": 1.5567967096828612
      },
      "rf": {
        "mae": 1.1565858303109124,
        "rmse": 3.840453433720344,
        "r2": 0.9985163882086991,
        "mape": 1.12860883492455
      },
      "gb": {
        "mae": 1.4137303610525598,
        "rmse": 3.010636328388639,
        "r2": 0.999088258202612,
        "mape": 1.2052192108577922
      },
      "ridge": {
        "mae": 8.95786757383944,
        "rmse": 11.80580995240375,
        "r2": 0.9859800377362344,
        "mape": 8.236003777525951
      },
      "linear": {
        "mae": 8.623690697518164,
        "rmse": 11.450280563984913,
        "r2": 0.9868117392349015,
        "mape": 7.786369445583824
      }
    },
    "val": {
      "xgboost": {
        "mae": 2.8048873034786417,
        "rmse": 9.24935847601548,
        "r2": 0.9352623051612524,
        "mape": 5.027094978219307
      },
      "lightgbm": {
        "mae": 2.917110912456656,
        "rmse": 10.120062685440066,
        "r2": 0.9225002301113366,
        "mape": 4.671702804042859
      },
      "catboost": {
        "mae": 3.7479845651907624,
        "rmse": 10.706427306724418,
        "r2": 0.9132592539751018,
        "mape": 6.258969530591864
      },
      "rf": {
        "mae": 5.181696230945201,
        "rmse": 12.538120700165182,
        "r2": 0.8810405629145359,
        "mape": 8.758602385080147
      },
      "gb": {
        "mae": 2.9023838979294205,
        "rmse": 9.66884721191332,
        "r2": 0.9292570114304144,
        "mape": 4.6167222641943475
      },
      "ridge": {
        "mae": 6.748645843488547,
        "rmse": 11.87767280276953,
        "r2": 0.8932429110943773,
        "mape": 11.042014483471188
      },
      "linear": {
        "mae": 6.377283438902144,
        "rmse": 11.60143990421431,
        "r2": 0.8981507589261928,
        "mape": 10.096785361325852
      }
    },
    "test": {
      "xgboost": {
        "mae": 3.4164162748720437,
        "rmse": 6.120872613268276,
        "r2": 0.9713272656627758,
        "mape": 8.9702266845089
      },
      "lightgbm": {
        "mae": 3.9259914293511473,
        "rmse": 6.657250374746022,
        "r2": 0.9660818458065297,
        "mape": 8.825496177110516
      },
      "catboost": {
        "mae": 4.1266076921484744,
        "rmse": 6.764601712887738,
        "r2": 0.9649791332005049,
        "mape": 10.073235143219224
      },
      "rf": {
        "mae": 4.859939426176315,
        "rmse": 7.669283106708611,
        "r2": 0.9549855479302639,
        "mape": 12.683441937087295
      },
      "gb": {
        "mae": 3.9954535991795006,
        "rmse": 6.922296067840675,
        "r2": 0.9633273098565215,
        "mape": 8.160220038581732
      },
      "ridge": {
        "mae": 10.489107580530215,
        "rmse": 13.740767243275984,
        "r2": 0.855501148651759,
        "mape": 22.59245023287865
      },
      "linear": {
        "mae": 9.116377956746176,
        "rmse": 12.271215245104482,
        "r2": 0.884756198280131,
        "mape": 19.74772418564548
      }
    },
    "cv_mae": {
      "xgboost": 2.682841471916542,
      "lightgbm": 2.485611136673158,
      "catboost": 3.25485206083117,
      "rf": 2.1506100849363756,
      "gb": 2.3404168007566732,
      "ridge": 10.269322803271857,
      "linear": 9.416507475752326
    }
  }
}