{
  "trained_best_model": "rf",
  "new_test_metrics": {
    "mae": 3.2912074663196607,
    "rmse": 6.4968834263388615,
    "r2": 0.9773351156084623,
    "mape": 10.108592666689114
  },
  "cv_mae": {
    "xgboost": 2.706887248910803,
    "lightgbm": 2.5075138113912825,
    "catboost": 3.2139815534448237,
    "rf": 2.224526106995495,
    "gb": 2.2880340695479164,
    "ridge": 9.880806677870956,
    "linear": 9.306354125669793
  },
  "test_mae_all": {
    "xgboost": 3.288939640627438,
    "lightgbm": 4.245334074111588,
    "catboost": 3.6874615559922352,
    "rf": 3.29120746631966,
    "gb": 4.952357500210453,
    "ridge": 11.264368954344434,
    "linear": 9.617036175219644
  },
  "historical_best_cv_mae": 2.042469801781462,
  "is_new_historical_best": false,
  "features": [
    "pm2_5",
    "pm10",
    "co",
    "no2",
    "so2",
    "month_cos",
    "total_pm",
    "total_gases",
    "no2_o3_ratio",
    "pm2_5_rolling_3h",
    "pm10_rolling_3h",
    "co_rolling_3h",
    "pm2_5_co_interaction",
    "hour_sin",
    "hour_cos"
  ],
  "scaler_needed": false,
  "all_models_saved": [
    "model_xgboost.pkl",
    "model_lightgbm.pkl",
    "model_catboost.pkl",
    "model_rf.pkl",
    "model_gb.pkl",
    "model_ridge.pkl",
    "model_linear.pkl"
  ],
  "all_metrics": {
    "train": {
      "xgboost": {
        "mae": 1.8100256573041902,
        "rmse": 3.340610872628225,
        "r2": 0.9988478340520165,
        "mape": 1.4759872118316142
      },
      "lightgbm": {
        "mae": 1.689370772908129,
        "rmse": 3.4001661219580575,
        "r2": 0.9988063870366775,
        "mape": 1.379254031403518
      },
      "catboost": {
        "mae": 1.8608658893504604,
        "rmse": 2.9571988907504148,
        "r2": 0.9990971318679138,
        "mape": 1.5648376583833765
      },
      "rf": {
        "mae": 1.1778467920757922,
        "rmse": 3.870457775285209,
        "r2": 0.9984533646834199,
        "mape": 1.158790569094526
      },
      "gb": {
        "mae": 1.3922526132949216,
        "rmse": 2.9662582249618734,
        "r2": 0.9990915915487334,
        "mape": 1.217162744660948
      },
      "ridge": {
        "mae": 8.718577234711029,
        "rmse": 11.591047364381351,
        "r2": 0.986128973033727,
        "mape": 8.120418121395517
      },
      "linear": {
        "mae": 8.412695270057515,
        "rmse": 11.265444113702664,
        "r2": 0.9868973273815382,
        "mape": 7.698744924023961
      }
    },
    "val": {
      "xgboost": {
        "mae": 2.789554691750165,
        "rmse": 8.682013404856914,
        "r2": 0.9436000958773003,
        "mape": 4.863883866232768
      },
      "lightgbm": {
        "mae": 2.8505403038428585,
        "rmse": 10.306890477979,
        "r2": 0.9205136080268094,
        "mape": 4.495197814535308
      },
      "catboost": {
        "mae": 3.2177007169850858,
        "rmse": 9.733084555038415,
        "r2": 0.9291175934224447,
        "mape": 5.545687638208488
      },
      "rf": {
        "mae": 3.4748142214960054,
        "rmse": 11.902298319276147,
        "r2": 0.8940016453397699,
        "mape": 6.052860408747553
      },
      "gb": {
        "mae": 2.7419258017949066,
        "rmse": 9.811532224987765,
        "r2": 0.9279703788108931,
        "mape": 4.203538223283373
      },
      "ridge": {
        "mae": 6.391260389651433,
        "rmse": 11.593733200305424,
        "r2": 0.8994263838471869,
        "mape": 10.327072968617266
      },
      "linear": {
        "mae": 6.144640956517015,
        "rmse": 11.458362226270859,
        "r2": 0.9017613114760112,
        "mape": 9.569669728142284
      }
    },
    "test": {
      "xgboost": {
        "mae": 3.288939640627438,
        "rmse": 5.591765875436346,
        "r2": 0.9832103625422085,
        "mape": 8.055822127169748
      },
      "lightgbm": {
        "mae": 4.245334074111588,
        "rmse": 7.03358410764761,
        "r2": 0.9734358007042367,
        "mape": 8.711467703680244
      },
      "catboost": {
        "mae": 3.6874615559922352,
        "rmse": 6.249021936417528,
        "r2": 0.979031495458239,
        "mape": 9.526571364821521
      },
      "rf": {
        "mae": 3.29120746631966,
        "rmse": 6.496883426338863,
        "r2": 0.9773351156084622,
        "mape": 10.108592666689114
      },
      "gb": {
        "mae": 4.952357500210453,
        "rmse": 8.649608606287646,
        "r2": 0.9598268143384269,
        "mape": 7.883076670087232
      },
      "ridge": {
        "mae": 11.264368954344434,
        "rmse": 14.243503774340274,
        "r2": 0.8910625940313759,
        "mape": 22.29214425624198
      },
      "linear": {
        "mae": 9.617036175219644,
        "rmse": 12.571916067882501,
        "r2": 0.9151315431642465,
        "mape": 19.433323245220272
      }
    },
    "cv_mae": {
      "xgboost": 2.706887248910803,
      "lightgbm": 2.5075138113912825,
      "catboost": 3.2139815534448237,
      "rf": 2.224526106995495,
      "gb": 2.2880340695479164,
      "ridge": 9.880806677870956,
      "linear": 9.306354125669793
    }
  }
}