{
  "trained_best_model": "rf",
  "new_test_metrics": {
    "mae": 3.1990372150284583,
    "rmse": 6.276813536853221,
    "r2": 0.9817652468408249,
    "mape": 9.721319922933617
  },
  "cv_mae": {
    "xgboost": 2.7298473007291735,
    "lightgbm": 2.4745537803022866,
    "catboost": 3.306860918769998,
    "rf": 2.172397788046049,
    "gb": 2.3566523119053775,
    "ridge": 9.543756305052636,
    "linear": 8.79401279087296
  },
  "test_mae_all": {
    "xgboost": 3.605504484625584,
    "lightgbm": 3.8489363898162456,
    "catboost": 3.5260481560760484,
    "rf": 3.199037215028459,
    "gb": 5.765638823300973,
    "ridge": 11.494515214326258,
    "linear": 9.868969720730611
  },
  "historical_best_cv_mae": 2.042469801781462,
  "is_new_historical_best": false,
  "features": [
    "pm2_5",
    "pm10",
    "co",
    "no2",
    "so2",
    "month_cos",
    "total_pm",
    "total_gases",
    "no2_o3_ratio",
    "pm2_5_rolling_3h",
    "pm10_rolling_3h",
    "co_rolling_3h",
    "pm2_5_co_interaction",
    "hour_sin",
    "hour_cos"
  ],
  "scaler_needed": false,
  "all_models_saved": [
    "model_xgboost.pkl",
    "model_lightgbm.pkl",
    "model_catboost.pkl",
    "model_rf.pkl",
    "model_gb.pkl",
    "model_ridge.pkl",
    "model_linear.pkl"
  ],
  "all_metrics": {
    "train": {
      "xgboost": {
        "mae": 1.8881955849758878,
        "rmse": 3.535488265515673,
        "r2": 0.998692572460901,
        "mape": 1.5556794116729493
      },
      "lightgbm": {
        "mae": 1.7948609902744375,
        "rmse": 3.658111256720634,
        "r2": 0.9986003074599595,
        "mape": 1.4769445068424911
      },
      "catboost": {
        "mae": 1.8958938809204773,
        "rmse": 3.047293015841651,
        "r2": 0.9990287137049286,
        "mape": 1.6105278177494247
      },
      "rf": {
        "mae": 1.1778791046657184,
        "rmse": 3.897677315570126,
        "r2": 0.9984109755075459,
        "mape": 1.155526149233986
      },
      "gb": {
        "mae": 1.386229958709473,
        "rmse": 2.9411907468601006,
        "r2": 0.9990951737108925,
        "mape": 1.2144518251581284
      },
      "ridge": {
        "mae": 8.651826694293293,
        "rmse": 11.528903452853843,
        "r2": 0.9860974382484259,
        "mape": 8.118093156390257
      },
      "linear": {
        "mae": 8.357708893322231,
        "rmse": 11.211353179756776,
        "r2": 0.9868527507628587,
        "mape": 7.708055428968787
      }
    },
    "val": {
      "xgboost": {
        "mae": 2.7911306908141533,
        "rmse": 8.941389063601578,
        "r2": 0.9404061142874602,
        "mape": 4.5620349397719915
      },
      "lightgbm": {
        "mae": 2.658523669853847,
        "rmse": 10.189844601737217,
        "r2": 0.9226025164754216,
        "mape": 3.9047715695848093
      },
      "catboost": {
        "mae": 2.953440438355989,
        "rmse": 9.062723666017327,
        "r2": 0.9387777629564993,
        "mape": 4.852685845193412
      },
      "rf": {
        "mae": 3.335658833615157,
        "rmse": 11.818233362584335,
        "r2": 0.8958889464966857,
        "mape": 5.735802024319868
      },
      "gb": {
        "mae": 2.625721638222771,
        "rmse": 9.430850363843255,
        "r2": 0.9337030686756388,
        "mape": 3.735506240489591
      },
      "ridge": {
        "mae": 6.409575675029428,
        "rmse": 11.590859131557158,
        "r2": 0.8998564520149567,
        "mape": 10.400807927804902
      },
      "linear": {
        "mae": 6.048499989125669,
        "rmse": 11.41643605462499,
        "r2": 0.9028477606631176,
        "mape": 9.490651649848118
      }
    },
    "test": {
      "xgboost": {
        "mae": 3.605504484625584,
        "rmse": 5.916662669619316,
        "r2": 0.9837977603177903,
        "mape": 7.58539617305463
      },
      "lightgbm": {
        "mae": 3.8489363898162456,
        "rmse": 6.103725469153936,
        "r2": 0.982757056003907,
        "mape": 7.17678770447486
      },
      "catboost": {
        "mae": 3.5260481560760484,
        "rmse": 5.745830120660326,
        "r2": 0.9847198718280535,
        "mape": 8.202813402578306
      },
      "rf": {
        "mae": 3.199037215028459,
        "rmse": 6.276813536853222,
        "r2": 0.9817652468408249,
        "mape": 9.721319922933617
      },
      "gb": {
        "mae": 5.765638823300973,
        "rmse": 9.71084160608369,
        "r2": 0.9563549319790299,
        "mape": 7.636035819053359
      },
      "ridge": {
        "mae": 11.494515214326258,
        "rmse": 14.410291952600002,
        "r2": 0.9038903505231954,
        "mape": 22.286051287488494
      },
      "linear": {
        "mae": 9.868969720730611,
        "rmse": 12.739251282600359,
        "r2": 0.924888014488831,
        "mape": 19.497138111518506
      }
    },
    "cv_mae": {
      "xgboost": 2.7298473007291735,
      "lightgbm": 2.4745537803022866,
      "catboost": 3.306860918769998,
      "rf": 2.172397788046049,
      "gb": 2.3566523119053775,
      "ridge": 9.543756305052636,
      "linear": 8.79401279087296
    }
  }
}