{
  "trained_best_model": "rf",
  "new_test_metrics": {
    "mae": 3.2699425741118824,
    "rmse": 6.3798312785036355,
    "r2": 0.9780225315639075,
    "mape": 9.959736008404896
  },
  "cv_mae": {
    "xgboost": 2.696434537211976,
    "lightgbm": 2.52261020282796,
    "catboost": 3.146802995676051,
    "rf": 2.2169869278953884,
    "gb": 2.2977579960056977,
    "ridge": 9.860168342267414,
    "linear": 9.299231466722508
  },
  "test_mae_all": {
    "xgboost": 3.3167638275320623,
    "lightgbm": 4.364478615655548,
    "catboost": 3.8953492897864783,
    "rf": 3.269942574111881,
    "gb": 5.302022322686889,
    "ridge": 11.256329536802829,
    "linear": 9.613349369168008
  },
  "historical_best_cv_mae": 2.042469801781462,
  "is_new_historical_best": false,
  "features": [
    "pm2_5",
    "pm10",
    "co",
    "no2",
    "so2",
    "month_cos",
    "total_pm",
    "total_gases",
    "no2_o3_ratio",
    "pm2_5_rolling_3h",
    "pm10_rolling_3h",
    "co_rolling_3h",
    "pm2_5_co_interaction",
    "hour_sin",
    "hour_cos"
  ],
  "scaler_needed": false,
  "all_models_saved": [
    "model_xgboost.pkl",
    "model_lightgbm.pkl",
    "model_catboost.pkl",
    "model_rf.pkl",
    "model_gb.pkl",
    "model_ridge.pkl",
    "model_linear.pkl"
  ],
  "all_metrics": {
    "train": {
      "xgboost": {
        "mae": 1.940037505578466,
        "rmse": 3.576186176574656,
        "r2": 0.9986824875309998,
        "mape": 1.576355817290673
      },
      "lightgbm": {
        "mae": 1.6306793890673792,
        "rmse": 3.2292139344813244,
        "r2": 0.9989257431551822,
        "mape": 1.3403181182270325
      },
      "catboost": {
        "mae": 1.880820178642,
        "rmse": 3.0141162079483026,
        "r2": 0.9990640891576645,
        "mape": 1.5861272474956767
      },
      "rf": {
        "mae": 1.1795437134268185,
        "rmse": 3.879570067658997,
        "r2": 0.9984494645724745,
        "mape": 1.1535357289864248
      },
      "gb": {
        "mae": 1.4086952134178392,
        "rmse": 2.9757978188677665,
        "r2": 0.9990877343214013,
        "mape": 1.2226370600189753
      },
      "ridge": {
        "mae": 8.720251129030906,
        "rmse": 11.592615096589265,
        "r2": 0.986155498370383,
        "mape": 8.119005230972009
      },
      "linear": {
        "mae": 8.41492557242963,
        "rmse": 11.266801557170755,
        "r2": 0.9869227693373898,
        "mape": 7.69878308688231
      }
    },
    "val": {
      "xgboost": {
        "mae": 2.930603171048099,
        "rmse": 9.56443725832546,
        "r2": 0.9315482211027475,
        "mape": 4.982619251660917
      },
      "lightgbm": {
        "mae": 2.7856569935388547,
        "rmse": 10.29129441652653,
        "r2": 0.9207487904316956,
        "mape": 4.417051162568559
      },
      "catboost": {
        "mae": 3.354812802052152,
        "rmse": 10.209358396364358,
        "r2": 0.9220057127848793,
        "mape": 5.62530714667076
      },
      "rf": {
        "mae": 3.4784957193153723,
        "rmse": 11.884254542449778,
        "r2": 0.8943158681950293,
        "mape": 6.012370029600982
      },
      "gb": {
        "mae": 2.7839342016035715,
        "rmse": 9.874417118104386,
        "r2": 0.9270393269785799,
        "mape": 4.223234032912617
      },
      "ridge": {
        "mae": 6.384489725057903,
        "rmse": 11.590407878975434,
        "r2": 0.8994774880124077,
        "mape": 10.316595332006411
      },
      "linear": {
        "mae": 6.1329627135306515,
        "rmse": 11.454840061073657,
        "r2": 0.9018152693341915,
        "mape": 9.553793383217354
      }
    },
    "test": {
      "xgboost": {
        "mae": 3.3167638275320623,
        "rmse": 5.797222792494297,
        "r2": 0.9818532331241484,
        "mape": 8.322006082214953
      },
      "lightgbm": {
        "mae": 4.364478615655548,
        "rmse": 7.213060800905792,
        "r2": 0.9719069776948694,
        "mape": 8.326017838391223
      },
      "catboost": {
        "mae": 3.8953492897864783,
        "rmse": 6.516565139950147,
        "r2": 0.9770703851609899,
        "mape": 9.567805566813165
      },
      "rf": {
        "mae": 3.269942574111881,
        "rmse": 6.3798312785036355,
        "r2": 0.9780225315639075,
        "mape": 9.959736008404894
      },
      "gb": {
        "mae": 5.302022322686889,
        "rmse": 9.302669669511596,
        "r2": 0.9532722921913691,
        "mape": 7.893484030233738
      },
      "ridge": {
        "mae": 11.256329536802829,
        "rmse": 14.238157518053148,
        "r2": 0.8905371214660023,
        "mape": 22.29296205132746
      },
      "linear": {
        "mae": 9.613349369168008,
        "rmse": 12.568791348512859,
        "r2": 0.9147005341954593,
        "mape": 19.436405232007655
      }
    },
    "cv_mae": {
      "xgboost": 2.696434537211976,
      "lightgbm": 2.52261020282796,
      "catboost": 3.146802995676051,
      "rf": 2.2169869278953884,
      "gb": 2.2977579960056977,
      "ridge": 9.860168342267414,
      "linear": 9.299231466722508
    }
  }
}