{
  "trained_best_model": "rf",
  "new_test_metrics": {
    "mae": 3.325863694105887,
    "rmse": 6.609037811747932,
    "r2": 0.9769946072671578,
    "mape": 10.250536733674847
  },
  "cv_mae": {
    "xgboost": 2.7488592200083275,
    "lightgbm": 2.561206230887919,
    "catboost": 3.1461478189234158,
    "rf": 2.212333536538826,
    "gb": 2.255407149264907,
    "ridge": 9.924584581815026,
    "linear": 9.327410651315306
  },
  "test_mae_all": {
    "xgboost": 3.1609552489537824,
    "lightgbm": 3.364626859580117,
    "catboost": 3.4577876090900754,
    "rf": 3.325863694105888,
    "gb": 5.534056609600125,
    "ridge": 11.279636742549961,
    "linear": 9.639144994175474
  },
  "historical_best_cv_mae": 2.042469801781462,
  "is_new_historical_best": false,
  "features": [
    "pm2_5",
    "pm10",
    "co",
    "no2",
    "so2",
    "month_cos",
    "total_pm",
    "total_gases",
    "no2_o3_ratio",
    "pm2_5_rolling_3h",
    "pm10_rolling_3h",
    "co_rolling_3h",
    "pm2_5_co_interaction",
    "hour_sin",
    "hour_cos"
  ],
  "scaler_needed": false,
  "all_models_saved": [
    "model_xgboost.pkl",
    "model_lightgbm.pkl",
    "model_catboost.pkl",
    "model_rf.pkl",
    "model_gb.pkl",
    "model_ridge.pkl",
    "model_linear.pkl"
  ],
  "all_metrics": {
    "train": {
      "xgboost": {
        "mae": 1.808924731443073,
        "rmse": 3.350699299885894,
        "r2": 0.9988402270612646,
        "mape": 1.4829957556041522
      },
      "lightgbm": {
        "mae": 1.8763614291085902,
        "rmse": 3.906519486163269,
        "r2": 0.9984235432836746,
        "mape": 1.5613770316136648
      },
      "catboost": {
        "mae": 1.8908981715031798,
        "rmse": 2.9939915230169603,
        "r2": 0.9990740166154486,
        "mape": 1.5973122115309748
      },
      "rf": {
        "mae": 1.173275196063018,
        "rmse": 3.8745734875940427,
        "r2": 0.9984492211618252,
        "mape": 1.148555727116693
      },
      "gb": {
        "mae": 1.387846235512772,
        "rmse": 2.9716987120933585,
        "r2": 0.9990877547445389,
        "mape": 1.2028350985325156
      },
      "ridge": {
        "mae": 8.7149787705564,
        "rmse": 11.586351357537344,
        "r2": 0.9861325869977238,
        "mape": 8.124655703958325
      },
      "linear": {
        "mae": 8.409890044842964,
        "rmse": 11.261552777883805,
        "r2": 0.986899175940099,
        "mape": 7.703616866213917
      }
    },
    "val": {
      "xgboost": {
        "mae": 2.864607088097699,
        "rmse": 9.351944825895739,
        "r2": 0.9346977115187545,
        "mape": 4.727953087036942
      },
      "lightgbm": {
        "mae": 2.8815239484457,
        "rmse": 10.516015881413223,
        "r2": 0.9174291042614264,
        "mape": 4.395609107110323
      },
      "catboost": {
        "mae": 3.170544553699895,
        "rmse": 10.13743803944403,
        "r2": 0.9232672161032257,
        "mape": 5.287264334258328
      },
      "rf": {
        "mae": 3.476994516558163,
        "rmse": 11.907978309513524,
        "r2": 0.8941232506380826,
        "mape": 6.083521762829475
      },
      "gb": {
        "mae": 2.8530738807038314,
        "rmse": 10.143007793235624,
        "r2": 0.9231828752432198,
        "mape": 4.500717503524978
      },
      "ridge": {
        "mae": 6.390094052818025,
        "rmse": 11.595021254325207,
        "r2": 0.8996152764331257,
        "mape": 10.34143311839702
      },
      "linear": {
        "mae": 6.118539081128355,
        "rmse": 11.450876002704785,
        "r2": 0.9020956579774687,
        "mape": 9.546775043970266
      }
    },
    "test": {
      "xgboost": {
        "mae": 3.1609552489537824,
        "rmse": 5.31625479828954,
        "r2": 0.9851144545219007,
        "mape": 7.663130203461137
      },
      "lightgbm": {
        "mae": 3.364626859580117,
        "rmse": 5.541200174491096,
        "r2": 0.9838281070833567,
        "mape": 7.579144706503222
      },
      "catboost": {
        "mae": 3.4577876090900754,
        "rmse": 5.901066256886862,
        "r2": 0.9816593737700687,
        "mape": 8.86118458959135
      },
      "rf": {
        "mae": 3.325863694105888,
        "rmse": 6.609037811747932,
        "r2": 0.9769946072671578,
        "mape": 10.250536733674847
      },
      "gb": {
        "mae": 5.534056609600125,
        "rmse": 9.457383206561607,
        "r2": 0.9528919473342699,
        "mape": 8.820975593666025
      },
      "ridge": {
        "mae": 11.279636742549961,
        "rmse": 14.256094757971104,
        "r2": 0.892957972809616,
        "mape": 22.28391763742131
      },
      "linear": {
        "mae": 9.639144994175474,
        "rmse": 12.583997864258953,
        "r2": 0.9165953142599488,
        "mape": 19.440124976833307
      }
    },
    "cv_mae": {
      "xgboost": 2.7488592200083275,
      "lightgbm": 2.561206230887919,
      "catboost": 3.1461478189234158,
      "rf": 2.212333536538826,
      "gb": 2.255407149264907,
      "ridge": 9.924584581815026,
      "linear": 9.327410651315306
    }
  }
}