{
  "trained_best_model": "rf",
  "new_test_metrics": {
    "mae": 3.61950789279824,
    "rmse": 6.74708397382886,
    "r2": 0.9728459584669424,
    "mape": 10.477670118807467
  },
  "cv_mae": {
    "xgboost": 2.642212343682515,
    "lightgbm": 2.431126887289442,
    "catboost": 3.1133969587755046,
    "rf": 2.1266807410427644,
    "gb": 2.230251896117389,
    "ridge": 9.81568243202866,
    "linear": 9.16292786607407
  },
  "test_mae_all": {
    "xgboost": 3.5001742260942446,
    "lightgbm": 3.653021227558795,
    "catboost": 3.9054728006389823,
    "rf": 3.619507892798238,
    "gb": 4.5928110180035056,
    "ridge": 10.729565507047926,
    "linear": 9.249171916792067
  },
  "historical_best_cv_mae": 2.042469801781462,
  "is_new_historical_best": false,
  "features": [
    "pm2_5",
    "pm10",
    "co",
    "no2",
    "so2",
    "month_cos",
    "total_pm",
    "total_gases",
    "no2_o3_ratio",
    "pm2_5_rolling_3h",
    "pm10_rolling_3h",
    "co_rolling_3h",
    "pm2_5_co_interaction",
    "hour_sin",
    "hour_cos"
  ],
  "scaler_needed": false,
  "all_models_saved": [
    "model_xgboost.pkl",
    "model_lightgbm.pkl",
    "model_catboost.pkl",
    "model_rf.pkl",
    "model_gb.pkl",
    "model_ridge.pkl",
    "model_linear.pkl"
  ],
  "all_metrics": {
    "train": {
      "xgboost": {
        "mae": 1.8312155951570235,
        "rmse": 3.3716584350142704,
        "r2": 0.9988485322958873,
        "mape": 1.4789632477212518
      },
      "lightgbm": {
        "mae": 1.8912541906936664,
        "rmse": 3.8617708994716295,
        "r2": 0.998489441223467,
        "mape": 1.5594842825508155
      },
      "catboost": {
        "mae": 1.8979420661396258,
        "rmse": 3.022086134705749,
        "r2": 0.9990749221251461,
        "mape": 1.6010848652325198
      },
      "rf": {
        "mae": 1.1714830668326615,
        "rmse": 3.8719796274465486,
        "r2": 0.998481444236143,
        "mape": 1.1479733526724276
      },
      "gb": {
        "mae": 1.3779690009922099,
        "rmse": 2.9372791681460533,
        "r2": 0.9991261134246927,
        "mape": 1.183598997696593
      },
      "ridge": {
        "mae": 8.801762732323768,
        "rmse": 11.675252531187216,
        "r2": 0.9861930680835584,
        "mape": 8.156513652168611
      },
      "linear": {
        "mae": 8.48668412914504,
        "rmse": 11.337697252073145,
        "r2": 0.9869798997166404,
        "mape": 7.72819991692182
      }
    },
    "val": {
      "xgboost": {
        "mae": 2.7499548898984307,
        "rmse": 9.08916936540457,
        "r2": 0.9384497929984057,
        "mape": 4.925761314364126
      },
      "lightgbm": {
        "mae": 2.9423092005469034,
        "rmse": 10.498035337022658,
        "r2": 0.9178897855529744,
        "mape": 4.729550229002555
      },
      "catboost": {
        "mae": 3.4576409558764802,
        "rmse": 10.151450634382318,
        "r2": 0.9232219036677994,
        "mape": 5.704156143522842
      },
      "rf": {
        "mae": 4.016307910401903,
        "rmse": 12.143651365834431,
        "r2": 0.8901298526967096,
        "mape": 6.663642740508546
      },
      "gb": {
        "mae": 2.563070328663363,
        "rmse": 9.756747855361862,
        "r2": 0.9290763155296897,
        "mape": 4.001593276201459
      },
      "ridge": {
        "mae": 6.522672418177032,
        "rmse": 11.783104136800537,
        "r2": 0.8965571309152995,
        "mape": 10.3717264239753
      },
      "linear": {
        "mae": 6.256464586166775,
        "rmse": 11.641521586040437,
        "r2": 0.8990280784182951,
        "mape": 9.600726326625725
      }
    },
    "test": {
      "xgboost": {
        "mae": 3.5001742260942446,
        "rmse": 5.922915209210901,
        "r2": 0.9790746236319857,
        "mape": 8.478485983921846
      },
      "lightgbm": {
        "mae": 3.653021227558795,
        "rmse": 6.039703904137416,
        "r2": 0.9782412700093654,
        "mape": 8.614997578991431
      },
      "catboost": {
        "mae": 3.9054728006389823,
        "rmse": 6.291530565968963,
        "r2": 0.9763889734868586,
        "mape": 9.45070102482633
      },
      "rf": {
        "mae": 3.619507892798238,
        "rmse": 6.747083973828859,
        "r2": 0.9728459584669424,
        "mape": 10.477670118807463
      },
      "gb": {
        "mae": 4.5928110180035056,
        "rmse": 8.047779359125329,
        "r2": 0.9613673615800037,
        "mape": 7.468162503307404
      },
      "ridge": {
        "mae": 10.729565507047926,
        "rmse": 13.832058811437724,
        "r2": 0.8858762849389462,
        "mape": 22.09582008739062
      },
      "linear": {
        "mae": 9.249171916792067,
        "rmse": 12.279227543437813,
        "r2": 0.9100617688989923,
        "mape": 19.32626526043962
      }
    },
    "cv_mae": {
      "xgboost": 2.642212343682515,
      "lightgbm": 2.431126887289442,
      "catboost": 3.1133969587755046,
      "rf": 2.1266807410427644,
      "gb": 2.230251896117389,
      "ridge": 9.81568243202866,
      "linear": 9.16292786607407
    }
  }
}