{
  "trained_best_model": "rf",
  "new_test_metrics": {
    "mae": 4.657856222874298,
    "rmse": 7.539591690171594,
    "r2": 0.9581838456438122,
    "mape": 12.357721004514529
  },
  "cv_mae": {
    "xgboost": 2.653745753144565,
    "lightgbm": 2.542054455632791,
    "catboost": 3.211165800269936,
    "rf": 2.126605585950114,
    "gb": 2.338069968728724,
    "ridge": 10.192153694813348,
    "linear": 9.33566589637336
  },
  "test_mae_all": {
    "xgboost": 3.666063793579624,
    "lightgbm": 3.9118993102939648,
    "catboost": 3.808158570236053,
    "rf": 4.657856222874298,
    "gb": 4.054489966444296,
    "ridge": 10.554783646478535,
    "linear": 9.166934947446485
  },
  "historical_best_cv_mae": 2.042469801781462,
  "is_new_historical_best": false,
  "features": [
    "pm2_5",
    "pm10",
    "co",
    "no2",
    "so2",
    "month_cos",
    "total_pm",
    "total_gases",
    "no2_o3_ratio",
    "pm2_5_rolling_3h",
    "pm10_rolling_3h",
    "co_rolling_3h",
    "pm2_5_co_interaction",
    "hour_sin",
    "hour_cos"
  ],
  "scaler_needed": false,
  "all_models_saved": [
    "model_xgboost.pkl",
    "model_lightgbm.pkl",
    "model_catboost.pkl",
    "model_rf.pkl",
    "model_gb.pkl",
    "model_ridge.pkl",
    "model_linear.pkl"
  ],
  "all_metrics": {
    "train": {
      "xgboost": {
        "mae": 1.9153621736415756,
        "rmse": 3.587330510782598,
        "r2": 0.9987064627151717,
        "mape": 1.5439271740503542
      },
      "lightgbm": {
        "mae": 1.5325403520289478,
        "rmse": 3.032402962931585,
        "r2": 0.9990757062989856,
        "mape": 1.2555448402235325
      },
      "catboost": {
        "mae": 1.9420400344990818,
        "rmse": 3.0873679021263336,
        "r2": 0.9990418953716544,
        "mape": 1.6025333546651561
      },
      "rf": {
        "mae": 1.1567137727891446,
        "rmse": 3.8527478106521396,
        "r2": 0.9985079707631,
        "mape": 1.127760997079324
      },
      "gb": {
        "mae": 1.403744427052543,
        "rmse": 2.9323872930434836,
        "r2": 0.9991356715137927,
        "mape": 1.2087705613167228
      },
      "ridge": {
        "mae": 8.911744773863727,
        "rmse": 11.774503325062582,
        "r2": 0.9860645382982013,
        "mape": 8.207871384125097
      },
      "linear": {
        "mae": 8.583292862963953,
        "rmse": 11.42598495368586,
        "r2": 0.9868772920254486,
        "mape": 7.7640008886999565
      }
    },
    "val": {
      "xgboost": {
        "mae": 3.0959937692232873,
        "rmse": 9.724706129495837,
        "r2": 0.9285144684999326,
        "mape": 5.673011331858426
      },
      "lightgbm": {
        "mae": 2.8681071499625874,
        "rmse": 9.836036152970529,
        "r2": 0.9268683435031702,
        "mape": 4.561032570202851
      },
      "catboost": {
        "mae": 3.5252173992128824,
        "rmse": 10.0226374552426,
        "r2": 0.924067234004493,
        "mape": 5.927667960044116
      },
      "rf": {
        "mae": 5.050653869213692,
        "rmse": 12.490260917962651,
        "r2": 0.8820743715117632,
        "mape": 8.542823513841714
      },
      "gb": {
        "mae": 2.8977620295341033,
        "rmse": 9.594775213765105,
        "r2": 0.9304119307322652,
        "mape": 4.619987065091865
      },
      "ridge": {
        "mae": 6.6538902728424425,
        "rmse": 11.837407176983275,
        "r2": 0.8940799075871574,
        "mape": 10.873048194908932
      },
      "linear": {
        "mae": 6.327462551244585,
        "rmse": 11.571984989565749,
        "r2": 0.8987766045434107,
        "mape": 9.976946235193552
      }
    },
    "test": {
      "xgboost": {
        "mae": 3.666063793579624,
        "rmse": 6.426784365578196,
        "r2": 0.9696166334534615,
        "mape": 9.88732045147145
      },
      "lightgbm": {
        "mae": 3.9118993102939648,
        "rmse": 6.531812796566394,
        "r2": 0.9686154508308612,
        "mape": 8.535152910882704
      },
      "catboost": {
        "mae": 3.808158570236053,
        "rmse": 6.057488314617054,
        "r2": 0.9730080906911902,
        "mape": 9.278274025079519
      },
      "rf": {
        "mae": 4.657856222874298,
        "rmse": 7.539591690171594,
        "r2": 0.9581838456438122,
        "mape": 12.35772100451453
      },
      "gb": {
        "mae": 4.054489966444296,
        "rmse": 7.168145056297706,
        "r2": 0.96220259305844,
        "mape": 8.013581744434491
      },
      "ridge": {
        "mae": 10.554783646478535,
        "rmse": 13.759758722515851,
        "r2": 0.8607259921910015,
        "mape": 22.535088212494127
      },
      "linear": {
        "mae": 9.166934947446485,
        "rmse": 12.283021640558514,
        "r2": 0.8890163841591021,
        "mape": 19.713942889354115
      }
    },
    "cv_mae": {
      "xgboost": 2.653745753144565,
      "lightgbm": 2.542054455632791,
      "catboost": 3.211165800269936,
      "rf": 2.126605585950114,
      "gb": 2.338069968728724,
      "ridge": 10.192153694813348,
      "linear": 9.33566589637336
    }
  }
}