{
  "trained_best_model": "rf",
  "new_test_metrics": {
    "mae": 5.223010054450609,
    "rmse": 7.83075034950932,
    "r2": 0.9529614036442179,
    "mape": 13.174429455850156
  },
  "cv_mae": {
    "xgboost": 2.796751364989757,
    "lightgbm": 2.5447233870030934,
    "catboost": 3.660394164276737,
    "rf": 2.1619250299081165,
    "gb": 2.2208877392889104,
    "ridge": 10.628537689107086,
    "linear": 9.921213137040223
  },
  "test_mae_all": {
    "xgboost": 3.7449345462162382,
    "lightgbm": 3.9597042677011136,
    "catboost": 4.161894079102836,
    "rf": 5.223010054450609,
    "gb": 3.7697364384680756,
    "ridge": 10.41988508236305,
    "linear": 9.001936323811092
  },
  "historical_best_cv_mae": 2.042469801781462,
  "is_new_historical_best": false,
  "features": [
    "pm2_5",
    "pm10",
    "co",
    "no2",
    "so2",
    "month_cos",
    "total_pm",
    "total_gases",
    "no2_o3_ratio",
    "pm2_5_rolling_3h",
    "pm10_rolling_3h",
    "co_rolling_3h",
    "pm2_5_co_interaction",
    "hour_sin",
    "hour_cos"
  ],
  "scaler_needed": false,
  "all_models_saved": [
    "model_xgboost.pkl",
    "model_lightgbm.pkl",
    "model_catboost.pkl",
    "model_rf.pkl",
    "model_gb.pkl",
    "model_ridge.pkl",
    "model_linear.pkl"
  ],
  "all_metrics": {
    "train": {
      "xgboost": {
        "mae": 1.944027368647556,
        "rmse": 3.600817275896469,
        "r2": 0.9986993187625648,
        "mape": 1.5509688896012108
      },
      "lightgbm": {
        "mae": 1.7587188963140057,
        "rmse": 3.474374289056247,
        "r2": 0.9987890619845616,
        "mape": 1.4128328315676932
      },
      "catboost": {
        "mae": 1.9780485220044437,
        "rmse": 3.1080941747403887,
        "r2": 0.9990309257648372,
        "mape": 1.608616238605184
      },
      "rf": {
        "mae": 1.1528416337561191,
        "rmse": 3.8386730430608957,
        "r2": 0.9985218076371967,
        "mape": 1.1235414190119426
      },
      "gb": {
        "mae": 1.4216822208799724,
        "rmse": 2.99951852317947,
        "r2": 0.9990974488897483,
        "mape": 1.2089741889297154
      },
      "ridge": {
        "mae": 8.995338330928139,
        "rmse": 11.832949034523219,
        "r2": 0.9859539342733589,
        "mape": 8.258608044129325
      },
      "linear": {
        "mae": 8.658924254122788,
        "rmse": 11.473496805645318,
        "r2": 0.9867943340712465,
        "mape": 7.807276380378476
      }
    },
    "val": {
      "xgboost": {
        "mae": 3.1018487721273345,
        "rmse": 9.714357393544283,
        "r2": 0.9289011137885015,
        "mape": 5.715824523940523
      },
      "lightgbm": {
        "mae": 2.9246964333494785,
        "rmse": 10.353545063066903,
        "r2": 0.9192369337321936,
        "mape": 4.801138895520881
      },
      "catboost": {
        "mae": 4.005774339046313,
        "rmse": 10.864971537425472,
        "r2": 0.9110610846238356,
        "mape": 6.45588749625164
      },
      "rf": {
        "mae": 5.494850054291769,
        "rmse": 12.602697601871883,
        "r2": 0.8803365074562486,
        "mape": 9.242888953268585
      },
      "gb": {
        "mae": 2.6613793943848933,
        "rmse": 9.727117954622237,
        "r2": 0.9287142033172161,
        "mape": 4.1433985065145205
      },
      "ridge": {
        "mae": 6.829103227630954,
        "rmse": 11.924589812492956,
        "r2": 0.8928674256943957,
        "mape": 11.187565730671386
      },
      "linear": {
        "mae": 6.462084217028228,
        "rmse": 11.642368514643227,
        "r2": 0.8978784667567756,
        "mape": 10.239248423893025
      }
    },
    "test": {
      "xgboost": {
        "mae": 3.7449345462162382,
        "rmse": 6.463353434175408,
        "r2": 0.9679547689880431,
        "mape": 10.075886142939838
      },
      "lightgbm": {
        "mae": 3.9597042677011136,
        "rmse": 6.72933285358804,
        "r2": 0.9652630552828563,
        "mape": 9.513457527543807
      },
      "catboost": {
        "mae": 4.161894079102836,
        "rmse": 6.6286356659847465,
        "r2": 0.9662948786373731,
        "mape": 10.31480767627083
      },
      "rf": {
        "mae": 5.223010054450609,
        "rmse": 7.830750349509321,
        "r2": 0.9529614036442179,
        "mape": 13.174429455850156
      },
      "gb": {
        "mae": 3.7697364384680756,
        "rmse": 6.893842723759779,
        "r2": 0.9635438888999084,
        "mape": 7.45989981784789
      },
      "ridge": {
        "mae": 10.41988508236305,
        "rmse": 13.740337311924618,
        "r2": 0.8551753840673074,
        "mape": 22.543061505763838
      },
      "linear": {
        "mae": 9.001936323811092,
        "rmse": 12.233402228441323,
        "r2": 0.885199942007091,
        "mape": 19.621802744381526
      }
    },
    "cv_mae": {
      "xgboost": 2.796751364989757,
      "lightgbm": 2.5447233870030934,
      "catboost": 3.660394164276737,
      "rf": 2.1619250299081165,
      "gb": 2.2208877392889104,
      "ridge": 10.628537689107086,
      "linear": 9.921213137040223
    }
  }
}