{
  "trained_best_model": "rf",
  "new_test_metrics": {
    "mae": 4.651621600882076,
    "rmse": 7.618722056272054,
    "r2": 0.9570834422648096,
    "mape": 12.468201758224845
  },
  "cv_mae": {
    "xgboost": 2.6941642798556273,
    "lightgbm": 2.4739929787115793,
    "catboost": 3.142074286286374,
    "rf": 2.1299244023474975,
    "gb": 2.3212456583271037,
    "ridge": 10.209902377982585,
    "linear": 9.363360422463936
  },
  "test_mae_all": {
    "xgboost": 3.4695330327315608,
    "lightgbm": 3.999135405802794,
    "catboost": 3.9599582832549483,
    "rf": 4.651621600882076,
    "gb": 4.287199641252218,
    "ridge": 10.512187943793641,
    "linear": 9.119979691614999
  },
  "historical_best_cv_mae": 2.042469801781462,
  "is_new_historical_best": false,
  "features": [
    "pm2_5",
    "pm10",
    "co",
    "no2",
    "so2",
    "month_cos",
    "total_pm",
    "total_gases",
    "no2_o3_ratio",
    "pm2_5_rolling_3h",
    "pm10_rolling_3h",
    "co_rolling_3h",
    "pm2_5_co_interaction",
    "hour_sin",
    "hour_cos"
  ],
  "scaler_needed": false,
  "all_models_saved": [
    "model_xgboost.pkl",
    "model_lightgbm.pkl",
    "model_catboost.pkl",
    "model_rf.pkl",
    "model_gb.pkl",
    "model_ridge.pkl",
    "model_linear.pkl"
  ],
  "all_metrics": {
    "train": {
      "xgboost": {
        "mae": 1.8376240853149752,
        "rmse": 3.3937323366839904,
        "r2": 0.9988424713915728,
        "mape": 1.4854966418053006
      },
      "lightgbm": {
        "mae": 1.7196975011026183,
        "rmse": 3.406577027953935,
        "r2": 0.9988336927179914,
        "mape": 1.3898705264810332
      },
      "catboost": {
        "mae": 1.928725411780311,
        "rmse": 3.056248694088311,
        "r2": 0.9990612413708525,
        "mape": 1.5879448105437648
      },
      "rf": {
        "mae": 1.155970778533142,
        "rmse": 3.8522751809101834,
        "r2": 0.9985085415272258,
        "mape": 1.127089745725876
      },
      "gb": {
        "mae": 1.4069438464581945,
        "rmse": 2.976020108874231,
        "r2": 0.9991098805659979,
        "mape": 1.2053310027338746
      },
      "ridge": {
        "mae": 8.89758519546992,
        "rmse": 11.767383100678787,
        "r2": 0.9860832974280481,
        "mape": 8.20536316366615
      },
      "linear": {
        "mae": 8.575885765577583,
        "rmse": 11.422097799890988,
        "r2": 0.9868880190632292,
        "mape": 7.770249017703064
      }
    },
    "val": {
      "xgboost": {
        "mae": 2.920878338487181,
        "rmse": 9.011135380550229,
        "r2": 0.9400661658531173,
        "mape": 5.234284966724653
      },
      "lightgbm": {
        "mae": 2.997727866904429,
        "rmse": 10.058897636195704,
        "r2": 0.925318366264733,
        "mape": 4.801696081223238
      },
      "catboost": {
        "mae": 3.498043647961257,
        "rmse": 10.161469064714687,
        "r2": 0.9237875309789235,
        "mape": 5.91038023918432
      },
      "rf": {
        "mae": 5.037746109390489,
        "rmse": 12.49549095924505,
        "r2": 0.884755639568169,
        "mape": 8.554545442300157
      },
      "gb": {
        "mae": 2.9129234992488158,
        "rmse": 9.669392700633082,
        "r2": 0.9309900949638583,
        "mape": 4.890429454661023
      },
      "ridge": {
        "mae": 6.827068268799307,
        "rmse": 11.926510474002066,
        "r2": 0.8950119617888542,
        "mape": 11.001531212316191
      },
      "linear": {
        "mae": 6.476380554221424,
        "rmse": 11.653340161777454,
        "r2": 0.8997662727256918,
        "mape": 10.081266982185191
      }
    },
    "test": {
      "xgboost": {
        "mae": 3.4695330327315608,
        "rmse": 6.1459037293442265,
        "r2": 0.9720724957410781,
        "mape": 9.106182307051911
      },
      "lightgbm": {
        "mae": 3.999135405802794,
        "rmse": 6.644985936052314,
        "r2": 0.9673525885409054,
        "mape": 9.060574927138788
      },
      "catboost": {
        "mae": 3.9599582832549483,
        "rmse": 6.623162068598219,
        "r2": 0.9675666816273799,
        "mape": 9.888188156602531
      },
      "rf": {
        "mae": 4.651621600882076,
        "rmse": 7.618722056272055,
        "r2": 0.9570834422648096,
        "mape": 12.468201758224843
      },
      "gb": {
        "mae": 4.287199641252218,
        "rmse": 7.699208476114166,
        "r2": 0.9561718863237876,
        "mape": 8.944158467178214
      },
      "ridge": {
        "mae": 10.512187943793641,
        "rmse": 13.738943844282142,
        "r2": 0.8604379573009784,
        "mape": 22.493924129341515
      },
      "linear": {
        "mae": 9.119979691614999,
        "rmse": 12.261776369205068,
        "r2": 0.8888351713546208,
        "mape": 19.68574913575146
      }
    },
    "cv_mae": {
      "xgboost": 2.6941642798556273,
      "lightgbm": 2.4739929787115793,
      "catboost": 3.142074286286374,
      "rf": 2.1299244023474975,
      "gb": 2.3212456583271037,
      "ridge": 10.209902377982585,
      "linear": 9.363360422463936
    }
  }
}