{
  "trained_best_model": "rf",
  "new_test_metrics": {
    "mae": 5.383847739456444,
    "rmse": 7.86285716468058,
    "r2": 0.9525560017436816,
    "mape": 13.415097186488415
  },
  "cv_mae": {
    "xgboost": 2.803659108380282,
    "lightgbm": 2.4781119796244666,
    "catboost": 3.588934223416208,
    "rf": 2.154141555696294,
    "gb": 2.185921036050057,
    "ridge": 10.658612993678922,
    "linear": 9.931025647702231
  },
  "test_mae_all": {
    "xgboost": 3.287116157651458,
    "lightgbm": 3.945359637769388,
    "catboost": 4.160832296736761,
    "rf": 5.383847739456445,
    "gb": 3.862116911250144,
    "ridge": 10.3975652664504,
    "linear": 8.968898180498122
  },
  "historical_best_cv_mae": 2.042469801781462,
  "is_new_historical_best": false,
  "features": [
    "pm2_5",
    "pm10",
    "co",
    "no2",
    "so2",
    "month_cos",
    "total_pm",
    "total_gases",
    "no2_o3_ratio",
    "pm2_5_rolling_3h",
    "pm10_rolling_3h",
    "co_rolling_3h",
    "pm2_5_co_interaction",
    "hour_sin",
    "hour_cos"
  ],
  "scaler_needed": false,
  "all_models_saved": [
    "model_xgboost.pkl",
    "model_lightgbm.pkl",
    "model_catboost.pkl",
    "model_rf.pkl",
    "model_gb.pkl",
    "model_ridge.pkl",
    "model_linear.pkl"
  ],
  "all_metrics": {
    "train": {
      "xgboost": {
        "mae": 1.9200636803987208,
        "rmse": 3.567701321880349,
        "r2": 0.9987221741454055,
        "mape": 1.5387984523639981
      },
      "lightgbm": {
        "mae": 1.8752930261299472,
        "rmse": 3.753923684582328,
        "r2": 0.998585296033249,
        "mape": 1.507447233168997
      },
      "catboost": {
        "mae": 1.9026292697582055,
        "rmse": 3.0460373679385286,
        "r2": 0.9990685379912136,
        "mape": 1.5528544180468875
      },
      "rf": {
        "mae": 1.1570772688056716,
        "rmse": 3.8243263131785117,
        "r2": 0.9985317345623452,
        "mape": 1.1294101345053822
      },
      "gb": {
        "mae": 1.3895284737237366,
        "rmse": 2.915304683546737,
        "r2": 0.9991467769231162,
        "mape": 1.1845910912324626
      },
      "ridge": {
        "mae": 9.005306300431126,
        "rmse": 11.839449304139208,
        "r2": 0.9859279393908292,
        "mape": 8.26617638426262
      },
      "linear": {
        "mae": 8.665285676351983,
        "rmse": 11.477644994761492,
        "r2": 0.9867748603036532,
        "mape": 7.810831785024871
      }
    },
    "val": {
      "xgboost": {
        "mae": 2.7052762649919346,
        "rmse": 9.452310610488507,
        "r2": 0.9327539879274349,
        "mape": 4.796652493322587
      },
      "lightgbm": {
        "mae": 2.898199690405765,
        "rmse": 10.449879338659981,
        "r2": 0.9178111096555844,
        "mape": 4.687698844935206
      },
      "catboost": {
        "mae": 4.091395258858336,
        "rmse": 10.089675443629549,
        "r2": 0.9233795041521761,
        "mape": 6.588152323543886
      },
      "rf": {
        "mae": 5.58619720724542,
        "rmse": 12.611202087222837,
        "r2": 0.8802974132739194,
        "mape": 9.376418715328368
      },
      "gb": {
        "mae": 2.7343787556962322,
        "rmse": 9.705815555411496,
        "r2": 0.9290986289847889,
        "mape": 4.389437703592827
      },
      "ridge": {
        "mae": 6.828731352863537,
        "rmse": 11.931459263082022,
        "r2": 0.8928535735789426,
        "mape": 11.190453014048831
      },
      "linear": {
        "mae": 6.486855729303131,
        "rmse": 11.660118839246756,
        "r2": 0.8976715210125293,
        "mape": 10.281237011480117
      }
    },
    "test": {
      "xgboost": {
        "mae": 3.287116157651458,
        "rmse": 5.9579079758171485,
        "r2": 0.9727599380882589,
        "mape": 8.767752570812611
      },
      "lightgbm": {
        "mae": 3.945359637769388,
        "rmse": 6.754499335814831,
        "r2": 0.964988813002653,
        "mape": 9.155461535120759
      },
      "catboost": {
        "mae": 4.160832296736761,
        "rmse": 6.3874280382220805,
        "r2": 0.9686907583110356,
        "mape": 9.792469906403516
      },
      "rf": {
        "mae": 5.383847739456445,
        "rmse": 7.86285716468058,
        "r2": 0.9525560017436816,
        "mape": 13.415097186488415
      },
      "gb": {
        "mae": 3.862116911250144,
        "rmse": 7.303572366129038,
        "r2": 0.959065340526598,
        "mape": 7.794854096094229
      },
      "ridge": {
        "mae": 10.3975652664504,
        "rmse": 13.731141829005127,
        "r2": 0.8553115665838662,
        "mape": 22.51379902569134
      },
      "linear": {
        "mae": 8.968898180498122,
        "rmse": 12.209969277579974,
        "r2": 0.8855937762785409,
        "mape": 19.57365100410999
      }
    },
    "cv_mae": {
      "xgboost": 2.803659108380282,
      "lightgbm": 2.4781119796244666,
      "catboost": 3.588934223416208,
      "rf": 2.154141555696294,
      "gb": 2.185921036050057,
      "ridge": 10.658612993678922,
      "linear": 9.931025647702231
    }
  }
}