{
  "trained_best_model": "rf",
  "new_test_metrics": {
    "mae": 3.6526338216132834,
    "rmse": 6.893258621102098,
    "r2": 0.9684718620721945,
    "mape": 10.7194092293754
  },
  "cv_mae": {
    "xgboost": 2.6015746738112835,
    "lightgbm": 2.4070126767115156,
    "catboost": 3.352407464651743,
    "rf": 2.1971295022151263,
    "gb": 2.331610337040439,
    "ridge": 10.306736906344097,
    "linear": 9.527094530035665
  },
  "test_mae_all": {
    "xgboost": 3.503440520086574,
    "lightgbm": 3.7348108170309753,
    "catboost": 4.119122291920732,
    "rf": 3.6526338216132834,
    "gb": 4.006493931763129,
    "ridge": 10.498579605170768,
    "linear": 9.05493923265682
  },
  "historical_best_cv_mae": 2.042469801781462,
  "is_new_historical_best": false,
  "features": [
    "pm2_5",
    "pm10",
    "co",
    "no2",
    "so2",
    "month_cos",
    "total_pm",
    "total_gases",
    "no2_o3_ratio",
    "pm2_5_rolling_3h",
    "pm10_rolling_3h",
    "co_rolling_3h",
    "pm2_5_co_interaction",
    "hour_sin",
    "hour_cos"
  ],
  "scaler_needed": false,
  "all_models_saved": [
    "model_xgboost.pkl",
    "model_lightgbm.pkl",
    "model_catboost.pkl",
    "model_rf.pkl",
    "model_gb.pkl",
    "model_ridge.pkl",
    "model_linear.pkl"
  ],
  "all_metrics": {
    "train": {
      "xgboost": {
        "mae": 1.8422875776060719,
        "rmse": 3.437300676202859,
        "r2": 0.9988037842336142,
        "mape": 1.4867939284617786
      },
      "lightgbm": {
        "mae": 1.7992606652423597,
        "rmse": 3.6580723723226973,
        "r2": 0.9986451879145274,
        "mape": 1.472168566156556
      },
      "catboost": {
        "mae": 1.8792391627817453,
        "rmse": 2.984794291209594,
        "r2": 0.9990980067532086,
        "mape": 1.5718540399242036
      },
      "rf": {
        "mae": 1.171664071080608,
        "rmse": 3.881429943658071,
        "r2": 0.9984746904861602,
        "mape": 1.1477945569305164
      },
      "gb": {
        "mae": 1.4119309438840528,
        "rmse": 2.9528516305600636,
        "r2": 0.999117209345396,
        "mape": 1.2161184559665326
      },
      "ridge": {
        "mae": 8.853426297862976,
        "rmse": 11.719800185157945,
        "r2": 0.9860935944707245,
        "mape": 8.204494404467638
      },
      "linear": {
        "mae": 8.533443192616849,
        "rmse": 11.376433383770106,
        "r2": 0.9868965175489511,
        "mape": 7.76802731816508
      }
    },
    "val": {
      "xgboost": {
        "mae": 2.875019776766703,
        "rmse": 9.168485958707308,
        "r2": 0.9391548854006577,
        "mape": 5.109080605819703
      },
      "lightgbm": {
        "mae": 3.041500309682992,
        "rmse": 10.424662104568906,
        "r2": 0.9213399099788543,
        "mape": 4.778499976738758
      },
      "catboost": {
        "mae": 3.4544522964407265,
        "rmse": 9.960597178752925,
        "r2": 0.928187306064162,
        "mape": 6.011391720954258
      },
      "rf": {
        "mae": 4.062384982364726,
        "rmse": 12.176300193199646,
        "r2": 0.8926848200348051,
        "mape": 6.765859182239558
      },
      "gb": {
        "mae": 2.7867968613733916,
        "rmse": 9.66059977184298,
        "r2": 0.9324479325510432,
        "mape": 4.19198713489054
      },
      "ridge": {
        "mae": 6.6263455678241625,
        "rmse": 11.919620624460945,
        "r2": 0.897161595300247,
        "mape": 10.416118157560875
      },
      "linear": {
        "mae": 6.401917353945378,
        "rmse": 11.730681141265999,
        "r2": 0.9003959665996404,
        "mape": 9.73154701759104
      }
    },
    "test": {
      "xgboost": {
        "mae": 3.503440520086574,
        "rmse": 6.269740678840632,
        "r2": 0.9739175530090568,
        "mape": 8.951240267279346
      },
      "lightgbm": {
        "mae": 3.7348108170309753,
        "rmse": 6.336492358512378,
        "r2": 0.9733592156268818,
        "mape": 8.744871181967472
      },
      "catboost": {
        "mae": 4.119122291920732,
        "rmse": 6.800442812573005,
        "r2": 0.9693151812629471,
        "mape": 10.348454704307837
      },
      "rf": {
        "mae": 3.6526338216132834,
        "rmse": 6.893258621102099,
        "r2": 0.9684718620721945,
        "mape": 10.7194092293754
      },
      "gb": {
        "mae": 4.006493931763129,
        "rmse": 7.2453065305500415,
        "r2": 0.9651692597369884,
        "mape": 7.210295132766962
      },
      "ridge": {
        "mae": 10.498579605170768,
        "rmse": 13.668934580221112,
        "r2": 0.8760294561464906,
        "mape": 22.170142492414463
      },
      "linear": {
        "mae": 9.05493923265682,
        "rmse": 12.16585228991386,
        "r2": 0.9017948518931111,
        "mape": 19.35524812777192
      }
    },
    "cv_mae": {
      "xgboost": 2.6015746738112835,
      "lightgbm": 2.4070126767115156,
      "catboost": 3.352407464651743,
      "rf": 2.1971295022151263,
      "gb": 2.331610337040439,
      "ridge": 10.306736906344097,
      "linear": 9.527094530035665
    }
  }
}