{
  "trained_best_model": "rf",
  "new_test_metrics": {
    "mae": 3.3403507775155514,
    "rmse": 6.537742927856417,
    "r2": 0.976537043352675,
    "mape": 10.197323227716907
  },
  "cv_mae": {
    "xgboost": 2.7084441817669953,
    "lightgbm": 2.509051985772128,
    "catboost": 3.0834807001253153,
    "rf": 2.2350857195841956,
    "gb": 2.338206790986251,
    "ridge": 9.749831854030024,
    "linear": 9.208274958952007
  },
  "test_mae_all": {
    "xgboost": 3.1411615749908752,
    "lightgbm": 4.344397137427886,
    "catboost": 4.012484818476246,
    "rf": 3.340350777515552,
    "gb": 4.379602895852814,
    "ridge": 11.158348418503621,
    "linear": 9.544934358251922
  },
  "historical_best_cv_mae": 2.042469801781462,
  "is_new_historical_best": false,
  "features": [
    "pm2_5",
    "pm10",
    "co",
    "no2",
    "so2",
    "month_cos",
    "total_pm",
    "total_gases",
    "no2_o3_ratio",
    "pm2_5_rolling_3h",
    "pm10_rolling_3h",
    "co_rolling_3h",
    "pm2_5_co_interaction",
    "hour_sin",
    "hour_cos"
  ],
  "scaler_needed": false,
  "all_models_saved": [
    "model_xgboost.pkl",
    "model_lightgbm.pkl",
    "model_catboost.pkl",
    "model_rf.pkl",
    "model_gb.pkl",
    "model_ridge.pkl",
    "model_linear.pkl"
  ],
  "all_metrics": {
    "train": {
      "xgboost": {
        "mae": 1.8707666944539867,
        "rmse": 3.438596318880172,
        "r2": 0.9987847420559671,
        "mape": 1.5234503537220192
      },
      "lightgbm": {
        "mae": 1.558083378469023,
        "rmse": 3.119280685155924,
        "r2": 0.9989999654768548,
        "mape": 1.2802903079495107
      },
      "catboost": {
        "mae": 1.8807407291108866,
        "rmse": 3.0094688872128983,
        "r2": 0.9990691369395125,
        "mape": 1.576766246749374
      },
      "rf": {
        "mae": 1.178846796984053,
        "rmse": 3.876344528390514,
        "r2": 0.9984556319049624,
        "mape": 1.1570168145391424
      },
      "gb": {
        "mae": 1.377847175754558,
        "rmse": 2.9129024087895163,
        "r2": 0.9991279167398096,
        "mape": 1.195924428633367
      },
      "ridge": {
        "mae": 8.718233144588515,
        "rmse": 11.594821543785148,
        "r2": 0.9861823490264218,
        "mape": 8.105560675353473
      },
      "linear": {
        "mae": 8.412830347184931,
        "rmse": 11.268099949616799,
        "r2": 0.9869500916375111,
        "mape": 7.68632471683906
      }
    },
    "val": {
      "xgboost": {
        "mae": 2.726869047504582,
        "rmse": 9.010459098660194,
        "r2": 0.9396880276474183,
        "mape": 4.461727021639756
      },
      "lightgbm": {
        "mae": 2.763279881921249,
        "rmse": 9.962713233314055,
        "r2": 0.9262664826907013,
        "mape": 4.340597314748331
      },
      "catboost": {
        "mae": 3.3135408474195174,
        "rmse": 10.05112760643714,
        "r2": 0.9249519753800841,
        "mape": 5.7018489564138175
      },
      "rf": {
        "mae": 3.4938616493270906,
        "rmse": 11.922589000168673,
        "r2": 0.8944031804127559,
        "mape": 6.09837506517538
      },
      "gb": {
        "mae": 2.6458575218846274,
        "rmse": 9.535973178173935,
        "r2": 0.9324477632463724,
        "mape": 4.024666333068754
      },
      "ridge": {
        "mae": 6.496394657969692,
        "rmse": 11.675498235944207,
        "r2": 0.8987347271710735,
        "mape": 10.389961086470091
      },
      "linear": {
        "mae": 6.2524226073771185,
        "rmse": 11.541607897042747,
        "r2": 0.9010439562597234,
        "mape": 9.640566358504358
      }
    },
    "test": {
      "xgboost": {
        "mae": 3.1411615749908752,
        "rmse": 5.377579112956606,
        "r2": 0.9841254773235093,
        "mape": 7.435960977573511
      },
      "lightgbm": {
        "mae": 4.344397137427886,
        "rmse": 7.197287596108699,
        "r2": 0.9715642443949105,
        "mape": 8.250313043007944
      },
      "catboost": {
        "mae": 4.012484818476246,
        "rmse": 6.582811583927096,
        "r2": 0.9762124393605204,
        "mape": 9.726047362791286
      },
      "rf": {
        "mae": 3.340350777515552,
        "rmse": 6.537742927856417,
        "r2": 0.976537043352675,
        "mape": 10.197323227716906
      },
      "gb": {
        "mae": 4.379602895852814,
        "rmse": 7.598252933854268,
        "r2": 0.9683076420910842,
        "mape": 7.166721680019826
      },
      "ridge": {
        "mae": 11.158348418503621,
        "rmse": 14.177114806195696,
        "r2": 0.8896676746096271,
        "mape": 22.23231679264999
      },
      "linear": {
        "mae": 9.544934358251922,
        "rmse": 12.525190514410875,
        "r2": 0.9138816421562945,
        "mape": 19.398698255179788
      }
    },
    "cv_mae": {
      "xgboost": 2.7084441817669953,
      "lightgbm": 2.509051985772128,
      "catboost": 3.0834807001253153,
      "rf": 2.2350857195841956,
      "gb": 2.338206790986251,
      "ridge": 9.749831854030024,
      "linear": 9.208274958952007
    }
  }
}