{
  "trained_best_model": "rf",
  "new_test_metrics": {
    "mae": 3.3453041944498723,
    "rmse": 6.553034125914694,
    "r2": 0.9764654029636656,
    "mape": 10.216613695804803
  },
  "cv_mae": {
    "xgboost": 2.6665408420002854,
    "lightgbm": 2.48763469059382,
    "catboost": 3.1404299353924,
    "rf": 2.239851943689795,
    "gb": 2.2806221837029663,
    "ridge": 9.779582562385785,
    "linear": 9.226511728123933
  },
  "test_mae_all": {
    "xgboost": 3.3611229176868216,
    "lightgbm": 3.4773306797976096,
    "catboost": 3.9761272304933826,
    "rf": 3.3453041944498723,
    "gb": 5.252332442571943,
    "ridge": 11.164457797238587,
    "linear": 9.541332984608603
  },
  "historical_best_cv_mae": 2.042469801781462,
  "is_new_historical_best": false,
  "features": [
    "pm2_5",
    "pm10",
    "co",
    "no2",
    "so2",
    "month_cos",
    "total_pm",
    "total_gases",
    "no2_o3_ratio",
    "pm2_5_rolling_3h",
    "pm10_rolling_3h",
    "co_rolling_3h",
    "pm2_5_co_interaction",
    "hour_sin",
    "hour_cos"
  ],
  "scaler_needed": false,
  "all_models_saved": [
    "model_xgboost.pkl",
    "model_lightgbm.pkl",
    "model_catboost.pkl",
    "model_rf.pkl",
    "model_gb.pkl",
    "model_ridge.pkl",
    "model_linear.pkl"
  ],
  "all_metrics": {
    "train": {
      "xgboost": {
        "mae": 1.8384039465772974,
        "rmse": 3.3990902581977607,
        "r2": 0.998812485100592,
        "mape": 1.4955420478610992
      },
      "lightgbm": {
        "mae": 1.7822411459654928,
        "rmse": 3.638155952848387,
        "r2": 0.9986395696981043,
        "mape": 1.4617976071597831
      },
      "catboost": {
        "mae": 1.9035649462477837,
        "rmse": 3.0255028849374805,
        "r2": 0.9990591750709195,
        "mape": 1.5889760290430357
      },
      "rf": {
        "mae": 1.1792352524442236,
        "rmse": 3.871322562255582,
        "r2": 0.9984596039690155,
        "mape": 1.1557956342083495
      },
      "gb": {
        "mae": 1.3747242730049418,
        "rmse": 2.9302220073262175,
        "r2": 0.9991174999773673,
        "mape": 1.1921063953345612
      },
      "ridge": {
        "mae": 8.716981658150814,
        "rmse": 11.593421898829241,
        "r2": 0.9861854432458708,
        "mape": 8.106273629653321
      },
      "linear": {
        "mae": 8.411267357251642,
        "rmse": 11.266703452613935,
        "r2": 0.9869530979863252,
        "mape": 7.686730717751325
      }
    },
    "val": {
      "xgboost": {
        "mae": 2.843806101306933,
        "rmse": 9.202036828904768,
        "r2": 0.9370260382720819,
        "mape": 4.806296318012507
      },
      "lightgbm": {
        "mae": 2.765731616420362,
        "rmse": 10.302147095330401,
        "r2": 0.9210688237704809,
        "mape": 4.125983296851663
      },
      "catboost": {
        "mae": 3.447055525936209,
        "rmse": 10.189721097050311,
        "r2": 0.9227821552248368,
        "mape": 5.9291852581865445
      },
      "rf": {
        "mae": 3.494492659528814,
        "rmse": 11.912033810168243,
        "r2": 0.8944726781289191,
        "mape": 6.0997470193301515
      },
      "gb": {
        "mae": 2.8211224156858457,
        "rmse": 9.903226172125372,
        "r2": 0.927063238337927,
        "mape": 4.423639676148633
      },
      "ridge": {
        "mae": 6.486689765751259,
        "rmse": 11.6665197883952,
        "r2": 0.898777810828336,
        "mape": 10.385285185183356
      },
      "linear": {
        "mae": 6.245513506859207,
        "rmse": 11.534106235529052,
        "r2": 0.9010624900074483,
        "mape": 9.638087516014602
      }
    },
    "test": {
      "xgboost": {
        "mae": 3.3611229176868216,
        "rmse": 5.775802053080754,
        "r2": 0.9817170400057836,
        "mape": 7.9717145223089645
      },
      "lightgbm": {
        "mae": 3.4773306797976096,
        "rmse": 5.671887925849821,
        "r2": 0.9823689901133202,
        "mape": 7.3102983646904995
      },
      "catboost": {
        "mae": 3.9761272304933826,
        "rmse": 6.7146733049475475,
        "r2": 0.9752900604927809,
        "mape": 10.046876463595341
      },
      "rf": {
        "mae": 3.3453041944498723,
        "rmse": 6.553034125914694,
        "r2": 0.9764654029636656,
        "mape": 10.216613695804806
      },
      "gb": {
        "mae": 5.252332442571943,
        "rmse": 9.177603382594953,
        "r2": 0.9538384398856065,
        "mape": 8.210161680060695
      },
      "ridge": {
        "mae": 11.164457797238587,
        "rmse": 14.176677325889825,
        "r2": 0.8898534708721257,
        "mape": 22.234466027887343
      },
      "linear": {
        "mae": 9.541332984608603,
        "rmse": 12.520814877382179,
        "r2": 0.9140814188860735,
        "mape": 19.39257687814094
      }
    },
    "cv_mae": {
      "xgboost": 2.6665408420002854,
      "lightgbm": 2.48763469059382,
      "catboost": 3.1404299353924,
      "rf": 2.239851943689795,
      "gb": 2.2806221837029663,
      "ridge": 9.779582562385785,
      "linear": 9.226511728123933
    }
  }
}