{
  "trained_best_model": "rf",
  "new_test_metrics": {
    "mae": 5.557465335460819,
    "rmse": 7.925993777194195,
    "r2": 0.9519445241135059,
    "mape": 13.722100721421631
  },
  "cv_mae": {
    "xgboost": 2.8097085262231394,
    "lightgbm": 2.6473728124210694,
    "catboost": 3.464440695103499,
    "rf": 2.2861473618568953,
    "gb": 2.3843648657611607,
    "ridge": 10.535662216050845,
    "linear": 9.611099856069073
  },
  "test_mae_all": {
    "xgboost": 3.5442655745654577,
    "lightgbm": 4.357034099312983,
    "catboost": 5.407956607715924,
    "rf": 5.55746533546082,
    "gb": 3.9945970014487617,
    "ridge": 10.324708489055661,
    "linear": 8.918896558016138
  },
  "historical_best_cv_mae": 2.042469801781462,
  "is_new_historical_best": false,
  "features": [
    "pm2_5",
    "pm10",
    "co",
    "no2",
    "so2",
    "month_cos",
    "total_pm",
    "total_gases",
    "no2_o3_ratio",
    "pm2_5_rolling_3h",
    "pm10_rolling_3h",
    "co_rolling_3h",
    "pm2_5_co_interaction",
    "hour_sin",
    "hour_cos"
  ],
  "scaler_needed": false,
  "all_models_saved": [
    "model_xgboost.pkl",
    "model_lightgbm.pkl",
    "model_catboost.pkl",
    "model_rf.pkl",
    "model_gb.pkl",
    "model_ridge.pkl",
    "model_linear.pkl"
  ],
  "all_metrics": {
    "train": {
      "xgboost": {
        "mae": 1.8941950116838728,
        "rmse": 3.460588293202903,
        "r2": 0.9988015844684415,
        "mape": 1.5127688095395129
      },
      "lightgbm": {
        "mae": 1.5794438526470518,
        "rmse": 3.083983185129481,
        "r2": 0.9990482309825683,
        "mape": 1.2869485935189744
      },
      "catboost": {
        "mae": 1.964826058725808,
        "rmse": 3.0545070332041324,
        "r2": 0.9990663377079458,
        "mape": 1.5961301003362434
      },
      "rf": {
        "mae": 1.163541644834983,
        "rmse": 3.7958961588788642,
        "r2": 0.9985580964638234,
        "mape": 1.1294223753463164
      },
      "gb": {
        "mae": 1.4395579373630238,
        "rmse": 3.036635730021177,
        "r2": 0.999077231085634,
        "mape": 1.2148266268039136
      },
      "ridge": {
        "mae": 9.01963778404335,
        "rmse": 11.870932332652044,
        "r2": 0.9858981133626735,
        "mape": 8.267769904423764
      },
      "linear": {
        "mae": 8.686823296375888,
        "rmse": 11.516085855049502,
        "r2": 0.9867285813810468,
        "mape": 7.822089410451816
      }
    },
    "val": {
      "xgboost": {
        "mae": 2.9834186148970097,
        "rmse": 9.0878852787435,
        "r2": 0.9379614401615198,
        "mape": 5.255847989650492
      },
      "lightgbm": {
        "mae": 3.0300145391670052,
        "rmse": 9.881952227198115,
        "r2": 0.9266463826449084,
        "mape": 4.800500683510267
      },
      "catboost": {
        "mae": 5.14996574184057,
        "rmse": 10.828194324379552,
        "r2": 0.9119259195461098,
        "mape": 7.858150653495659
      },
      "rf": {
        "mae": 5.686035703645149,
        "rmse": 12.605910001765173,
        "r2": 0.8806329558093097,
        "mape": 9.57053328749082
      },
      "gb": {
        "mae": 3.067372036555972,
        "rmse": 10.205816211600226,
        "r2": 0.9217595171764839,
        "mape": 4.856569718158653
      },
      "ridge": {
        "mae": 6.927093979955418,
        "rmse": 12.005844534610025,
        "r2": 0.8917266769499501,
        "mape": 11.292358803773316
      },
      "linear": {
        "mae": 6.586666148498456,
        "rmse": 11.731212217654853,
        "r2": 0.8966235015069213,
        "mape": 10.416024435634085
      }
    },
    "test": {
      "xgboost": {
        "mae": 3.5442655745654577,
        "rmse": 6.176931613344667,
        "r2": 0.9708135674433985,
        "mape": 9.164700422077923
      },
      "lightgbm": {
        "mae": 4.357034099312983,
        "rmse": 6.8645659746267516,
        "r2": 0.9639536251234296,
        "mape": 8.961074228717916
      },
      "catboost": {
        "mae": 5.407956607715924,
        "rmse": 7.212728832280469,
        "r2": 0.9602044383837759,
        "mape": 11.659126056028105
      },
      "rf": {
        "mae": 5.55746533546082,
        "rmse": 7.925993777194196,
        "r2": 0.9519445241135058,
        "mape": 13.722100721421635
      },
      "gb": {
        "mae": 3.9945970014487617,
        "rmse": 6.8240990907435535,
        "r2": 0.9643773620271272,
        "mape": 8.328090428177353
      },
      "ridge": {
        "mae": 10.324708489055661,
        "rmse": 13.703872699708437,
        "r2": 0.8563445656401935,
        "mape": 22.41904720233189
      },
      "linear": {
        "mae": 8.918896558016138,
        "rmse": 12.193740342951145,
        "r2": 0.8862610240152303,
        "mape": 19.528910042795616
      }
    },
    "cv_mae": {
      "xgboost": 2.8097085262231394,
      "lightgbm": 2.6473728124210694,
      "catboost": 3.464440695103499,
      "rf": 2.2861473618568953,
      "gb": 2.3843648657611607,
      "ridge": 10.535662216050845,
      "linear": 9.611099856069073
    }
  }
}