{
  "trained_best_model": "rf",
  "new_test_metrics": {
    "mae": 4.341188427103731,
    "rmse": 7.178994511624565,
    "r2": 0.9614031737835701,
    "mape": 11.825001199127355
  },
  "cv_mae": {
    "xgboost": 2.665292405055694,
    "lightgbm": 2.482458230125647,
    "catboost": 3.22049538877645,
    "rf": 2.141049358833148,
    "gb": 2.2471195178154213,
    "ridge": 10.22167403779271,
    "linear": 9.388349792524592
  },
  "test_mae_all": {
    "xgboost": 3.400863794389363,
    "lightgbm": 4.135776957239918,
    "catboost": 3.744790188773676,
    "rf": 4.341188427103732,
    "gb": 3.2974482080964025,
    "ridge": 10.45860461245961,
    "linear": 9.06361488466176
  },
  "historical_best_cv_mae": 2.042469801781462,
  "is_new_historical_best": false,
  "features": [
    "pm2_5",
    "pm10",
    "co",
    "no2",
    "so2",
    "month_cos",
    "total_pm",
    "total_gases",
    "no2_o3_ratio",
    "pm2_5_rolling_3h",
    "pm10_rolling_3h",
    "co_rolling_3h",
    "pm2_5_co_interaction",
    "hour_sin",
    "hour_cos"
  ],
  "scaler_needed": false,
  "all_models_saved": [
    "model_xgboost.pkl",
    "model_lightgbm.pkl",
    "model_catboost.pkl",
    "model_rf.pkl",
    "model_gb.pkl",
    "model_ridge.pkl",
    "model_linear.pkl"
  ],
  "all_metrics": {
    "train": {
      "xgboost": {
        "mae": 1.8705195204852378,
        "rmse": 3.4125208007642325,
        "r2": 0.9988303003684664,
        "mape": 1.5072136053718768
      },
      "lightgbm": {
        "mae": 1.6051820118959936,
        "rmse": 3.1400326614784246,
        "r2": 0.9990096423297526,
        "mape": 1.305509209632982
      },
      "catboost": {
        "mae": 1.9346865651346288,
        "rmse": 3.0493400388485994,
        "r2": 0.9990660245708726,
        "mape": 1.5961249137322462
      },
      "rf": {
        "mae": 1.1584870522702768,
        "rmse": 3.855611316534329,
        "r2": 0.9985068266463266,
        "mape": 1.1310864553198008
      },
      "gb": {
        "mae": 1.3731798317596537,
        "rmse": 2.901027412030505,
        "r2": 0.9991546678168515,
        "mape": 1.171890342309332
      },
      "ridge": {
        "mae": 8.897598774180407,
        "rmse": 11.768579366382651,
        "r2": 0.9860885685635649,
        "mape": 8.208907116264902
      },
      "linear": {
        "mae": 8.577763978181421,
        "rmse": 11.423676824182339,
        "r2": 0.9868920264792584,
        "mape": 7.775042628714436
      }
    },
    "val": {
      "xgboost": {
        "mae": 2.926753930305237,
        "rmse": 8.967386440499116,
        "r2": 0.9417263189516724,
        "mape": 5.038436618041133
      },
      "lightgbm": {
        "mae": 3.14728467019371,
        "rmse": 10.198760283311769,
        "r2": 0.9246235899690601,
        "mape": 5.051812231060675
      },
      "catboost": {
        "mae": 3.5206853290852744,
        "rmse": 10.834324038158044,
        "r2": 0.9149362895894221,
        "mape": 5.912159676348061
      },
      "rf": {
        "mae": 4.836342497906718,
        "rmse": 12.420534389519151,
        "r2": 0.8882052923583719,
        "mape": 8.081648009943008
      },
      "gb": {
        "mae": 2.759879841726092,
        "rmse": 9.789165628005163,
        "r2": 0.9305564307489227,
        "mape": 4.375952927343425
      },
      "ridge": {
        "mae": 6.88914141740754,
        "rmse": 12.031268022142312,
        "r2": 0.8951028992797848,
        "mape": 11.000880626343612
      },
      "linear": {
        "mae": 6.546152434903435,
        "rmse": 11.771670746782094,
        "r2": 0.8995807683470972,
        "mape": 10.109435976928696
      }
    },
    "test": {
      "xgboost": {
        "mae": 3.400863794389363,
        "rmse": 5.860343954290749,
        "r2": 0.9742800236766731,
        "mape": 8.483960464954485
      },
      "lightgbm": {
        "mae": 4.135776957239918,
        "rmse": 6.852803140974746,
        "r2": 0.9648309316230825,
        "mape": 9.460069533739532
      },
      "catboost": {
        "mae": 3.744790188773676,
        "rmse": 6.269763574176491,
        "r2": 0.9705607541368725,
        "mape": 9.630366555260478
      },
      "rf": {
        "mae": 4.341188427103732,
        "rmse": 7.178994511624565,
        "r2": 0.9614031737835701,
        "mape": 11.825001199127353
      },
      "gb": {
        "mae": 3.2974482080964025,
        "rmse": 6.0144329620823065,
        "r2": 0.9729097053371883,
        "mape": 7.313426565397715
      },
      "ridge": {
        "mae": 10.45860461245961,
        "rmse": 13.685053671080727,
        "r2": 0.8597453199354108,
        "mape": 22.431134367993504
      },
      "linear": {
        "mae": 9.06361488466176,
        "rmse": 12.195486230442071,
        "r2": 0.8886160558849785,
        "mape": 19.6144289820101
      }
    },
    "cv_mae": {
      "xgboost": 2.665292405055694,
      "lightgbm": 2.482458230125647,
      "catboost": 3.22049538877645,
      "rf": 2.141049358833148,
      "gb": 2.2471195178154213,
      "ridge": 10.22167403779271,
      "linear": 9.388349792524592
    }
  }
}