{
  "trained_best_model": "rf",
  "new_test_metrics": {
    "mae": 5.406404776478536,
    "rmse": 7.692413094567722,
    "r2": 0.9548009800475212,
    "mape": 13.243379595754135
  },
  "cv_mae": {
    "xgboost": 2.75974302497162,
    "lightgbm": 2.767197815909056,
    "catboost": 3.5712146041884325,
    "rf": 2.2656269626794066,
    "gb": 2.3590616960862603,
    "ridge": 10.660765983974008,
    "linear": 9.672433920168544
  },
  "test_mae_all": {
    "xgboost": 3.4814651750463903,
    "lightgbm": 4.546721519150224,
    "catboost": 5.684306759812312,
    "rf": 5.406404776478535,
    "gb": 4.248520674766822,
    "ridge": 10.239807399272578,
    "linear": 8.8356858391947
  },
  "historical_best_cv_mae": 2.042469801781462,
  "is_new_historical_best": false,
  "features": [
    "pm2_5",
    "pm10",
    "co",
    "no2",
    "so2",
    "month_cos",
    "total_pm",
    "total_gases",
    "no2_o3_ratio",
    "pm2_5_rolling_3h",
    "pm10_rolling_3h",
    "co_rolling_3h",
    "pm2_5_co_interaction",
    "hour_sin",
    "hour_cos"
  ],
  "scaler_needed": false,
  "all_models_saved": [
    "model_xgboost.pkl",
    "model_lightgbm.pkl",
    "model_catboost.pkl",
    "model_rf.pkl",
    "model_gb.pkl",
    "model_ridge.pkl",
    "model_linear.pkl"
  ],
  "all_metrics": {
    "train": {
      "xgboost": {
        "mae": 2.130759969538361,
        "rmse": 3.982604824177938,
        "r2": 0.9984132393429053,
        "mape": 1.7042321571597276
      },
      "lightgbm": {
        "mae": 1.6168713933759369,
        "rmse": 3.1487425655381087,
        "r2": 0.9990081378833086,
        "mape": 1.31446684764532
      },
      "catboost": {
        "mae": 1.923906401797746,
        "rmse": 3.0336097486960494,
        "r2": 0.9990793460613248,
        "mape": 1.562462081373449
      },
      "rf": {
        "mae": 1.154246431397338,
        "rmse": 3.8021611504467088,
        "r2": 0.9985537677795199,
        "mape": 1.129276369755093
      },
      "gb": {
        "mae": 1.4353013564305808,
        "rmse": 3.0090240053574666,
        "r2": 0.9990942083813545,
        "mape": 1.2246759948386456
      },
      "ridge": {
        "mae": 8.99761825617255,
        "rmse": 11.853188129911088,
        "r2": 0.9859444660740523,
        "mape": 8.249735145097013
      },
      "linear": {
        "mae": 8.676277454841081,
        "rmse": 11.50846954534608,
        "r2": 0.9867501140985846,
        "mape": 7.813144905009668
      }
    },
    "val": {
      "xgboost": {
        "mae": 2.917220416134351,
        "rmse": 9.576099301501882,
        "r2": 0.9405614786602374,
        "mape": 5.223308944472866
      },
      "lightgbm": {
        "mae": 3.2053599207834718,
        "rmse": 9.859489273918895,
        "r2": 0.9369914402312037,
        "mape": 5.149824705378204
      },
      "catboost": {
        "mae": 5.388425437629503,
        "rmse": 10.674724769739406,
        "r2": 0.926140887033487,
        "mape": 8.119809327236084
      },
      "rf": {
        "mae": 5.556211381242235,
        "rmse": 12.534726782024142,
        "r2": 0.8981595149149525,
        "mape": 9.25879644323275
      },
      "gb": {
        "mae": 3.0955464464158786,
        "rmse": 10.047230552421128,
        "r2": 0.9345690160662733,
        "mape": 5.1306178631016035
      },
      "ridge": {
        "mae": 7.091105234454447,
        "rmse": 12.18078920774918,
        "r2": 0.9038295672416856,
        "mape": 11.334119987109432
      },
      "linear": {
        "mae": 6.690388243489809,
        "rmse": 11.834366301784206,
        "r2": 0.9092219749235892,
        "mape": 10.448883939757348
      }
    },
    "test": {
      "xgboost": {
        "mae": 3.4814651750463903,
        "rmse": 6.333050925530144,
        "r2": 0.9693641607701907,
        "mape": 9.55031501857647
      },
      "lightgbm": {
        "mae": 4.546721519150224,
        "rmse": 7.2377702956394,
        "r2": 0.95998586686105,
        "mape": 9.641518387082874
      },
      "catboost": {
        "mae": 5.684306759812312,
        "rmse": 7.163516086771216,
        "r2": 0.9608026865230561,
        "mape": 11.668139827524527
      },
      "rf": {
        "mae": 5.406404776478535,
        "rmse": 7.692413094567721,
        "r2": 0.9548009800475213,
        "mape": 13.24337959575413
      },
      "gb": {
        "mae": 4.248520674766822,
        "rmse": 7.33645754641136,
        "r2": 0.9588872394605844,
        "mape": 9.069788709485001
      },
      "ridge": {
        "mae": 10.239807399272578,
        "rmse": 13.656470435536994,
        "r2": 0.8575439956721297,
        "mape": 22.30730114309129
      },
      "linear": {
        "mae": 8.8356858391947,
        "rmse": 12.137968333936573,
        "r2": 0.8874628735794495,
        "mape": 19.425294227184338
      }
    },
    "cv_mae": {
      "xgboost": 2.75974302497162,
      "lightgbm": 2.767197815909056,
      "catboost": 3.5712146041884325,
      "rf": 2.2656269626794066,
      "gb": 2.3590616960862603,
      "ridge": 10.660765983974008,
      "linear": 9.672433920168544
    }
  }
}