{
  "trained_best_model": "rf",
  "new_test_metrics": {
    "mae": 3.46172220356641,
    "rmse": 6.570071393318621,
    "r2": 0.9748931255505978,
    "mape": 10.320029631656388
  },
  "cv_mae": {
    "xgboost": 2.6365695501726902,
    "lightgbm": 2.4650947795600064,
    "catboost": 3.180727739250265,
    "rf": 2.1874908107454925,
    "gb": 2.239547050028463,
    "ridge": 9.734849909419252,
    "linear": 9.105982595125928
  },
  "test_mae_all": {
    "xgboost": 3.51968384224406,
    "lightgbm": 4.1051929569523145,
    "catboost": 4.230535243353657,
    "rf": 3.4617222035664095,
    "gb": 4.397309647874227,
    "ridge": 10.847537653022611,
    "linear": 9.32381007806775
  },
  "historical_best_cv_mae": 2.042469801781462,
  "is_new_historical_best": false,
  "features": [
    "pm2_5",
    "pm10",
    "co",
    "no2",
    "so2",
    "month_cos",
    "total_pm",
    "total_gases",
    "no2_o3_ratio",
    "pm2_5_rolling_3h",
    "pm10_rolling_3h",
    "co_rolling_3h",
    "pm2_5_co_interaction",
    "hour_sin",
    "hour_cos"
  ],
  "scaler_needed": false,
  "all_models_saved": [
    "model_xgboost.pkl",
    "model_lightgbm.pkl",
    "model_catboost.pkl",
    "model_rf.pkl",
    "model_gb.pkl",
    "model_ridge.pkl",
    "model_linear.pkl"
  ],
  "all_metrics": {
    "train": {
      "xgboost": {
        "mae": 1.8204480368408282,
        "rmse": 3.3831235406211446,
        "r2": 0.9988372036354357,
        "mape": 1.4936642068464618
      },
      "lightgbm": {
        "mae": 1.6302094738527997,
        "rmse": 3.244342926272728,
        "r2": 0.9989306461024233,
        "mape": 1.335518965256712
      },
      "catboost": {
        "mae": 1.8876889443486966,
        "rmse": 2.9647681630062555,
        "r2": 0.9991070041762985,
        "mape": 1.5829594242864096
      },
      "rf": {
        "mae": 1.1750004827478215,
        "rmse": 3.8795796594577414,
        "r2": 0.9984708950350524,
        "mape": 1.1517788622018839
      },
      "gb": {
        "mae": 1.3893291386558047,
        "rmse": 2.9513914385100066,
        "r2": 0.9991150442052976,
        "mape": 1.2087600656069786
      },
      "ridge": {
        "mae": 8.78559677320608,
        "rmse": 11.66335290162095,
        "r2": 0.9861797854918543,
        "mape": 8.144116923271067
      },
      "linear": {
        "mae": 8.472078198287972,
        "rmse": 11.326325398378492,
        "r2": 0.9869669512397693,
        "mape": 7.71809748766609
      }
    },
    "val": {
      "xgboost": {
        "mae": 2.672015124804353,
        "rmse": 8.648812174961574,
        "r2": 0.9442235962000834,
        "mape": 4.81001628106836
      },
      "lightgbm": {
        "mae": 2.8417497517459194,
        "rmse": 10.44596332106235,
        "r2": 0.9186355728153711,
        "mape": 4.641850436209808
      },
      "catboost": {
        "mae": 3.577167107885114,
        "rmse": 10.320149181206634,
        "r2": 0.9205837221008177,
        "mape": 5.884015191331681
      },
      "rf": {
        "mae": 3.622847260152941,
        "rmse": 11.933539340944803,
        "r2": 0.893811834866635,
        "mape": 6.253872247150398
      },
      "gb": {
        "mae": 2.515761989067142,
        "rmse": 9.781734735275979,
        "r2": 0.9286540474362911,
        "mape": 3.887332431708229
      },
      "ridge": {
        "mae": 6.547273040104592,
        "rmse": 11.780010562338873,
        "r2": 0.8965265480096986,
        "mape": 10.398955188310008
      },
      "linear": {
        "mae": 6.2865152285163095,
        "rmse": 11.649084468734012,
        "r2": 0.8988138278504312,
        "mape": 9.634130417193086
      }
    },
    "test": {
      "xgboost": {
        "mae": 3.51968384224406,
        "rmse": 5.972087160877421,
        "r2": 0.9792554151388665,
        "mape": 8.438750023613807
      },
      "lightgbm": {
        "mae": 4.1051929569523145,
        "rmse": 6.612254698037666,
        "r2": 0.9745696919586275,
        "mape": 8.747852342925354
      },
      "catboost": {
        "mae": 4.230535243353657,
        "rmse": 6.647267957304477,
        "r2": 0.9742996614076692,
        "mape": 9.777889080548674
      },
      "rf": {
        "mae": 3.4617222035664095,
        "rmse": 6.570071393318621,
        "r2": 0.9748931255505978,
        "mape": 10.320029631656388
      },
      "gb": {
        "mae": 4.397309647874227,
        "rmse": 7.737654157255817,
        "r2": 0.9651766055407268,
        "mape": 7.207472471551443
      },
      "ridge": {
        "mae": 10.847537653022611,
        "rmse": 13.933682976648345,
        "r2": 0.8870765018163226,
        "mape": 22.129653355067223
      },
      "linear": {
        "mae": 9.32381007806775,
        "rmse": 12.343596438062365,
        "r2": 0.9113791518636054,
        "mape": 19.326460256486545
      }
    },
    "cv_mae": {
      "xgboost": 2.6365695501726902,
      "lightgbm": 2.4650947795600064,
      "catboost": 3.180727739250265,
      "rf": 2.1874908107454925,
      "gb": 2.239547050028463,
      "ridge": 9.734849909419252,
      "linear": 9.105982595125928
    }
  }
}