{
  "trained_best_model": "rf",
  "new_test_metrics": {
    "mae": 4.1875763823492544,
    "rmse": 7.038616238915114,
    "r2": 0.9629466486123692,
    "mape": 11.552208695631165
  },
  "cv_mae": {
    "xgboost": 2.6820198488328786,
    "lightgbm": 2.4802463309990537,
    "catboost": 3.1869169748820316,
    "rf": 2.150238302733406,
    "gb": 2.319874497283606,
    "ridge": 10.224724622795065,
    "linear": 9.378479892497642
  },
  "test_mae_all": {
    "xgboost": 3.1967208459611967,
    "lightgbm": 3.608516575557409,
    "catboost": 3.9987438336945926,
    "rf": 4.187576382349253,
    "gb": 3.799563399154653,
    "ridge": 10.455703070282722,
    "linear": 9.055078574360575
  },
  "historical_best_cv_mae": 2.042469801781462,
  "is_new_historical_best": false,
  "features": [
    "pm2_5",
    "pm10",
    "co",
    "no2",
    "so2",
    "month_cos",
    "total_pm",
    "total_gases",
    "no2_o3_ratio",
    "pm2_5_rolling_3h",
    "pm10_rolling_3h",
    "co_rolling_3h",
    "pm2_5_co_interaction",
    "hour_sin",
    "hour_cos"
  ],
  "scaler_needed": false,
  "all_models_saved": [
    "model_xgboost.pkl",
    "model_lightgbm.pkl",
    "model_catboost.pkl",
    "model_rf.pkl",
    "model_gb.pkl",
    "model_ridge.pkl",
    "model_linear.pkl"
  ],
  "all_metrics": {
    "train": {
      "xgboost": {
        "mae": 1.8599383753262075,
        "rmse": 3.4185382098535033,
        "r2": 0.9988266155153545,
        "mape": 1.4955196257436811
      },
      "lightgbm": {
        "mae": 1.752045343586916,
        "rmse": 3.4671970578700835,
        "r2": 0.9987929743052849,
        "mape": 1.4313289759814096
      },
      "catboost": {
        "mae": 1.9278922170656498,
        "rmse": 3.042906226732405,
        "r2": 0.9990703133338704,
        "mape": 1.5948659010750141
      },
      "rf": {
        "mae": 1.1566131700192352,
        "rmse": 3.8613797281410505,
        "r2": 0.9985029217912015,
        "mape": 1.1320510934963537
      },
      "gb": {
        "mae": 1.3957261512118155,
        "rmse": 2.9584594388080716,
        "r2": 0.9991211986748212,
        "mape": 1.1940797103348553
      },
      "ridge": {
        "mae": 8.89714389320808,
        "rmse": 11.76891033422508,
        "r2": 0.9860930474629831,
        "mape": 8.211037629607034
      },
      "linear": {
        "mae": 8.576886907305044,
        "rmse": 11.423553895738904,
        "r2": 0.9868972656992211,
        "mape": 7.776437370165645
      }
    },
    "val": {
      "xgboost": {
        "mae": 2.8243213222451407,
        "rmse": 9.019058933474657,
        "r2": 0.9411836797438988,
        "mape": 4.770749835744512
      },
      "lightgbm": {
        "mae": 2.9756841668566247,
        "rmse": 10.251279252345437,
        "r2": 0.9240143594339869,
        "mape": 4.653564090408891
      },
      "catboost": {
        "mae": 3.5236822330638575,
        "rmse": 9.502649747418754,
        "r2": 0.934707267393063,
        "mape": 5.976034629255622
      },
      "rf": {
        "mae": 4.658363752330445,
        "rmse": 12.361388599750008,
        "r2": 0.8895133211097792,
        "mape": 7.793731944147349
      },
      "gb": {
        "mae": 2.8466357022873323,
        "rmse": 9.683536950581086,
        "r2": 0.9321978557385425,
        "mape": 4.45940704962898
      },
      "ridge": {
        "mae": 6.90248204627323,
        "rmse": 12.043596992681387,
        "r2": 0.8951211709926722,
        "mape": 10.975839176190693
      },
      "linear": {
        "mae": 6.580825543149454,
        "rmse": 11.80315648824965,
        "r2": 0.8992670086613274,
        "mape": 10.111963393996756
      }
    },
    "test": {
      "xgboost": {
        "mae": 3.1967208459611967,
        "rmse": 5.523920755524351,
        "r2": 0.9771783100894923,
        "mape": 8.150788867582783
      },
      "lightgbm": {
        "mae": 3.608516575557409,
        "rmse": 6.082530909513653,
        "r2": 0.972329209272723,
        "mape": 8.689884969929656
      },
      "catboost": {
        "mae": 3.9987438336945926,
        "rmse": 6.650190486945292,
        "r2": 0.9669233824764274,
        "mape": 10.001250112241374
      },
      "rf": {
        "mae": 4.187576382349253,
        "rmse": 7.038616238915114,
        "r2": 0.9629466486123692,
        "mape": 11.552208695631165
      },
      "gb": {
        "mae": 3.799563399154653,
        "rmse": 6.949713332977738,
        "r2": 0.9638767595114537,
        "mape": 7.589908184808274
      },
      "ridge": {
        "mae": 10.455703070282722,
        "rmse": 13.686698008770994,
        "r2": 0.8598960788058311,
        "mape": 22.41472394637943
      },
      "linear": {
        "mae": 9.055078574360575,
        "rmse": 12.188906130213105,
        "r2": 0.8888825194877542,
        "mape": 19.597540955609443
      }
    },
    "cv_mae": {
      "xgboost": 2.6820198488328786,
      "lightgbm": 2.4802463309990537,
      "catboost": 3.1869169748820316,
      "rf": 2.150238302733406,
      "gb": 2.319874497283606,
      "ridge": 10.224724622795065,
      "linear": 9.378479892497642
    }
  }
}