{
  "trained_best_model": "rf",
  "new_test_metrics": {
    "mae": 3.2238687519640945,
    "rmse": 6.2172279692370696,
    "r2": 0.9824504813008671,
    "mape": 9.692536750357462
  },
  "cv_mae": {
    "xgboost": 2.6948023327642687,
    "lightgbm": 2.4302632239971977,
    "catboost": 3.282432405970737,
    "rf": 2.227579598409235,
    "gb": 2.366947689681276,
    "ridge": 9.639317504068758,
    "linear": 8.869458403223932
  },
  "test_mae_all": {
    "xgboost": 3.087166690690371,
    "lightgbm": 4.005376774085046,
    "catboost": 3.5528225010994983,
    "rf": 3.223868751964094,
    "gb": 5.766727213342225,
    "ridge": 11.5729976649011,
    "linear": 9.92316512233081
  },
  "historical_best_cv_mae": 2.042469801781462,
  "is_new_historical_best": false,
  "features": [
    "pm2_5",
    "pm10",
    "co",
    "no2",
    "so2",
    "month_cos",
    "total_pm",
    "total_gases",
    "no2_o3_ratio",
    "pm2_5_rolling_3h",
    "pm10_rolling_3h",
    "co_rolling_3h",
    "pm2_5_co_interaction",
    "hour_sin",
    "hour_cos"
  ],
  "scaler_needed": false,
  "all_models_saved": [
    "model_xgboost.pkl",
    "model_lightgbm.pkl",
    "model_catboost.pkl",
    "model_rf.pkl",
    "model_gb.pkl",
    "model_ridge.pkl",
    "model_linear.pkl"
  ],
  "all_metrics": {
    "train": {
      "xgboost": {
        "mae": 2.018053290584238,
        "rmse": 3.8265121944837355,
        "r2": 0.9984654527838308,
        "mape": 1.6563970144371352
      },
      "lightgbm": {
        "mae": 1.679051641018716,
        "rmse": 3.4030039788749433,
        "r2": 0.9987863346136515,
        "mape": 1.3847833512013312
      },
      "catboost": {
        "mae": 1.87556748929799,
        "rmse": 2.9983194295436775,
        "r2": 0.9990578287442579,
        "mape": 1.571926129393055
      },
      "rf": {
        "mae": 1.184120016746682,
        "rmse": 3.8913231193765436,
        "r2": 0.9984130302777617,
        "mape": 1.167711585703019
      },
      "gb": {
        "mae": 1.3716988099185614,
        "rmse": 2.933369954172819,
        "r2": 0.9990982051913363,
        "mape": 1.1915435842781321
      },
      "ridge": {
        "mae": 8.642930128985395,
        "rmse": 11.523700445355303,
        "r2": 0.9860826043690332,
        "mape": 8.112014537691321
      },
      "linear": {
        "mae": 8.349422956969114,
        "rmse": 11.205379614182188,
        "r2": 0.9868408693001178,
        "mape": 7.703179065920901
      }
    },
    "val": {
      "xgboost": {
        "mae": 2.9220881135496373,
        "rmse": 9.402364355989498,
        "r2": 0.9340369404109321,
        "mape": 4.794587339088593
      },
      "lightgbm": {
        "mae": 2.625784516221951,
        "rmse": 10.064697099451191,
        "r2": 0.9244163159255965,
        "mape": 3.8335898207280015
      },
      "catboost": {
        "mae": 3.0809476502742723,
        "rmse": 10.091591585649102,
        "r2": 0.9240118327521736,
        "mape": 4.951695174031118
      },
      "rf": {
        "mae": 3.3635422243959807,
        "rmse": 11.801076084599117,
        "r2": 0.8960870058568341,
        "mape": 5.767779994970462
      },
      "gb": {
        "mae": 2.6862878403613473,
        "rmse": 9.70140938000508,
        "r2": 0.9297742638197095,
        "mape": 3.960428351048613
      },
      "ridge": {
        "mae": 6.438815954793813,
        "rmse": 11.594354258606325,
        "r2": 0.8996956495949225,
        "mape": 10.435272457239957
      },
      "linear": {
        "mae": 6.047980068918892,
        "rmse": 11.414226295685465,
        "r2": 0.9027880633941601,
        "mape": 9.491086089998205
      }
    },
    "test": {
      "xgboost": {
        "mae": 3.087166690690371,
        "rmse": 5.33130534344243,
        "r2": 0.9870955725625798,
        "mape": 7.7202540599361855
      },
      "lightgbm": {
        "mae": 4.005376774085046,
        "rmse": 6.378549394375229,
        "r2": 0.9815279339804058,
        "mape": 7.130870230089833
      },
      "catboost": {
        "mae": 3.5528225010994983,
        "rmse": 6.0494217092552836,
        "r2": 0.9833850381974153,
        "mape": 8.600305554357728
      },
      "rf": {
        "mae": 3.223868751964094,
        "rmse": 6.217227969237069,
        "r2": 0.9824504813008671,
        "mape": 9.69253675035746
      },
      "gb": {
        "mae": 5.766727213342225,
        "rmse": 9.55170125753985,
        "r2": 0.9585778070028571,
        "mape": 7.9697604087087575
      },
      "ridge": {
        "mae": 11.5729976649011,
        "rmse": 14.454721674763643,
        "r2": 0.9051382584212619,
        "mape": 22.318560451562753
      },
      "linear": {
        "mae": 9.92316512233081,
        "rmse": 12.767336310814589,
        "r2": 0.9259930982496144,
        "mape": 19.52166407992422
      }
    },
    "cv_mae": {
      "xgboost": 2.6948023327642687,
      "lightgbm": 2.4302632239971977,
      "catboost": 3.282432405970737,
      "rf": 2.227579598409235,
      "gb": 2.366947689681276,
      "ridge": 9.639317504068758,
      "linear": 8.869458403223932
    }
  }
}