{
  "trained_best_model": "rf",
  "new_test_metrics": {
    "mae": 3.208915804371917,
    "rmse": 6.171714730352677,
    "r2": 0.9818883709789007,
    "mape": 9.621762849189633
  },
  "cv_mae": {
    "xgboost": 2.6183915147576076,
    "lightgbm": 2.4263432349821903,
    "catboost": 3.1996449690968256,
    "rf": 2.1964220289103387,
    "gb": 2.221749827862261,
    "ridge": 9.357746127992275,
    "linear": 8.75598295555809
  },
  "test_mae_all": {
    "xgboost": 3.466924053524088,
    "lightgbm": 3.8172276271623513,
    "catboost": 3.59767817154129,
    "rf": 3.208915804371917,
    "gb": 5.549260021144392,
    "ridge": 11.457874762534658,
    "linear": 9.82704764254838
  },
  "historical_best_cv_mae": 2.042469801781462,
  "is_new_historical_best": false,
  "features": [
    "pm2_5",
    "pm10",
    "co",
    "no2",
    "so2",
    "month_cos",
    "total_pm",
    "total_gases",
    "no2_o3_ratio",
    "pm2_5_rolling_3h",
    "pm10_rolling_3h",
    "co_rolling_3h",
    "pm2_5_co_interaction",
    "hour_sin",
    "hour_cos"
  ],
  "scaler_needed": false,
  "all_models_saved": [
    "model_xgboost.pkl",
    "model_lightgbm.pkl",
    "model_catboost.pkl",
    "model_rf.pkl",
    "model_gb.pkl",
    "model_ridge.pkl",
    "model_linear.pkl"
  ],
  "all_metrics": {
    "train": {
      "xgboost": {
        "mae": 1.811228122263272,
        "rmse": 3.345289553536294,
        "r2": 0.9988372271983332,
        "mape": 1.4860516174382852
      },
      "lightgbm": {
        "mae": 1.6354642614222752,
        "rmse": 3.273360922679853,
        "r2": 0.9988866922738835,
        "mape": 1.3390651343816506
      },
      "catboost": {
        "mae": 1.8748242995821145,
        "rmse": 3.0060651972561496,
        "r2": 0.9990610894324409,
        "mape": 1.5905578380004237
      },
      "rf": {
        "mae": 1.1848395213367005,
        "rmse": 3.9037600414881672,
        "r2": 0.9984165889744232,
        "mape": 1.1618191933996516
      },
      "gb": {
        "mae": 1.3890143545563778,
        "rmse": 2.9351616975755137,
        "r2": 0.9991048588982364,
        "mape": 1.2076893748493753
      },
      "ridge": {
        "mae": 8.67678727441839,
        "rmse": 11.554047358128585,
        "r2": 0.986129384834117,
        "mape": 8.127315393287331
      },
      "linear": {
        "mae": 8.37996994625072,
        "rmse": 11.235492497588025,
        "r2": 0.9868836902541955,
        "mape": 7.7151889753519
      }
    },
    "val": {
      "xgboost": {
        "mae": 2.735888370095867,
        "rmse": 8.955263100643961,
        "r2": 0.9402317431667836,
        "mape": 4.468568972643222
      },
      "lightgbm": {
        "mae": 2.646958909653578,
        "rmse": 10.117874231336517,
        "r2": 0.9237056383637234,
        "mape": 3.854200948801936
      },
      "catboost": {
        "mae": 2.9350194344493703,
        "rmse": 9.480386439352575,
        "r2": 0.9330167877058894,
        "mape": 4.684113279143056
      },
      "rf": {
        "mae": 3.3502863136435335,
        "rmse": 11.78174335099684,
        "r2": 0.8965494018189807,
        "mape": 5.717293783874129
      },
      "gb": {
        "mae": 2.6534968439287647,
        "rmse": 9.639140690240199,
        "r2": 0.9307546637434376,
        "mape": 3.8954721953392815
      },
      "ridge": {
        "mae": 6.380878898194035,
        "rmse": 11.579411315998241,
        "r2": 0.9000720789869462,
        "mape": 10.357897651918638
      },
      "linear": {
        "mae": 6.038218643161954,
        "rmse": 11.408636553010004,
        "r2": 0.9029978455635665,
        "mape": 9.468647928511768
      }
    },
    "test": {
      "xgboost": {
        "mae": 3.466924053524088,
        "rmse": 5.600619614862527,
        "r2": 0.985085181235731,
        "mape": 7.43654113391661
      },
      "lightgbm": {
        "mae": 3.8172276271623513,
        "rmse": 6.13497454510875,
        "r2": 0.982103366000449,
        "mape": 6.9869002804552895
      },
      "catboost": {
        "mae": 3.59767817154129,
        "rmse": 5.715578134168799,
        "r2": 0.9844666131409308,
        "mape": 7.940458902923055
      },
      "rf": {
        "mae": 3.208915804371917,
        "rmse": 6.171714730352677,
        "r2": 0.9818883709789007,
        "mape": 9.621762849189633
      },
      "gb": {
        "mae": 5.549260021144392,
        "rmse": 9.466138794427867,
        "r2": 0.9573919594838667,
        "mape": 7.705081230915664
      },
      "ridge": {
        "mae": 11.457874762534658,
        "rmse": 14.384542325931639,
        "r2": 0.9016129535859257,
        "mape": 22.28658290260248
      },
      "linear": {
        "mae": 9.82704764254838,
        "rmse": 12.711856741251717,
        "r2": 0.9231641666362066,
        "mape": 19.485831398269255
      }
    },
    "cv_mae": {
      "xgboost": 2.6183915147576076,
      "lightgbm": 2.4263432349821903,
      "catboost": 3.1996449690968256,
      "rf": 2.1964220289103387,
      "gb": 2.221749827862261,
      "ridge": 9.357746127992275,
      "linear": 8.75598295555809
    }
  }
}