{
  "trained_best_model": "rf",
  "new_test_metrics": {
    "mae": 3.3257349679225774,
    "rmse": 6.565018329717122,
    "r2": 0.9783084504779193,
    "mape": 10.193851230138472
  },
  "cv_mae": {
    "xgboost": 2.6835760075518764,
    "lightgbm": 2.469730534031109,
    "catboost": 3.091398374773869,
    "rf": 2.2454033023391586,
    "gb": 2.3093805116259434,
    "ridge": 9.83520452735237,
    "linear": 9.141174184598063
  },
  "test_mae_all": {
    "xgboost": 3.444846839197352,
    "lightgbm": 4.1507762835277395,
    "catboost": 3.5754135519642047,
    "rf": 3.3257349679225783,
    "gb": 5.1361332892234985,
    "ridge": 11.40573909544322,
    "linear": 9.751016805050128
  },
  "historical_best_cv_mae": 2.042469801781462,
  "is_new_historical_best": false,
  "features": [
    "pm2_5",
    "pm10",
    "co",
    "no2",
    "so2",
    "month_cos",
    "total_pm",
    "total_gases",
    "no2_o3_ratio",
    "pm2_5_rolling_3h",
    "pm10_rolling_3h",
    "co_rolling_3h",
    "pm2_5_co_interaction",
    "hour_sin",
    "hour_cos"
  ],
  "scaler_needed": false,
  "all_models_saved": [
    "model_xgboost.pkl",
    "model_lightgbm.pkl",
    "model_catboost.pkl",
    "model_rf.pkl",
    "model_gb.pkl",
    "model_ridge.pkl",
    "model_linear.pkl"
  ],
  "all_metrics": {
    "train": {
      "xgboost": {
        "mae": 1.9079968784653278,
        "rmse": 3.5712745530527115,
        "r2": 0.9986810154370329,
        "mape": 1.5566992182831367
      },
      "lightgbm": {
        "mae": 1.5809503231658262,
        "rmse": 3.177142345347207,
        "r2": 0.9989560815336095,
        "mape": 1.297930191536549
      },
      "catboost": {
        "mae": 1.8953349683593275,
        "rmse": 3.01824008494074,
        "r2": 0.9990578917660958,
        "mape": 1.5958930443062909
      },
      "rf": {
        "mae": 1.1793492567127772,
        "rmse": 3.9014309507057576,
        "r2": 0.9984258682299655,
        "mape": 1.1549159736742243
      },
      "gb": {
        "mae": 1.407867864984006,
        "rmse": 2.9607118178779745,
        "r2": 0.9990934630536912,
        "mape": 1.2178857381743984
      },
      "ridge": {
        "mae": 8.703384097310785,
        "rmse": 11.571427665224347,
        "r2": 0.9861526355070362,
        "mape": 8.138026345935813
      },
      "linear": {
        "mae": 8.400380009004403,
        "rmse": 11.250044513332883,
        "r2": 0.9869111432117246,
        "mape": 7.718440289256573
      }
    },
    "val": {
      "xgboost": {
        "mae": 2.902089593617339,
        "rmse": 9.189932787834797,
        "r2": 0.9373198282132252,
        "mape": 4.992103532815841
      },
      "lightgbm": {
        "mae": 2.8176817407279504,
        "rmse": 10.227016344050325,
        "r2": 0.9223746792230587,
        "mape": 4.528449457399961
      },
      "catboost": {
        "mae": 3.1891722436374343,
        "rmse": 9.923802596779254,
        "r2": 0.9269093639305417,
        "mape": 5.472199613807626
      },
      "rf": {
        "mae": 3.411063804546597,
        "rmse": 11.894556132920345,
        "r2": 0.8949969320830166,
        "mape": 6.0019746973544645
      },
      "gb": {
        "mae": 2.706137142813511,
        "rmse": 9.701754800554276,
        "r2": 0.9301436168239859,
        "mape": 4.08762232210609
      },
      "ridge": {
        "mae": 6.354177663601354,
        "rmse": 11.584853668716319,
        "r2": 0.9003937447684792,
        "mape": 10.349071594897449
      },
      "linear": {
        "mae": 6.042973120368507,
        "rmse": 11.41974680697424,
        "r2": 0.903212681481011,
        "mape": 9.498996301113506
      }
    },
    "test": {
      "xgboost": {
        "mae": 3.444846839197352,
        "rmse": 5.795479104335679,
        "r2": 0.9830956926900529,
        "mape": 8.400820088274765
      },
      "lightgbm": {
        "mae": 4.1507762835277395,
        "rmse": 6.515548739505278,
        "r2": 0.9786341248432575,
        "mape": 8.347592480874859
      },
      "catboost": {
        "mae": 3.5754135519642047,
        "rmse": 6.085742136398863,
        "r2": 0.9813600053282278,
        "mape": 9.200262679904576
      },
      "rf": {
        "mae": 3.3257349679225783,
        "rmse": 6.565018329717122,
        "r2": 0.9783084504779193,
        "mape": 10.193851230138472
      },
      "gb": {
        "mae": 5.1361332892234985,
        "rmse": 8.544352050499143,
        "r2": 0.9632568014983749,
        "mape": 7.653384666529235
      },
      "ridge": {
        "mae": 11.40573909544322,
        "rmse": 14.349863444134634,
        "r2": 0.8963631445316235,
        "mape": 22.323479221075328
      },
      "linear": {
        "mae": 9.751016805050128,
        "rmse": 12.666643883583845,
        "r2": 0.9192501336521423,
        "mape": 19.488555756816787
      }
    },
    "cv_mae": {
      "xgboost": 2.6835760075518764,
      "lightgbm": 2.469730534031109,
      "catboost": 3.091398374773869,
      "rf": 2.2454033023391586,
      "gb": 2.3093805116259434,
      "ridge": 9.83520452735237,
      "linear": 9.141174184598063
    }
  }
}