{
  "trained_best_model": "rf",
  "new_test_metrics": {
    "mae": 3.373693044897397,
    "rmse": 6.562855425357503,
    "r2": 0.9763513067219803,
    "mape": 10.262853681729897
  },
  "cv_mae": {
    "xgboost": 2.7031766518221447,
    "lightgbm": 2.487469292181405,
    "catboost": 3.2641540484421845,
    "rf": 2.2830763729741603,
    "gb": 2.3296037247791643,
    "ridge": 9.644627862922508,
    "linear": 9.04319208623659
  },
  "test_mae_all": {
    "xgboost": 3.155072431251428,
    "lightgbm": 3.8571240802240943,
    "catboost": 4.030655006808896,
    "rf": 3.3736930448973967,
    "gb": 5.262735900263372,
    "ridge": 11.126783250519626,
    "linear": 9.512703596950905
  },
  "historical_best_cv_mae": 2.042469801781462,
  "is_new_historical_best": false,
  "features": [
    "pm2_5",
    "pm10",
    "co",
    "no2",
    "so2",
    "month_cos",
    "total_pm",
    "total_gases",
    "no2_o3_ratio",
    "pm2_5_rolling_3h",
    "pm10_rolling_3h",
    "co_rolling_3h",
    "pm2_5_co_interaction",
    "hour_sin",
    "hour_cos"
  ],
  "scaler_needed": false,
  "all_models_saved": [
    "model_xgboost.pkl",
    "model_lightgbm.pkl",
    "model_catboost.pkl",
    "model_rf.pkl",
    "model_gb.pkl",
    "model_ridge.pkl",
    "model_linear.pkl"
  ],
  "all_metrics": {
    "train": {
      "xgboost": {
        "mae": 1.8489587792211784,
        "rmse": 3.4004816865880363,
        "r2": 0.9988114956035008,
        "mape": 1.5075177956142123
      },
      "lightgbm": {
        "mae": 1.6797973260707868,
        "rmse": 3.3637294880952817,
        "r2": 0.9988370473384014,
        "mape": 1.3734063040739877
      },
      "catboost": {
        "mae": 1.8914867221135403,
        "rmse": 3.017921276578717,
        "r2": 0.9990638709428791,
        "mape": 1.595544736894462
      },
      "rf": {
        "mae": 1.181598086568219,
        "rmse": 3.8866882950923194,
        "r2": 0.9984473293740004,
        "mape": 1.1593739895701305
      },
      "gb": {
        "mae": 1.392978538512367,
        "rmse": 2.9679664777739183,
        "r2": 0.9990946054105218,
        "mape": 1.205663513845699
      },
      "ridge": {
        "mae": 8.72023262533288,
        "rmse": 11.598539998198945,
        "r2": 0.9861730446291767,
        "mape": 8.103088551337297
      },
      "linear": {
        "mae": 8.412913700987955,
        "rmse": 11.26956960001457,
        "r2": 0.9869462716058838,
        "mape": 7.68202922076581
      }
    },
    "val": {
      "xgboost": {
        "mae": 2.743681409043264,
        "rmse": 9.114312491990873,
        "r2": 0.938538503948381,
        "mape": 4.705616219581015
      },
      "lightgbm": {
        "mae": 2.737389481854402,
        "rmse": 10.085819983277998,
        "r2": 0.9247376589875516,
        "mape": 4.42698115691357
      },
      "catboost": {
        "mae": 3.412228239152013,
        "rmse": 9.928373162719467,
        "r2": 0.9270691152878021,
        "mape": 5.805812429301699
      },
      "rf": {
        "mae": 3.488735505797679,
        "rmse": 11.905750420646424,
        "r2": 0.8951257552045174,
        "mape": 6.107564455003957
      },
      "gb": {
        "mae": 2.597717756636334,
        "rmse": 9.727904493569437,
        "r2": 0.9299845484096031,
        "mape": 3.8959546894717505
      },
      "ridge": {
        "mae": 6.539960427993786,
        "rmse": 11.715498215127715,
        "r2": 0.8984507261072547,
        "mape": 10.408514968719507
      },
      "linear": {
        "mae": 6.295824853734628,
        "rmse": 11.582579965211384,
        "r2": 0.9007419103336397,
        "mape": 9.660548940819279
      }
    },
    "test": {
      "xgboost": {
        "mae": 3.155072431251428,
        "rmse": 5.440276712515583,
        "r2": 0.9837496224951091,
        "mape": 7.85983805667791
      },
      "lightgbm": {
        "mae": 3.8571240802240943,
        "rmse": 6.240414281182303,
        "r2": 0.9786180003404186,
        "mape": 8.312599422870202
      },
      "catboost": {
        "mae": 4.030655006808896,
        "rmse": 6.599932856224766,
        "r2": 0.976083341147474,
        "mape": 9.78149345756216
      },
      "rf": {
        "mae": 3.3736930448973967,
        "rmse": 6.562855425357503,
        "r2": 0.9763513067219803,
        "mape": 10.262853681729895
      },
      "gb": {
        "mae": 5.262735900263372,
        "rmse": 9.46358639541505,
        "r2": 0.9508262898836295,
        "mape": 7.802858907791338
      },
      "ridge": {
        "mae": 11.126783250519626,
        "rmse": 14.167980772514525,
        "r2": 0.8897858408244874,
        "mape": 22.198662906084117
      },
      "linear": {
        "mae": 9.512703596950905,
        "rmse": 12.506979729148437,
        "r2": 0.9141132110478228,
        "mape": 19.353070533395815
      }
    },
    "cv_mae": {
      "xgboost": 2.7031766518221447,
      "lightgbm": 2.487469292181405,
      "catboost": 3.2641540484421845,
      "rf": 2.2830763729741603,
      "gb": 2.3296037247791643,
      "ridge": 9.644627862922508,
      "linear": 9.04319208623659
    }
  }
}