{
  "trained_best_model": "rf",
  "new_test_metrics": {
    "mae": 5.167318670760615,
    "rmse": 7.799062329742264,
    "r2": 0.9533444590293364,
    "mape": 13.104700333956576
  },
  "cv_mae": {
    "xgboost": 2.738042237567342,
    "lightgbm": 2.5028036616728495,
    "catboost": 3.5733430709646825,
    "rf": 2.164986402275193,
    "gb": 2.299270761045945,
    "ridge": 10.523597007072222,
    "linear": 9.70963974937995
  },
  "test_mae_all": {
    "xgboost": 3.7887147416401863,
    "lightgbm": 4.344620149565744,
    "catboost": 4.445205380879556,
    "rf": 5.167318670760615,
    "gb": 3.7621817040504175,
    "ridge": 10.426545480610432,
    "linear": 9.012091243394694
  },
  "historical_best_cv_mae": 2.042469801781462,
  "is_new_historical_best": false,
  "features": [
    "pm2_5",
    "pm10",
    "co",
    "no2",
    "so2",
    "month_cos",
    "total_pm",
    "total_gases",
    "no2_o3_ratio",
    "pm2_5_rolling_3h",
    "pm10_rolling_3h",
    "co_rolling_3h",
    "pm2_5_co_interaction",
    "hour_sin",
    "hour_cos"
  ],
  "scaler_needed": false,
  "all_models_saved": [
    "model_xgboost.pkl",
    "model_lightgbm.pkl",
    "model_catboost.pkl",
    "model_rf.pkl",
    "model_gb.pkl",
    "model_ridge.pkl",
    "model_linear.pkl"
  ],
  "all_metrics": {
    "train": {
      "xgboost": {
        "mae": 1.8405310697051644,
        "rmse": 3.391711164004757,
        "r2": 0.9988446112572716,
        "mape": 1.472115159830452
      },
      "lightgbm": {
        "mae": 1.7521256682261752,
        "rmse": 3.462884937589544,
        "r2": 0.9987956116869161,
        "mape": 1.4105234706367407
      },
      "catboost": {
        "mae": 1.9815421868622483,
        "rmse": 3.0929037066340057,
        "r2": 0.9990392216503539,
        "mape": 1.613568695416317
      },
      "rf": {
        "mae": 1.151879770126104,
        "rmse": 3.8151556814593715,
        "r2": 0.9985381091799914,
        "mape": 1.1232042185670057
      },
      "gb": {
        "mae": 1.3821125460870627,
        "rmse": 2.926652640595444,
        "r2": 0.9991397339785586,
        "mape": 1.1750324802176264
      },
      "ridge": {
        "mae": 8.991484854449842,
        "rmse": 11.829510617450126,
        "r2": 0.9859452227582917,
        "mape": 8.256392833320431
      },
      "linear": {
        "mae": 8.656504488028217,
        "rmse": 11.471315236760688,
        "r2": 0.9867834884751239,
        "mape": 7.806282665937274
      }
    },
    "val": {
      "xgboost": {
        "mae": 3.0178775155925317,
        "rmse": 9.166519740772985,
        "r2": 0.9366802815748285,
        "mape": 5.557542472271268
      },
      "lightgbm": {
        "mae": 3.081973702410264,
        "rmse": 10.315745711108068,
        "r2": 0.9198079575615354,
        "mape": 4.998404893851146
      },
      "catboost": {
        "mae": 4.3515295728785555,
        "rmse": 10.788431804215422,
        "r2": 0.9122904949780827,
        "mape": 7.044988763065961
      },
      "rf": {
        "mae": 5.4292809249970215,
        "rmse": 12.575869745077206,
        "r2": 0.880819259405876,
        "mape": 9.167058879255347
      },
      "gb": {
        "mae": 2.7225785661838353,
        "rmse": 9.830965833075691,
        "r2": 0.9271679737954436,
        "mape": 4.487858717784313
      },
      "ridge": {
        "mae": 6.830413946766236,
        "rmse": 11.920677574910803,
        "r2": 0.8929141959555259,
        "mape": 11.190731869616002
      },
      "linear": {
        "mae": 6.459857942434861,
        "rmse": 11.638136093037435,
        "r2": 0.8979302898198194,
        "mape": 10.237162483680077
      }
    },
    "test": {
      "xgboost": {
        "mae": 3.7887147416401863,
        "rmse": 6.424332071211719,
        "r2": 0.968342660790737,
        "mape": 9.741085952205522
      },
      "lightgbm": {
        "mae": 4.344620149565744,
        "rmse": 7.2895578160200865,
        "r2": 0.9592412537335069,
        "mape": 9.46703375936992
      },
      "catboost": {
        "mae": 4.445205380879556,
        "rmse": 6.827432664770865,
        "r2": 0.9642452868432482,
        "mape": 10.749493794684545
      },
      "rf": {
        "mae": 5.167318670760615,
        "rmse": 7.799062329742265,
        "r2": 0.9533444590293363,
        "mape": 13.104700333956576
      },
      "gb": {
        "mae": 3.7621817040504175,
        "rmse": 6.6885344538380584,
        "r2": 0.9656852859590978,
        "mape": 8.210479011132914
      },
      "ridge": {
        "mae": 10.426545480610432,
        "rmse": 13.741809158850792,
        "r2": 0.8551540779023616,
        "mape": 22.552722430692803
      },
      "linear": {
        "mae": 9.012091243394694,
        "rmse": 12.23900257796449,
        "r2": 0.8851025210742618,
        "mape": 19.63756248889894
      }
    },
    "cv_mae": {
      "xgboost": 2.738042237567342,
      "lightgbm": 2.5028036616728495,
      "catboost": 3.5733430709646825,
      "rf": 2.164986402275193,
      "gb": 2.299270761045945,
      "ridge": 10.523597007072222,
      "linear": 9.70963974937995
    }
  }
}