{
  "trained_best_model": "rf",
  "new_test_metrics": {
    "mae": 3.5399247078729967,
    "rmse": 6.621583247032429,
    "r2": 0.9705928990116031,
    "mape": 10.337097802669216
  },
  "cv_mae": {
    "xgboost": 2.5515451670159566,
    "lightgbm": 2.445295162596188,
    "catboost": 3.248651790901511,
    "rf": 2.1803362405837925,
    "gb": 2.2842529052829925,
    "ridge": 10.264039618690955,
    "linear": 9.473736252810234
  },
  "test_mae_all": {
    "xgboost": 3.510710414500107,
    "lightgbm": 4.1037674400313975,
    "catboost": 4.243390538709105,
    "rf": 3.5399247078729963,
    "gb": 3.8915373906454813,
    "ridge": 10.491282971759333,
    "linear": 9.050616524993474
  },
  "historical_best_cv_mae": 2.042469801781462,
  "is_new_historical_best": false,
  "features": [
    "pm2_5",
    "pm10",
    "co",
    "no2",
    "so2",
    "month_cos",
    "total_pm",
    "total_gases",
    "no2_o3_ratio",
    "pm2_5_rolling_3h",
    "pm10_rolling_3h",
    "co_rolling_3h",
    "pm2_5_co_interaction",
    "hour_sin",
    "hour_cos"
  ],
  "scaler_needed": false,
  "all_models_saved": [
    "model_xgboost.pkl",
    "model_lightgbm.pkl",
    "model_catboost.pkl",
    "model_rf.pkl",
    "model_gb.pkl",
    "model_ridge.pkl",
    "model_linear.pkl"
  ],
  "all_metrics": {
    "train": {
      "xgboost": {
        "mae": 1.8615946653071216,
        "rmse": 3.433817683415056,
        "r2": 0.9988065855835074,
        "mape": 1.5045100538209317
      },
      "lightgbm": {
        "mae": 1.5217215472834704,
        "rmse": 3.0419515312784395,
        "r2": 0.9990634275163375,
        "mape": 1.2543515379475458
      },
      "catboost": {
        "mae": 1.8830896101304662,
        "rmse": 2.9964289566261075,
        "r2": 0.9990912492447026,
        "mape": 1.5756809761436545
      },
      "rf": {
        "mae": 1.159576459613266,
        "rmse": 3.873085116669944,
        "r2": 0.9984817234061596,
        "mape": 1.135304344901893
      },
      "gb": {
        "mae": 1.3728479870382968,
        "rmse": 2.9081986076461153,
        "r2": 0.9991439779758623,
        "mape": 1.1885214201333392
      },
      "ridge": {
        "mae": 8.855224793683787,
        "rmse": 11.721956652396159,
        "r2": 0.9860928853090244,
        "mape": 8.204278091351346
      },
      "linear": {
        "mae": 8.53529014679855,
        "rmse": 11.378815554081552,
        "r2": 0.9868951839357223,
        "mape": 7.76810942609145
      }
    },
    "val": {
      "xgboost": {
        "mae": 2.908009135015479,
        "rmse": 9.294264470659204,
        "r2": 0.9376006494020109,
        "mape": 5.113612715525699
      },
      "lightgbm": {
        "mae": 2.9845451166194468,
        "rmse": 9.984886272208021,
        "r2": 0.9279827949518752,
        "mape": 4.792623083711713
      },
      "catboost": {
        "mae": 3.739611727950012,
        "rmse": 10.343228507428044,
        "r2": 0.922720864302283,
        "mape": 6.213832087580608
      },
      "rf": {
        "mae": 3.9774097744695442,
        "rmse": 12.09191633357137,
        "r2": 0.894381429684771,
        "mape": 6.577805644018247
      },
      "gb": {
        "mae": 2.896532314257422,
        "rmse": 9.849356515929756,
        "r2": 0.9299245761865934,
        "mape": 4.557224748614565
      },
      "ridge": {
        "mae": 6.653284674640683,
        "rmse": 11.930095365498676,
        "r2": 0.897189410824513,
        "mape": 10.473427094351914
      },
      "linear": {
        "mae": 6.413890526411542,
        "rmse": 11.733223440707539,
        "r2": 0.9005545998160895,
        "mape": 9.763643734450376
      }
    },
    "test": {
      "xgboost": {
        "mae": 3.510710414500107,
        "rmse": 6.150804714584662,
        "r2": 0.9746257973897808,
        "mape": 8.875506724994656
      },
      "lightgbm": {
        "mae": 4.1037674400313975,
        "rmse": 6.939819010896224,
        "r2": 0.9676983419917019,
        "mape": 8.967962176247363
      },
      "catboost": {
        "mae": 4.243390538709105,
        "rmse": 6.79398439017226,
        "r2": 0.9690416635632597,
        "mape": 10.240563171878039
      },
      "rf": {
        "mae": 3.5399247078729963,
        "rmse": 6.621583247032429,
        "r2": 0.9705928990116031,
        "mape": 10.33709780266922
      },
      "gb": {
        "mae": 3.8915373906454813,
        "rmse": 6.970204303954969,
        "r2": 0.9674148636957441,
        "mape": 7.669873021237375
      },
      "ridge": {
        "mae": 10.491282971759333,
        "rmse": 13.667190119965586,
        "r2": 0.8747184846530588,
        "mape": 22.189302883248377
      },
      "linear": {
        "mae": 9.050616524993474,
        "rmse": 12.165704231271196,
        "r2": 0.9007334258730304,
        "mape": 19.3709191302078
      }
    },
    "cv_mae": {
      "xgboost": 2.5515451670159566,
      "lightgbm": 2.445295162596188,
      "catboost": 3.248651790901511,
      "rf": 2.1803362405837925,
      "gb": 2.2842529052829925,
      "ridge": 10.264039618690955,
      "linear": 9.473736252810234
    }
  }
}