{
  "trained_best_model": "rf",
  "new_test_metrics": {
    "mae": 5.212318740068791,
    "rmse": 7.821252312569461,
    "r2": 0.9530804226749928,
    "mape": 13.158774901267265
  },
  "cv_mae": {
    "xgboost": 2.7386935874207383,
    "lightgbm": 2.4929423678317923,
    "catboost": 3.4555218502311007,
    "rf": 2.173274815465475,
    "gb": 2.2365484700550704,
    "ridge": 10.520147474661062,
    "linear": 9.6764278544684
  },
  "test_mae_all": {
    "xgboost": 3.4270360002504097,
    "lightgbm": 4.744920892325429,
    "catboost": 4.232768148781389,
    "rf": 5.212318740068791,
    "gb": 4.00040641400009,
    "ridge": 10.424657561068473,
    "linear": 9.015604730536857
  },
  "historical_best_cv_mae": 2.042469801781462,
  "is_new_historical_best": false,
  "features": [
    "pm2_5",
    "pm10",
    "co",
    "no2",
    "so2",
    "month_cos",
    "total_pm",
    "total_gases",
    "no2_o3_ratio",
    "pm2_5_rolling_3h",
    "pm10_rolling_3h",
    "co_rolling_3h",
    "pm2_5_co_interaction",
    "hour_sin",
    "hour_cos"
  ],
  "scaler_needed": false,
  "all_models_saved": [
    "model_xgboost.pkl",
    "model_lightgbm.pkl",
    "model_catboost.pkl",
    "model_rf.pkl",
    "model_gb.pkl",
    "model_ridge.pkl",
    "model_linear.pkl"
  ],
  "all_metrics": {
    "train": {
      "xgboost": {
        "mae": 2.0848916856898874,
        "rmse": 3.938901953107184,
        "r2": 0.9984388890021693,
        "mape": 1.6698072204207624
      },
      "lightgbm": {
        "mae": 1.5566122297282825,
        "rmse": 3.080979683301316,
        "r2": 0.9990448730238695,
        "mape": 1.2672109907220939
      },
      "catboost": {
        "mae": 1.9394263878067375,
        "rmse": 3.069630426305568,
        "r2": 0.9990518967742789,
        "mape": 1.5937481467872456
      },
      "rf": {
        "mae": 1.1479634076041467,
        "rmse": 3.8144645849868737,
        "r2": 0.9985359678414264,
        "mape": 1.120342112792147
      },
      "gb": {
        "mae": 1.390121415519469,
        "rmse": 2.9379354908345805,
        "r2": 0.9991315037381756,
        "mape": 1.1902084259160253
      },
      "ridge": {
        "mae": 8.98440221353567,
        "rmse": 11.82171033307555,
        "r2": 0.985938097915389,
        "mape": 8.252042504487136
      },
      "linear": {
        "mae": 8.6511695865308,
        "rmse": 11.465387129023489,
        "r2": 0.9867730141540894,
        "mape": 7.803066369530126
      }
    },
    "val": {
      "xgboost": {
        "mae": 2.8465215343318575,
        "rmse": 9.21658149323335,
        "r2": 0.935975757175286,
        "mape": 5.074658125357557
      },
      "lightgbm": {
        "mae": 3.047514842178604,
        "rmse": 10.027862316494152,
        "r2": 0.92420833620151,
        "mape": 5.107288679950285
      },
      "catboost": {
        "mae": 4.230930263550768,
        "rmse": 10.263090495391488,
        "r2": 0.9206108718148751,
        "mape": 6.761045808526099
      },
      "rf": {
        "mae": 5.506879173171106,
        "rmse": 12.613813100933362,
        "r2": 0.8800783764384045,
        "mape": 9.240115758788523
      },
      "gb": {
        "mae": 2.754722061169298,
        "rmse": 9.728161847429082,
        "r2": 0.9286709744915389,
        "mape": 4.382641564259416
      },
      "ridge": {
        "mae": 6.825558186677852,
        "rmse": 11.908066341879257,
        "r2": 0.8931222734598404,
        "mape": 11.186448399687729
      },
      "linear": {
        "mae": 6.45414594558447,
        "rmse": 11.62741567409251,
        "r2": 0.898100720519657,
        "mape": 10.232178692970512
      }
    },
    "test": {
      "xgboost": {
        "mae": 3.4270360002504097,
        "rmse": 6.033769746011495,
        "r2": 0.9720759141513434,
        "mape": 9.101266342799821
      },
      "lightgbm": {
        "mae": 4.744920892325429,
        "rmse": 7.95894228995579,
        "r2": 0.9514138809880571,
        "mape": 10.263831858181025
      },
      "catboost": {
        "mae": 4.232768148781389,
        "rmse": 6.581860721941513,
        "r2": 0.9667724076042186,
        "mape": 10.272711943288156
      },
      "rf": {
        "mae": 5.212318740068791,
        "rmse": 7.821252312569462,
        "r2": 0.9530804226749928,
        "mape": 13.158774901267265
      },
      "gb": {
        "mae": 4.00040641400009,
        "rmse": 7.239880251185713,
        "r2": 0.9597964628705606,
        "mape": 7.901950149038213
      },
      "ridge": {
        "mae": 10.424657561068473,
        "rmse": 13.733876930290137,
        "r2": 0.855326895481311,
        "mape": 22.54786449128851
      },
      "linear": {
        "mae": 9.015604730536857,
        "rmse": 12.236638143155051,
        "r2": 0.8851513926768251,
        "mape": 19.642450467882615
      }
    },
    "cv_mae": {
      "xgboost": 2.7386935874207383,
      "lightgbm": 2.4929423678317923,
      "catboost": 3.4555218502311007,
      "rf": 2.173274815465475,
      "gb": 2.2365484700550704,
      "ridge": 10.520147474661062,
      "linear": 9.6764278544684
    }
  }
}