{
  "trained_best_model": "rf",
  "new_test_metrics": {
    "mae": 3.3434391038162063,
    "rmse": 6.514226987304184,
    "r2": 0.9771456988893219,
    "mape": 10.184736497599605
  },
  "cv_mae": {
    "xgboost": 2.6559718858005947,
    "lightgbm": 2.5326545696444547,
    "catboost": 3.2133412644483412,
    "rf": 2.2450369602327642,
    "gb": 2.3034657477479845,
    "ridge": 9.868851568647283,
    "linear": 9.299145268232488
  },
  "test_mae_all": {
    "xgboost": 3.6801946686269895,
    "lightgbm": 4.358347257533401,
    "catboost": 3.765175174144528,
    "rf": 3.3434391038162063,
    "gb": 5.664003320674899,
    "ridge": 11.263898340694016,
    "linear": 9.619193759196438
  },
  "historical_best_cv_mae": 2.042469801781462,
  "is_new_historical_best": false,
  "features": [
    "pm2_5",
    "pm10",
    "co",
    "no2",
    "so2",
    "month_cos",
    "total_pm",
    "total_gases",
    "no2_o3_ratio",
    "pm2_5_rolling_3h",
    "pm10_rolling_3h",
    "co_rolling_3h",
    "pm2_5_co_interaction",
    "hour_sin",
    "hour_cos"
  ],
  "scaler_needed": false,
  "all_models_saved": [
    "model_xgboost.pkl",
    "model_lightgbm.pkl",
    "model_catboost.pkl",
    "model_rf.pkl",
    "model_gb.pkl",
    "model_ridge.pkl",
    "model_linear.pkl"
  ],
  "all_metrics": {
    "train": {
      "xgboost": {
        "mae": 1.8157671326838205,
        "rmse": 3.371823442825758,
        "r2": 0.9988264208033452,
        "mape": 1.4840594951998276
      },
      "lightgbm": {
        "mae": 1.5795714044888722,
        "rmse": 3.1671546376994093,
        "r2": 0.9989645687030154,
        "mape": 1.2964561212463084
      },
      "catboost": {
        "mae": 1.9016280004521582,
        "rmse": 3.039221199367745,
        "r2": 0.9990465292587343,
        "mape": 1.5979381051973935
      },
      "rf": {
        "mae": 1.1837765460754348,
        "rmse": 3.8780485342896065,
        "r2": 0.9984475799938383,
        "mape": 1.1597163722984072
      },
      "gb": {
        "mae": 1.3766767470695915,
        "rmse": 2.9468768041375775,
        "r2": 0.9991035899613483,
        "mape": 1.1935508641120318
      },
      "ridge": {
        "mae": 8.718211112955112,
        "rmse": 11.591053080914136,
        "r2": 0.9861315303581653,
        "mape": 8.119187708463755
      },
      "linear": {
        "mae": 8.412630041382346,
        "rmse": 11.26544451581149,
        "r2": 0.986899755035235,
        "mape": 7.6984222215708265
      }
    },
    "val": {
      "xgboost": {
        "mae": 2.909631807510167,
        "rmse": 9.350329279262105,
        "r2": 0.9345811977070461,
        "mape": 5.021384179554579
      },
      "lightgbm": {
        "mae": 2.831151088780235,
        "rmse": 10.320802106700215,
        "r2": 0.9202968143388732,
        "mape": 4.502314953473803
      },
      "catboost": {
        "mae": 3.4977539375525226,
        "rmse": 10.30576337882055,
        "r2": 0.9205289205697774,
        "mape": 5.851463507273557
      },
      "rf": {
        "mae": 3.4988859303787123,
        "rmse": 11.878804004877283,
        "r2": 0.8944169479645606,
        "mape": 6.081271057161145
      },
      "gb": {
        "mae": 2.827725971493639,
        "rmse": 9.869288768875329,
        "r2": 0.9271179649058592,
        "mape": 4.348863823263625
      },
      "ridge": {
        "mae": 6.387419871640256,
        "rmse": 11.592014854610236,
        "r2": 0.8994535743608718,
        "mape": 10.321422652028653
      },
      "linear": {
        "mae": 6.137773813415139,
        "rmse": 11.456530966552346,
        "r2": 0.9017901506202687,
        "mape": 9.560662058287251
      }
    },
    "test": {
      "xgboost": {
        "mae": 3.6801946686269895,
        "rmse": 6.159877853049282,
        "r2": 0.9795644481047703,
        "mape": 8.567025307066432
      },
      "lightgbm": {
        "mae": 4.358347257533401,
        "rmse": 7.2011067033421385,
        "r2": 0.9720719468356861,
        "mape": 8.437517502150381
      },
      "catboost": {
        "mae": 3.765175174144528,
        "rmse": 6.223449190425092,
        "r2": 0.9791404725072556,
        "mape": 9.537429177024071
      },
      "rf": {
        "mae": 3.3434391038162063,
        "rmse": 6.514226987304185,
        "r2": 0.9771456988893219,
        "mape": 10.184736497599607
      },
      "gb": {
        "mae": 5.664003320674899,
        "rmse": 9.780909608888965,
        "r2": 0.9484770571377755,
        "mape": 8.323249577162988
      },
      "ridge": {
        "mae": 11.263898340694016,
        "rmse": 14.243432605471385,
        "r2": 0.8907374076862752,
        "mape": 22.293832766008002
      },
      "linear": {
        "mae": 9.619193759196438,
        "rmse": 12.572770082468416,
        "r2": 0.9148657885844876,
        "mape": 19.437248024652938
      }
    },
    "cv_mae": {
      "xgboost": 2.6559718858005947,
      "lightgbm": 2.5326545696444547,
      "catboost": 3.2133412644483412,
      "rf": 2.2450369602327642,
      "gb": 2.3034657477479845,
      "ridge": 9.868851568647283,
      "linear": 9.299145268232488
    }
  }
}