{
  "trained_best_model": "gb",
  "new_test_metrics": {
    "mae": 5.30280103781034,
    "rmse": 8.687692661276783,
    "r2": 0.965884736044662,
    "mape": 7.461556387085282
  },
  "cv_mae": {
    "xgboost": 2.6007945861368498,
    "lightgbm": 2.3638036580227118,
    "catboost": 3.205538282302534,
    "rf": 2.2567905974542897,
    "gb": 2.2152555339807405,
    "ridge": 9.843346919893849,
    "linear": 8.961178200549202
  },
  "test_mae_all": {
    "xgboost": 3.6457122013674312,
    "lightgbm": 4.287093320195565,
    "catboost": 3.4430954536164955,
    "rf": 3.145955111436505,
    "gb": 5.30280103781034,
    "ridge": 11.611010840791733,
    "linear": 9.968297067379192
  },
  "historical_best_cv_mae": 2.042469801781462,
  "is_new_historical_best": false,
  "features": [
    "pm2_5",
    "pm10",
    "co",
    "no2",
    "so2",
    "month_cos",
    "total_pm",
    "total_gases",
    "no2_o3_ratio",
    "pm2_5_rolling_3h",
    "pm10_rolling_3h",
    "co_rolling_3h",
    "pm2_5_co_interaction",
    "hour_sin",
    "hour_cos"
  ],
  "scaler_needed": false,
  "all_models_saved": [
    "model_xgboost.pkl",
    "model_lightgbm.pkl",
    "model_catboost.pkl",
    "model_rf.pkl",
    "model_gb.pkl",
    "model_ridge.pkl",
    "model_linear.pkl"
  ],
  "all_metrics": {
    "train": {
      "xgboost": {
        "mae": 1.804485262878876,
        "rmse": 3.4032744957806997,
        "r2": 0.9987666310724044,
        "mape": 1.4895344844499903
      },
      "lightgbm": {
        "mae": 1.5044338995979194,
        "rmse": 3.0553792719745703,
        "r2": 0.999005901769518,
        "mape": 1.263610961436446
      },
      "catboost": {
        "mae": 1.9116319386344887,
        "rmse": 3.033369399014803,
        "r2": 0.9990201724482218,
        "mape": 1.6249096878146754
      },
      "rf": {
        "mae": 1.1824627258894687,
        "rmse": 3.900698994193386,
        "r2": 0.9983797429440003,
        "mape": 1.1621575085926148
      },
      "gb": {
        "mae": 1.3692935919732394,
        "rmse": 2.9401694994682264,
        "r2": 0.9990794576339938,
        "mape": 1.1915893682536858
      },
      "ridge": {
        "mae": 8.60120707928842,
        "rmse": 11.469998074591258,
        "r2": 0.9859904000261482,
        "mape": 8.101623889458107
      },
      "linear": {
        "mae": 8.305879436179087,
        "rmse": 11.145932792334504,
        "r2": 0.9867708517053589,
        "mape": 7.691165009977875
      }
    },
    "val": {
      "xgboost": {
        "mae": 2.656541375809064,
        "rmse": 8.6563651656314,
        "r2": 0.9437895068402083,
        "mape": 4.279175276082308
      },
      "lightgbm": {
        "mae": 2.607806110363548,
        "rmse": 9.884977201336044,
        "r2": 0.9267010755374384,
        "mape": 3.92863239251119
      },
      "catboost": {
        "mae": 3.2142294329596903,
        "rmse": 9.998534833545072,
        "r2": 0.9250073006751014,
        "mape": 5.233124759581154
      },
      "rf": {
        "mae": 3.2854648054252777,
        "rmse": 11.797901935782747,
        "r2": 0.8955866999492105,
        "mape": 5.626330546504317
      },
      "gb": {
        "mae": 2.6346959915667783,
        "rmse": 9.694314873303387,
        "r2": 0.9295013985846978,
        "mape": 3.9420069056549676
      },
      "ridge": {
        "mae": 6.306117211871061,
        "rmse": 11.542435060781049,
        "r2": 0.9000595874575265,
        "mape": 10.191306424531152
      },
      "linear": {
        "mae": 5.961829374921763,
        "rmse": 11.391645017565976,
        "r2": 0.9026537683035672,
        "mape": 9.322423600824619
      }
    },
    "test": {
      "xgboost": {
        "mae": 3.6457122013674312,
        "rmse": 5.888459514910144,
        "r2": 0.9843273214842096,
        "mape": 7.253060722225927
      },
      "lightgbm": {
        "mae": 4.287093320195565,
        "rmse": 6.6878739830726195,
        "r2": 0.9797830330631739,
        "mape": 7.264840588542542
      },
      "catboost": {
        "mae": 3.4430954536164955,
        "rmse": 5.773827372347386,
        "r2": 0.9849315900027341,
        "mape": 8.526845894175434
      },
      "rf": {
        "mae": 3.145955111436505,
        "rmse": 6.219454719465386,
        "r2": 0.9825158526101634,
        "mape": 9.598549436511904
      },
      "gb": {
        "mae": 5.30280103781034,
        "rmse": 8.687692661276783,
        "r2": 0.965884736044662,
        "mape": 7.461556387085282
      },
      "ridge": {
        "mae": 11.611010840791733,
        "rmse": 14.455149152689723,
        "r2": 0.9055536904476257,
        "mape": 22.354206840663103
      },
      "linear": {
        "mae": 9.968297067379192,
        "rmse": 12.771682851824595,
        "r2": 0.9262713826795614,
        "mape": 19.575746050905686
      }
    },
    "cv_mae": {
      "xgboost": 2.6007945861368498,
      "lightgbm": 2.3638036580227118,
      "catboost": 3.205538282302534,
      "rf": 2.2567905974542897,
      "gb": 2.2152555339807405,
      "ridge": 9.843346919893849,
      "linear": 8.961178200549202
    }
  }
}