{
  "trained_best_model": "rf",
  "new_test_metrics": {
    "mae": 3.6382644236606407,
    "rmse": 6.972424188198299,
    "r2": 0.9714474842225325,
    "mape": 10.900454235135182
  },
  "cv_mae": {
    "xgboost": 2.6641794208444494,
    "lightgbm": 2.4518791795691164,
    "catboost": 3.146377096356533,
    "rf": 2.1681041761854507,
    "gb": 2.2367384148472302,
    "ridge": 9.740753985096557,
    "linear": 9.106298184654682
  },
  "test_mae_all": {
    "xgboost": 3.4130163881135904,
    "lightgbm": 3.995030719073416,
    "catboost": 3.8842572888222846,
    "rf": 3.6382644236606407,
    "gb": 4.733290775531034,
    "ridge": 10.809708370700807,
    "linear": 9.299807931079743
  },
  "historical_best_cv_mae": 2.042469801781462,
  "is_new_historical_best": false,
  "features": [
    "pm2_5",
    "pm10",
    "co",
    "no2",
    "so2",
    "month_cos",
    "total_pm",
    "total_gases",
    "no2_o3_ratio",
    "pm2_5_rolling_3h",
    "pm10_rolling_3h",
    "co_rolling_3h",
    "pm2_5_co_interaction",
    "hour_sin",
    "hour_cos"
  ],
  "scaler_needed": false,
  "all_models_saved": [
    "model_xgboost.pkl",
    "model_lightgbm.pkl",
    "model_catboost.pkl",
    "model_rf.pkl",
    "model_gb.pkl",
    "model_ridge.pkl",
    "model_linear.pkl"
  ],
  "all_metrics": {
    "train": {
      "xgboost": {
        "mae": 1.8628798714666994,
        "rmse": 3.495186392748211,
        "r2": 0.998760038382442,
        "mape": 1.5183704463653378
      },
      "lightgbm": {
        "mae": 1.8287522598838182,
        "rmse": 3.695301579108983,
        "r2": 0.9986139868991791,
        "mape": 1.496435682604374
      },
      "catboost": {
        "mae": 1.9194244732880072,
        "rmse": 2.9847688450917422,
        "r2": 0.999095749066187,
        "mape": 1.608160377907171
      },
      "rf": {
        "mae": 1.1703240785095523,
        "rmse": 3.8857439969453815,
        "r2": 0.998467445493119,
        "mape": 1.1477877384986857
      },
      "gb": {
        "mae": 1.4057181383541983,
        "rmse": 3.0154439996014695,
        "r2": 0.9990770671690993,
        "mape": 1.2079933369027676
      },
      "ridge": {
        "mae": 8.787157577984809,
        "rmse": 11.663739613854043,
        "r2": 0.9861916053289356,
        "mape": 8.144515891432064
      },
      "linear": {
        "mae": 8.473289205080057,
        "rmse": 11.326828467113119,
        "r2": 0.9869778046103294,
        "mape": 7.71800665531546
      }
    },
    "val": {
      "xgboost": {
        "mae": 2.6551297962937723,
        "rmse": 8.789887559260892,
        "r2": 0.9423996652666566,
        "mape": 4.545558357915471
      },
      "lightgbm": {
        "mae": 2.849308815682594,
        "rmse": 10.489414995338198,
        "r2": 0.9179722302348848,
        "mape": 4.559838807566431
      },
      "catboost": {
        "mae": 3.39258083979003,
        "rmse": 10.240061316356883,
        "r2": 0.9218257933723927,
        "mape": 5.60200108706321
      },
      "rf": {
        "mae": 3.777966155353398,
        "rmse": 12.077989497094775,
        "r2": 0.891245393012578,
        "mape": 6.581752013856075
      },
      "gb": {
        "mae": 2.54419795861583,
        "rmse": 9.755540660593764,
        "r2": 0.9290485860270773,
        "mape": 4.040820408867683
      },
      "ridge": {
        "mae": 6.548033817506276,
        "rmse": 11.780278875295158,
        "r2": 0.8965407057869238,
        "mape": 10.400801378220196
      },
      "linear": {
        "mae": 6.298315578652468,
        "rmse": 11.651918739691064,
        "r2": 0.8987830462642173,
        "mape": 9.649702864683874
      }
    },
    "test": {
      "xgboost": {
        "mae": 3.4130163881135904,
        "rmse": 5.807162465126814,
        "r2": 0.9801936371434655,
        "mape": 7.888717707047037
      },
      "lightgbm": {
        "mae": 3.995030719073416,
        "rmse": 6.477443339037559,
        "r2": 0.9753575420618085,
        "mape": 8.626611699175903
      },
      "catboost": {
        "mae": 3.8842572888222846,
        "rmse": 6.31705461809686,
        "r2": 0.9765627829360634,
        "mape": 9.487126393743845
      },
      "rf": {
        "mae": 3.6382644236606407,
        "rmse": 6.9724241881983,
        "r2": 0.9714474842225325,
        "mape": 10.900454235135182
      },
      "gb": {
        "mae": 4.733290775531034,
        "rmse": 8.252515424443775,
        "r2": 0.9600009692265085,
        "mape": 7.806732011669297
      },
      "ridge": {
        "mae": 10.809708370700807,
        "rmse": 13.90760761715624,
        "r2": 0.8863991353570542,
        "mape": 22.111670934685314
      },
      "linear": {
        "mae": 9.299807931079743,
        "rmse": 12.329184372528898,
        "r2": 0.9107217902945153,
        "mape": 19.320369154069017
      }
    },
    "cv_mae": {
      "xgboost": 2.6641794208444494,
      "lightgbm": 2.4518791795691164,
      "catboost": 3.146377096356533,
      "rf": 2.1681041761854507,
      "gb": 2.2367384148472302,
      "ridge": 9.740753985096557,
      "linear": 9.106298184654682
    }
  }
}