{
  "trained_best_model": "rf",
  "new_test_metrics": {
    "mae": 3.2533676906525466,
    "rmse": 6.31869104858624,
    "r2": 0.9808582935690338,
    "mape": 9.847454227762492
  },
  "cv_mae": {
    "xgboost": 2.691623915431551,
    "lightgbm": 2.393204775541721,
    "catboost": 3.2571544999888666,
    "rf": 2.2124870053335046,
    "gb": 2.229521423138535,
    "ridge": 9.396409063788758,
    "linear": 8.78305599400868
  },
  "test_mae_all": {
    "xgboost": 3.901404606904861,
    "lightgbm": 3.730961002827684,
    "catboost": 3.715825725470729,
    "rf": 3.2533676906525475,
    "gb": 5.904653982305637,
    "ridge": 11.459685429666775,
    "linear": 9.819448502931444
  },
  "historical_best_cv_mae": 2.042469801781462,
  "is_new_historical_best": false,
  "features": [
    "pm2_5",
    "pm10",
    "co",
    "no2",
    "so2",
    "month_cos",
    "total_pm",
    "total_gases",
    "no2_o3_ratio",
    "pm2_5_rolling_3h",
    "pm10_rolling_3h",
    "co_rolling_3h",
    "pm2_5_co_interaction",
    "hour_sin",
    "hour_cos"
  ],
  "scaler_needed": false,
  "all_models_saved": [
    "model_xgboost.pkl",
    "model_lightgbm.pkl",
    "model_catboost.pkl",
    "model_rf.pkl",
    "model_gb.pkl",
    "model_ridge.pkl",
    "model_linear.pkl"
  ],
  "all_metrics": {
    "train": {
      "xgboost": {
        "mae": 1.825734799155517,
        "rmse": 3.446539440184601,
        "r2": 0.9987654936908414,
        "mape": 1.5028972294790433
      },
      "lightgbm": {
        "mae": 1.7505436493055888,
        "rmse": 3.5404085372879743,
        "r2": 0.9986973325330686,
        "mape": 1.4409264813122482
      },
      "catboost": {
        "mae": 1.8881693954403973,
        "rmse": 3.011574079276851,
        "r2": 0.9990574293565145,
        "mape": 1.588892048491211
      },
      "rf": {
        "mae": 1.1833338645640208,
        "rmse": 3.8963022226657023,
        "r2": 0.9984222721893102,
        "mape": 1.164113742122157
      },
      "gb": {
        "mae": 1.3861882213790444,
        "rmse": 2.946655310648822,
        "r2": 0.999097628268752,
        "mape": 1.1993936733179476
      },
      "ridge": {
        "mae": 8.679631034958161,
        "rmse": 11.55496304390237,
        "r2": 0.9861240115362355,
        "mape": 8.128968903317812
      },
      "linear": {
        "mae": 8.381796100890776,
        "rmse": 11.236324606342423,
        "r2": 0.9868787453968185,
        "mape": 7.715463496690174
      }
    },
    "val": {
      "xgboost": {
        "mae": 2.716710142893334,
        "rmse": 8.518600198017346,
        "r2": 0.9459364334540967,
        "mape": 4.5444651653945884
      },
      "lightgbm": {
        "mae": 2.6932537087876542,
        "rmse": 10.28601862919428,
        "r2": 0.9211752079908103,
        "mape": 3.8968439118524927
      },
      "catboost": {
        "mae": 2.9398901248937,
        "rmse": 9.312992755573836,
        "r2": 0.9353830060034793,
        "mape": 4.875319370885702
      },
      "rf": {
        "mae": 3.3736128870518636,
        "rmse": 11.814971985039662,
        "r2": 0.8959999345108364,
        "mape": 5.810676198945768
      },
      "gb": {
        "mae": 2.659291138998842,
        "rmse": 9.923815295797382,
        "r2": 0.9266288095849514,
        "mape": 3.958246576173554
      },
      "ridge": {
        "mae": 6.3709689563526695,
        "rmse": 11.575620861997496,
        "r2": 0.9001709799331619,
        "mape": 10.343912951003063
      },
      "linear": {
        "mae": 6.039854660459854,
        "rmse": 11.406395692964587,
        "r2": 0.9030684656921804,
        "mape": 9.469537331305645
      }
    },
    "test": {
      "xgboost": {
        "mae": 3.901404606904861,
        "rmse": 6.368226563645706,
        "r2": 0.9805569935134809,
        "mape": 7.991059700552533
      },
      "lightgbm": {
        "mae": 3.730961002827684,
        "rmse": 5.96905923789236,
        "r2": 0.9829180208698538,
        "mape": 7.272108284326792
      },
      "catboost": {
        "mae": 3.715825725470729,
        "rmse": 5.9668126136573925,
        "r2": 0.982930877021777,
        "mape": 8.575684145756274
      },
      "rf": {
        "mae": 3.2533676906525475,
        "rmse": 6.31869104858624,
        "r2": 0.9808582935690338,
        "mape": 9.847454227762494
      },
      "gb": {
        "mae": 5.904653982305637,
        "rmse": 10.233450699583246,
        "r2": 0.9497922669961064,
        "mape": 8.077274847061467
      },
      "ridge": {
        "mae": 11.459685429666775,
        "rmse": 14.384068147998736,
        "r2": 0.9008049791533657,
        "mape": 22.292946250967038
      },
      "linear": {
        "mae": 9.819448502931444,
        "rmse": 12.709105242588572,
        "r2": 0.9225616017794404,
        "mape": 19.483213520716543
      }
    },
    "cv_mae": {
      "xgboost": 2.691623915431551,
      "lightgbm": 2.393204775541721,
      "catboost": 3.2571544999888666,
      "rf": 2.2124870053335046,
      "gb": 2.229521423138535,
      "ridge": 9.396409063788758,
      "linear": 8.78305599400868
    }
  }
}