{
  "trained_best_model": "rf",
  "new_test_metrics": {
    "mae": 4.653698652019644,
    "rmse": 7.667640468748053,
    "r2": 0.956661965039519,
    "mape": 12.574159635640486
  },
  "cv_mae": {
    "xgboost": 2.641464440556655,
    "lightgbm": 2.4781612509652278,
    "catboost": 3.2230700671785457,
    "rf": 2.113034435411033,
    "gb": 2.3317265913662593,
    "ridge": 10.195449514262302,
    "linear": 9.334063088431373
  },
  "test_mae_all": {
    "xgboost": 3.317010051275626,
    "lightgbm": 4.080711222480324,
    "catboost": 4.0095972431921565,
    "rf": 4.653698652019643,
    "gb": 4.009750358059573,
    "ridge": 10.534100838534002,
    "linear": 9.148425762614243
  },
  "historical_best_cv_mae": 2.042469801781462,
  "is_new_historical_best": false,
  "features": [
    "pm2_5",
    "pm10",
    "co",
    "no2",
    "so2",
    "month_cos",
    "total_pm",
    "total_gases",
    "no2_o3_ratio",
    "pm2_5_rolling_3h",
    "pm10_rolling_3h",
    "co_rolling_3h",
    "pm2_5_co_interaction",
    "hour_sin",
    "hour_cos"
  ],
  "scaler_needed": false,
  "all_models_saved": [
    "model_xgboost.pkl",
    "model_lightgbm.pkl",
    "model_catboost.pkl",
    "model_rf.pkl",
    "model_gb.pkl",
    "model_ridge.pkl",
    "model_linear.pkl"
  ],
  "all_metrics": {
    "train": {
      "xgboost": {
        "mae": 1.8662068627662933,
        "rmse": 3.3985713777445286,
        "r2": 0.9988386291309559,
        "mape": 1.507998920519642
      },
      "lightgbm": {
        "mae": 1.5459590874675593,
        "rmse": 3.067715885524907,
        "r2": 0.9990537445197263,
        "mape": 1.263165499983823
      },
      "catboost": {
        "mae": 1.9100845501183226,
        "rmse": 2.993801703398415,
        "r2": 0.9990987937404373,
        "mape": 1.5742780367729585
      },
      "rf": {
        "mae": 1.1517274703391267,
        "rmse": 3.829271012455883,
        "r2": 0.9985256168952822,
        "mape": 1.128407648795738
      },
      "gb": {
        "mae": 1.4092649609439099,
        "rmse": 2.9199354783035725,
        "r2": 0.9991427161403733,
        "mape": 1.2101680660507965
      },
      "ridge": {
        "mae": 8.908268946847462,
        "rmse": 11.772479614970852,
        "r2": 0.9860647735183788,
        "mape": 8.207010215970342
      },
      "linear": {
        "mae": 8.581113978864355,
        "rmse": 11.424865326439381,
        "r2": 0.9868755740734285,
        "mape": 7.765194543832845
      }
    },
    "val": {
      "xgboost": {
        "mae": 2.798092297767395,
        "rmse": 9.125333358547445,
        "r2": 0.9374240074603357,
        "mape": 5.060649443109147
      },
      "lightgbm": {
        "mae": 2.996992126372428,
        "rmse": 10.045327129170392,
        "r2": 0.9241704571170066,
        "mape": 4.968919087282001
      },
      "catboost": {
        "mae": 3.448620204140951,
        "rmse": 10.552932332437665,
        "r2": 0.9163132742847722,
        "mape": 5.740889683644122
      },
      "rf": {
        "mae": 4.967165782873583,
        "rmse": 12.474690809521471,
        "r2": 0.88305817962755,
        "mape": 8.515707058739064
      },
      "gb": {
        "mae": 2.9176694642106455,
        "rmse": 9.733605005647293,
        "r2": 0.9288036537908069,
        "mape": 4.774185579605321
      },
      "ridge": {
        "mae": 6.716267309025957,
        "rmse": 11.87167238874227,
        "r2": 0.8940907052565453,
        "mape": 10.923232581711462
      },
      "linear": {
        "mae": 6.380445421502844,
        "rmse": 11.602072178837394,
        "r2": 0.8988463879478769,
        "mape": 10.01780718412511
      }
    },
    "test": {
      "xgboost": {
        "mae": 3.317010051275626,
        "rmse": 6.049055128271186,
        "r2": 0.973027523783473,
        "mape": 9.078398287782557
      },
      "lightgbm": {
        "mae": 4.080711222480324,
        "rmse": 6.715001382952943,
        "r2": 0.9667617655576326,
        "mape": 9.080849193200523
      },
      "catboost": {
        "mae": 4.0095972431921565,
        "rmse": 6.456059598597063,
        "r2": 0.9692757849927497,
        "mape": 9.885829922017658
      },
      "rf": {
        "mae": 4.653698652019643,
        "rmse": 7.667640468748053,
        "r2": 0.956661965039519,
        "mape": 12.574159635640486
      },
      "gb": {
        "mae": 4.009750358059573,
        "rmse": 6.949129760453537,
        "r2": 0.9644035591726067,
        "mape": 8.245728601850608
      },
      "ridge": {
        "mae": 10.534100838534002,
        "rmse": 13.746874519919983,
        "r2": 0.8606991806694257,
        "mape": 22.515878932835694
      },
      "linear": {
        "mae": 9.148425762614243,
        "rmse": 12.271563265334496,
        "r2": 0.8889942398216361,
        "mape": 19.700812259407705
      }
    },
    "cv_mae": {
      "xgboost": 2.641464440556655,
      "lightgbm": 2.4781612509652278,
      "catboost": 3.2230700671785457,
      "rf": 2.113034435411033,
      "gb": 2.3317265913662593,
      "ridge": 10.195449514262302,
      "linear": 9.334063088431373
    }
  }
}