{
  "trained_best_model": "rf",
  "new_test_metrics": {
    "mae": 4.812894347998539,
    "rmse": 7.559330176327647,
    "r2": 0.9562845249424718,
    "mape": 12.52074463098483
  },
  "cv_mae": {
    "xgboost": 2.688698104216395,
    "lightgbm": 2.479176833027718,
    "catboost": 3.353042504232095,
    "rf": 2.120299517333563,
    "gb": 2.3144190416847326,
    "ridge": 10.266839355883025,
    "linear": 9.412053287195864
  },
  "test_mae_all": {
    "xgboost": 3.536090898717861,
    "lightgbm": 4.096744053421348,
    "catboost": 4.0381655574083375,
    "rf": 4.812894347998539,
    "gb": 3.7865453051417157,
    "ridge": 10.484128312192654,
    "linear": 9.115239562516578
  },
  "historical_best_cv_mae": 2.042469801781462,
  "is_new_historical_best": false,
  "features": [
    "pm2_5",
    "pm10",
    "co",
    "no2",
    "so2",
    "month_cos",
    "total_pm",
    "total_gases",
    "no2_o3_ratio",
    "pm2_5_rolling_3h",
    "pm10_rolling_3h",
    "co_rolling_3h",
    "pm2_5_co_interaction",
    "hour_sin",
    "hour_cos"
  ],
  "scaler_needed": false,
  "all_models_saved": [
    "model_xgboost.pkl",
    "model_lightgbm.pkl",
    "model_catboost.pkl",
    "model_rf.pkl",
    "model_gb.pkl",
    "model_ridge.pkl",
    "model_linear.pkl"
  ],
  "all_metrics": {
    "train": {
      "xgboost": {
        "mae": 2.0005082119856485,
        "rmse": 3.671756929372236,
        "r2": 0.9986440562321888,
        "mape": 1.592733099555515
      },
      "lightgbm": {
        "mae": 1.6861354915779674,
        "rmse": 3.316311480375053,
        "r2": 0.9988938743540127,
        "mape": 1.364202727818257
      },
      "catboost": {
        "mae": 1.9427529705928472,
        "rmse": 3.0840816014449377,
        "r2": 0.9990433665687037,
        "mape": 1.5912274274809912
      },
      "rf": {
        "mae": 1.1539439503997388,
        "rmse": 3.8217553192844527,
        "r2": 0.9985310074594714,
        "mape": 1.1243813958411268
      },
      "gb": {
        "mae": 1.3770710906373917,
        "rmse": 2.918538587469424,
        "r2": 0.999143307997869,
        "mape": 1.1783072211669066
      },
      "ridge": {
        "mae": 8.9576546516942,
        "rmse": 11.8058530843351,
        "r2": 0.9859819184589284,
        "mape": 8.23676513159673
      },
      "linear": {
        "mae": 8.623503585314687,
        "rmse": 11.450333018883505,
        "r2": 0.9868134839232433,
        "mape": 7.7872778807127
      }
    },
    "val": {
      "xgboost": {
        "mae": 2.798007024477606,
        "rmse": 9.172423430230632,
        "r2": 0.9362991973435473,
        "mape": 4.844688070502199
      },
      "lightgbm": {
        "mae": 2.893382782981982,
        "rmse": 10.174220485828572,
        "r2": 0.9216247381855922,
        "mape": 4.7434708137989965
      },
      "catboost": {
        "mae": 3.779184709930467,
        "rmse": 10.327808354948427,
        "r2": 0.91924060523677,
        "mape": 6.331531101698516
      },
      "rf": {
        "mae": 5.157817660450635,
        "rmse": 12.49363985304357,
        "r2": 0.8818170898570857,
        "mape": 8.679878115256612
      },
      "gb": {
        "mae": 2.6656536070802312,
        "rmse": 9.677480460030923,
        "r2": 0.9290910065215979,
        "mape": 4.406523564429749
      },
      "ridge": {
        "mae": 6.73926424208006,
        "rmse": 11.873005806805086,
        "r2": 0.8932671576624918,
        "mape": 11.022599761583932
      },
      "linear": {
        "mae": 6.3673999866719315,
        "rmse": 11.596615259460114,
        "r2": 0.8981785652654847,
        "mape": 10.07667686981921
      }
    },
    "test": {
      "xgboost": {
        "mae": 3.536090898717861,
        "rmse": 6.129286438706266,
        "r2": 0.9712598912085622,
        "mape": 8.794005489137447
      },
      "lightgbm": {
        "mae": 4.096744053421348,
        "rmse": 6.839541992307869,
        "r2": 0.9642132208529888,
        "mape": 9.309974639056858
      },
      "catboost": {
        "mae": 4.0381655574083375,
        "rmse": 6.577043186099224,
        "r2": 0.9669074708893868,
        "mape": 10.181609983616806
      },
      "rf": {
        "mae": 4.812894347998539,
        "rmse": 7.559330176327647,
        "r2": 0.9562845249424718,
        "mape": 12.520744630984826
      },
      "gb": {
        "mae": 3.7865453051417157,
        "rmse": 6.912350367292378,
        "r2": 0.9634472497690504,
        "mape": 7.914119346106608
      },
      "ridge": {
        "mae": 10.484128312192654,
        "rmse": 13.738330677416306,
        "r2": 0.8556102037643971,
        "mape": 22.583861519982708
      },
      "linear": {
        "mae": 9.115239562516578,
        "rmse": 12.269701057506278,
        "r2": 0.8848307507894994,
        "mape": 19.743176801760985
      }
    },
    "cv_mae": {
      "xgboost": 2.688698104216395,
      "lightgbm": 2.479176833027718,
      "catboost": 3.353042504232095,
      "rf": 2.120299517333563,
      "gb": 2.3144190416847326,
      "ridge": 10.266839355883025,
      "linear": 9.412053287195864
    }
  }
}