{
  "trained_best_model": "rf",
  "new_test_metrics": {
    "mae": 3.280344569107439,
    "rmse": 6.479807533385375,
    "r2": 0.9780810129623386,
    "mape": 10.077635153069638
  },
  "cv_mae": {
    "xgboost": 2.725630262266633,
    "lightgbm": 2.5449718502316068,
    "catboost": 3.15811088586521,
    "rf": 2.239750212336681,
    "gb": 2.267862934410837,
    "ridge": 9.961273089469586,
    "linear": 9.344255603094496
  },
  "test_mae_all": {
    "xgboost": 3.399259618957781,
    "lightgbm": 4.256286266502559,
    "catboost": 3.506327614276461,
    "rf": 3.2803445691074398,
    "gb": 5.441926253123138,
    "ridge": 11.318999202659372,
    "linear": 9.67031723984006
  },
  "historical_best_cv_mae": 2.042469801781462,
  "is_new_historical_best": false,
  "features": [
    "pm2_5",
    "pm10",
    "co",
    "no2",
    "so2",
    "month_cos",
    "total_pm",
    "total_gases",
    "no2_o3_ratio",
    "pm2_5_rolling_3h",
    "pm10_rolling_3h",
    "co_rolling_3h",
    "pm2_5_co_interaction",
    "hour_sin",
    "hour_cos"
  ],
  "scaler_needed": false,
  "all_models_saved": [
    "model_xgboost.pkl",
    "model_lightgbm.pkl",
    "model_catboost.pkl",
    "model_rf.pkl",
    "model_gb.pkl",
    "model_ridge.pkl",
    "model_linear.pkl"
  ],
  "all_metrics": {
    "train": {
      "xgboost": {
        "mae": 1.8484465253174267,
        "rmse": 3.3917893704381563,
        "r2": 0.9988096521916012,
        "mape": 1.5083690284240614
      },
      "lightgbm": {
        "mae": 1.6861929393158606,
        "rmse": 3.3641139653031624,
        "r2": 0.9988289982966314,
        "mape": 1.3822973519236312
      },
      "catboost": {
        "mae": 1.8893237193582688,
        "rmse": 3.000752995610404,
        "r2": 0.9990682988667858,
        "mape": 1.5932354688856023
      },
      "rf": {
        "mae": 1.1731103157347234,
        "rmse": 3.892398977363755,
        "r2": 0.9984323437919496,
        "mape": 1.1506380414136257
      },
      "gb": {
        "mae": 1.4103954943977224,
        "rmse": 2.955907171382508,
        "r2": 0.9990959390527945,
        "mape": 1.2263896243821437
      },
      "ridge": {
        "mae": 8.713341862875053,
        "rmse": 11.583801387275434,
        "r2": 0.9861158808405842,
        "mape": 8.128612866826067
      },
      "linear": {
        "mae": 8.407743510088533,
        "rmse": 11.259130897438636,
        "r2": 0.9868832614051987,
        "mape": 7.706347763131899
      }
    },
    "val": {
      "xgboost": {
        "mae": 2.8242616043787567,
        "rmse": 8.897098795206208,
        "r2": 0.9410134960215099,
        "mape": 4.809517444163189
      },
      "lightgbm": {
        "mae": 2.908762833216838,
        "rmse": 10.27370318296675,
        "r2": 0.9213479838540098,
        "mape": 4.604750979333992
      },
      "catboost": {
        "mae": 3.2561869071641443,
        "rmse": 10.09023283698466,
        "r2": 0.9241320749075324,
        "mape": 5.52709836117538
      },
      "rf": {
        "mae": 3.4332159150768526,
        "rmse": 11.898408218263612,
        "r2": 0.8945045908764585,
        "mape": 6.004497271446301
      },
      "gb": {
        "mae": 2.6956282460961445,
        "rmse": 9.774956435824857,
        "r2": 0.9287990985686202,
        "mape": 4.114128423067006
      },
      "ridge": {
        "mae": 6.392035946336462,
        "rmse": 11.596404938558306,
        "r2": 0.89979195823867,
        "mape": 10.36160587465122
      },
      "linear": {
        "mae": 6.115530541174921,
        "rmse": 11.449918617575339,
        "r2": 0.9023076333755432,
        "mape": 9.557818238376
      }
    },
    "test": {
      "xgboost": {
        "mae": 3.399259618957781,
        "rmse": 5.6317962974785365,
        "r2": 0.9834426761685515,
        "mape": 7.970431922034658
      },
      "lightgbm": {
        "mae": 4.256286266502559,
        "rmse": 6.772820837671379,
        "r2": 0.9760538641716381,
        "mape": 8.634140030748297
      },
      "catboost": {
        "mae": 3.506327614276461,
        "rmse": 6.057567132599105,
        "r2": 0.9808445332460483,
        "mape": 9.118020019827847
      },
      "rf": {
        "mae": 3.2803445691074398,
        "rmse": 6.479807533385376,
        "r2": 0.9780810129623386,
        "mape": 10.077635153069638
      },
      "gb": {
        "mae": 5.441926253123138,
        "rmse": 9.692754914807871,
        "r2": 0.9509554527078316,
        "mape": 7.920865732138072
      },
      "ridge": {
        "mae": 11.318999202659372,
        "rmse": 14.283416448394023,
        "r2": 0.8934973376506866,
        "mape": 22.294044744461807
      },
      "linear": {
        "mae": 9.67031723984006,
        "rmse": 12.603639592935368,
        "r2": 0.9170744771163822,
        "mape": 19.446685820577873
      }
    },
    "cv_mae": {
      "xgboost": 2.725630262266633,
      "lightgbm": 2.5449718502316068,
      "catboost": 3.15811088586521,
      "rf": 2.239750212336681,
      "gb": 2.267862934410837,
      "ridge": 9.961273089469586,
      "linear": 9.344255603094496
    }
  }
}