{
  "trained_best_model": "rf",
  "new_test_metrics": {
    "mae": 3.710861825738982,
    "rmse": 6.808932762897452,
    "r2": 0.9673962478885516,
    "mape": 10.766199242238608
  },
  "cv_mae": {
    "xgboost": 2.653115683105827,
    "lightgbm": 2.4360279304794585,
    "catboost": 3.214627997818588,
    "rf": 2.1768914838741,
    "gb": 2.3136628667709394,
    "ridge": 10.188557529780315,
    "linear": 9.396449069619553
  },
  "test_mae_all": {
    "xgboost": 3.3085788536343865,
    "lightgbm": 3.304249795831694,
    "catboost": 4.04314677999219,
    "rf": 3.710861825738983,
    "gb": 3.9242076353110993,
    "ridge": 10.469598558456344,
    "linear": 9.027603900248124
  },
  "historical_best_cv_mae": 2.042469801781462,
  "is_new_historical_best": false,
  "features": [
    "pm2_5",
    "pm10",
    "co",
    "no2",
    "so2",
    "month_cos",
    "total_pm",
    "total_gases",
    "no2_o3_ratio",
    "pm2_5_rolling_3h",
    "pm10_rolling_3h",
    "co_rolling_3h",
    "pm2_5_co_interaction",
    "hour_sin",
    "hour_cos"
  ],
  "scaler_needed": false,
  "all_models_saved": [
    "model_xgboost.pkl",
    "model_lightgbm.pkl",
    "model_catboost.pkl",
    "model_rf.pkl",
    "model_gb.pkl",
    "model_ridge.pkl",
    "model_linear.pkl"
  ],
  "all_metrics": {
    "train": {
      "xgboost": {
        "mae": 1.8198600148190414,
        "rmse": 3.384630430642549,
        "r2": 0.998848787550405,
        "mape": 1.4697944626164874
      },
      "lightgbm": {
        "mae": 1.9530437124171083,
        "rmse": 3.954780852946297,
        "r2": 0.9984282704670572,
        "mape": 1.6056999671270822
      },
      "catboost": {
        "mae": 1.8996666621272995,
        "rmse": 3.007121861704498,
        "r2": 0.999091269668977,
        "mape": 1.5816739802627753
      },
      "rf": {
        "mae": 1.1624154454406825,
        "rmse": 3.860317428738349,
        "r2": 0.998502458028549,
        "mape": 1.1363085974475213
      },
      "gb": {
        "mae": 1.403679385478793,
        "rmse": 2.976946636685018,
        "r2": 0.9991094156328327,
        "mape": 1.2144750120412011
      },
      "ridge": {
        "mae": 8.879555028406566,
        "rmse": 11.750869991672145,
        "r2": 0.9861237214013336,
        "mape": 8.20905792591916
      },
      "linear": {
        "mae": 8.560106615212318,
        "rmse": 11.408211448753608,
        "r2": 0.9869211941693085,
        "mape": 7.774239773423938
      }
    },
    "val": {
      "xgboost": {
        "mae": 2.8225723924157826,
        "rmse": 8.87943994591555,
        "r2": 0.9430864668138313,
        "mape": 4.95807509004972
      },
      "lightgbm": {
        "mae": 3.023393172853269,
        "rmse": 10.359720021004836,
        "r2": 0.9225287727877298,
        "mape": 4.593910991286107
      },
      "catboost": {
        "mae": 3.4784296943084985,
        "rmse": 10.052543190352491,
        "r2": 0.9270548714191575,
        "mape": 5.738187318954985
      },
      "rf": {
        "mae": 4.083205218290361,
        "rmse": 12.131967578169215,
        "r2": 0.893755396331269,
        "mape": 6.804978595113785
      },
      "gb": {
        "mae": 2.8729427874538174,
        "rmse": 9.579525057815287,
        "r2": 0.9337581650412756,
        "mape": 4.4056492059942105
      },
      "ridge": {
        "mae": 6.770223910366997,
        "rmse": 11.977715765988687,
        "r2": 0.896439913464372,
        "mape": 10.686674514858998
      },
      "linear": {
        "mae": 6.503629156695932,
        "rmse": 11.767912671639642,
        "r2": 0.9000360813287523,
        "mape": 9.927284264707374
      }
    },
    "test": {
      "xgboost": {
        "mae": 3.3085788536343865,
        "rmse": 5.819970083248709,
        "r2": 0.9761794932805473,
        "mape": 8.498485233836995
      },
      "lightgbm": {
        "mae": 3.304249795831694,
        "rmse": 5.654018710592065,
        "r2": 0.977518567847836,
        "mape": 8.276326903080905
      },
      "catboost": {
        "mae": 4.04314677999219,
        "rmse": 6.528216954127457,
        "r2": 0.9700291783477691,
        "mape": 9.529410879534456
      },
      "rf": {
        "mae": 3.710861825738983,
        "rmse": 6.808932762897452,
        "r2": 0.9673962478885516,
        "mape": 10.76619924223861
      },
      "gb": {
        "mae": 3.9242076353110993,
        "rmse": 7.066927258340597,
        "r2": 0.964878687821287,
        "mape": 7.535355649819721
      },
      "ridge": {
        "mae": 10.469598558456344,
        "rmse": 13.671126684515018,
        "r2": 0.8685628581088745,
        "mape": 22.251755185816382
      },
      "linear": {
        "mae": 9.027603900248124,
        "rmse": 12.165921433166329,
        "r2": 0.8959122774442574,
        "mape": 19.42495801642141
      }
    },
    "cv_mae": {
      "xgboost": 2.653115683105827,
      "lightgbm": 2.4360279304794585,
      "catboost": 3.214627997818588,
      "rf": 2.1768914838741,
      "gb": 2.3136628667709394,
      "ridge": 10.188557529780315,
      "linear": 9.396449069619553
    }
  }
}