{
  "trained_best_model": "rf",
  "new_test_metrics": {
    "mae": 3.28811155424917,
    "rmse": 6.3274989891900075,
    "r2": 0.981159908671544,
    "mape": 9.894915075446733
  },
  "cv_mae": {
    "xgboost": 2.5888181955147163,
    "lightgbm": 2.3962812036923915,
    "catboost": 3.125037430916348,
    "rf": 2.1905202273085256,
    "gb": 2.1986210556619374,
    "ridge": 9.359523702535572,
    "linear": 8.738152000098394
  },
  "test_mae_all": {
    "xgboost": 3.2274888086250946,
    "lightgbm": 4.610837476389211,
    "catboost": 3.468898466803063,
    "rf": 3.28811155424917,
    "gb": 5.434836330894418,
    "ridge": 11.447309366906106,
    "linear": 9.826337778958743
  },
  "historical_best_cv_mae": 2.042469801781462,
  "is_new_historical_best": false,
  "features": [
    "pm2_5",
    "pm10",
    "co",
    "no2",
    "so2",
    "month_cos",
    "total_pm",
    "total_gases",
    "no2_o3_ratio",
    "pm2_5_rolling_3h",
    "pm10_rolling_3h",
    "co_rolling_3h",
    "pm2_5_co_interaction",
    "hour_sin",
    "hour_cos"
  ],
  "scaler_needed": false,
  "all_models_saved": [
    "model_xgboost.pkl",
    "model_lightgbm.pkl",
    "model_catboost.pkl",
    "model_rf.pkl",
    "model_gb.pkl",
    "model_ridge.pkl",
    "model_linear.pkl"
  ],
  "all_metrics": {
    "train": {
      "xgboost": {
        "mae": 1.9296760249588898,
        "rmse": 3.63498411917387,
        "r2": 0.998626981031748,
        "mape": 1.5757779609570053
      },
      "lightgbm": {
        "mae": 1.600117060636036,
        "rmse": 3.225921615916413,
        "r2": 0.9989186180340432,
        "mape": 1.316030461041831
      },
      "catboost": {
        "mae": 1.8577455571102717,
        "rmse": 2.9928505054463423,
        "r2": 0.999069231772939,
        "mape": 1.5672075963296679
      },
      "rf": {
        "mae": 1.1848862638755704,
        "rmse": 3.896605672511724,
        "r2": 0.9984222273689856,
        "mape": 1.1661535582641995
      },
      "gb": {
        "mae": 1.3855138608874389,
        "rmse": 2.945316620999431,
        "r2": 0.9990985627968483,
        "mape": 1.2041421777891657
      },
      "ridge": {
        "mae": 8.67133635728596,
        "rmse": 11.550380255141835,
        "r2": 0.9861367815867352,
        "mape": 8.124028690293827
      },
      "linear": {
        "mae": 8.373904724261303,
        "rmse": 11.231190274983682,
        "r2": 0.9868924032694795,
        "mape": 7.711346657829527
      }
    },
    "val": {
      "xgboost": {
        "mae": 2.8195293025883363,
        "rmse": 9.349263739209213,
        "r2": 0.9348473392110552,
        "mape": 4.542622508440722
      },
      "lightgbm": {
        "mae": 2.6496863827077037,
        "rmse": 10.138132069862044,
        "r2": 0.9233886309620619,
        "mape": 3.973496843536063
      },
      "catboost": {
        "mae": 2.9031705698622456,
        "rmse": 9.462034358025521,
        "r2": 0.9332661200682723,
        "mape": 4.755170763671609
      },
      "rf": {
        "mae": 3.4110200551732306,
        "rmse": 11.816376116101699,
        "r2": 0.8959251133609035,
        "mape": 5.871001683487053
      },
      "gb": {
        "mae": 2.703842531277409,
        "rmse": 9.593356625160407,
        "r2": 0.9314008850081981,
        "mape": 3.9858936509836704
      },
      "ridge": {
        "mae": 6.393034887479184,
        "rmse": 11.58312161620886,
        "r2": 0.8999934220706086,
        "mape": 10.374626595110662
      },
      "linear": {
        "mae": 6.044405638648616,
        "rmse": 11.41026738197268,
        "r2": 0.9029559356069239,
        "mape": 9.477568159171215
      }
    },
    "test": {
      "xgboost": {
        "mae": 3.2274888086250946,
        "rmse": 5.428776811815295,
        "r2": 0.986131713360162,
        "mape": 7.627358327411583
      },
      "lightgbm": {
        "mae": 4.610837476389211,
        "rmse": 7.5508031731184335,
        "r2": 0.9731709599279906,
        "mape": 8.02514597238643
      },
      "catboost": {
        "mae": 3.468898466803063,
        "rmse": 5.786747719046774,
        "r2": 0.9842424776028326,
        "mape": 8.154277232741356
      },
      "rf": {
        "mae": 3.28811155424917,
        "rmse": 6.327498989190008,
        "r2": 0.981159908671544,
        "mape": 9.894915075446734
      },
      "gb": {
        "mae": 5.434836330894418,
        "rmse": 9.18086967565035,
        "r2": 0.9603369159835282,
        "mape": 7.689674735661724
      },
      "ridge": {
        "mae": 11.447309366906106,
        "rmse": 14.380041657945965,
        "r2": 0.9026941113619822,
        "mape": 22.267840675520294
      },
      "linear": {
        "mae": 9.826337778958743,
        "rmse": 12.708464120510854,
        "r2": 0.9240015090129761,
        "mape": 19.472278782053667
      }
    },
    "cv_mae": {
      "xgboost": 2.5888181955147163,
      "lightgbm": 2.3962812036923915,
      "catboost": 3.125037430916348,
      "rf": 2.1905202273085256,
      "gb": 2.1986210556619374,
      "ridge": 9.359523702535572,
      "linear": 8.738152000098394
    }
  }
}