{
  "trained_best_model": "rf",
  "new_test_metrics": {
    "mae": 4.342109739719134,
    "rmse": 7.256123528021525,
    "r2": 0.9605835574397118,
    "mape": 11.947986040875271
  },
  "cv_mae": {
    "xgboost": 2.667258090562316,
    "lightgbm": 2.5212904986347877,
    "catboost": 3.2234989728257433,
    "rf": 2.135645983924289,
    "gb": 2.288654846258699,
    "ridge": 10.222760184103027,
    "linear": 9.378226893802166
  },
  "test_mae_all": {
    "xgboost": 3.2984057139398026,
    "lightgbm": 3.770860718295771,
    "catboost": 4.019344642244885,
    "rf": 4.342109739719133,
    "gb": 3.660049507173288,
    "ridge": 10.450450691137373,
    "linear": 9.050961242097145
  },
  "historical_best_cv_mae": 2.042469801781462,
  "is_new_historical_best": false,
  "features": [
    "pm2_5",
    "pm10",
    "co",
    "no2",
    "so2",
    "month_cos",
    "total_pm",
    "total_gases",
    "no2_o3_ratio",
    "pm2_5_rolling_3h",
    "pm10_rolling_3h",
    "co_rolling_3h",
    "pm2_5_co_interaction",
    "hour_sin",
    "hour_cos"
  ],
  "scaler_needed": false,
  "all_models_saved": [
    "model_xgboost.pkl",
    "model_lightgbm.pkl",
    "model_catboost.pkl",
    "model_rf.pkl",
    "model_gb.pkl",
    "model_ridge.pkl",
    "model_linear.pkl"
  ],
  "all_metrics": {
    "train": {
      "xgboost": {
        "mae": 1.8609715626275547,
        "rmse": 3.4112112899196974,
        "r2": 0.9988315765887129,
        "mape": 1.494936738697275
      },
      "lightgbm": {
        "mae": 1.5781838382195603,
        "rmse": 3.105670484506641,
        "r2": 0.999031513082091,
        "mape": 1.292197434787077
      },
      "catboost": {
        "mae": 1.9312931360156194,
        "rmse": 3.0283822179499156,
        "r2": 0.9990791171514618,
        "mape": 1.6108415746725675
      },
      "rf": {
        "mae": 1.1599687925743964,
        "rmse": 3.8636187164333986,
        "r2": 0.9985011038919895,
        "mape": 1.1342480336651664
      },
      "gb": {
        "mae": 1.4165420837811113,
        "rmse": 3.0150808439984953,
        "r2": 0.9990871888583864,
        "mape": 1.2210461709165952
      },
      "ridge": {
        "mae": 8.896878268804516,
        "rmse": 11.768838363955062,
        "r2": 0.9860924635831624,
        "mape": 8.210615539311679
      },
      "linear": {
        "mae": 8.576771783946176,
        "rmse": 11.423586427587084,
        "r2": 0.9868964806903787,
        "mape": 7.776208262636432
      }
    },
    "val": {
      "xgboost": {
        "mae": 2.9196615197342823,
        "rmse": 9.114398838201982,
        "r2": 0.9399073762790541,
        "mape": 5.11011963087248
      },
      "lightgbm": {
        "mae": 2.961876021138864,
        "rmse": 9.960702089276717,
        "r2": 0.9282296588564029,
        "mape": 4.712952383645435
      },
      "catboost": {
        "mae": 3.5132271666774666,
        "rmse": 9.848049185832222,
        "r2": 0.9298438858170698,
        "mape": 6.071651015083493
      },
      "rf": {
        "mae": 4.76698433691609,
        "rmse": 12.434948481307465,
        "r2": 0.888145595798002,
        "mape": 8.048294992982882
      },
      "gb": {
        "mae": 2.915225331906417,
        "rmse": 9.72775022353165,
        "r2": 0.9315474029099897,
        "mape": 4.460583252365001
      },
      "ridge": {
        "mae": 6.90023223710971,
        "rmse": 12.04178943627994,
        "r2": 0.8951068407740908,
        "mape": 10.978017139362109
      },
      "linear": {
        "mae": 6.575315287914856,
        "rmse": 11.798920262549005,
        "r2": 0.8992953230600151,
        "mape": 10.109898515096486
      }
    },
    "test": {
      "xgboost": {
        "mae": 3.2984057139398026,
        "rmse": 5.756728204006415,
        "r2": 0.9751904126382858,
        "mape": 8.554425614277505
      },
      "lightgbm": {
        "mae": 3.770860718295771,
        "rmse": 6.321638096267662,
        "r2": 0.9700823587939124,
        "mape": 8.630296684287755
      },
      "catboost": {
        "mae": 4.019344642244885,
        "rmse": 6.669174196374425,
        "r2": 0.96670245513447,
        "mape": 10.080736458932101
      },
      "rf": {
        "mae": 4.342109739719133,
        "rmse": 7.256123528021527,
        "r2": 0.9605835574397118,
        "mape": 11.947986040875271
      },
      "gb": {
        "mae": 3.660049507173288,
        "rmse": 6.502209571755822,
        "r2": 0.9683488119260539,
        "mape": 7.313146627877283
      },
      "ridge": {
        "mae": 10.450450691137373,
        "rmse": 13.679933115771803,
        "r2": 0.8599006764170916,
        "mape": 22.412947094558586
      },
      "linear": {
        "mae": 9.050961242097145,
        "rmse": 12.183598250388748,
        "r2": 0.8888730921402032,
        "mape": 19.59609470661387
      }
    },
    "cv_mae": {
      "xgboost": 2.667258090562316,
      "lightgbm": 2.5212904986347877,
      "catboost": 3.2234989728257433,
      "rf": 2.135645983924289,
      "gb": 2.288654846258699,
      "ridge": 10.222760184103027,
      "linear": 9.378226893802166
    }
  }
}