{
  "trained_best_model": "rf",
  "new_test_metrics": {
    "mae": 3.5853282937155515,
    "rmse": 6.693161127488861,
    "r2": 0.9716437146962154,
    "mape": 10.434575322301015
  },
  "cv_mae": {
    "xgboost": 2.5892482727707717,
    "lightgbm": 2.404292992176982,
    "catboost": 3.2308529956504968,
    "rf": 2.1269675243121244,
    "gb": 2.214635719032714,
    "ridge": 10.125304657569234,
    "linear": 9.379629976763592
  },
  "test_mae_all": {
    "xgboost": 3.1826061433800277,
    "lightgbm": 3.792805391714476,
    "catboost": 4.31764245241598,
    "rf": 3.585328293715552,
    "gb": 4.191033358648799,
    "ridge": 10.523224452081529,
    "linear": 9.079838219389313
  },
  "historical_best_cv_mae": 2.042469801781462,
  "is_new_historical_best": false,
  "features": [
    "pm2_5",
    "pm10",
    "co",
    "no2",
    "so2",
    "month_cos",
    "total_pm",
    "total_gases",
    "no2_o3_ratio",
    "pm2_5_rolling_3h",
    "pm10_rolling_3h",
    "co_rolling_3h",
    "pm2_5_co_interaction",
    "hour_sin",
    "hour_cos"
  ],
  "scaler_needed": false,
  "all_models_saved": [
    "model_xgboost.pkl",
    "model_lightgbm.pkl",
    "model_catboost.pkl",
    "model_rf.pkl",
    "model_gb.pkl",
    "model_ridge.pkl",
    "model_linear.pkl"
  ],
  "all_metrics": {
    "train": {
      "xgboost": {
        "mae": 1.8519077893572544,
        "rmse": 3.4092733908933477,
        "r2": 0.9988240079322771,
        "mape": 1.5033600446172866
      },
      "lightgbm": {
        "mae": 1.82949036842663,
        "rmse": 3.6969028751794193,
        "r2": 0.9986172081329324,
        "mape": 1.5037672506693347
      },
      "catboost": {
        "mae": 1.8937524550922857,
        "rmse": 2.993625063501073,
        "r2": 0.9990932750899825,
        "mape": 1.5923053690587128
      },
      "rf": {
        "mae": 1.1661396766088912,
        "rmse": 3.876932290994088,
        "r2": 0.9984792523037272,
        "mape": 1.143559272080134
      },
      "gb": {
        "mae": 1.3874745470930765,
        "rmse": 2.9347754041716185,
        "r2": 0.9991285740752202,
        "mape": 1.1985283763351002
      },
      "ridge": {
        "mae": 8.854933278507993,
        "rmse": 11.721409944032613,
        "r2": 0.9860991791903325,
        "mape": 8.210661740470654
      },
      "linear": {
        "mae": 8.534593295741342,
        "rmse": 11.377970052286056,
        "r2": 0.9869018395151324,
        "mape": 7.774687255038123
      }
    },
    "val": {
      "xgboost": {
        "mae": 2.8186109207536534,
        "rmse": 9.027320818207931,
        "r2": 0.9410134828915815,
        "mape": 4.837081553581908
      },
      "lightgbm": {
        "mae": 3.0514339454100496,
        "rmse": 10.426957725968887,
        "r2": 0.9213044408571527,
        "mape": 4.802949754629678
      },
      "catboost": {
        "mae": 3.488382708164211,
        "rmse": 9.662845916811484,
        "r2": 0.9324158107038223,
        "mape": 5.986179914679432
      },
      "rf": {
        "mae": 3.9740998311587865,
        "rmse": 12.09635474068395,
        "r2": 0.8940882780470556,
        "mape": 6.591349738936897
      },
      "gb": {
        "mae": 2.7591149549805634,
        "rmse": 9.675228689143692,
        "r2": 0.9322424837440404,
        "mape": 4.213591889457711
      },
      "ridge": {
        "mae": 6.579406707864238,
        "rmse": 11.901346024481894,
        "r2": 0.8974756170033592,
        "mape": 10.33407338583379
      },
      "linear": {
        "mae": 6.328808386469435,
        "rmse": 11.703190999332323,
        "r2": 0.9008612164646672,
        "mape": 9.613001706649001
      }
    },
    "test": {
      "xgboost": {
        "mae": 3.1826061433800277,
        "rmse": 5.479830695829002,
        "r2": 0.9809926724595782,
        "mape": 8.040880668315028
      },
      "lightgbm": {
        "mae": 3.792805391714476,
        "rmse": 6.305479689401433,
        "r2": 0.9748334873336242,
        "mape": 8.841082765621165
      },
      "catboost": {
        "mae": 4.31764245241598,
        "rmse": 6.889180357628322,
        "r2": 0.9699584811269658,
        "mape": 10.197866277093848
      },
      "rf": {
        "mae": 3.585328293715552,
        "rmse": 6.693161127488861,
        "r2": 0.9716437146962154,
        "mape": 10.434575322301015
      },
      "gb": {
        "mae": 4.191033358648799,
        "rmse": 7.573297335857283,
        "r2": 0.9636958065117651,
        "mape": 7.45366621495793
      },
      "ridge": {
        "mae": 10.523224452081529,
        "rmse": 13.689450630656085,
        "r2": 0.8813797549531629,
        "mape": 22.13581643984985
      },
      "linear": {
        "mae": 9.079838219389313,
        "rmse": 12.178418817750346,
        "r2": 0.9061209712203611,
        "mape": 19.334769110321286
      }
    },
    "cv_mae": {
      "xgboost": 2.5892482727707717,
      "lightgbm": 2.404292992176982,
      "catboost": 3.2308529956504968,
      "rf": 2.1269675243121244,
      "gb": 2.214635719032714,
      "ridge": 10.125304657569234,
      "linear": 9.379629976763592
    }
  }
}