{
  "trained_best_model": "rf",
  "new_test_metrics": {
    "mae": 3.2757017624314533,
    "rmse": 6.389056360343937,
    "r2": 0.9816367653402868,
    "mape": 9.927685013605853
  },
  "cv_mae": {
    "xgboost": 2.7173938206263952,
    "lightgbm": 2.4492278258615108,
    "catboost": 3.142068692677483,
    "rf": 2.249102726811033,
    "gb": 2.252250787725358,
    "ridge": 9.884554294375832,
    "linear": 8.973237084032183
  },
  "test_mae_all": {
    "xgboost": 3.658581082593017,
    "lightgbm": 4.346964561004934,
    "catboost": 3.5211909392148564,
    "rf": 3.275701762431453,
    "gb": 7.319706932543694,
    "ridge": 11.641740965534318,
    "linear": 10.031532902826326
  },
  "historical_best_cv_mae": 2.042469801781462,
  "is_new_historical_best": false,
  "features": [
    "pm2_5",
    "pm10",
    "co",
    "no2",
    "so2",
    "month_cos",
    "total_pm",
    "total_gases",
    "no2_o3_ratio",
    "pm2_5_rolling_3h",
    "pm10_rolling_3h",
    "co_rolling_3h",
    "pm2_5_co_interaction",
    "hour_sin",
    "hour_cos"
  ],
  "scaler_needed": false,
  "all_models_saved": [
    "model_xgboost.pkl",
    "model_lightgbm.pkl",
    "model_catboost.pkl",
    "model_rf.pkl",
    "model_gb.pkl",
    "model_ridge.pkl",
    "model_linear.pkl"
  ],
  "all_metrics": {
    "train": {
      "xgboost": {
        "mae": 1.8196670853539534,
        "rmse": 3.4028255481465806,
        "r2": 0.998759741777427,
        "mape": 1.505995619758347
      },
      "lightgbm": {
        "mae": 1.7025945042346766,
        "rmse": 3.4221714220041473,
        "r2": 0.9987455993629872,
        "mape": 1.4234069470006565
      },
      "catboost": {
        "mae": 1.8591406261067769,
        "rmse": 2.956096537009262,
        "r2": 0.9990640126683064,
        "mape": 1.5775619193299895
      },
      "rf": {
        "mae": 1.1919164882082425,
        "rmse": 3.9094764281259047,
        "r2": 0.9983629198476003,
        "mape": 1.1772987179990915
      },
      "gb": {
        "mae": 1.389631424564546,
        "rmse": 2.9743210363284964,
        "r2": 0.9990524362656232,
        "mape": 1.217860569421574
      },
      "ridge": {
        "mae": 8.586180044505703,
        "rmse": 11.459131073191775,
        "r2": 0.9859351171395248,
        "mape": 8.09206076400855
      },
      "linear": {
        "mae": 8.29617274839025,
        "rmse": 11.140299483717952,
        "r2": 0.9867068937024487,
        "mape": 7.687361735618158
      }
    },
    "val": {
      "xgboost": {
        "mae": 3.063480549207017,
        "rmse": 9.042605614168837,
        "r2": 0.9386416803712024,
        "mape": 5.1342192240109945
      },
      "lightgbm": {
        "mae": 3.4236620492548244,
        "rmse": 10.359388071173852,
        "r2": 0.9194705964380785,
        "mape": 5.415194539507301
      },
      "catboost": {
        "mae": 3.057215191070514,
        "rmse": 9.124664683645173,
        "r2": 0.9375230089496263,
        "mape": 4.882484121880279
      },
      "rf": {
        "mae": 3.2935134549020493,
        "rmse": 11.808626129509278,
        "r2": 0.8953630618139291,
        "mape": 5.705350145579216
      },
      "gb": {
        "mae": 5.050620646362449,
        "rmse": 10.255638771632903,
        "r2": 0.9210755237052127,
        "mape": 7.6262479469319535
      },
      "ridge": {
        "mae": 6.282442184417781,
        "rmse": 11.51974904259445,
        "r2": 0.9004199559827724,
        "mape": 10.148686285130138
      },
      "linear": {
        "mae": 5.940368713523742,
        "rmse": 11.373515036887042,
        "r2": 0.9029320875002795,
        "mape": 9.288351044863411
      }
    },
    "test": {
      "xgboost": {
        "mae": 3.658581082593017,
        "rmse": 5.779341994754942,
        "r2": 0.9849743753705086,
        "mape": 8.130154095599869
      },
      "lightgbm": {
        "mae": 4.346964561004934,
        "rmse": 6.418937829177005,
        "r2": 0.9814645948132151,
        "mape": 8.68135465246698
      },
      "catboost": {
        "mae": 3.5211909392148564,
        "rmse": 5.633963439545941,
        "r2": 0.9857208027026275,
        "mape": 8.050910506489519
      },
      "rf": {
        "mae": 3.275701762431453,
        "rmse": 6.389056360343936,
        "r2": 0.9816367653402868,
        "mape": 9.92768501360585
      },
      "gb": {
        "mae": 7.319706932543694,
        "rmse": 10.297916504648306,
        "r2": 0.9522938380617079,
        "mape": 10.781247619649408
      },
      "ridge": {
        "mae": 11.641740965534318,
        "rmse": 14.461751264624759,
        "r2": 0.9059156214254824,
        "mape": 22.423937221601193
      },
      "linear": {
        "mae": 10.031532902826326,
        "rmse": 12.808888190606561,
        "r2": 0.9261928195471315,
        "mape": 19.700245676751514
      }
    },
    "cv_mae": {
      "xgboost": 2.7173938206263952,
      "lightgbm": 2.4492278258615108,
      "catboost": 3.142068692677483,
      "rf": 2.249102726811033,
      "gb": 2.252250787725358,
      "ridge": 9.884554294375832,
      "linear": 8.973237084032183
    }
  }
}