{
  "trained_best_model": "rf",
  "new_test_metrics": {
    "mae": 4.552988533204066,
    "rmse": 7.525976974603387,
    "r2": 0.9580096346123452,
    "mape": 12.306667086271304
  },
  "cv_mae": {
    "xgboost": 2.6525812074396242,
    "lightgbm": 2.506177024831378,
    "catboost": 3.2637920302198964,
    "rf": 2.116092824109417,
    "gb": 2.3308135464268043,
    "ridge": 10.207448339753146,
    "linear": 9.384047057320881
  },
  "test_mae_all": {
    "xgboost": 3.684167061450648,
    "lightgbm": 3.9289359720143513,
    "catboost": 3.653572602927754,
    "rf": 4.552988533204067,
    "gb": 3.640013629459009,
    "ridge": 10.491619249408856,
    "linear": 9.097274449700182
  },
  "historical_best_cv_mae": 2.042469801781462,
  "is_new_historical_best": false,
  "features": [
    "pm2_5",
    "pm10",
    "co",
    "no2",
    "so2",
    "month_cos",
    "total_pm",
    "total_gases",
    "no2_o3_ratio",
    "pm2_5_rolling_3h",
    "pm10_rolling_3h",
    "co_rolling_3h",
    "pm2_5_co_interaction",
    "hour_sin",
    "hour_cos"
  ],
  "scaler_needed": false,
  "all_models_saved": [
    "model_xgboost.pkl",
    "model_lightgbm.pkl",
    "model_catboost.pkl",
    "model_rf.pkl",
    "model_gb.pkl",
    "model_ridge.pkl",
    "model_linear.pkl"
  ],
  "all_metrics": {
    "train": {
      "xgboost": {
        "mae": 1.8682155117674428,
        "rmse": 3.4217896557078613,
        "r2": 0.9988235885530712,
        "mape": 1.5102839569259463
      },
      "lightgbm": {
        "mae": 1.5410496126696607,
        "rmse": 3.03241587842299,
        "r2": 0.9990760889790843,
        "mape": 1.2642390312254246
      },
      "catboost": {
        "mae": 1.9195743631239162,
        "rmse": 3.0472806158463572,
        "r2": 0.9990670088553862,
        "mape": 1.5959443881860664
      },
      "rf": {
        "mae": 1.1530611614404975,
        "rmse": 3.8387897835273255,
        "r2": 0.9985193879342847,
        "mape": 1.1294150729865315
      },
      "gb": {
        "mae": 1.3948088828880763,
        "rmse": 2.9237217751340143,
        "r2": 0.9991411353893246,
        "mape": 1.2018770321434094
      },
      "ridge": {
        "mae": 8.897252504678857,
        "rmse": 11.767702909304743,
        "r2": 0.9860865121008232,
        "mape": 8.206798731779886
      },
      "linear": {
        "mae": 8.576155768035296,
        "rmse": 11.42253937256078,
        "r2": 0.9868907468238178,
        "mape": 7.772184442676489
      }
    },
    "val": {
      "xgboost": {
        "mae": 2.909062402977791,
        "rmse": 8.957083506190143,
        "r2": 0.9410708933904853,
        "mape": 5.2702263298445855
      },
      "lightgbm": {
        "mae": 2.798883681409359,
        "rmse": 9.791956234432739,
        "r2": 0.9295735920259679,
        "mape": 4.607227421683919
      },
      "catboost": {
        "mae": 3.36139547630859,
        "rmse": 10.00674822509708,
        "r2": 0.9264500204175397,
        "mape": 5.747516367582178
      },
      "rf": {
        "mae": 4.936294451480288,
        "rmse": 12.44863485090804,
        "r2": 0.886174368823001,
        "mape": 8.353777896463479
      },
      "gb": {
        "mae": 2.792902921767229,
        "rmse": 9.576794786839827,
        "r2": 0.9326345874813717,
        "mape": 4.311825491851337
      },
      "ridge": {
        "mae": 6.840929733009802,
        "rmse": 11.945480316868919,
        "r2": 0.8951897287738028,
        "mape": 10.980923735192732
      },
      "linear": {
        "mae": 6.493031749553889,
        "rmse": 11.675172335925932,
        "r2": 0.8998794537275208,
        "mape": 10.06395622806687
      }
    },
    "test": {
      "xgboost": {
        "mae": 3.684167061450648,
        "rmse": 6.489955923465853,
        "r2": 0.9687746454860875,
        "mape": 9.619395109408165
      },
      "lightgbm": {
        "mae": 3.9289359720143513,
        "rmse": 6.631071538375196,
        "r2": 0.9674019734063617,
        "mape": 8.909957265837663
      },
      "catboost": {
        "mae": 3.653572602927754,
        "rmse": 6.131863305394607,
        "r2": 0.9721253891680047,
        "mape": 9.406307477286347
      },
      "rf": {
        "mae": 4.552988533204067,
        "rmse": 7.525976974603387,
        "r2": 0.9580096346123452,
        "mape": 12.306667086271306
      },
      "gb": {
        "mae": 3.640013629459009,
        "rmse": 6.651237494300848,
        "r2": 0.9672034021985627,
        "mape": 7.397996769294014
      },
      "ridge": {
        "mae": 10.491619249408856,
        "rmse": 13.722578312913694,
        "r2": 0.8603968174583457,
        "mape": 22.47122538566663
      },
      "linear": {
        "mae": 9.097274449700182,
        "rmse": 12.242401132416438,
        "r2": 0.8888889903400458,
        "mape": 19.662938385846253
      }
    },
    "cv_mae": {
      "xgboost": 2.6525812074396242,
      "lightgbm": 2.506177024831378,
      "catboost": 3.2637920302198964,
      "rf": 2.116092824109417,
      "gb": 2.3308135464268043,
      "ridge": 10.207448339753146,
      "linear": 9.384047057320881
    }
  }
}