{
  "trained_best_model": "rf",
  "new_test_metrics": {
    "mae": 4.70996586160728,
    "rmse": 7.696837190746643,
    "r2": 0.9564319794419109,
    "mape": 12.62737100249279
  },
  "cv_mae": {
    "xgboost": 2.6572847549229452,
    "lightgbm": 2.527534199171494,
    "catboost": 3.1201675350163205,
    "rf": 2.135647615108747,
    "gb": 2.316087050880559,
    "ridge": 10.18485566067956,
    "linear": 9.343914931447532
  },
  "test_mae_all": {
    "xgboost": 3.25698787346376,
    "lightgbm": 4.357862290790025,
    "catboost": 3.8908957581433268,
    "rf": 4.70996586160728,
    "gb": 4.268668193277659,
    "ridge": 10.554603813619801,
    "linear": 9.165120324195058
  },
  "historical_best_cv_mae": 2.042469801781462,
  "is_new_historical_best": false,
  "features": [
    "pm2_5",
    "pm10",
    "co",
    "no2",
    "so2",
    "month_cos",
    "total_pm",
    "total_gases",
    "no2_o3_ratio",
    "pm2_5_rolling_3h",
    "pm10_rolling_3h",
    "co_rolling_3h",
    "pm2_5_co_interaction",
    "hour_sin",
    "hour_cos"
  ],
  "scaler_needed": false,
  "all_models_saved": [
    "model_xgboost.pkl",
    "model_lightgbm.pkl",
    "model_catboost.pkl",
    "model_rf.pkl",
    "model_gb.pkl",
    "model_ridge.pkl",
    "model_linear.pkl"
  ],
  "all_metrics": {
    "train": {
      "xgboost": {
        "mae": 1.8465722265075564,
        "rmse": 3.380962130083612,
        "r2": 0.9988520305745779,
        "mape": 1.485349165679914
      },
      "lightgbm": {
        "mae": 1.5718002931307355,
        "rmse": 3.0833434946053573,
        "r2": 0.9990452415135815,
        "mape": 1.2818858755838258
      },
      "catboost": {
        "mae": 1.9187036584036319,
        "rmse": 3.064723676615084,
        "r2": 0.9990567379632943,
        "mape": 1.5764609372883456
      },
      "rf": {
        "mae": 1.1501985796732412,
        "rmse": 3.828641645175186,
        "r2": 0.9985278937832553,
        "mape": 1.1235042490247906
      },
      "gb": {
        "mae": 1.410824002420535,
        "rmse": 2.9426461555404666,
        "r2": 0.9991303874594144,
        "mape": 1.20825071476291
      },
      "ridge": {
        "mae": 8.91497873617871,
        "rmse": 11.775672595789189,
        "r2": 0.9860741679429138,
        "mape": 8.209729749066739
      },
      "linear": {
        "mae": 8.585521797778327,
        "rmse": 11.426644900701444,
        "r2": 0.9868874495740274,
        "mape": 7.764834763221554
      }
    },
    "val": {
      "xgboost": {
        "mae": 2.8572032506063105,
        "rmse": 9.106566695248045,
        "r2": 0.9371989027594974,
        "mape": 5.015524164953548
      },
      "lightgbm": {
        "mae": 3.075043787692896,
        "rmse": 10.10378398181155,
        "r2": 0.9226917235010553,
        "mape": 4.991955035166503
      },
      "catboost": {
        "mae": 3.4741536782878573,
        "rmse": 10.383271543379559,
        "r2": 0.9183556172505631,
        "mape": 5.912554260238179
      },
      "rf": {
        "mae": 5.047067877037495,
        "rmse": 12.5242835944086,
        "r2": 0.8812144337210445,
        "mape": 8.60851606620443
      },
      "gb": {
        "mae": 2.870062511920159,
        "rmse": 9.906669791375988,
        "r2": 0.9256787062486204,
        "mape": 4.623926554067519
      },
      "ridge": {
        "mae": 6.64178268167829,
        "rmse": 11.833195504016985,
        "r2": 0.8939618930107166,
        "mape": 10.867033131516786
      },
      "linear": {
        "mae": 6.3125700051847415,
        "rmse": 11.567392601465393,
        "r2": 0.8986721475603119,
        "mape": 9.967862423350212
      }
    },
    "test": {
      "xgboost": {
        "mae": 3.25698787346376,
        "rmse": 5.7682609717192985,
        "r2": 0.9755300529114069,
        "mape": 8.548833167310848
      },
      "lightgbm": {
        "mae": 4.357862290790025,
        "rmse": 7.163003474769235,
        "r2": 0.9622659385534913,
        "mape": 9.380885017054
      },
      "catboost": {
        "mae": 3.8908957581433268,
        "rmse": 6.53311012096913,
        "r2": 0.9686105875984578,
        "mape": 9.9900567447445
      },
      "rf": {
        "mae": 4.70996586160728,
        "rmse": 7.696837190746643,
        "r2": 0.9564319794419109,
        "mape": 12.627371002492794
      },
      "gb": {
        "mae": 4.268668193277659,
        "rmse": 7.7591137762953695,
        "r2": 0.9557240927409187,
        "mape": 8.324419958958137
      },
      "ridge": {
        "mae": 10.554603813619801,
        "rmse": 13.760703542723956,
        "r2": 0.8607406044239565,
        "mape": 22.540020761571366
      },
      "linear": {
        "mae": 9.165120324195058,
        "rmse": 12.281991306380625,
        "r2": 0.88906188049971,
        "mape": 19.71486886320261
      }
    },
    "cv_mae": {
      "xgboost": 2.6572847549229452,
      "lightgbm": 2.527534199171494,
      "catboost": 3.1201675350163205,
      "rf": 2.135647615108747,
      "gb": 2.316087050880559,
      "ridge": 10.18485566067956,
      "linear": 9.343914931447532
    }
  }
}