{
  "trained_best_model": "rf",
  "new_test_metrics": {
    "mae": 3.244141887912122,
    "rmse": 6.338907176027874,
    "r2": 0.9804174093235628,
    "mape": 9.843949111357354
  },
  "cv_mae": {
    "xgboost": 2.629737743146266,
    "lightgbm": 2.4593078775063772,
    "catboost": 3.18210702293929,
    "rf": 2.1112000521128595,
    "gb": 2.320357254251036,
    "ridge": 9.488522694604955,
    "linear": 8.838670583602156
  },
  "test_mae_all": {
    "xgboost": 3.38675970384976,
    "lightgbm": 4.409687891354285,
    "catboost": 3.238861793234376,
    "rf": 3.2441418879121233,
    "gb": 5.816651919225651,
    "ridge": 11.425294704225555,
    "linear": 9.794501571342257
  },
  "historical_best_cv_mae": 2.042469801781462,
  "is_new_historical_best": false,
  "features": [
    "pm2_5",
    "pm10",
    "co",
    "no2",
    "so2",
    "month_cos",
    "total_pm",
    "total_gases",
    "no2_o3_ratio",
    "pm2_5_rolling_3h",
    "pm10_rolling_3h",
    "co_rolling_3h",
    "pm2_5_co_interaction",
    "hour_sin",
    "hour_cos"
  ],
  "scaler_needed": false,
  "all_models_saved": [
    "model_xgboost.pkl",
    "model_lightgbm.pkl",
    "model_catboost.pkl",
    "model_rf.pkl",
    "model_gb.pkl",
    "model_ridge.pkl",
    "model_linear.pkl"
  ],
  "all_metrics": {
    "train": {
      "xgboost": {
        "mae": 1.829383638118189,
        "rmse": 3.3759937263501296,
        "r2": 0.9988170327414938,
        "mape": 1.4952399768658158
      },
      "lightgbm": {
        "mae": 1.5568194824632717,
        "rmse": 3.143126240924259,
        "r2": 0.9989746004755449,
        "mape": 1.2842188052572734
      },
      "catboost": {
        "mae": 1.9111552762001822,
        "rmse": 3.0154157034647278,
        "r2": 0.9990562350435866,
        "mape": 1.6118524744751985
      },
      "rf": {
        "mae": 1.1846225123552196,
        "rmse": 3.905109155220976,
        "r2": 0.9984171643680201,
        "mape": 1.1643890959943293
      },
      "gb": {
        "mae": 1.380711747173197,
        "rmse": 2.9476818668846314,
        "r2": 0.9990981575320551,
        "mape": 1.198394140261352
      },
      "ridge": {
        "mae": 8.686474392209027,
        "rmse": 11.558189396261168,
        "r2": 0.9861340676757047,
        "mape": 8.131953221885693
      },
      "linear": {
        "mae": 8.388185308918167,
        "rmse": 11.239112136952235,
        "r2": 0.9868890708185157,
        "mape": 7.717846561218107
      }
    },
    "val": {
      "xgboost": {
        "mae": 2.7392004418046505,
        "rmse": 8.68550799653019,
        "r2": 0.9438745620770365,
        "mape": 4.522126293469208
      },
      "lightgbm": {
        "mae": 2.6454075623748246,
        "rmse": 10.25586222447142,
        "r2": 0.9217447200086906,
        "mape": 3.9719613923947334
      },
      "catboost": {
        "mae": 2.9875876760684017,
        "rmse": 9.61181232266544,
        "r2": 0.9312646959149897,
        "mape": 4.8494159388626334
      },
      "rf": {
        "mae": 3.351710170466406,
        "rmse": 11.817260958136227,
        "r2": 0.896103014772539,
        "mape": 5.780843049416651
      },
      "gb": {
        "mae": 2.6445961296192575,
        "rmse": 9.593013697824595,
        "r2": 0.9315332957562978,
        "mape": 3.8835041378122512
      },
      "ridge": {
        "mae": 6.358177531755588,
        "rmse": 11.577110945286762,
        "r2": 0.9002828898040394,
        "mape": 10.335565557697732
      },
      "linear": {
        "mae": 6.037234947439795,
        "rmse": 11.40877748508734,
        "r2": 0.9031616205005215,
        "mape": 9.471896059823758
      }
    },
    "test": {
      "xgboost": {
        "mae": 3.38675970384976,
        "rmse": 5.510995922724092,
        "r2": 0.9851986427434813,
        "mape": 7.578666238433667
      },
      "lightgbm": {
        "mae": 4.409687891354285,
        "rmse": 7.160876812292945,
        "r2": 0.9750095678014711,
        "mape": 7.489245208170566
      },
      "catboost": {
        "mae": 3.238861793234376,
        "rmse": 5.385697102315602,
        "r2": 0.9858640431481185,
        "mape": 8.001066658281337
      },
      "rf": {
        "mae": 3.2441418879121233,
        "rmse": 6.338907176027875,
        "r2": 0.9804174093235628,
        "mape": 9.843949111357354
      },
      "gb": {
        "mae": 5.816651919225651,
        "rmse": 9.863086100198363,
        "r2": 0.9525903214787147,
        "mape": 7.937290308190202
      },
      "ridge": {
        "mae": 11.425294704225555,
        "rmse": 14.357095555509803,
        "r2": 0.8995443094161105,
        "mape": 22.29007332075719
      },
      "linear": {
        "mae": 9.794501571342257,
        "rmse": 12.692335733438963,
        "r2": 0.9214900927016385,
        "mape": 19.47982364356896
      }
    },
    "cv_mae": {
      "xgboost": 2.629737743146266,
      "lightgbm": 2.4593078775063772,
      "catboost": 3.18210702293929,
      "rf": 2.1112000521128595,
      "gb": 2.320357254251036,
      "ridge": 9.488522694604955,
      "linear": 8.838670583602156
    }
  }
}