{
  "trained_best_model": "gb",
  "new_test_metrics": {
    "mae": 6.4096529703485325,
    "rmse": 10.333084341075896,
    "r2": 0.9518870116539371,
    "mape": 8.65472168849983
  },
  "cv_mae": {
    "xgboost": 2.6759133034722913,
    "lightgbm": 2.4103335872662837,
    "catboost": 3.2055842108982766,
    "rf": 2.229080451844112,
    "gb": 2.1456546848552263,
    "ridge": 9.844183802904805,
    "linear": 8.981066743954463
  },
  "test_mae_all": {
    "xgboost": 3.0060010945405837,
    "lightgbm": 4.631332171773361,
    "catboost": 3.4852192109813522,
    "rf": 3.1456626851234875,
    "gb": 6.4096529703485325,
    "ridge": 11.624030710373633,
    "linear": 9.995951272577994
  },
  "historical_best_cv_mae": 2.042469801781462,
  "is_new_historical_best": false,
  "features": [
    "pm2_5",
    "pm10",
    "co",
    "no2",
    "so2",
    "month_cos",
    "total_pm",
    "total_gases",
    "no2_o3_ratio",
    "pm2_5_rolling_3h",
    "pm10_rolling_3h",
    "co_rolling_3h",
    "pm2_5_co_interaction",
    "hour_sin",
    "hour_cos"
  ],
  "scaler_needed": false,
  "all_models_saved": [
    "model_xgboost.pkl",
    "model_lightgbm.pkl",
    "model_catboost.pkl",
    "model_rf.pkl",
    "model_gb.pkl",
    "model_ridge.pkl",
    "model_linear.pkl"
  ],
  "all_metrics": {
    "train": {
      "xgboost": {
        "mae": 1.7971554451026095,
        "rmse": 3.3742962286492877,
        "r2": 0.9987842022985938,
        "mape": 1.4847438483689648
      },
      "lightgbm": {
        "mae": 1.5077812177806618,
        "rmse": 3.031562017683051,
        "r2": 0.9990186412044564,
        "mape": 1.2765800007375594
      },
      "catboost": {
        "mae": 1.8852946883359578,
        "rmse": 3.0120646366744457,
        "r2": 0.9990312237587009,
        "mape": 1.6108065927322008
      },
      "rf": {
        "mae": 1.1832216374077946,
        "rmse": 3.907826016940542,
        "r2": 0.9983693327657908,
        "mape": 1.1713773822883764
      },
      "gb": {
        "mae": 1.3966071678006868,
        "rmse": 3.0256776240758754,
        "r2": 0.9990224472271707,
        "mape": 1.22480553130983
      },
      "ridge": {
        "mae": 8.597066604070681,
        "rmse": 11.468136762416226,
        "r2": 0.9859563294825866,
        "mape": 8.101117050194533
      },
      "linear": {
        "mae": 8.30341380177622,
        "rmse": 11.145467962837609,
        "r2": 0.9867354805588835,
        "mape": 7.692149520567108
      }
    },
    "val": {
      "xgboost": {
        "mae": 2.7114827012362546,
        "rmse": 8.984497535640612,
        "r2": 0.9394229275615292,
        "mape": 4.336373096835303
      },
      "lightgbm": {
        "mae": 2.5843374472201432,
        "rmse": 9.965836848272614,
        "r2": 0.9254670622983789,
        "mape": 3.986944874723744
      },
      "catboost": {
        "mae": 2.887172394854249,
        "rmse": 8.58557917351954,
        "r2": 0.9446828383464507,
        "mape": 4.830203546634716
      },
      "rf": {
        "mae": 3.2803990247926254,
        "rmse": 11.774791387826495,
        "r2": 0.8959535813098609,
        "mape": 5.576836003710271
      },
      "gb": {
        "mae": 2.8744560873701057,
        "rmse": 9.776569685088504,
        "r2": 0.9282711788220801,
        "mape": 4.334223593521338
      },
      "ridge": {
        "mae": 6.283421204319989,
        "rmse": 11.524437688126392,
        "r2": 0.9003309815585884,
        "mape": 10.15125808977689
      },
      "linear": {
        "mae": 5.942484969933502,
        "rmse": 11.378397828987161,
        "r2": 0.9028410256632557,
        "mape": 9.288252434886452
      }
    },
    "test": {
      "xgboost": {
        "mae": 3.0060010945405837,
        "rmse": 4.899471426035219,
        "r2": 0.9891831491317167,
        "mape": 7.01267686006795
      },
      "lightgbm": {
        "mae": 4.631332171773361,
        "rmse": 7.316882856992133,
        "r2": 0.9758757073694854,
        "mape": 8.078354256802886
      },
      "catboost": {
        "mae": 3.4852192109813522,
        "rmse": 5.712050147420399,
        "r2": 0.9852976618602859,
        "mape": 8.155315154746887
      },
      "rf": {
        "mae": 3.1456626851234875,
        "rmse": 6.094056272843565,
        "r2": 0.9832654012285561,
        "mape": 9.469619969424196
      },
      "gb": {
        "mae": 6.4096529703485325,
        "rmse": 10.333084341075896,
        "r2": 0.9518870116539371,
        "mape": 8.65472168849983
      },
      "ridge": {
        "mae": 11.624030710373633,
        "rmse": 14.458879389744093,
        "r2": 0.9057954989211682,
        "mape": 22.384230333307205
      },
      "linear": {
        "mae": 9.995951272577994,
        "rmse": 12.79055449642016,
        "r2": 0.9262807125778891,
        "mape": 19.62905426444675
      }
    },
    "cv_mae": {
      "xgboost": 2.6759133034722913,
      "lightgbm": 2.4103335872662837,
      "catboost": 3.2055842108982766,
      "rf": 2.229080451844112,
      "gb": 2.1456546848552263,
      "ridge": 9.844183802904805,
      "linear": 8.981066743954463
    }
  }
}