{
  "trained_best_model": "rf",
  "new_test_metrics": {
    "mae": 4.666257785980418,
    "rmse": 7.616865502927971,
    "r2": 0.9572422034019307,
    "mape": 12.50267218850028
  },
  "cv_mae": {
    "xgboost": 2.6740922039502286,
    "lightgbm": 2.520962684636234,
    "catboost": 3.182240902598377,
    "rf": 2.132381795847425,
    "gb": 2.331324960330854,
    "ridge": 10.199548510168771,
    "linear": 9.339755960699154
  },
  "test_mae_all": {
    "xgboost": 3.485216086873314,
    "lightgbm": 3.945130637929078,
    "catboost": 4.029680035387651,
    "rf": 4.666257785980418,
    "gb": 3.9068595606940657,
    "ridge": 10.531702612177787,
    "linear": 9.14365341164735
  },
  "historical_best_cv_mae": 2.042469801781462,
  "is_new_historical_best": false,
  "features": [
    "pm2_5",
    "pm10",
    "co",
    "no2",
    "so2",
    "month_cos",
    "total_pm",
    "total_gases",
    "no2_o3_ratio",
    "pm2_5_rolling_3h",
    "pm10_rolling_3h",
    "co_rolling_3h",
    "pm2_5_co_interaction",
    "hour_sin",
    "hour_cos"
  ],
  "scaler_needed": false,
  "all_models_saved": [
    "model_xgboost.pkl",
    "model_lightgbm.pkl",
    "model_catboost.pkl",
    "model_rf.pkl",
    "model_gb.pkl",
    "model_ridge.pkl",
    "model_linear.pkl"
  ],
  "all_metrics": {
    "train": {
      "xgboost": {
        "mae": 1.839874259335343,
        "rmse": 3.3817066504266444,
        "r2": 0.9988502537374535,
        "mape": 1.4848196188767462
      },
      "lightgbm": {
        "mae": 1.595260211759977,
        "rmse": 3.152084038180594,
        "r2": 0.9990010914765889,
        "mape": 1.3056101483289668
      },
      "catboost": {
        "mae": 1.9220368684312057,
        "rmse": 3.0418245292615276,
        "r2": 0.9990697526130288,
        "mape": 1.588174977960974
      },
      "rf": {
        "mae": 1.160670834009174,
        "rmse": 3.8501909157463214,
        "r2": 0.9985096280324256,
        "mape": 1.1351006178429466
      },
      "gb": {
        "mae": 1.3975096219934013,
        "rmse": 2.9715956900217586,
        "r2": 0.9991122113613621,
        "mape": 1.1966855092522692
      },
      "ridge": {
        "mae": 8.905205317576996,
        "rmse": 11.770425645624174,
        "r2": 0.9860711750717037,
        "mape": 8.206429728145887
      },
      "linear": {
        "mae": 8.580090433333792,
        "rmse": 11.423909206615793,
        "r2": 0.9868792207442063,
        "mape": 7.767187356229707
      }
    },
    "val": {
      "xgboost": {
        "mae": 2.7904021446019005,
        "rmse": 9.14635913361963,
        "r2": 0.9372287649851889,
        "mape": 5.106350913642575
      },
      "lightgbm": {
        "mae": 2.8585265902973243,
        "rmse": 10.01704598969836,
        "r2": 0.9247089231443966,
        "mape": 4.581363299581433
      },
      "catboost": {
        "mae": 3.570695669092184,
        "rmse": 10.436549115813824,
        "r2": 0.9182706554609222,
        "mape": 6.16275530083092
      },
      "rf": {
        "mae": 4.984183890891483,
        "rmse": 12.454317754158312,
        "r2": 0.8836131116790139,
        "mape": 8.515498377597165
      },
      "gb": {
        "mae": 2.747811996598831,
        "rmse": 9.767749588214421,
        "r2": 0.9284098606392153,
        "mape": 4.447071682112985
      },
      "ridge": {
        "mae": 6.719319724721875,
        "rmse": 11.872452763595424,
        "r2": 0.8942342449716774,
        "mape": 10.924824586461181
      },
      "linear": {
        "mae": 6.379905656206417,
        "rmse": 11.601801830172503,
        "r2": 0.8990014684691786,
        "mape": 10.015713197326843
      }
    },
    "test": {
      "xgboost": {
        "mae": 3.485216086873314,
        "rmse": 6.235356388853282,
        "r2": 0.9713459967866279,
        "mape": 9.334521464782807
      },
      "lightgbm": {
        "mae": 3.945130637929078,
        "rmse": 6.6916426515759735,
        "r2": 0.9669989145772057,
        "mape": 8.681823434388953
      },
      "catboost": {
        "mae": 4.029680035387651,
        "rmse": 6.577055599792617,
        "r2": 0.96811945262187,
        "mape": 10.175078307295173
      },
      "rf": {
        "mae": 4.666257785980418,
        "rmse": 7.61686550292797,
        "r2": 0.9572422034019307,
        "mape": 12.50267218850028
      },
      "gb": {
        "mae": 3.9068595606940657,
        "rmse": 6.823426458985675,
        "r2": 0.9656862823441454,
        "mape": 7.910926992656312
      },
      "ridge": {
        "mae": 10.531702612177787,
        "rmse": 13.746996202410108,
        "r2": 0.860723331977687,
        "mape": 22.51176639056353
      },
      "linear": {
        "mae": 9.14365341164735,
        "rmse": 12.27311916968937,
        "r2": 0.8889873051522467,
        "mape": 19.698832050611685
      }
    },
    "cv_mae": {
      "xgboost": 2.6740922039502286,
      "lightgbm": 2.520962684636234,
      "catboost": 3.182240902598377,
      "rf": 2.132381795847425,
      "gb": 2.331324960330854,
      "ridge": 10.199548510168771,
      "linear": 9.339755960699154
    }
  }
}