{
  "trained_best_model": "rf",
  "new_test_metrics": {
    "mae": 3.6521875068993324,
    "rmse": 6.769893189897226,
    "r2": 0.9720310448459466,
    "mape": 10.55285120042027
  },
  "cv_mae": {
    "xgboost": 2.6106037248137417,
    "lightgbm": 2.4037453196250067,
    "catboost": 3.1155719822053047,
    "rf": 2.0871563268480307,
    "gb": 2.213272578942693,
    "ridge": 9.950624301332777,
    "linear": 9.248632134904444
  },
  "test_mae_all": {
    "xgboost": 3.0639765860520822,
    "lightgbm": 3.5537926293395654,
    "catboost": 4.242885761339591,
    "rf": 3.652187506899333,
    "gb": 4.645015024047241,
    "ridge": 10.596385278083767,
    "linear": 9.137571280560053
  },
  "historical_best_cv_mae": 2.042469801781462,
  "is_new_historical_best": false,
  "features": [
    "pm2_5",
    "pm10",
    "co",
    "no2",
    "so2",
    "month_cos",
    "total_pm",
    "total_gases",
    "no2_o3_ratio",
    "pm2_5_rolling_3h",
    "pm10_rolling_3h",
    "co_rolling_3h",
    "pm2_5_co_interaction",
    "hour_sin",
    "hour_cos"
  ],
  "scaler_needed": false,
  "all_models_saved": [
    "model_xgboost.pkl",
    "model_lightgbm.pkl",
    "model_catboost.pkl",
    "model_rf.pkl",
    "model_gb.pkl",
    "model_ridge.pkl",
    "model_linear.pkl"
  ],
  "all_metrics": {
    "train": {
      "xgboost": {
        "mae": 1.944397064726569,
        "rmse": 3.6180072034670783,
        "r2": 0.9986756592940413,
        "mape": 1.572153567105665
      },
      "lightgbm": {
        "mae": 1.927127384095928,
        "rmse": 3.935210626942061,
        "r2": 0.9984332603357031,
        "mape": 1.5959050996885507
      },
      "catboost": {
        "mae": 1.9142933197007155,
        "rmse": 3.01282500693588,
        "r2": 0.9990816490312511,
        "mape": 1.5994060951124125
      },
      "rf": {
        "mae": 1.1696862736839275,
        "rmse": 3.8765412020742267,
        "r2": 0.9984796286323547,
        "mape": 1.1472525117029115
      },
      "gb": {
        "mae": 1.385427626974344,
        "rmse": 2.949679133118344,
        "r2": 0.9991197410987022,
        "mape": 1.2014025314804386
      },
      "ridge": {
        "mae": 8.816786244007103,
        "rmse": 11.68570378548835,
        "r2": 0.9861843723307391,
        "mape": 8.169179904854893
      },
      "linear": {
        "mae": 8.50018839328824,
        "rmse": 11.347508627512116,
        "r2": 0.9869724749515633,
        "mape": 7.739192495744848
      }
    },
    "val": {
      "xgboost": {
        "mae": 2.7248946390195523,
        "rmse": 9.211683556752616,
        "r2": 0.9372606725493842,
        "mape": 4.672935909530113
      },
      "lightgbm": {
        "mae": 2.923639447211505,
        "rmse": 10.409565829349502,
        "r2": 0.9198825588872523,
        "mape": 4.7158670834942535
      },
      "catboost": {
        "mae": 3.496377810836391,
        "rmse": 11.144405547628063,
        "r2": 0.908171888383708,
        "mape": 5.834797149575721
      },
      "rf": {
        "mae": 4.022037491867975,
        "rmse": 12.122618757451638,
        "r2": 0.8913437449661362,
        "mape": 6.699208629084266
      },
      "gb": {
        "mae": 2.6043144528755025,
        "rmse": 9.680684499177966,
        "r2": 0.9307094560625271,
        "mape": 4.109537712150728
      },
      "ridge": {
        "mae": 6.524254497223458,
        "rmse": 11.80214548404149,
        "r2": 0.8970126779262347,
        "mape": 10.347391899395769
      },
      "linear": {
        "mae": 6.272779713904652,
        "rmse": 11.644762306240608,
        "r2": 0.8997410633675416,
        "mape": 9.603257395557849
      }
    },
    "test": {
      "xgboost": {
        "mae": 3.0639765860520822,
        "rmse": 5.322941463519235,
        "r2": 0.9827091640829466,
        "mape": 7.635769100867304
      },
      "lightgbm": {
        "mae": 3.5537926293395654,
        "rmse": 5.991821466089916,
        "r2": 0.9780906073786855,
        "mape": 8.624805377523122
      },
      "catboost": {
        "mae": 4.242885761339591,
        "rmse": 6.690017811805811,
        "r2": 0.97268714135086,
        "mape": 9.756087594821043
      },
      "rf": {
        "mae": 3.652187506899333,
        "rmse": 6.7698931898972265,
        "r2": 0.9720310448459466,
        "mape": 10.55285120042027
      },
      "gb": {
        "mae": 4.645015024047241,
        "rmse": 8.235931101920642,
        "r2": 0.9586059405820612,
        "mape": 7.918640050126208
      },
      "ridge": {
        "mae": 10.596385278083767,
        "rmse": 13.727218795771456,
        "r2": 0.8850053274821525,
        "mape": 22.0538748309059
      },
      "linear": {
        "mae": 9.137571280560053,
        "rmse": 12.202937150658812,
        "r2": 0.9091256415123582,
        "mape": 19.284257219719507
      }
    },
    "cv_mae": {
      "xgboost": 2.6106037248137417,
      "lightgbm": 2.4037453196250067,
      "catboost": 3.1155719822053047,
      "rf": 2.0871563268480307,
      "gb": 2.213272578942693,
      "ridge": 9.950624301332777,
      "linear": 9.248632134904444
    }
  }
}