{
  "trained_best_model": "rf",
  "new_test_metrics": {
    "mae": 3.47400599043886,
    "rmse": 6.784102865191971,
    "r2": 0.9736590761919951,
    "mape": 10.562543520109413
  },
  "cv_mae": {
    "xgboost": 2.636808877261884,
    "lightgbm": 2.470221516652929,
    "catboost": 3.11219773693985,
    "rf": 2.2264232733768465,
    "gb": 2.2677937204933865,
    "ridge": 9.727921891712835,
    "linear": 9.08245044420941
  },
  "test_mae_all": {
    "xgboost": 3.046424799332775,
    "lightgbm": 3.7690468800412837,
    "catboost": 3.7992923338716835,
    "rf": 3.47400599043886,
    "gb": 4.781873973969539,
    "ridge": 10.901449666146826,
    "linear": 9.356803770360242
  },
  "historical_best_cv_mae": 2.042469801781462,
  "is_new_historical_best": false,
  "features": [
    "pm2_5",
    "pm10",
    "co",
    "no2",
    "so2",
    "month_cos",
    "total_pm",
    "total_gases",
    "no2_o3_ratio",
    "pm2_5_rolling_3h",
    "pm10_rolling_3h",
    "co_rolling_3h",
    "pm2_5_co_interaction",
    "hour_sin",
    "hour_cos"
  ],
  "scaler_needed": false,
  "all_models_saved": [
    "model_xgboost.pkl",
    "model_lightgbm.pkl",
    "model_catboost.pkl",
    "model_rf.pkl",
    "model_gb.pkl",
    "model_ridge.pkl",
    "model_linear.pkl"
  ],
  "all_metrics": {
    "train": {
      "xgboost": {
        "mae": 1.8461008975494941,
        "rmse": 3.3979719229617085,
        "r2": 0.9988236132092158,
        "mape": 1.504829541663608
      },
      "lightgbm": {
        "mae": 1.8728454989698378,
        "rmse": 3.8160659969989634,
        "r2": 0.9985163128979815,
        "mape": 1.5419095316593292
      },
      "catboost": {
        "mae": 1.9133374184428662,
        "rmse": 2.994554661857286,
        "r2": 0.9990863601006783,
        "mape": 1.6178445893811642
      },
      "rf": {
        "mae": 1.177728829972387,
        "rmse": 3.8806814145311446,
        "r2": 0.998465642541863,
        "mape": 1.1511453371336673
      },
      "gb": {
        "mae": 1.408039894906271,
        "rmse": 2.9591636393317384,
        "r2": 0.9991078281191398,
        "mape": 1.2211278421128917
      },
      "ridge": {
        "mae": 8.770526057817872,
        "rmse": 11.650024880677254,
        "r2": 0.9861718439135971,
        "mape": 8.131291424886365
      },
      "linear": {
        "mae": 8.457409371022564,
        "rmse": 11.313908291706117,
        "r2": 0.9869582498607289,
        "mape": 7.705869173732125
      }
    },
    "val": {
      "xgboost": {
        "mae": 2.70593478146209,
        "rmse": 8.883904525691124,
        "r2": 0.9412897473904013,
        "mape": 4.661299535304376
      },
      "lightgbm": {
        "mae": 2.8988168370458642,
        "rmse": 10.440369724766771,
        "r2": 0.9189154816994884,
        "mape": 4.728986934241838
      },
      "catboost": {
        "mae": 3.3637745818590417,
        "rmse": 10.013853359922262,
        "r2": 0.9254051854370635,
        "mape": 5.726883551877994
      },
      "rf": {
        "mae": 3.5436353246583714,
        "rmse": 11.973956164367188,
        "r2": 0.8933449283947239,
        "mape": 6.2350944117352345
      },
      "gb": {
        "mae": 2.6770231386194734,
        "rmse": 9.634660148808297,
        "r2": 0.9309475671997234,
        "mape": 4.332616904065386
      },
      "ridge": {
        "mae": 6.570591355235939,
        "rmse": 11.77469378671091,
        "r2": 0.8968651533559983,
        "mape": 10.421807541666492
      },
      "linear": {
        "mae": 6.318739862490424,
        "rmse": 11.650401183252843,
        "r2": 0.8990310255663639,
        "mape": 9.663987970906165
      }
    },
    "test": {
      "xgboost": {
        "mae": 3.046424799332775,
        "rmse": 5.294555754069442,
        "r2": 0.98395627514501,
        "mape": 7.754667708443942
      },
      "lightgbm": {
        "mae": 3.7690468800412837,
        "rmse": 6.318210384073797,
        "r2": 0.977152729722096,
        "mape": 9.136712478524416
      },
      "catboost": {
        "mae": 3.7992923338716835,
        "rmse": 6.101443646101294,
        "r2": 0.9786935369021393,
        "mape": 9.260156088797885
      },
      "rf": {
        "mae": 3.47400599043886,
        "rmse": 6.784102865191971,
        "r2": 0.9736590761919951,
        "mape": 10.562543520109413
      },
      "gb": {
        "mae": 4.781873973969539,
        "rmse": 8.153905657918628,
        "r2": 0.9619479973817414,
        "mape": 8.195132941243939
      },
      "ridge": {
        "mae": 10.901449666146826,
        "rmse": 13.979298109252326,
        "r2": 0.8881549195956118,
        "mape": 22.131940958302796
      },
      "linear": {
        "mae": 9.356803770360242,
        "rmse": 12.371677065206656,
        "r2": 0.912400161845237,
        "mape": 19.317523021172107
      }
    },
    "cv_mae": {
      "xgboost": 2.636808877261884,
      "lightgbm": 2.470221516652929,
      "catboost": 3.11219773693985,
      "rf": 2.2264232733768465,
      "gb": 2.2677937204933865,
      "ridge": 9.727921891712835,
      "linear": 9.08245044420941
    }
  }
}