{
  "trained_best_model": "rf",
  "new_test_metrics": {
    "mae": 4.184831538637971,
    "rmse": 7.034867903379841,
    "r2": 0.963008758319738,
    "mape": 11.530404218816582
  },
  "cv_mae": {
    "xgboost": 2.6707245518783305,
    "lightgbm": 2.435431648612174,
    "catboost": 3.205072366647672,
    "rf": 2.1260995345007276,
    "gb": 2.312112055983189,
    "ridge": 10.225803629613122,
    "linear": 9.38207634837261
  },
  "test_mae_all": {
    "xgboost": 2.935867638798821,
    "lightgbm": 4.0714937985229716,
    "catboost": 3.6660180746355904,
    "rf": 4.184831538637971,
    "gb": 3.668397126384454,
    "ridge": 10.458247704771743,
    "linear": 9.056919416574251
  },
  "historical_best_cv_mae": 2.042469801781462,
  "is_new_historical_best": false,
  "features": [
    "pm2_5",
    "pm10",
    "co",
    "no2",
    "so2",
    "month_cos",
    "total_pm",
    "total_gases",
    "no2_o3_ratio",
    "pm2_5_rolling_3h",
    "pm10_rolling_3h",
    "co_rolling_3h",
    "pm2_5_co_interaction",
    "hour_sin",
    "hour_cos"
  ],
  "scaler_needed": false,
  "all_models_saved": [
    "model_xgboost.pkl",
    "model_lightgbm.pkl",
    "model_catboost.pkl",
    "model_rf.pkl",
    "model_gb.pkl",
    "model_ridge.pkl",
    "model_linear.pkl"
  ],
  "all_metrics": {
    "train": {
      "xgboost": {
        "mae": 2.057705820578807,
        "rmse": 3.838609862668527,
        "r2": 0.9985205885706163,
        "mape": 1.645893714039311
      },
      "lightgbm": {
        "mae": 1.5552772528015057,
        "rmse": 3.078978878084516,
        "r2": 0.9990481808479481,
        "mape": 1.2749007595044575
      },
      "catboost": {
        "mae": 1.9292806982531605,
        "rmse": 3.0393717974096215,
        "r2": 0.9990725111901937,
        "mape": 1.612648774439265
      },
      "rf": {
        "mae": 1.1530192165294901,
        "rmse": 3.852386662028447,
        "r2": 0.9985099502770991,
        "mape": 1.1270786291968877
      },
      "gb": {
        "mae": 1.398640122114673,
        "rmse": 2.9826663438727063,
        "r2": 0.9991067966004147,
        "mape": 1.2000820807153059
      },
      "ridge": {
        "mae": 8.89689106267631,
        "rmse": 11.768714537010656,
        "r2": 0.9860941007889061,
        "mape": 8.211136310930886
      },
      "linear": {
        "mae": 8.576469210426984,
        "rmse": 11.42324168037378,
        "r2": 0.986898538336785,
        "mape": 7.7763258415434535
      }
    },
    "val": {
      "xgboost": {
        "mae": 2.9109592916758635,
        "rmse": 9.353644549937552,
        "r2": 0.9367602776495926,
        "mape": 4.9414036894280615
      },
      "lightgbm": {
        "mae": 3.052948544746934,
        "rmse": 10.173376040397974,
        "r2": 0.9251902117253463,
        "mape": 4.928503002372567
      },
      "catboost": {
        "mae": 3.372807346339334,
        "rmse": 9.806463139243956,
        "r2": 0.9304890809439501,
        "mape": 5.687121460034077
      },
      "rf": {
        "mae": 4.68509372509069,
        "rmse": 12.366495902493552,
        "r2": 0.8894594690982807,
        "mape": 7.809476679147795
      },
      "gb": {
        "mae": 2.7660545995162855,
        "rmse": 9.845387423346855,
        "r2": 0.9299361736528431,
        "mape": 4.31320714987845
      },
      "ridge": {
        "mae": 6.906080791470872,
        "rmse": 12.046999100115018,
        "r2": 0.8950974643145474,
        "mape": 10.974807041929258
      },
      "linear": {
        "mae": 6.586662170906784,
        "rmse": 11.807994302213697,
        "r2": 0.8992185737781235,
        "mape": 10.114325550908308
      }
    },
    "test": {
      "xgboost": {
        "mae": 2.935867638798821,
        "rmse": 5.349307568208651,
        "r2": 0.9786114100768022,
        "mape": 8.186356480964719
      },
      "lightgbm": {
        "mae": 4.0714937985229716,
        "rmse": 6.803392783567612,
        "r2": 0.9654030267592195,
        "mape": 9.190910846209729
      },
      "catboost": {
        "mae": 3.6660180746355904,
        "rmse": 6.1100568048732695,
        "r2": 0.9720952901343985,
        "mape": 9.27845582106763
      },
      "rf": {
        "mae": 4.184831538637971,
        "rmse": 7.034867903379841,
        "r2": 0.963008758319738,
        "mape": 11.530404218816582
      },
      "gb": {
        "mae": 3.668397126384454,
        "rmse": 6.995148250528745,
        "r2": 0.963425292486529,
        "mape": 7.189693175731654
      },
      "ridge": {
        "mae": 10.458247704771743,
        "rmse": 13.690808279028435,
        "r2": 0.8598977231431745,
        "mape": 22.414585606977
      },
      "linear": {
        "mae": 9.056919416574251,
        "rmse": 12.191872655887332,
        "r2": 0.8888964716333078,
        "mape": 19.59727901328911
      }
    },
    "cv_mae": {
      "xgboost": 2.6707245518783305,
      "lightgbm": 2.435431648612174,
      "catboost": 3.205072366647672,
      "rf": 2.1260995345007276,
      "gb": 2.312112055983189,
      "ridge": 10.225803629613122,
      "linear": 9.38207634837261
    }
  }
}