{
  "trained_best_model": "rf",
  "new_test_metrics": {
    "mae": 3.3321428305249077,
    "rmse": 6.586149215296748,
    "r2": 0.9765469833881496,
    "mape": 10.232915720572985
  },
  "cv_mae": {
    "xgboost": 2.654294697039281,
    "lightgbm": 2.4945716585092064,
    "catboost": 3.1223118715027645,
    "rf": 2.2231243310345605,
    "gb": 2.2690040427869227,
    "ridge": 9.83295983461087,
    "linear": 9.278421414716265
  },
  "test_mae_all": {
    "xgboost": 3.3544652919796496,
    "lightgbm": 4.291967012917761,
    "catboost": 3.5898666007643945,
    "rf": 3.3321428305249077,
    "gb": 5.626567371123543,
    "ridge": 11.240392191478064,
    "linear": 9.603120637509322
  },
  "historical_best_cv_mae": 2.042469801781462,
  "is_new_historical_best": false,
  "features": [
    "pm2_5",
    "pm10",
    "co",
    "no2",
    "so2",
    "month_cos",
    "total_pm",
    "total_gases",
    "no2_o3_ratio",
    "pm2_5_rolling_3h",
    "pm10_rolling_3h",
    "co_rolling_3h",
    "pm2_5_co_interaction",
    "hour_sin",
    "hour_cos"
  ],
  "scaler_needed": false,
  "all_models_saved": [
    "model_xgboost.pkl",
    "model_lightgbm.pkl",
    "model_catboost.pkl",
    "model_rf.pkl",
    "model_gb.pkl",
    "model_ridge.pkl",
    "model_linear.pkl"
  ],
  "all_metrics": {
    "train": {
      "xgboost": {
        "mae": 1.8367380974577365,
        "rmse": 3.395288136080843,
        "r2": 0.9988139122095205,
        "mape": 1.493224955839569
      },
      "lightgbm": {
        "mae": 1.6634205379926064,
        "rmse": 3.290396616031529,
        "r2": 0.9988860644526154,
        "mape": 1.3618493342458693
      },
      "catboost": {
        "mae": 1.8867055793524175,
        "rmse": 2.9890958951033584,
        "r2": 0.999080729635051,
        "mape": 1.5785418198616257
      },
      "rf": {
        "mae": 1.1741020701758882,
        "rmse": 3.8914760442669283,
        "r2": 0.9984419109118927,
        "mape": 1.150984954463757
      },
      "gb": {
        "mae": 1.4049487466518,
        "rmse": 2.97406649530427,
        "r2": 0.9990899507160539,
        "mape": 1.2161448489912063
      },
      "ridge": {
        "mae": 8.722215715248069,
        "rmse": 11.595624648450318,
        "r2": 0.9861658697288039,
        "mape": 8.117403377663681
      },
      "linear": {
        "mae": 8.416275784443872,
        "rmse": 11.269568335669666,
        "r2": 0.9869329327518047,
        "mape": 7.697149208392171
      }
    },
    "val": {
      "xgboost": {
        "mae": 2.8016048087376983,
        "rmse": 8.920309379169609,
        "r2": 0.940461858751766,
        "mape": 4.724810548809074
      },
      "lightgbm": {
        "mae": 2.948735127915978,
        "rmse": 10.278053314512245,
        "r2": 0.9209581365926846,
        "mape": 4.7324655430104094
      },
      "catboost": {
        "mae": 3.3142111577981757,
        "rmse": 10.329443434556046,
        "r2": 0.9201657441770107,
        "mape": 5.524416074664432
      },
      "rf": {
        "mae": 3.4940685509314733,
        "rmse": 11.936621158604469,
        "r2": 0.8933899225113189,
        "mape": 6.098129373837055
      },
      "gb": {
        "mae": 2.7624802167448212,
        "rmse": 9.765118138566619,
        "r2": 0.9286505809315141,
        "mape": 4.289856756398475
      },
      "ridge": {
        "mae": 6.3968718729325715,
        "rmse": 11.59396829796415,
        "r2": 0.8994227736120328,
        "mape": 10.329460370299088
      },
      "linear": {
        "mae": 6.1475562277999165,
        "rmse": 11.459522776589603,
        "r2": 0.9017418682890332,
        "mape": 9.569726716733733
      }
    },
    "test": {
      "xgboost": {
        "mae": 3.3544652919796496,
        "rmse": 5.7665311252064075,
        "r2": 0.9820210278154891,
        "mape": 7.9897678052771415
      },
      "lightgbm": {
        "mae": 4.291967012917761,
        "rmse": 6.91312602225957,
        "r2": 0.9741604749169517,
        "mape": 8.969338590438902
      },
      "catboost": {
        "mae": 3.5898666007643945,
        "rmse": 6.104255765247138,
        "r2": 0.9798534343385742,
        "mape": 9.148275625964214
      },
      "rf": {
        "mae": 3.3321428305249077,
        "rmse": 6.586149215296748,
        "r2": 0.9765469833881496,
        "mape": 10.232915720572986
      },
      "gb": {
        "mae": 5.626567371123543,
        "rmse": 9.900545065550258,
        "r2": 0.9470026945329333,
        "mape": 8.546427166993356
      },
      "ridge": {
        "mae": 11.240392191478064,
        "rmse": 14.228572902992557,
        "r2": 0.8905392886044681,
        "mape": 22.284065753602874
      },
      "linear": {
        "mae": 9.603120637509322,
        "rmse": 12.563548012822137,
        "r2": 0.9146585166716392,
        "mape": 19.4321085744804
      }
    },
    "cv_mae": {
      "xgboost": 2.654294697039281,
      "lightgbm": 2.4945716585092064,
      "catboost": 3.1223118715027645,
      "rf": 2.2231243310345605,
      "gb": 2.2690040427869227,
      "ridge": 9.83295983461087,
      "linear": 9.278421414716265
    }
  }
}