{
  "trained_best_model": "rf",
  "new_test_metrics": {
    "mae": 5.654995688439916,
    "rmse": 8.039955831119189,
    "r2": 0.9504950736403187,
    "mape": 13.942160886871754
  },
  "cv_mae": {
    "xgboost": 2.7597603251089557,
    "lightgbm": 2.584912218456477,
    "catboost": 3.5097184360191647,
    "rf": 2.242785325325071,
    "gb": 2.3858672791185978,
    "ridge": 10.528979534071023,
    "linear": 9.591741716481291
  },
  "test_mae_all": {
    "xgboost": 4.0033282324863055,
    "lightgbm": 4.56132971173411,
    "catboost": 4.539999120325092,
    "rf": 5.654995688439916,
    "gb": 4.163440909830862,
    "ridge": 10.290970825458553,
    "linear": 8.891231679148367
  },
  "historical_best_cv_mae": 2.042469801781462,
  "is_new_historical_best": false,
  "features": [
    "pm2_5",
    "pm10",
    "co",
    "no2",
    "so2",
    "month_cos",
    "total_pm",
    "total_gases",
    "no2_o3_ratio",
    "pm2_5_rolling_3h",
    "pm10_rolling_3h",
    "co_rolling_3h",
    "pm2_5_co_interaction",
    "hour_sin",
    "hour_cos"
  ],
  "scaler_needed": false,
  "all_models_saved": [
    "model_xgboost.pkl",
    "model_lightgbm.pkl",
    "model_catboost.pkl",
    "model_rf.pkl",
    "model_gb.pkl",
    "model_ridge.pkl",
    "model_linear.pkl"
  ],
  "all_metrics": {
    "train": {
      "xgboost": {
        "mae": 2.023787984331682,
        "rmse": 3.7538410763152155,
        "r2": 0.9985899335961185,
        "mape": 1.618320618882644
      },
      "lightgbm": {
        "mae": 1.6029524360042549,
        "rmse": 3.1189441243838156,
        "r2": 0.9990265738930542,
        "mape": 1.298565962130335
      },
      "catboost": {
        "mae": 1.9626541340530637,
        "rmse": 3.0934479050400823,
        "r2": 0.9990424236439608,
        "mape": 1.5960327494939408
      },
      "rf": {
        "mae": 1.1651363330942033,
        "rmse": 3.827418958057681,
        "r2": 0.9985341153129687,
        "mape": 1.1347097159419939
      },
      "gb": {
        "mae": 1.43248803581627,
        "rmse": 3.0167653361012565,
        "r2": 0.9990893093889891,
        "mape": 1.2124905951783016
      },
      "ridge": {
        "mae": 9.01055700260953,
        "rmse": 11.8609094523662,
        "r2": 0.985922556866757,
        "mape": 8.257105439808681
      },
      "linear": {
        "mae": 8.679788758913967,
        "rmse": 11.508661712223866,
        "r2": 0.9867462904254365,
        "mape": 7.814359734114536
      }
    },
    "val": {
      "xgboost": {
        "mae": 3.0922014462893412,
        "rmse": 9.26125913240214,
        "r2": 0.9358654024019543,
        "mape": 5.600003072210243
      },
      "lightgbm": {
        "mae": 3.2231437555657663,
        "rmse": 10.143934787410782,
        "r2": 0.9230576938106819,
        "mape": 5.148922160104577
      },
      "catboost": {
        "mae": 3.941380368639649,
        "rmse": 10.415179995032485,
        "r2": 0.9188878596097207,
        "mape": 6.642769628773582
      },
      "rf": {
        "mae": 5.77271551027591,
        "rmse": 12.673186727314622,
        "r2": 0.8799052645656482,
        "mape": 9.756348931172704
      },
      "gb": {
        "mae": 2.8391666145745704,
        "rmse": 9.939449365466722,
        "r2": 0.9261284939352007,
        "mape": 4.828308522393933
      },
      "ridge": {
        "mae": 6.9789229678617986,
        "rmse": 12.073471627953325,
        "r2": 0.8910024756799112,
        "mape": 11.313228529017104
      },
      "linear": {
        "mae": 6.630320494642501,
        "rmse": 11.779429225928517,
        "r2": 0.8962469681588245,
        "mape": 10.4358344395965
      }
    },
    "test": {
      "xgboost": {
        "mae": 4.0033282324863055,
        "rmse": 6.7404419300915235,
        "r2": 0.9652049202584354,
        "mape": 10.250301489927367
      },
      "lightgbm": {
        "mae": 4.56132971173411,
        "rmse": 7.1327991691899415,
        "r2": 0.9610362197357705,
        "mape": 10.094993018234875
      },
      "catboost": {
        "mae": 4.539999120325092,
        "rmse": 7.073474507484907,
        "r2": 0.9616816607222399,
        "mape": 10.875132501355413
      },
      "rf": {
        "mae": 5.654995688439916,
        "rmse": 8.039955831119189,
        "r2": 0.9504950736403187,
        "mape": 13.942160886871752
      },
      "gb": {
        "mae": 4.163440909830862,
        "rmse": 7.92569475417432,
        "r2": 0.9518921689237393,
        "mape": 8.791104333770965
      },
      "ridge": {
        "mae": 10.290970825458553,
        "rmse": 13.679567392496022,
        "r2": 0.8566869233047315,
        "mape": 22.374164107539976
      },
      "linear": {
        "mae": 8.891231679148367,
        "rmse": 12.175455136548731,
        "r2": 0.8864697739509246,
        "mape": 19.496048388265912
      }
    },
    "cv_mae": {
      "xgboost": 2.7597603251089557,
      "lightgbm": 2.584912218456477,
      "catboost": 3.5097184360191647,
      "rf": 2.242785325325071,
      "gb": 2.3858672791185978,
      "ridge": 10.528979534071023,
      "linear": 9.591741716481291
    }
  }
}