{
  "trained_best_model": "rf",
  "new_test_metrics": {
    "mae": 3.595004628855473,
    "rmse": 6.797520400709614,
    "r2": 0.9692274681380301,
    "mape": 10.57195189046993
  },
  "cv_mae": {
    "xgboost": 2.576746588630452,
    "lightgbm": 2.442313172134115,
    "catboost": 3.2894423441497325,
    "rf": 2.185823977885941,
    "gb": 2.2582681283907076,
    "ridge": 10.290987710406787,
    "linear": 9.516839768684145
  },
  "test_mae_all": {
    "xgboost": 3.4986540806616593,
    "lightgbm": 3.960596727033486,
    "catboost": 4.178091330726916,
    "rf": 3.595004628855472,
    "gb": 3.735290359283103,
    "ridge": 10.484429167708619,
    "linear": 9.042322024237976
  },
  "historical_best_cv_mae": 2.042469801781462,
  "is_new_historical_best": false,
  "features": [
    "pm2_5",
    "pm10",
    "co",
    "no2",
    "so2",
    "month_cos",
    "total_pm",
    "total_gases",
    "no2_o3_ratio",
    "pm2_5_rolling_3h",
    "pm10_rolling_3h",
    "co_rolling_3h",
    "pm2_5_co_interaction",
    "hour_sin",
    "hour_cos"
  ],
  "scaler_needed": false,
  "all_models_saved": [
    "model_xgboost.pkl",
    "model_lightgbm.pkl",
    "model_catboost.pkl",
    "model_rf.pkl",
    "model_gb.pkl",
    "model_ridge.pkl",
    "model_linear.pkl"
  ],
  "all_metrics": {
    "train": {
      "xgboost": {
        "mae": 1.8373150176964628,
        "rmse": 3.4332905142499963,
        "r2": 0.9988063660167816,
        "mape": 1.4768577017173752
      },
      "lightgbm": {
        "mae": 1.7772972233036086,
        "rmse": 3.5978065348427064,
        "r2": 0.9986892324532128,
        "mape": 1.4477429464766014
      },
      "catboost": {
        "mae": 1.9018722222904427,
        "rmse": 3.015742642067109,
        "r2": 0.9990790445519195,
        "mape": 1.5901747532753197
      },
      "rf": {
        "mae": 1.1605277742191975,
        "rmse": 3.8646798471053607,
        "r2": 0.998487563629546,
        "mape": 1.1361882288511926
      },
      "gb": {
        "mae": 1.3898559361918161,
        "rmse": 2.9506145774981745,
        "r2": 0.9991183929894584,
        "mape": 1.2059594785636067
      },
      "ridge": {
        "mae": 8.853209143277164,
        "rmse": 11.71966829306342,
        "r2": 0.9860914867922194,
        "mape": 8.203051799207133
      },
      "linear": {
        "mae": 8.53308034014156,
        "rmse": 11.376347701318613,
        "r2": 0.9868944339989598,
        "mape": 7.7666680083902655
      }
    },
    "val": {
      "xgboost": {
        "mae": 2.8713201366058767,
        "rmse": 8.760378587740577,
        "r2": 0.9445060375814249,
        "mape": 4.969723961942356
      },
      "lightgbm": {
        "mae": 3.0224218318548663,
        "rmse": 10.438670589048819,
        "r2": 0.9212065037733345,
        "mape": 4.654984794929209
      },
      "catboost": {
        "mae": 3.690299630200718,
        "rmse": 9.988309755799751,
        "r2": 0.92785869569799,
        "mape": 6.1818293808762785
      },
      "rf": {
        "mae": 4.0224416534719705,
        "rmse": 12.142953172921983,
        "r2": 0.893377557720739,
        "mape": 6.698412208072605
      },
      "gb": {
        "mae": 2.8299464904336356,
        "rmse": 9.871232280377624,
        "r2": 0.9295399854434397,
        "mape": 4.424873954771582
      },
      "ridge": {
        "mae": 6.638481832566642,
        "rmse": 11.924188445667813,
        "r2": 0.8971847235917553,
        "mape": 10.442920713587169
      },
      "linear": {
        "mae": 6.411411615355911,
        "rmse": 11.732845688846055,
        "r2": 0.9004579218326952,
        "mape": 9.752264945113106
      }
    },
    "test": {
      "xgboost": {
        "mae": 3.4986540806616593,
        "rmse": 6.171640327566151,
        "r2": 0.9746333330381359,
        "mape": 8.42492427446579
      },
      "lightgbm": {
        "mae": 3.960596727033486,
        "rmse": 6.555057897138101,
        "r2": 0.9713835830796526,
        "mape": 8.665485053776505
      },
      "catboost": {
        "mae": 4.178091330726916,
        "rmse": 6.626518377119482,
        "r2": 0.9707562539320769,
        "mape": 10.16656066038586
      },
      "rf": {
        "mae": 3.595004628855472,
        "rmse": 6.7975204007096135,
        "r2": 0.9692274681380301,
        "mape": 10.57195189046993
      },
      "gb": {
        "mae": 3.735290359283103,
        "rmse": 6.596824944301289,
        "r2": 0.9710177492234894,
        "mape": 7.447184510562336
      },
      "ridge": {
        "mae": 10.484429167708619,
        "rmse": 13.661078737647998,
        "r2": 0.8757111471500583,
        "mape": 22.169280510105736
      },
      "linear": {
        "mae": 9.042322024237976,
        "rmse": 12.160153293122317,
        "r2": 0.9015217572933627,
        "mape": 19.35232395634463
      }
    },
    "cv_mae": {
      "xgboost": 2.576746588630452,
      "lightgbm": 2.442313172134115,
      "catboost": 3.2894423441497325,
      "rf": 2.185823977885941,
      "gb": 2.2582681283907076,
      "ridge": 10.290987710406787,
      "linear": 9.516839768684145
    }
  }
}