{
  "trained_best_model": "rf",
  "new_test_metrics": {
    "mae": 3.341087719582356,
    "rmse": 6.580832192399962,
    "r2": 0.9778073470186389,
    "mape": 10.233452602714168
  },
  "cv_mae": {
    "xgboost": 2.7622055490422857,
    "lightgbm": 2.5188448191733936,
    "catboost": 4.591212903057316,
    "rf": 2.2590993841145943,
    "gb": 2.295758353141051,
    "ridge": 10.100599152381088,
    "linear": 9.483905352533416
  },
  "test_mae_all": {
    "xgboost": 3.601484818397337,
    "lightgbm": 4.549330953911005,
    "catboost": 3.694291030375414,
    "rf": 3.3410877195823545,
    "gb": 5.291344750338458,
    "ridge": 11.382405908335784,
    "linear": 9.732162581912888
  },
  "historical_best_cv_mae": 2.042469801781462,
  "is_new_historical_best": false,
  "features": [
    "pm2_5",
    "pm10",
    "co",
    "no2",
    "so2",
    "month_cos",
    "total_pm",
    "total_gases",
    "no2_o3_ratio",
    "pm2_5_rolling_3h",
    "pm10_rolling_3h",
    "co_rolling_3h",
    "pm2_5_co_interaction",
    "hour_sin",
    "hour_cos"
  ],
  "scaler_needed": false,
  "all_models_saved": [
    "model_xgboost.pkl",
    "model_lightgbm.pkl",
    "model_catboost.pkl",
    "model_rf.pkl",
    "model_gb.pkl",
    "model_ridge.pkl",
    "model_linear.pkl"
  ],
  "all_metrics": {
    "train": {
      "xgboost": {
        "mae": 1.8140735347832408,
        "rmse": 3.344941556329023,
        "r2": 0.9988427148689233,
        "mape": 1.479544385975277
      },
      "lightgbm": {
        "mae": 1.5979103695083112,
        "rmse": 3.2033205867159644,
        "r2": 0.9989386365818516,
        "mape": 1.312714306531056
      },
      "catboost": {
        "mae": 1.87454865403052,
        "rmse": 3.0024100875288555,
        "r2": 0.9990675977211917,
        "mape": 1.5794762390918788
      },
      "rf": {
        "mae": 1.188581268127108,
        "rmse": 3.8891187342806486,
        "r2": 0.9984355355109634,
        "mape": 1.1665139148516857
      },
      "gb": {
        "mae": 1.3939507739261743,
        "rmse": 2.989347476069617,
        "r2": 0.9990756932933309,
        "mape": 1.1992049319527618
      },
      "ridge": {
        "mae": 8.70840328178781,
        "rmse": 11.576808671008964,
        "r2": 0.986137517312935,
        "mape": 8.134415607432198
      },
      "linear": {
        "mae": 8.402848761205828,
        "rmse": 11.253649231993682,
        "r2": 0.9869006407165677,
        "mape": 7.711542872633325
      }
    },
    "val": {
      "xgboost": {
        "mae": 2.803205211412961,
        "rmse": 8.705405150206914,
        "r2": 0.9437082279638245,
        "mape": 4.7947171240974935
      },
      "lightgbm": {
        "mae": 2.8142194154621354,
        "rmse": 10.140029358907059,
        "r2": 0.9236260295096489,
        "mape": 4.563991465235807
      },
      "catboost": {
        "mae": 3.1671428597872677,
        "rmse": 9.939767490690361,
        "r2": 0.9266129559150573,
        "mape": 5.423915722041562
      },
      "rf": {
        "mae": 3.4454914661786455,
        "rmse": 11.907810711710239,
        "r2": 0.8946751646115052,
        "mape": 6.059944364299428
      },
      "gb": {
        "mae": 2.6741991800285945,
        "rmse": 9.721031892599788,
        "r2": 0.9298073433132009,
        "mape": 4.086032433572281
      },
      "ridge": {
        "mae": 6.37488287732831,
        "rmse": 11.589141969307066,
        "r2": 0.9002369977188738,
        "mape": 10.366893657163555
      },
      "linear": {
        "mae": 6.0764286860463725,
        "rmse": 11.431189348635622,
        "r2": 0.9029378780985625,
        "mape": 9.531968936681048
      }
    },
    "test": {
      "xgboost": {
        "mae": 3.601484818397337,
        "rmse": 6.043331619216134,
        "r2": 0.9812845427835114,
        "mape": 8.21188811550519
      },
      "lightgbm": {
        "mae": 4.549330953911005,
        "rmse": 7.308085346669517,
        "r2": 0.9726312596064542,
        "mape": 8.686999609258265
      },
      "catboost": {
        "mae": 3.694291030375414,
        "rmse": 6.261100046789873,
        "r2": 0.9799114367896649,
        "mape": 9.280893624492679
      },
      "rf": {
        "mae": 3.3410877195823545,
        "rmse": 6.580832192399962,
        "r2": 0.9778073470186389,
        "mape": 10.233452602714168
      },
      "gb": {
        "mae": 5.291344750338458,
        "rmse": 9.286505151788907,
        "r2": 0.9558071309909243,
        "mape": 7.8472283361164825
      },
      "ridge": {
        "mae": 11.382405908335784,
        "rmse": 14.338694066494051,
        "r2": 0.8946421774875306,
        "mape": 22.31923621902455
      },
      "linear": {
        "mae": 9.732162581912888,
        "rmse": 12.65517909779324,
        "r2": 0.9179300478106514,
        "mape": 19.480390463152062
      }
    },
    "cv_mae": {
      "xgboost": 2.7622055490422857,
      "lightgbm": 2.5188448191733936,
      "catboost": 4.591212903057316,
      "rf": 2.2590993841145943,
      "gb": 2.295758353141051,
      "ridge": 10.100599152381088,
      "linear": 9.483905352533416
    }
  }
}