{
  "trained_best_model": "rf",
  "new_test_metrics": {
    "mae": 3.3702791567236563,
    "rmse": 6.553994023618607,
    "r2": 0.9764735699031408,
    "mape": 10.24634821442212
  },
  "cv_mae": {
    "xgboost": 2.68365069574106,
    "lightgbm": 2.4948045584952565,
    "catboost": 3.1545517030500365,
    "rf": 2.2498086809483797,
    "gb": 2.2885576325086734,
    "ridge": 9.784512531964824,
    "linear": 9.224698532351155
  },
  "test_mae_all": {
    "xgboost": 3.2373257619338096,
    "lightgbm": 4.106119220735651,
    "catboost": 3.5691006888880596,
    "rf": 3.370279156723656,
    "gb": 5.0034482316439925,
    "ridge": 11.168973629163185,
    "linear": 9.544564175266325
  },
  "historical_best_cv_mae": 2.042469801781462,
  "is_new_historical_best": false,
  "features": [
    "pm2_5",
    "pm10",
    "co",
    "no2",
    "so2",
    "month_cos",
    "total_pm",
    "total_gases",
    "no2_o3_ratio",
    "pm2_5_rolling_3h",
    "pm10_rolling_3h",
    "co_rolling_3h",
    "pm2_5_co_interaction",
    "hour_sin",
    "hour_cos"
  ],
  "scaler_needed": false,
  "all_models_saved": [
    "model_xgboost.pkl",
    "model_lightgbm.pkl",
    "model_catboost.pkl",
    "model_rf.pkl",
    "model_gb.pkl",
    "model_ridge.pkl",
    "model_linear.pkl"
  ],
  "all_metrics": {
    "train": {
      "xgboost": {
        "mae": 1.8290458067678115,
        "rmse": 3.40836558874778,
        "r2": 0.9988060011419189,
        "mape": 1.492059621313487
      },
      "lightgbm": {
        "mae": 1.704736002494189,
        "rmse": 3.4190451774408945,
        "r2": 0.9987985069963103,
        "mape": 1.4009059518166393
      },
      "catboost": {
        "mae": 1.9074251104491247,
        "rmse": 3.0112044996113334,
        "r2": 0.9990680511668213,
        "mape": 1.6017650065035443
      },
      "rf": {
        "mae": 1.184707496550331,
        "rmse": 3.8684706898044303,
        "r2": 0.9984618801076319,
        "mape": 1.163758730690685
      },
      "gb": {
        "mae": 1.3987590953518085,
        "rmse": 2.9562463159844117,
        "r2": 0.9991017591513959,
        "mape": 1.2122054420152029
      },
      "ridge": {
        "mae": 8.716928429633034,
        "rmse": 11.59336801727802,
        "r2": 0.9861856386480541,
        "mape": 8.106528341339741
      },
      "linear": {
        "mae": 8.411129582131329,
        "rmse": 11.26661287817492,
        "r2": 0.9869533710271785,
        "mape": 7.686824395741823
      }
    },
    "val": {
      "xgboost": {
        "mae": 2.7799681833345598,
        "rmse": 9.164654304364213,
        "r2": 0.9375186483257291,
        "mape": 4.669415970604061
      },
      "lightgbm": {
        "mae": 2.8869117234286255,
        "rmse": 10.251774080049913,
        "r2": 0.9218162864495407,
        "mape": 4.463047652710431
      },
      "catboost": {
        "mae": 3.411523607839885,
        "rmse": 10.113399130179264,
        "r2": 0.9239126366066498,
        "mape": 5.721530748373849
      },
      "rf": {
        "mae": 3.5435941482277515,
        "rmse": 11.905201502236016,
        "r2": 0.8945633153397661,
        "mape": 6.1620300016676355
      },
      "gb": {
        "mae": 2.775956419392103,
        "rmse": 9.693159786155018,
        "r2": 0.9301045372737324,
        "mape": 4.235652856492554
      },
      "ridge": {
        "mae": 6.482922219035555,
        "rmse": 11.66403366077441,
        "r2": 0.8987917841012444,
        "mape": 10.383056586893833
      },
      "linear": {
        "mae": 6.24237600055218,
        "rmse": 11.532206857463065,
        "r2": 0.9010665649576447,
        "mape": 9.636071151791455
      }
    },
    "test": {
      "xgboost": {
        "mae": 3.2373257619338096,
        "rmse": 5.611355251427643,
        "r2": 0.9827543535204152,
        "mape": 7.853701339694711
      },
      "lightgbm": {
        "mae": 4.106119220735651,
        "rmse": 6.641487799349851,
        "r2": 0.9758412361542073,
        "mape": 8.354527733916536
      },
      "catboost": {
        "mae": 3.5691006888880596,
        "rmse": 5.954371626876855,
        "r2": 0.9805814935653275,
        "mape": 9.096882703046543
      },
      "rf": {
        "mae": 3.370279156723656,
        "rmse": 6.553994023618605,
        "r2": 0.9764735699031408,
        "mape": 10.246348214422119
      },
      "gb": {
        "mae": 5.0034482316439925,
        "rmse": 8.610482252176073,
        "r2": 0.9593931873222578,
        "mape": 7.883842730687187
      },
      "ridge": {
        "mae": 11.168973629163185,
        "rmse": 14.17907993343715,
        "r2": 0.8898866306287017,
        "mape": 22.237289347077784
      },
      "linear": {
        "mae": 9.544564175266325,
        "rmse": 12.522229602263604,
        "r2": 0.9141169863800633,
        "mape": 19.394279761618716
      }
    },
    "cv_mae": {
      "xgboost": 2.68365069574106,
      "lightgbm": 2.4948045584952565,
      "catboost": 3.1545517030500365,
      "rf": 2.2498086809483797,
      "gb": 2.2885576325086734,
      "ridge": 9.784512531964824,
      "linear": 9.224698532351155
    }
  }
}