{
  "trained_best_model": "gb",
  "new_test_metrics": {
    "mae": 5.016570242956145,
    "rmse": 8.758443406508341,
    "r2": 0.9576260004707404,
    "mape": 7.657674989121602
  },
  "cv_mae": {
    "xgboost": 2.647816669217761,
    "lightgbm": 2.4605336776961826,
    "catboost": 3.2016328558731515,
    "rf": 2.257898413579877,
    "gb": 2.256870619243771,
    "ridge": 9.646768123948881,
    "linear": 9.020384363362126
  },
  "test_mae_all": {
    "xgboost": 3.6113252495562977,
    "lightgbm": 3.268022271267532,
    "catboost": 3.787585675291812,
    "rf": 3.3214795530854575,
    "gb": 5.016570242956145,
    "ridge": 11.082670095530913,
    "linear": 9.489149095226091
  },
  "historical_best_cv_mae": 2.042469801781462,
  "is_new_historical_best": false,
  "features": [
    "pm2_5",
    "pm10",
    "co",
    "no2",
    "so2",
    "month_cos",
    "total_pm",
    "total_gases",
    "no2_o3_ratio",
    "pm2_5_rolling_3h",
    "pm10_rolling_3h",
    "co_rolling_3h",
    "pm2_5_co_interaction",
    "hour_sin",
    "hour_cos"
  ],
  "scaler_needed": false,
  "all_models_saved": [
    "model_xgboost.pkl",
    "model_lightgbm.pkl",
    "model_catboost.pkl",
    "model_rf.pkl",
    "model_gb.pkl",
    "model_ridge.pkl",
    "model_linear.pkl"
  ],
  "all_metrics": {
    "train": {
      "xgboost": {
        "mae": 1.8573931335080938,
        "rmse": 3.3669936919402255,
        "r2": 0.9988349785243681,
        "mape": 1.5261866738304555
      },
      "lightgbm": {
        "mae": 1.9473992069331632,
        "rmse": 4.050126502699952,
        "r2": 0.9983142758750503,
        "mape": 1.61886621032342
      },
      "catboost": {
        "mae": 1.8950857399858663,
        "rmse": 2.9927408133870084,
        "r2": 0.9990795768393442,
        "mape": 1.5857083163785475
      },
      "rf": {
        "mae": 1.1795021805824055,
        "rmse": 3.8994825322556834,
        "r2": 0.9984373443587087,
        "mape": 1.1549157760561084
      },
      "gb": {
        "mae": 1.39307138984942,
        "rmse": 2.9549086873798824,
        "r2": 0.9991027004389311,
        "mape": 1.2068128264991187
      },
      "ridge": {
        "mae": 8.731619226288672,
        "rmse": 11.6105891666901,
        "r2": 0.9861465531830903,
        "mape": 8.110516736995132
      },
      "linear": {
        "mae": 8.421989759309763,
        "rmse": 11.279026687793412,
        "r2": 0.9869264788405916,
        "mape": 7.687473005224205
      }
    },
    "val": {
      "xgboost": {
        "mae": 2.912257793287164,
        "rmse": 9.4564822403988,
        "r2": 0.9340222836593463,
        "mape": 5.243301728732227
      },
      "lightgbm": {
        "mae": 2.949777765805911,
        "rmse": 10.51069006785113,
        "r2": 0.9184919473990096,
        "mape": 4.599933548922025
      },
      "catboost": {
        "mae": 3.4587346478666356,
        "rmse": 10.719694760953901,
        "r2": 0.9152181487784948,
        "mape": 5.642392850635237
      },
      "rf": {
        "mae": 3.4359987171852424,
        "rmse": 11.876489956054378,
        "r2": 0.8959327044523197,
        "mape": 5.975407096501654
      },
      "gb": {
        "mae": 2.579196182917689,
        "rmse": 9.60248518977305,
        "r2": 0.9319692358934422,
        "mape": 3.9194372479559774
      },
      "ridge": {
        "mae": 6.584751370309633,
        "rmse": 11.756746821630244,
        "r2": 0.8980206149849983,
        "mape": 10.435974460432854
      },
      "linear": {
        "mae": 6.343999438874532,
        "rmse": 11.629782386991021,
        "r2": 0.9002113301419085,
        "mape": 9.690688956056196
      }
    },
    "test": {
      "xgboost": {
        "mae": 3.6113252495562977,
        "rmse": 6.232483632348777,
        "r2": 0.9785430546761592,
        "mape": 9.140984573957308
      },
      "lightgbm": {
        "mae": 3.268022271267532,
        "rmse": 5.50738849172193,
        "r2": 0.9832452856977968,
        "mape": 8.072654755767378
      },
      "catboost": {
        "mae": 3.787585675291812,
        "rmse": 6.224665382055571,
        "r2": 0.9785968536300087,
        "mape": 9.235474761193636
      },
      "rf": {
        "mae": 3.3214795530854575,
        "rmse": 6.444014191626784,
        "r2": 0.9770618400045772,
        "mape": 10.071188547385937
      },
      "gb": {
        "mae": 5.016570242956145,
        "rmse": 8.758443406508341,
        "r2": 0.9576260004707404,
        "mape": 7.657674989121602
      },
      "ridge": {
        "mae": 11.082670095530913,
        "rmse": 14.130793290331244,
        "r2": 0.8896991934452396,
        "mape": 22.19866419105286
      },
      "linear": {
        "mae": 9.489149095226091,
        "rmse": 12.484648957279575,
        "r2": 0.9139009673504813,
        "mape": 19.361176745539094
      }
    },
    "cv_mae": {
      "xgboost": 2.647816669217761,
      "lightgbm": 2.4605336776961826,
      "catboost": 3.2016328558731515,
      "rf": 2.257898413579877,
      "gb": 2.256870619243771,
      "ridge": 9.646768123948881,
      "linear": 9.020384363362126
    }
  }
}