{
  "trained_best_model": "rf",
  "new_test_metrics": {
    "mae": 3.5072019139142028,
    "rmse": 6.55537798775163,
    "r2": 0.971698947862411,
    "mape": 10.184427875513045
  },
  "cv_mae": {
    "xgboost": 2.601254993595489,
    "lightgbm": 2.44427012313444,
    "catboost": 3.280025240340936,
    "rf": 2.184826483685787,
    "gb": 2.2765915076861,
    "ridge": 10.282497656706788,
    "linear": 9.521097295421544
  },
  "test_mae_all": {
    "xgboost": 3.303829002652461,
    "lightgbm": 4.117033164228043,
    "catboost": 4.146821350145324,
    "rf": 3.5072019139142028,
    "gb": 4.165975989056598,
    "ridge": 10.502414210813566,
    "linear": 9.05625684954244
  },
  "historical_best_cv_mae": 2.042469801781462,
  "is_new_historical_best": false,
  "features": [
    "pm2_5",
    "pm10",
    "co",
    "no2",
    "so2",
    "month_cos",
    "total_pm",
    "total_gases",
    "no2_o3_ratio",
    "pm2_5_rolling_3h",
    "pm10_rolling_3h",
    "co_rolling_3h",
    "pm2_5_co_interaction",
    "hour_sin",
    "hour_cos"
  ],
  "scaler_needed": false,
  "all_models_saved": [
    "model_xgboost.pkl",
    "model_lightgbm.pkl",
    "model_catboost.pkl",
    "model_rf.pkl",
    "model_gb.pkl",
    "model_ridge.pkl",
    "model_linear.pkl"
  ],
  "all_metrics": {
    "train": {
      "xgboost": {
        "mae": 1.8053406906998866,
        "rmse": 3.365966713196072,
        "r2": 0.9988530978059523,
        "mape": 1.4637055649936073
      },
      "lightgbm": {
        "mae": 1.5617929593632813,
        "rmse": 3.0929172443083646,
        "r2": 0.9990316254886947,
        "mape": 1.2875611564750817
      },
      "catboost": {
        "mae": 1.8907227208252304,
        "rmse": 2.9810208710430928,
        "r2": 0.9991004262308927,
        "mape": 1.5892900364827753
      },
      "rf": {
        "mae": 1.1627167752067258,
        "rmse": 3.86929464952781,
        "r2": 0.9984844496976537,
        "mape": 1.1360979113886955
      },
      "gb": {
        "mae": 1.3900950131848917,
        "rmse": 2.9369896597124776,
        "r2": 0.9991268043069964,
        "mape": 1.1951375064278746
      },
      "ridge": {
        "mae": 8.855395477942322,
        "rmse": 11.721184457041472,
        "r2": 0.9860924781496412,
        "mape": 8.207593304790702
      },
      "linear": {
        "mae": 8.535314731938477,
        "rmse": 11.377749851185389,
        "r2": 0.9868955284483055,
        "mape": 7.77108818240015
      }
    },
    "val": {
      "xgboost": {
        "mae": 2.804128348555195,
        "rmse": 8.873355141000486,
        "r2": 0.9429510367657197,
        "mape": 4.82073580059902
      },
      "lightgbm": {
        "mae": 3.111629958963556,
        "rmse": 10.044560680753909,
        "r2": 0.9268972150617105,
        "mape": 5.0912379369448475
      },
      "catboost": {
        "mae": 3.659171204785713,
        "rmse": 10.062469234211484,
        "r2": 0.9266363112281254,
        "mape": 6.036007545621475
      },
      "rf": {
        "mae": 3.991914472958357,
        "rmse": 12.075027227676015,
        "r2": 0.8943551657294124,
        "mape": 6.519602807448245
      },
      "gb": {
        "mae": 2.8867912056792173,
        "rmse": 9.696288358200047,
        "r2": 0.9318786770221638,
        "mape": 4.492344767156161
      },
      "ridge": {
        "mae": 6.608385515968146,
        "rmse": 11.910512089692897,
        "r2": 0.8972142528086385,
        "mape": 10.38021889371019
      },
      "linear": {
        "mae": 6.3822173817728105,
        "rmse": 11.722296539779824,
        "r2": 0.9004371234025935,
        "mape": 9.69425966666198
      }
    },
    "test": {
      "xgboost": {
        "mae": 3.303829002652461,
        "rmse": 5.827161645259334,
        "r2": 0.9776374545822956,
        "mape": 8.411712034680514
      },
      "lightgbm": {
        "mae": 4.117033164228043,
        "rmse": 6.811361247922774,
        "r2": 0.9694455174769654,
        "mape": 8.966705014269644
      },
      "catboost": {
        "mae": 4.146821350145324,
        "rmse": 6.510882428322868,
        "r2": 0.9720818387982867,
        "mape": 9.943921666571933
      },
      "rf": {
        "mae": 3.5072019139142028,
        "rmse": 6.55537798775163,
        "r2": 0.971698947862411,
        "mape": 10.184427875513041
      },
      "gb": {
        "mae": 4.165975989056598,
        "rmse": 7.672599114380247,
        "r2": 0.9612303286817943,
        "mape": 7.808544476409319
      },
      "ridge": {
        "mae": 10.502414210813566,
        "rmse": 13.66963358425238,
        "r2": 0.8769388834115913,
        "mape": 22.164364661206033
      },
      "linear": {
        "mae": 9.05625684954244,
        "rmse": 12.164545853496557,
        "r2": 0.9025461717512671,
        "mape": 19.350365589012497
      }
    },
    "cv_mae": {
      "xgboost": 2.601254993595489,
      "lightgbm": 2.44427012313444,
      "catboost": 3.280025240340936,
      "rf": 2.184826483685787,
      "gb": 2.2765915076861,
      "ridge": 10.282497656706788,
      "linear": 9.521097295421544
    }
  }
}