{
  "trained_best_model": "rf",
  "new_test_metrics": {
    "mae": 3.3734476794802934,
    "rmse": 6.630975860842406,
    "r2": 0.9758681139072793,
    "mape": 10.305136768069286
  },
  "cv_mae": {
    "xgboost": 2.6851793785617777,
    "lightgbm": 2.516760847352601,
    "catboost": 3.140687957542475,
    "rf": 2.271907401494196,
    "gb": 2.3006746923901713,
    "ridge": 9.632597026947925,
    "linear": 9.02614259045075
  },
  "test_mae_all": {
    "xgboost": 3.205976300096716,
    "lightgbm": 3.990457926449633,
    "catboost": 3.611708665415572,
    "rf": 3.3734476794802934,
    "gb": 5.365492723440217,
    "ridge": 11.13670609574594,
    "linear": 9.531816809000198
  },
  "historical_best_cv_mae": 2.042469801781462,
  "is_new_historical_best": false,
  "features": [
    "pm2_5",
    "pm10",
    "co",
    "no2",
    "so2",
    "month_cos",
    "total_pm",
    "total_gases",
    "no2_o3_ratio",
    "pm2_5_rolling_3h",
    "pm10_rolling_3h",
    "co_rolling_3h",
    "pm2_5_co_interaction",
    "hour_sin",
    "hour_cos"
  ],
  "scaler_needed": false,
  "all_models_saved": [
    "model_xgboost.pkl",
    "model_lightgbm.pkl",
    "model_catboost.pkl",
    "model_rf.pkl",
    "model_gb.pkl",
    "model_ridge.pkl",
    "model_linear.pkl"
  ],
  "all_metrics": {
    "train": {
      "xgboost": {
        "mae": 1.9487855170026607,
        "rmse": 3.6629768493083645,
        "r2": 0.9986209114790725,
        "mape": 1.5812867153207923
      },
      "lightgbm": {
        "mae": 1.7659206925808963,
        "rmse": 3.5384587738990203,
        "r2": 0.9987130784422347,
        "mape": 1.4418161869725958
      },
      "catboost": {
        "mae": 1.8641485459889227,
        "rmse": 2.9718860462735655,
        "r2": 0.999092204341155,
        "mape": 1.5645644165694572
      },
      "rf": {
        "mae": 1.1743478793569955,
        "rmse": 3.894121892393256,
        "r2": 0.9984413705463405,
        "mape": 1.1518467339754206
      },
      "gb": {
        "mae": 1.4042484992335107,
        "rmse": 3.0059143176214893,
        "r2": 0.9990712966974606,
        "mape": 1.218017499138104
      },
      "ridge": {
        "mae": 8.725218739876734,
        "rmse": 11.604295153073542,
        "r2": 0.9861591956760376,
        "mape": 8.107040627891989
      },
      "linear": {
        "mae": 8.416477469641821,
        "rmse": 11.273771762461699,
        "r2": 0.986936418098023,
        "mape": 7.6844575312164025
      }
    },
    "val": {
      "xgboost": {
        "mae": 2.8547883251486303,
        "rmse": 9.394246777951647,
        "r2": 0.9349159872371202,
        "mape": 4.915039423879495
      },
      "lightgbm": {
        "mae": 2.8776917277695677,
        "rmse": 10.399483551101959,
        "r2": 0.9202420583834394,
        "mape": 4.654865104923153
      },
      "catboost": {
        "mae": 3.5019430680269985,
        "rmse": 10.506990269688854,
        "r2": 0.9185845078113335,
        "mape": 5.656542368582093
      },
      "rf": {
        "mae": 3.4483868888606626,
        "rmse": 11.90728531459081,
        "r2": 0.895437510996675,
        "mape": 6.057425587440022
      },
      "gb": {
        "mae": 2.609938504144785,
        "rmse": 9.546653572837574,
        "r2": 0.932787086845947,
        "mape": 4.133567780970355
      },
      "ridge": {
        "mae": 6.576245886971975,
        "rmse": 11.748828608839414,
        "r2": 0.8982019334926319,
        "mape": 10.429148769164767
      },
      "linear": {
        "mae": 6.3318727713897225,
        "rmse": 11.620627588062852,
        "r2": 0.9004114155662177,
        "mape": 9.680855497752193
      }
    },
    "test": {
      "xgboost": {
        "mae": 3.205976300096716,
        "rmse": 5.546326918213346,
        "r2": 0.9831170901198394,
        "mape": 8.198166823064613
      },
      "lightgbm": {
        "mae": 3.990457926449633,
        "rmse": 6.52149187021422,
        "r2": 0.9766584180101741,
        "mape": 8.655090869108982
      },
      "catboost": {
        "mae": 3.611708665415572,
        "rmse": 5.9507516776881815,
        "r2": 0.9805652021238817,
        "mape": 9.114489834859125
      },
      "rf": {
        "mae": 3.3734476794802934,
        "rmse": 6.630975860842405,
        "r2": 0.9758681139072793,
        "mape": 10.305136768069286
      },
      "gb": {
        "mae": 5.365492723440217,
        "rmse": 9.562496170751274,
        "r2": 0.9498144230457709,
        "mape": 8.196638163683655
      },
      "ridge": {
        "mae": 11.13670609574594,
        "rmse": 14.181923171881326,
        "r2": 0.8896158724329744,
        "mape": 22.22052854652377
      },
      "linear": {
        "mae": 9.531816809000198,
        "rmse": 12.521798994813144,
        "r2": 0.9139462443746282,
        "mape": 19.379391449602693
      }
    },
    "cv_mae": {
      "xgboost": 2.6851793785617777,
      "lightgbm": 2.516760847352601,
      "catboost": 3.140687957542475,
      "rf": 2.271907401494196,
      "gb": 2.3006746923901713,
      "ridge": 9.632597026947925,
      "linear": 9.02614259045075
    }
  }
}