{
  "trained_best_model": "xgboost",
  "new_test_metrics": {
    "mae": 3.346179523005465,
    "rmse": 5.505181911876068,
    "r2": 0.97687612592131,
    "mape": 8.408629814630348
  },
  "cv_mae": {
    "xgboost": 2.1122233471058585,
    "lightgbm": 2.3277542291839737,
    "catboost": 3.519353819150484,
    "rf": 2.3023379274762084,
    "gb": 2.346740071872513,
    "ridge": 10.775410589711688,
    "linear": 9.722611848031384
  },
  "test_mae_all": {
    "xgboost": 3.346179523005465,
    "lightgbm": 4.028092508086146,
    "catboost": 4.790668538804107,
    "rf": 5.473917670801347,
    "gb": 4.379794426133112,
    "ridge": 10.1651361500596,
    "linear": 8.761702925572603
  },
  "historical_best_mae": Infinity,
  "is_new_historical_best": true,
  "features": [
    "pm2_5",
    "pm10",
    "co",
    "no2",
    "so2",
    "month_cos",
    "total_pm",
    "total_gases",
    "no2_o3_ratio",
    "pm2_5_rolling_3h",
    "pm10_rolling_3h",
    "co_rolling_3h",
    "pm2_5_co_interaction",
    "hour_sin",
    "hour_cos"
  ],
  "scaler_needed": false,
  "all_models_saved": [
    "model_xgboost.pkl",
    "model_lightgbm.pkl",
    "model_catboost.pkl",
    "model_rf.pkl",
    "model_gb.pkl",
    "model_ridge.pkl",
    "model_linear.pkl"
  ],
  "all_metrics": {
    "train": {
      "xgboost": {
        "mae": 1.1136656967705554,
        "rmse": 1.9466835413445864,
        "r2": 0.9996209015661647,
        "mape": 0.933766469502964
      },
      "lightgbm": {
        "mae": 0.9789939030096863,
        "rmse": 1.9007102217858234,
        "r2": 0.9996385958820583,
        "mape": 0.8112299050595642
      },
      "catboost": {
        "mae": 1.9489228713433655,
        "rmse": 3.077478817363567,
        "r2": 0.9990525606446984,
        "mape": 1.594150159851641
      },
      "rf": {
        "mae": 1.148021593215813,
        "rmse": 3.7835413186161446,
        "r2": 0.9985679498130775,
        "mape": 1.1201930600655525
      },
      "gb": {
        "mae": 1.4388617887728055,
        "rmse": 3.0504901376180205,
        "r2": 0.9990691053666348,
        "mape": 1.2302530725046983
      },
      "ridge": {
        "mae": 8.979549941882997,
        "rmse": 11.840334834259508,
        "r2": 0.9859754400199182,
        "mape": 8.236860721105511
      },
      "linear": {
        "mae": 8.658398535467866,
        "rmse": 11.493557997239026,
        "r2": 0.9867849059160297,
        "mape": 7.802120141569771
      }
    },
    "val": {
      "xgboost": {
        "mae": 2.921192099514617,
        "rmse": 8.724099087576368,
        "r2": 0.9531787475679134,
        "mape": 5.165032710021186
      },
      "lightgbm": {
        "mae": 3.0416963111577386,
        "rmse": 9.315831966494747,
        "r2": 0.9466118170423613,
        "mape": 4.913477058911791
      },
      "catboost": {
        "mae": 4.437469194833398,
        "rmse": 10.620519377499292,
        "r2": 0.9306105638237622,
        "mape": 6.865498774842793
      },
      "rf": {
        "mae": 5.580045617078458,
        "rmse": 12.585928586232328,
        "r2": 0.9025521248642513,
        "mape": 9.31639831973203
      },
      "gb": {
        "mae": 3.1771793188458473,
        "rmse": 10.034874188878497,
        "r2": 0.9380522251541376,
        "mape": 5.3622012404941755
      },
      "ridge": {
        "mae": 7.305455029132705,
        "rmse": 12.404351260557405,
        "r2": 0.9053436052600148,
        "mape": 11.407930107336055
      },
      "linear": {
        "mae": 6.8979808030453675,
        "rmse": 12.063233781049188,
        "r2": 0.9104780907140675,
        "mape": 10.516509928916822
      }
    },
    "test": {
      "xgboost": {
        "mae": 3.346179523005465,
        "rmse": 5.505181911876068,
        "r2": 0.97687612592131,
        "mape": 8.408629814630348
      },
      "lightgbm": {
        "mae": 4.028092508086146,
        "rmse": 6.126917501881532,
        "r2": 0.971358133739024,
        "mape": 9.610875841304436
      },
      "catboost": {
        "mae": 4.790668538804107,
        "rmse": 6.6404240326638275,
        "r2": 0.9663559032984071,
        "mape": 10.600361317728018
      },
      "rf": {
        "mae": 5.473917670801347,
        "rmse": 7.803037149261272,
        "r2": 0.9535437022745569,
        "mape": 13.389981263137281
      },
      "gb": {
        "mae": 4.379794426133112,
        "rmse": 7.32018949805862,
        "r2": 0.9591151983791258,
        "mape": 9.624367436516225
      },
      "ridge": {
        "mae": 10.1651361500596,
        "rmse": 13.616889551428013,
        "r2": 0.85852715835354,
        "mape": 22.246954347359924
      },
      "linear": {
        "mae": 8.761702925572603,
        "rmse": 12.086900065469676,
        "r2": 0.8885327953884398,
        "mape": 19.362280952073338
      }
    },
    "cv_mae": {
      "xgboost": 2.1122233471058585,
      "lightgbm": 2.3277542291839737,
      "catboost": 3.519353819150484,
      "rf": 2.3023379274762084,
      "gb": 2.346740071872513,
      "ridge": 10.775410589711688,
      "linear": 9.722611848031384
    }
  }
}