{
  "trained_best_model": "rf",
  "new_test_metrics": {
    "mae": 3.346752597978951,
    "rmse": 6.533674010600326,
    "r2": 0.9763505579456406,
    "mape": 10.195888129665178
  },
  "cv_mae": {
    "xgboost": 2.6874083681349186,
    "lightgbm": 2.481048501285761,
    "catboost": 3.1882198287076666,
    "rf": 2.246019304571655,
    "gb": 2.2970445783361706,
    "ridge": 9.656237179011121,
    "linear": 9.030872355177147
  },
  "test_mae_all": {
    "xgboost": 3.431742635229005,
    "lightgbm": 4.29620636517111,
    "catboost": 4.0670663894712105,
    "rf": 3.3467525979789507,
    "gb": 4.833484224750002,
    "ridge": 11.064506599540788,
    "linear": 9.47510928083195
  },
  "historical_best_cv_mae": 2.042469801781462,
  "is_new_historical_best": false,
  "features": [
    "pm2_5",
    "pm10",
    "co",
    "no2",
    "so2",
    "month_cos",
    "total_pm",
    "total_gases",
    "no2_o3_ratio",
    "pm2_5_rolling_3h",
    "pm10_rolling_3h",
    "co_rolling_3h",
    "pm2_5_co_interaction",
    "hour_sin",
    "hour_cos"
  ],
  "scaler_needed": false,
  "all_models_saved": [
    "model_xgboost.pkl",
    "model_lightgbm.pkl",
    "model_catboost.pkl",
    "model_rf.pkl",
    "model_gb.pkl",
    "model_ridge.pkl",
    "model_linear.pkl"
  ],
  "all_metrics": {
    "train": {
      "xgboost": {
        "mae": 1.9509196090138354,
        "rmse": 3.595282346252079,
        "r2": 0.9986716300900113,
        "mape": 1.5870172925669501
      },
      "lightgbm": {
        "mae": 1.6226335197210038,
        "rmse": 3.20600418457965,
        "r2": 0.9989437148001703,
        "mape": 1.3288980819353187
      },
      "catboost": {
        "mae": 1.8872561809520811,
        "rmse": 3.016400673016233,
        "r2": 0.9990649580772132,
        "mape": 1.5859806116967727
      },
      "rf": {
        "mae": 1.1729801572529828,
        "rmse": 3.8929038530294786,
        "r2": 0.9984425992473618,
        "mape": 1.1496185193696744
      },
      "gb": {
        "mae": 1.3811919776290125,
        "rmse": 2.985720860760318,
        "r2": 0.9990838819712494,
        "mape": 1.1916680179523056
      },
      "ridge": {
        "mae": 8.732069130263012,
        "rmse": 11.610971547292362,
        "r2": 0.9861455226623558,
        "mape": 8.110288115366151
      },
      "linear": {
        "mae": 8.421558544333832,
        "rmse": 11.279057485657674,
        "r2": 0.9869262960825959,
        "mape": 7.686407773941944
      }
    },
    "val": {
      "xgboost": {
        "mae": 2.768184481146129,
        "rmse": 8.927966328774348,
        "r2": 0.9412164064361748,
        "mape": 4.741699352483239
      },
      "lightgbm": {
        "mae": 2.903578246894097,
        "rmse": 10.217087057212552,
        "r2": 0.9230151563083203,
        "mape": 4.69225008442086
      },
      "catboost": {
        "mae": 3.421875309941237,
        "rmse": 9.729394696392504,
        "r2": 0.930189188174702,
        "mape": 5.770080687026469
      },
      "rf": {
        "mae": 3.4360243292331027,
        "rmse": 11.890345541176183,
        "r2": 0.8957346522911216,
        "mape": 6.009149677535743
      },
      "gb": {
        "mae": 2.5824126376491003,
        "rmse": 9.570028431562335,
        "r2": 0.9324574425971002,
        "mape": 3.914039701811081
      },
      "ridge": {
        "mae": 6.590813881167345,
        "rmse": 11.7591134047008,
        "r2": 0.8980234765778741,
        "mape": 10.441322551908272
      },
      "linear": {
        "mae": 6.3544088387090145,
        "rmse": 11.63562203805054,
        "r2": 0.9001540955004034,
        "mape": 9.699579907394863
      }
    },
    "test": {
      "xgboost": {
        "mae": 3.431742635229005,
        "rmse": 5.854780617357927,
        "r2": 0.9810099010464733,
        "mape": 8.144497162287523
      },
      "lightgbm": {
        "mae": 4.29620636517111,
        "rmse": 6.941730346857034,
        "r2": 0.9733042913593326,
        "mape": 8.898071075035121
      },
      "catboost": {
        "mae": 4.0670663894712105,
        "rmse": 6.562336439535037,
        "r2": 0.9761426083985255,
        "mape": 9.693120309084936
      },
      "rf": {
        "mae": 3.3467525979789507,
        "rmse": 6.533674010600326,
        "r2": 0.9763505579456406,
        "mape": 10.195888129665178
      },
      "gb": {
        "mae": 4.833484224750002,
        "rmse": 8.425526579085707,
        "r2": 0.9606721612198933,
        "mape": 7.40074509539924
      },
      "ridge": {
        "mae": 11.064506599540788,
        "rmse": 14.116955843388379,
        "r2": 0.8895951664005379,
        "mape": 22.18747165515642
      },
      "linear": {
        "mae": 9.47510928083195,
        "rmse": 12.474568833015708,
        "r2": 0.9137901156599423,
        "mape": 19.35176374566026
      }
    },
    "cv_mae": {
      "xgboost": 2.6874083681349186,
      "lightgbm": 2.481048501285761,
      "catboost": 3.1882198287076666,
      "rf": 2.246019304571655,
      "gb": 2.2970445783361706,
      "ridge": 9.656237179011121,
      "linear": 9.030872355177147
    }
  }
}