{
  "trained_best_model": "rf",
  "new_test_metrics": {
    "mae": 4.822750866651477,
    "rmse": 7.6401009346526925,
    "r2": 0.9553806464802781,
    "mape": 12.595510515329615
  },
  "cv_mae": {
    "xgboost": 2.685869617051574,
    "lightgbm": 2.4931671940340876,
    "catboost": 3.1948703938971628,
    "rf": 2.1366305822559704,
    "gb": 2.3103621304158564,
    "ridge": 10.229856052626417,
    "linear": 9.392882589869547
  },
  "test_mae_all": {
    "xgboost": 3.5168616617287105,
    "lightgbm": 3.9533596933627293,
    "catboost": 3.9096862182959273,
    "rf": 4.822750866651475,
    "gb": 4.328891570450259,
    "ridge": 10.46780320606885,
    "linear": 9.109423495073234
  },
  "historical_best_cv_mae": 2.042469801781462,
  "is_new_historical_best": false,
  "features": [
    "pm2_5",
    "pm10",
    "co",
    "no2",
    "so2",
    "month_cos",
    "total_pm",
    "total_gases",
    "no2_o3_ratio",
    "pm2_5_rolling_3h",
    "pm10_rolling_3h",
    "co_rolling_3h",
    "pm2_5_co_interaction",
    "hour_sin",
    "hour_cos"
  ],
  "scaler_needed": false,
  "all_models_saved": [
    "model_xgboost.pkl",
    "model_lightgbm.pkl",
    "model_catboost.pkl",
    "model_rf.pkl",
    "model_gb.pkl",
    "model_ridge.pkl",
    "model_linear.pkl"
  ],
  "all_metrics": {
    "train": {
      "xgboost": {
        "mae": 1.8599840586899312,
        "rmse": 3.387566293759358,
        "r2": 0.9988467820870888,
        "mape": 1.4957912683389445
      },
      "lightgbm": {
        "mae": 1.5649155891734867,
        "rmse": 3.075024273068724,
        "r2": 0.9990497609576908,
        "mape": 1.2839445704236276
      },
      "catboost": {
        "mae": 1.9403697705211402,
        "rmse": 3.0506234854989946,
        "r2": 0.999064781708377,
        "mape": 1.596674366757719
      },
      "rf": {
        "mae": 1.1458578852240713,
        "rmse": 3.8385303801088373,
        "r2": 0.9985193045629764,
        "mape": 1.1174369602119527
      },
      "gb": {
        "mae": 1.408857523580128,
        "rmse": 2.98530334024718,
        "r2": 0.9991044028405748,
        "mape": 1.1973850424399528
      },
      "ridge": {
        "mae": 8.944221415259799,
        "rmse": 11.797754739073826,
        "r2": 0.9860126803253564,
        "mape": 8.227839240007201
      },
      "linear": {
        "mae": 8.611540123634724,
        "rmse": 11.443638744802525,
        "r2": 0.9868397526333468,
        "mape": 7.779944627853171
      }
    },
    "val": {
      "xgboost": {
        "mae": 2.8457601277251223,
        "rmse": 8.752091310724706,
        "r2": 0.9420517270532607,
        "mape": 5.239529611580485
      },
      "lightgbm": {
        "mae": 2.931645230966356,
        "rmse": 10.057525565458699,
        "r2": 0.9234757454974873,
        "mape": 4.748467734155884
      },
      "catboost": {
        "mae": 3.653366982338474,
        "rmse": 9.879685803016505,
        "r2": 0.9261580624830456,
        "mape": 6.080129440217483
      },
      "rf": {
        "mae": 5.241062762358494,
        "rmse": 12.555845598534322,
        "r2": 0.8807361705683943,
        "mape": 8.796187156822507
      },
      "gb": {
        "mae": 2.9955766157442127,
        "rmse": 10.047094219152635,
        "r2": 0.9236344002349842,
        "mape": 4.97050592259552
      },
      "ridge": {
        "mae": 6.718741297841692,
        "rmse": 11.863960088147234,
        "r2": 0.8935180070260553,
        "mape": 10.974636695950196
      },
      "linear": {
        "mae": 6.353534485685091,
        "rmse": 11.587118661378582,
        "r2": 0.8984294682642754,
        "mape": 10.037046338411047
      }
    },
    "test": {
      "xgboost": {
        "mae": 3.5168616617287105,
        "rmse": 6.2721666797480236,
        "r2": 0.96992814190899,
        "mape": 9.242135085139191
      },
      "lightgbm": {
        "mae": 3.9533596933627293,
        "rmse": 6.712041279892263,
        "r2": 0.965562285689223,
        "mape": 8.828057602365906
      },
      "catboost": {
        "mae": 3.9096862182959273,
        "rmse": 6.3771231751558926,
        "r2": 0.9689132949691143,
        "mape": 9.5890792613948
      },
      "rf": {
        "mae": 4.822750866651475,
        "rmse": 7.640100934652692,
        "r2": 0.9553806464802781,
        "mape": 12.595510515329615
      },
      "gb": {
        "mae": 4.328891570450259,
        "rmse": 7.7944604323021025,
        "r2": 0.9535594670784385,
        "mape": 8.915206475594024
      },
      "ridge": {
        "mae": 10.46780320606885,
        "rmse": 13.724519156960785,
        "r2": 0.8560143017668789,
        "mape": 22.5421643837482
      },
      "linear": {
        "mae": 9.109423495073234,
        "rmse": 12.26025122015699,
        "r2": 0.8850989970014199,
        "mape": 19.71810628340009
      }
    },
    "cv_mae": {
      "xgboost": 2.685869617051574,
      "lightgbm": 2.4931671940340876,
      "catboost": 3.1948703938971628,
      "rf": 2.1366305822559704,
      "gb": 2.3103621304158564,
      "ridge": 10.229856052626417,
      "linear": 9.392882589869547
    }
  }
}