{
  "trained_best_model": "rf",
  "new_test_metrics": {
    "mae": 3.3107508096033826,
    "rmse": 6.507443290511416,
    "r2": 0.9768732892140964,
    "mape": 10.12680112740486
  },
  "cv_mae": {
    "xgboost": 2.6590133024988343,
    "lightgbm": 2.4618839157261556,
    "catboost": 3.111493112697789,
    "rf": 2.2443547271487767,
    "gb": 2.320620424772428,
    "ridge": 9.799909475866189,
    "linear": 9.258006496643144
  },
  "test_mae_all": {
    "xgboost": 3.3698424008705476,
    "lightgbm": 3.447244894255042,
    "catboost": 3.327091913825744,
    "rf": 3.3107508096033826,
    "gb": 5.396352138661398,
    "ridge": 11.180453870633771,
    "linear": 9.552582653388281
  },
  "historical_best_cv_mae": 2.042469801781462,
  "is_new_historical_best": false,
  "features": [
    "pm2_5",
    "pm10",
    "co",
    "no2",
    "so2",
    "month_cos",
    "total_pm",
    "total_gases",
    "no2_o3_ratio",
    "pm2_5_rolling_3h",
    "pm10_rolling_3h",
    "co_rolling_3h",
    "pm2_5_co_interaction",
    "hour_sin",
    "hour_cos"
  ],
  "scaler_needed": false,
  "all_models_saved": [
    "model_xgboost.pkl",
    "model_lightgbm.pkl",
    "model_catboost.pkl",
    "model_rf.pkl",
    "model_gb.pkl",
    "model_ridge.pkl",
    "model_linear.pkl"
  ],
  "all_metrics": {
    "train": {
      "xgboost": {
        "mae": 1.974421004726462,
        "rmse": 3.697240825552598,
        "r2": 0.9985950463678153,
        "mape": 1.599168467013758
      },
      "lightgbm": {
        "mae": 1.77088406166949,
        "rmse": 3.5834225306823875,
        "r2": 0.9986802169345689,
        "mape": 1.4627370090841154
      },
      "catboost": {
        "mae": 1.8891679137824222,
        "rmse": 2.988720410951891,
        "r2": 0.9990819272634969,
        "mape": 1.5854924867333735
      },
      "rf": {
        "mae": 1.1746090894679588,
        "rmse": 3.899865343591992,
        "r2": 0.9984368317151806,
        "mape": 1.151111673363891
      },
      "gb": {
        "mae": 1.377474974045437,
        "rmse": 2.9426027678025637,
        "r2": 0.999110041429446,
        "mape": 1.1932366707013868
      },
      "ridge": {
        "mae": 8.716844995169675,
        "rmse": 11.59325144878838,
        "r2": 0.9861860772667439,
        "mape": 8.1074713848727
      },
      "linear": {
        "mae": 8.410719816647289,
        "rmse": 11.266317084044422,
        "r2": 0.9869542079492118,
        "mape": 7.687190165706864
      }
    },
    "val": {
      "xgboost": {
        "mae": 3.0167606736971364,
        "rmse": 9.407277769028344,
        "r2": 0.9340943013543002,
        "mape": 5.279243941382269
      },
      "lightgbm": {
        "mae": 2.9381774630646187,
        "rmse": 10.403654371442345,
        "r2": 0.919394093893959,
        "mape": 4.508203434060023
      },
      "catboost": {
        "mae": 3.3771740596725657,
        "rmse": 10.071238714488656,
        "r2": 0.9244628120916,
        "mape": 5.490983464740362
      },
      "rf": {
        "mae": 3.4720938170489717,
        "rmse": 11.914031234122529,
        "r2": 0.8942908692630801,
        "mape": 6.040195821129685
      },
      "gb": {
        "mae": 2.796464496922675,
        "rmse": 10.015673988966475,
        "r2": 0.9252940156589389,
        "mape": 4.401944837994836
      },
      "ridge": {
        "mae": 6.469064304110706,
        "rmse": 11.653227699970643,
        "r2": 0.8988682557016807,
        "mape": 10.375241728139223
      },
      "linear": {
        "mae": 6.230134545148062,
        "rmse": 11.523651808173529,
        "r2": 0.9011047829949314,
        "mape": 9.628439987569951
      }
    },
    "test": {
      "xgboost": {
        "mae": 3.3698424008705476,
        "rmse": 5.937362801281525,
        "r2": 0.9807478046624327,
        "mape": 8.873517361937413
      },
      "lightgbm": {
        "mae": 3.447244894255042,
        "rmse": 5.655043608536163,
        "r2": 0.9825351443008555,
        "mape": 7.861122264375705
      },
      "catboost": {
        "mae": 3.327091913825744,
        "rmse": 5.686283070304333,
        "r2": 0.9823416534261359,
        "mape": 8.64560410327247
      },
      "rf": {
        "mae": 3.3107508096033826,
        "rmse": 6.507443290511416,
        "r2": 0.9768732892140964,
        "mape": 10.12680112740486
      },
      "gb": {
        "mae": 5.396352138661398,
        "rmse": 9.4148794928214,
        "r2": 0.9515913895897878,
        "mape": 8.48202478367631
      },
      "ridge": {
        "mae": 11.180453870633771,
        "rmse": 14.185617905733148,
        "r2": 0.890102047629016,
        "mape": 22.2425132520434
      },
      "linear": {
        "mae": 9.552582653388281,
        "rmse": 12.526425989503633,
        "r2": 0.9143065873215119,
        "mape": 19.39637815373905
      }
    },
    "cv_mae": {
      "xgboost": 2.6590133024988343,
      "lightgbm": 2.4618839157261556,
      "catboost": 3.111493112697789,
      "rf": 2.2443547271487767,
      "gb": 2.320620424772428,
      "ridge": 9.799909475866189,
      "linear": 9.258006496643144
    }
  }
}