{
  "trained_best_model": "rf",
  "new_test_metrics": {
    "mae": 3.608176694970741,
    "rmse": 6.84928148764694,
    "r2": 0.9723645592062169,
    "mape": 10.654671794148179
  },
  "cv_mae": {
    "xgboost": 2.6042914691036696,
    "lightgbm": 2.432000596796126,
    "catboost": 3.246216991362816,
    "rf": 2.174630455035655,
    "gb": 2.277907243500157,
    "ridge": 9.746246435450287,
    "linear": 9.106162055082542
  },
  "test_mae_all": {
    "xgboost": 3.4856600871609893,
    "lightgbm": 3.579914491270566,
    "catboost": 4.092829172947594,
    "rf": 3.6081766949707403,
    "gb": 4.845848986087769,
    "ridge": 10.796196439630355,
    "linear": 9.289892105806125
  },
  "historical_best_cv_mae": 2.042469801781462,
  "is_new_historical_best": false,
  "features": [
    "pm2_5",
    "pm10",
    "co",
    "no2",
    "so2",
    "month_cos",
    "total_pm",
    "total_gases",
    "no2_o3_ratio",
    "pm2_5_rolling_3h",
    "pm10_rolling_3h",
    "co_rolling_3h",
    "pm2_5_co_interaction",
    "hour_sin",
    "hour_cos"
  ],
  "scaler_needed": false,
  "all_models_saved": [
    "model_xgboost.pkl",
    "model_lightgbm.pkl",
    "model_catboost.pkl",
    "model_rf.pkl",
    "model_gb.pkl",
    "model_ridge.pkl",
    "model_linear.pkl"
  ],
  "all_metrics": {
    "train": {
      "xgboost": {
        "mae": 1.8501064357458963,
        "rmse": 3.428497172658938,
        "r2": 0.9988083470908931,
        "mape": 1.5022176972207228
      },
      "lightgbm": {
        "mae": 1.966314752389684,
        "rmse": 4.026803184827416,
        "r2": 0.998356146945059,
        "mape": 1.6219766176790953
      },
      "catboost": {
        "mae": 1.9009316153314,
        "rmse": 3.013687628265503,
        "r2": 0.9990792565103717,
        "mape": 1.5827917475972058
      },
      "rf": {
        "mae": 1.1727201662412507,
        "rmse": 3.87535083882156,
        "r2": 0.9984774756834225,
        "mape": 1.151469198759706
      },
      "gb": {
        "mae": 1.3959722473853537,
        "rmse": 2.9341776060348006,
        "r2": 0.9991271995075769,
        "mape": 1.2068323630980906
      },
      "ridge": {
        "mae": 8.787676063517145,
        "rmse": 11.66412252254956,
        "r2": 0.9862073939440384,
        "mape": 8.144696707799975
      },
      "linear": {
        "mae": 8.47313302244796,
        "rmse": 11.326780773802309,
        "r2": 0.9869936578018262,
        "mape": 7.71748114339762
      }
    },
    "val": {
      "xgboost": {
        "mae": 2.738013446058857,
        "rmse": 8.923324179582423,
        "r2": 0.940627861831167,
        "mape": 4.983993616032354
      },
      "lightgbm": {
        "mae": 2.9524632546219687,
        "rmse": 10.498245550005494,
        "r2": 0.9178206313169885,
        "mape": 4.746934688115104
      },
      "catboost": {
        "mae": 3.3818180657369803,
        "rmse": 9.789942346101807,
        "r2": 0.9285356223561796,
        "mape": 5.866586555146325
      },
      "rf": {
        "mae": 3.896731730313324,
        "rmse": 12.10174766470065,
        "r2": 0.8907992719522667,
        "mape": 6.612323449204162
      },
      "gb": {
        "mae": 2.5822691631760484,
        "rmse": 9.783562983100333,
        "r2": 0.9286287278421435,
        "mape": 4.090429156732702
      },
      "ridge": {
        "mae": 6.550814359775622,
        "rmse": 11.780208351752542,
        "r2": 0.8965250343372162,
        "mape": 10.405390495885884
      },
      "linear": {
        "mae": 6.303967525961577,
        "rmse": 11.652447619628205,
        "r2": 0.8987573122173497,
        "mape": 9.657862009267216
      }
    },
    "test": {
      "xgboost": {
        "mae": 3.4856600871609893,
        "rmse": 6.0743321781752675,
        "r2": 0.9782643094747372,
        "mape": 8.606063554458466
      },
      "lightgbm": {
        "mae": 3.579914491270566,
        "rmse": 5.988975446970713,
        "r2": 0.978870878940101,
        "mape": 8.561796287487468
      },
      "catboost": {
        "mae": 4.092829172947594,
        "rmse": 6.724925363444395,
        "r2": 0.9733589520886257,
        "mape": 9.792524348295792
      },
      "rf": {
        "mae": 3.6081766949707403,
        "rmse": 6.84928148764694,
        "r2": 0.9723645592062169,
        "mape": 10.65467179414818
      },
      "gb": {
        "mae": 4.845848986087769,
        "rmse": 8.453610495114898,
        "r2": 0.9579020611067677,
        "mape": 7.948255024787541
      },
      "ridge": {
        "mae": 10.796196439630355,
        "rmse": 13.897592393057872,
        "r2": 0.8862227307458842,
        "mape": 22.106564083816398
      },
      "linear": {
        "mae": 9.289892105806125,
        "rmse": 12.322431190780323,
        "r2": 0.9105523017021793,
        "mape": 19.31676278467485
      }
    },
    "cv_mae": {
      "xgboost": 2.6042914691036696,
      "lightgbm": 2.432000596796126,
      "catboost": 3.246216991362816,
      "rf": 2.174630455035655,
      "gb": 2.277907243500157,
      "ridge": 9.746246435450287,
      "linear": 9.106162055082542
    }
  }
}