{
  "trained_best_model": "rf",
  "new_test_metrics": {
    "mae": 5.442327732775234,
    "rmse": 7.86565363864596,
    "r2": 0.9526716859151152,
    "mape": 13.521130286180421
  },
  "cv_mae": {
    "xgboost": 2.786285220480245,
    "lightgbm": 2.604341404543706,
    "catboost": 3.5011053478658143,
    "rf": 2.2536544922235664,
    "gb": 2.301577529730141,
    "ridge": 10.533410448158259,
    "linear": 9.574436544384323
  },
  "test_mae_all": {
    "xgboost": 3.574513927029815,
    "lightgbm": 4.457466099558198,
    "catboost": 4.83440431318317,
    "rf": 5.442327732775234,
    "gb": 4.423169720151571,
    "ridge": 10.271341553172068,
    "linear": 8.871563284999729
  },
  "historical_best_cv_mae": 2.042469801781462,
  "is_new_historical_best": false,
  "features": [
    "pm2_5",
    "pm10",
    "co",
    "no2",
    "so2",
    "month_cos",
    "total_pm",
    "total_gases",
    "no2_o3_ratio",
    "pm2_5_rolling_3h",
    "pm10_rolling_3h",
    "co_rolling_3h",
    "pm2_5_co_interaction",
    "hour_sin",
    "hour_cos"
  ],
  "scaler_needed": false,
  "all_models_saved": [
    "model_xgboost.pkl",
    "model_lightgbm.pkl",
    "model_catboost.pkl",
    "model_rf.pkl",
    "model_gb.pkl",
    "model_ridge.pkl",
    "model_linear.pkl"
  ],
  "all_metrics": {
    "train": {
      "xgboost": {
        "mae": 1.8837150287877014,
        "rmse": 3.4296254780798305,
        "r2": 0.9988230649281714,
        "mape": 1.503828270335861
      },
      "lightgbm": {
        "mae": 1.7633157518152223,
        "rmse": 3.4386786782664083,
        "r2": 0.9988168432039934,
        "mape": 1.4176560788560313
      },
      "catboost": {
        "mae": 1.9419657022233339,
        "rmse": 3.046811691854434,
        "r2": 0.999071139835227,
        "mape": 1.5921210861164679
      },
      "rf": {
        "mae": 1.1634918618993375,
        "rmse": 3.80664814575886,
        "r2": 0.9985500781873738,
        "mape": 1.1344062688606995
      },
      "gb": {
        "mae": 1.4200577278163946,
        "rmse": 2.9705520185287067,
        "r2": 0.9991170554405531,
        "mape": 1.2067664395155078
      },
      "ridge": {
        "mae": 9.001352852523224,
        "rmse": 11.85044616013871,
        "r2": 0.9859483114877785,
        "mape": 8.247954306606498
      },
      "linear": {
        "mae": 8.673319836249517,
        "rmse": 11.501692028478834,
        "r2": 0.9867632130012879,
        "mape": 7.808720557298952
      }
    },
    "val": {
      "xgboost": {
        "mae": 2.900142465007904,
        "rmse": 9.115330628912451,
        "r2": 0.9386572629221603,
        "mape": 5.199166684416445
      },
      "lightgbm": {
        "mae": 3.043049038422867,
        "rmse": 10.211932950046387,
        "r2": 0.9230100198730333,
        "mape": 4.903199604063107
      },
      "catboost": {
        "mae": 4.793191208659235,
        "rmse": 10.761638273439251,
        "r2": 0.9144982352457802,
        "mape": 7.135042187232202
      },
      "rf": {
        "mae": 5.589896978382468,
        "rmse": 12.599861884885689,
        "r2": 0.8827939938537868,
        "mape": 9.416251135625759
      },
      "gb": {
        "mae": 3.207446959361796,
        "rmse": 9.998288680567383,
        "r2": 0.9261977432163918,
        "mape": 5.411703180433522
      },
      "ridge": {
        "mae": 7.033690342690496,
        "rmse": 12.152142693603011,
        "r2": 0.8909755211858073,
        "mape": 11.326116796262482
      },
      "linear": {
        "mae": 6.6750048501753865,
        "rmse": 11.831585086313428,
        "r2": 0.8966515040053671,
        "mape": 10.449487870688252
      }
    },
    "test": {
      "xgboost": {
        "mae": 3.574513927029815,
        "rmse": 6.125746546636638,
        "r2": 0.9712942138476375,
        "mape": 9.281527658683967
      },
      "lightgbm": {
        "mae": 4.457466099558198,
        "rmse": 7.295375785431905,
        "r2": 0.9592857225195482,
        "mape": 9.56558245339809
      },
      "catboost": {
        "mae": 4.83440431318317,
        "rmse": 6.484622288551657,
        "r2": 0.9678322439280902,
        "mape": 10.32638522036331
      },
      "rf": {
        "mae": 5.442327732775234,
        "rmse": 7.865653638645959,
        "r2": 0.9526716859151152,
        "mape": 13.52113028618042
      },
      "gb": {
        "mae": 4.423169720151571,
        "rmse": 7.71926421871533,
        "r2": 0.9544169678964515,
        "mape": 9.434667456487928
      },
      "ridge": {
        "mae": 10.271341553172068,
        "rmse": 13.668304873964233,
        "r2": 0.8570840462355042,
        "mape": 22.343959124888325
      },
      "linear": {
        "mae": 8.871563284999729,
        "rmse": 12.163568604702398,
        "r2": 0.8868190290222575,
        "mape": 19.4727763093128
      }
    },
    "cv_mae": {
      "xgboost": 2.786285220480245,
      "lightgbm": 2.604341404543706,
      "catboost": 3.5011053478658143,
      "rf": 2.2536544922235664,
      "gb": 2.301577529730141,
      "ridge": 10.533410448158259,
      "linear": 9.574436544384323
    }
  }
}