{
  "trained_best_model": "rf",
  "new_test_metrics": {
    "mae": 4.635111998474975,
    "rmse": 7.579495059288679,
    "r2": 0.9576866766740002,
    "mape": 12.399776394930257
  },
  "cv_mae": {
    "xgboost": 2.7190568591750535,
    "lightgbm": 2.4439296574053415,
    "catboost": 3.156934622460338,
    "rf": 2.1260004416120237,
    "gb": 2.3371817542404068,
    "ridge": 10.196737984901407,
    "linear": 9.334913504555193
  },
  "test_mae_all": {
    "xgboost": 3.536989947222439,
    "lightgbm": 4.020841418431636,
    "catboost": 4.145800416444855,
    "rf": 4.635111998474976,
    "gb": 4.0393931732648936,
    "ridge": 10.541663992153296,
    "linear": 9.154376227778602
  },
  "historical_best_cv_mae": 2.042469801781462,
  "is_new_historical_best": false,
  "features": [
    "pm2_5",
    "pm10",
    "co",
    "no2",
    "so2",
    "month_cos",
    "total_pm",
    "total_gases",
    "no2_o3_ratio",
    "pm2_5_rolling_3h",
    "pm10_rolling_3h",
    "co_rolling_3h",
    "pm2_5_co_interaction",
    "hour_sin",
    "hour_cos"
  ],
  "scaler_needed": false,
  "all_models_saved": [
    "model_xgboost.pkl",
    "model_lightgbm.pkl",
    "model_catboost.pkl",
    "model_rf.pkl",
    "model_gb.pkl",
    "model_ridge.pkl",
    "model_linear.pkl"
  ],
  "all_metrics": {
    "train": {
      "xgboost": {
        "mae": 1.8324906042177382,
        "rmse": 3.3829428543022497,
        "r2": 0.9988493089585403,
        "mape": 1.4768336534365867
      },
      "lightgbm": {
        "mae": 1.8160024468140565,
        "rmse": 3.6270748580568526,
        "r2": 0.9986772357567608,
        "mape": 1.4664753739153589
      },
      "catboost": {
        "mae": 1.9350145222330855,
        "rmse": 3.072801536085702,
        "r2": 0.9990506236008367,
        "mape": 1.5932468882683328
      },
      "rf": {
        "mae": 1.1546702554020873,
        "rmse": 3.8371013006525034,
        "r2": 0.9985196106965082,
        "mape": 1.129078827474503
      },
      "gb": {
        "mae": 1.3943289745466525,
        "rmse": 2.9386270049154204,
        "r2": 0.9991317229154901,
        "mape": 1.1989890917829358
      },
      "ridge": {
        "mae": 8.91101157438764,
        "rmse": 11.774297734108972,
        "r2": 0.9860607490829896,
        "mape": 8.208011355499758
      },
      "linear": {
        "mae": 8.582113201021626,
        "rmse": 11.425751622766438,
        "r2": 0.9868738015264484,
        "mape": 7.764261667904464
      }
    },
    "val": {
      "xgboost": {
        "mae": 2.900064821112646,
        "rmse": 9.215785378535157,
        "r2": 0.9360692912637512,
        "mape": 5.184567586607895
      },
      "lightgbm": {
        "mae": 3.0610651985765416,
        "rmse": 10.343884817451753,
        "r2": 0.9194598996225569,
        "mape": 5.027844529390233
      },
      "catboost": {
        "mae": 3.67655401614823,
        "rmse": 10.163781645351204,
        "r2": 0.9222401404857614,
        "mape": 6.343580554010009
      },
      "rf": {
        "mae": 5.006926129572503,
        "rmse": 12.486894169677786,
        "r2": 0.8826309264068365,
        "mape": 8.50611749527592
      },
      "gb": {
        "mae": 2.840602912153763,
        "rmse": 9.621662834908857,
        "r2": 0.9303140727684821,
        "mape": 4.687764835425414
      },
      "ridge": {
        "mae": 6.700248578606821,
        "rmse": 11.863728782399106,
        "r2": 0.8940533487459327,
        "mape": 10.910157906425608
      },
      "linear": {
        "mae": 6.367816803737319,
        "rmse": 11.594404813900441,
        "r2": 0.8988090358758352,
        "mape": 10.008387117079037
      }
    },
    "test": {
      "xgboost": {
        "mae": 3.536989947222439,
        "rmse": 6.04756135293762,
        "r2": 0.9730625082709548,
        "mape": 9.202819300707493
      },
      "lightgbm": {
        "mae": 4.020841418431636,
        "rmse": 6.792841473819242,
        "r2": 0.9660140395956571,
        "mape": 9.532869857547507
      },
      "catboost": {
        "mae": 4.145800416444855,
        "rmse": 6.770532839973538,
        "r2": 0.9662369022562235,
        "mape": 10.43111558494151
      },
      "rf": {
        "mae": 4.635111998474976,
        "rmse": 7.579495059288679,
        "r2": 0.9576866766740002,
        "mape": 12.399776394930253
      },
      "gb": {
        "mae": 4.0393931732648936,
        "rmse": 6.960763541322963,
        "r2": 0.9643129745962885,
        "mape": 8.504273731756513
      },
      "ridge": {
        "mae": 10.541663992153296,
        "rmse": 13.750370904004205,
        "r2": 0.8607403131634238,
        "mape": 22.52383856576923
      },
      "linear": {
        "mae": 9.154376227778602,
        "rmse": 12.274138384763862,
        "r2": 0.8890368903439387,
        "mape": 19.703839227277655
      }
    },
    "cv_mae": {
      "xgboost": 2.7190568591750535,
      "lightgbm": 2.4439296574053415,
      "catboost": 3.156934622460338,
      "rf": 2.1260004416120237,
      "gb": 2.3371817542404068,
      "ridge": 10.196737984901407,
      "linear": 9.334913504555193
    }
  }
}