{
  "trained_best_model": "rf",
  "new_test_metrics": {
    "mae": 4.612442756565846,
    "rmse": 7.520293918512122,
    "r2": 0.9583090919516349,
    "mape": 12.292961797452511
  },
  "cv_mae": {
    "xgboost": 2.65404743560373,
    "lightgbm": 2.4519151396288765,
    "catboost": 3.205841743945963,
    "rf": 2.1237313925443733,
    "gb": 2.2725701308746817,
    "ridge": 10.194612335320548,
    "linear": 9.339618700769671
  },
  "test_mae_all": {
    "xgboost": 3.2260827650867414,
    "lightgbm": 3.9087883213046943,
    "catboost": 3.7014995972434805,
    "rf": 4.612442756565847,
    "gb": 4.0730999542420525,
    "ridge": 10.528234981755611,
    "linear": 9.141798515841751
  },
  "historical_best_cv_mae": 2.042469801781462,
  "is_new_historical_best": false,
  "features": [
    "pm2_5",
    "pm10",
    "co",
    "no2",
    "so2",
    "month_cos",
    "total_pm",
    "total_gases",
    "no2_o3_ratio",
    "pm2_5_rolling_3h",
    "pm10_rolling_3h",
    "co_rolling_3h",
    "pm2_5_co_interaction",
    "hour_sin",
    "hour_cos"
  ],
  "scaler_needed": false,
  "all_models_saved": [
    "model_xgboost.pkl",
    "model_lightgbm.pkl",
    "model_catboost.pkl",
    "model_rf.pkl",
    "model_gb.pkl",
    "model_ridge.pkl",
    "model_linear.pkl"
  ],
  "all_metrics": {
    "train": {
      "xgboost": {
        "mae": 1.8639185546817767,
        "rmse": 3.403128820542982,
        "r2": 0.9988352860571835,
        "mape": 1.5124964455585157
      },
      "lightgbm": {
        "mae": 1.65771188729244,
        "rmse": 3.2790019684465777,
        "r2": 0.9989187008758285,
        "mape": 1.350045247033026
      },
      "catboost": {
        "mae": 1.9482594938687512,
        "rmse": 3.061995363599206,
        "r2": 0.999057087150769,
        "mape": 1.604833185272707
      },
      "rf": {
        "mae": 1.1497025830377239,
        "rmse": 3.840147347124884,
        "r2": 0.9985169415293567,
        "mape": 1.1240949609699715
      },
      "gb": {
        "mae": 1.3859416510247153,
        "rmse": 2.924276157273072,
        "r2": 0.9991399983924153,
        "mape": 1.1810151229048849
      },
      "ridge": {
        "mae": 8.905137480318023,
        "rmse": 11.770354217141957,
        "r2": 0.9860670986597159,
        "mape": 8.206787175676055
      },
      "linear": {
        "mae": 8.580223634129581,
        "rmse": 11.423957697420887,
        "r2": 0.9868751100996758,
        "mape": 7.767785071623407
      }
    },
    "val": {
      "xgboost": {
        "mae": 2.6906588589219744,
        "rmse": 8.909576084063593,
        "r2": 0.9405036022020818,
        "mape": 4.814839328197844
      },
      "lightgbm": {
        "mae": 2.8835648479598763,
        "rmse": 10.059231478445922,
        "r2": 0.9241586256247104,
        "mape": 4.661688965520742
      },
      "catboost": {
        "mae": 3.4567762496443826,
        "rmse": 10.595501811581611,
        "r2": 0.9158566786723905,
        "mape": 5.764112649237249
      },
      "rf": {
        "mae": 5.000474530284614,
        "rmse": 12.483471745901943,
        "r2": 0.8831987862606976,
        "mape": 8.460295660661865
      },
      "gb": {
        "mae": 2.9063755211913067,
        "rmse": 9.704308237096994,
        "r2": 0.9294160829999327,
        "mape": 4.844880750210323
      },
      "ridge": {
        "mae": 6.726587200170384,
        "rmse": 11.874636240873372,
        "r2": 0.8943140587261715,
        "mape": 10.930381801491565
      },
      "linear": {
        "mae": 6.386238561265796,
        "rmse": 11.6037513931758,
        "r2": 0.8990808877172513,
        "mape": 10.020540956243698
      }
    },
    "test": {
      "xgboost": {
        "mae": 3.2260827650867414,
        "rmse": 5.804795694585983,
        "r2": 0.9751603425179012,
        "mape": 8.328461677656415
      },
      "lightgbm": {
        "mae": 3.9087883213046943,
        "rmse": 6.676777934094875,
        "r2": 0.9671371223970388,
        "mape": 8.798815104122486
      },
      "catboost": {
        "mae": 3.7014995972434805,
        "rmse": 6.104933986056397,
        "r2": 0.9725252550510232,
        "mape": 9.467973414499516
      },
      "rf": {
        "mae": 4.612442756565847,
        "rmse": 7.520293918512125,
        "r2": 0.9583090919516348,
        "mape": 12.292961797452516
      },
      "gb": {
        "mae": 4.0730999542420525,
        "rmse": 6.9668780114284,
        "r2": 0.9642193572728006,
        "mape": 8.666186522267921
      },
      "ridge": {
        "mae": 10.528234981755611,
        "rmse": 13.745921609335657,
        "r2": 0.8607101563562957,
        "mape": 22.508328025055977
      },
      "linear": {
        "mae": 9.141798515841751,
        "rmse": 12.27261702416392,
        "r2": 0.8889685301632881,
        "mape": 19.697384425705323
      }
    },
    "cv_mae": {
      "xgboost": 2.65404743560373,
      "lightgbm": 2.4519151396288765,
      "catboost": 3.205841743945963,
      "rf": 2.1237313925443733,
      "gb": 2.2725701308746817,
      "ridge": 10.194612335320548,
      "linear": 9.339618700769671
    }
  }
}