{
  "trained_best_model": "xgboost",
  "new_test_metrics": {
    "mae": 3.238314321956009,
    "rmse": 5.340705882916949,
    "r2": 0.9782373948750285,
    "mape": 7.774322024219901
  },
  "cv_mae": {
    "xgboost": 2.141430580079439,
    "lightgbm": 2.332653096225793,
    "catboost": 3.4223910606456807,
    "rf": 2.2848166382938335,
    "gb": 2.362560178391738,
    "ridge": 10.670299168302284,
    "linear": 9.65595574990561
  },
  "test_mae_all": {
    "xgboost": 3.238314321956009,
    "lightgbm": 3.993760152199889,
    "catboost": 4.765431194079777,
    "rf": 5.5066252587942754,
    "gb": 4.43075237433852,
    "ridge": 10.210402322479556,
    "linear": 8.802015267446045
  },
  "historical_best_cv_mae": 2.0564814707537686,
  "is_new_historical_best": false,
  "features": [
    "pm2_5",
    "pm10",
    "co",
    "no2",
    "so2",
    "month_cos",
    "total_pm",
    "total_gases",
    "no2_o3_ratio",
    "pm2_5_rolling_3h",
    "pm10_rolling_3h",
    "co_rolling_3h",
    "pm2_5_co_interaction",
    "hour_sin",
    "hour_cos"
  ],
  "scaler_needed": false,
  "all_models_saved": [
    "model_xgboost.pkl",
    "model_lightgbm.pkl",
    "model_catboost.pkl",
    "model_rf.pkl",
    "model_gb.pkl",
    "model_ridge.pkl",
    "model_linear.pkl"
  ],
  "all_metrics": {
    "train": {
      "xgboost": {
        "mae": 1.1180796968493676,
        "rmse": 1.9533099505459712,
        "r2": 0.999618303816081,
        "mape": 0.934846021329981
      },
      "lightgbm": {
        "mae": 0.9807741981260856,
        "rmse": 1.8912085453163132,
        "r2": 0.9996421884657302,
        "mape": 0.8166257336928208
      },
      "catboost": {
        "mae": 1.923363962266019,
        "rmse": 3.037125568573917,
        "r2": 0.9990772140168032,
        "mape": 1.5724564863435213
      },
      "rf": {
        "mae": 1.152908098978064,
        "rmse": 3.79915281769685,
        "r2": 0.998556060426223,
        "mape": 1.1264180154856982
      },
      "gb": {
        "mae": 1.4369631448401423,
        "rmse": 3.04848500357721,
        "r2": 0.999070298313041,
        "mape": 1.2261997098557396
      },
      "ridge": {
        "mae": 8.994828648661771,
        "rmse": 11.851165236805018,
        "r2": 0.9859493116876524,
        "mape": 8.247843276631855
      },
      "linear": {
        "mae": 8.673700072181031,
        "rmse": 11.50635029898571,
        "r2": 0.9867550392332937,
        "mape": 7.811607532208968
      }
    },
    "val": {
      "xgboost": {
        "mae": 2.695985062481606,
        "rmse": 8.285045431694568,
        "r2": 0.9565216473818834,
        "mape": 4.774335778884323
      },
      "lightgbm": {
        "mae": 2.9982703669451753,
        "rmse": 9.443867656406677,
        "r2": 0.9435085038868347,
        "mape": 4.898800762795708
      },
      "catboost": {
        "mae": 4.5659639957127105,
        "rmse": 10.54281489560783,
        "r2": 0.9295961425471854,
        "mape": 7.161907909938284
      },
      "rf": {
        "mae": 5.571347741726979,
        "rmse": 12.565481017192733,
        "r2": 0.8999904371951659,
        "mape": 9.387417720527056
      },
      "gb": {
        "mae": 3.353665625152956,
        "rmse": 10.248289763910728,
        "r2": 0.9334748159793936,
        "mape": 5.675825064729464
      },
      "ridge": {
        "mae": 7.130788498708863,
        "rmse": 12.212597191030982,
        "r2": 0.9055288161072772,
        "mape": 11.34808839223453
      },
      "linear": {
        "mae": 6.732001806295674,
        "rmse": 11.868820636506804,
        "r2": 0.9107725615358769,
        "mape": 10.4636230533914
      }
    },
    "test": {
      "xgboost": {
        "mae": 3.238314321956009,
        "rmse": 5.340705882916949,
        "r2": 0.9782373948750285,
        "mape": 7.774322024219901
      },
      "lightgbm": {
        "mae": 3.993760152199889,
        "rmse": 6.231421485404731,
        "r2": 0.9703729907277404,
        "mape": 9.952342115370266
      },
      "catboost": {
        "mae": 4.765431194079777,
        "rmse": 6.690404526648572,
        "r2": 0.965847829190615,
        "mape": 10.611088985451735
      },
      "rf": {
        "mae": 5.5066252587942754,
        "rmse": 7.846422991445726,
        "r2": 0.9530260596325324,
        "mape": 13.597659300742862
      },
      "gb": {
        "mae": 4.43075237433852,
        "rmse": 7.684108110858757,
        "r2": 0.9549494091060899,
        "mape": 9.594083899381408
      },
      "ridge": {
        "mae": 10.210402322479556,
        "rmse": 13.631522318474289,
        "r2": 0.8582241444980792,
        "mape": 22.280329073277283
      },
      "linear": {
        "mae": 8.802015267446045,
        "rmse": 12.111039768845613,
        "r2": 0.8880880613470641,
        "mape": 19.39378304494954
      }
    },
    "cv_mae": {
      "xgboost": 2.141430580079439,
      "lightgbm": 2.332653096225793,
      "catboost": 3.4223910606456807,
      "rf": 2.2848166382938335,
      "gb": 2.362560178391738,
      "ridge": 10.670299168302284,
      "linear": 9.65595574990561
    }
  }
}