{
  "trained_best_model": "rf",
  "new_test_metrics": {
    "mae": 3.3792582300118545,
    "rmse": 6.639192712721448,
    "r2": 0.9768620198265837,
    "mape": 10.357686801108228
  },
  "cv_mae": {
    "xgboost": 2.688792988652119,
    "lightgbm": 2.5879923586489815,
    "catboost": 3.190861813576597,
    "rf": 2.216378533246939,
    "gb": 2.3112246175017885,
    "ridge": 9.950786823591555,
    "linear": 9.34020429741799
  },
  "test_mae_all": {
    "xgboost": 3.135191591728091,
    "lightgbm": 3.1361716194306215,
    "catboost": 3.4675052247160103,
    "rf": 3.3792582300118545,
    "gb": 5.276555596715818,
    "ridge": 11.294594142425373,
    "linear": 9.651138472328716
  },
  "historical_best_cv_mae": 2.042469801781462,
  "is_new_historical_best": false,
  "features": [
    "pm2_5",
    "pm10",
    "co",
    "no2",
    "so2",
    "month_cos",
    "total_pm",
    "total_gases",
    "no2_o3_ratio",
    "pm2_5_rolling_3h",
    "pm10_rolling_3h",
    "co_rolling_3h",
    "pm2_5_co_interaction",
    "hour_sin",
    "hour_cos"
  ],
  "scaler_needed": false,
  "all_models_saved": [
    "model_xgboost.pkl",
    "model_lightgbm.pkl",
    "model_catboost.pkl",
    "model_rf.pkl",
    "model_gb.pkl",
    "model_ridge.pkl",
    "model_linear.pkl"
  ],
  "all_metrics": {
    "train": {
      "xgboost": {
        "mae": 1.8025566192522442,
        "rmse": 3.3575669608396033,
        "r2": 0.9988334273743374,
        "mape": 1.4790382149786423
      },
      "lightgbm": {
        "mae": 1.8918262130504415,
        "rmse": 3.945639760015742,
        "r2": 0.9983889935527119,
        "mape": 1.5672164457752287
      },
      "catboost": {
        "mae": 1.8656483788416462,
        "rmse": 2.9816972795709558,
        "r2": 0.999079996426936,
        "mape": 1.584273913168957
      },
      "rf": {
        "mae": 1.1764614628702539,
        "rmse": 3.886967370687233,
        "r2": 0.9984365492478173,
        "mape": 1.1534074264428555
      },
      "gb": {
        "mae": 1.4008296878739794,
        "rmse": 2.9696806438742356,
        "r2": 0.9990873969572269,
        "mape": 1.2081686065927728
      },
      "ridge": {
        "mae": 8.714602758976728,
        "rmse": 11.585302315938442,
        "r2": 0.9861108023535473,
        "mape": 8.126430405354293
      },
      "linear": {
        "mae": 8.409593742706303,
        "rmse": 11.260832986009952,
        "r2": 0.9868778967535424,
        "mape": 7.705319825305507
      }
    },
    "val": {
      "xgboost": {
        "mae": 2.7283056272219306,
        "rmse": 8.855459744918372,
        "r2": 0.9415012504196223,
        "mape": 4.547669234682656
      },
      "lightgbm": {
        "mae": 2.9075048315238794,
        "rmse": 10.43375477811793,
        "r2": 0.9187907298295553,
        "mape": 4.395928069699291
      },
      "catboost": {
        "mae": 3.2224329588029432,
        "rmse": 10.182187264532068,
        "r2": 0.9226595816714055,
        "mape": 5.272536551185123
      },
      "rf": {
        "mae": 3.535191866146697,
        "rmse": 11.948157157936322,
        "r2": 0.8935057377010373,
        "mape": 6.20929648713548
      },
      "gb": {
        "mae": 2.72375957282835,
        "rmse": 9.783068360974392,
        "r2": 0.9286038927597777,
        "mape": 4.256703731392751
      },
      "ridge": {
        "mae": 6.393409091124857,
        "rmse": 11.59611737150848,
        "r2": 0.8996887686251539,
        "mape": 10.351767951939062
      },
      "linear": {
        "mae": 6.119955789575084,
        "rmse": 11.45083394355627,
        "r2": 0.9021865471051713,
        "mape": 9.553817594569692
      }
    },
    "test": {
      "xgboost": {
        "mae": 3.135191591728091,
        "rmse": 5.377685740389607,
        "r2": 0.9848195119691393,
        "mape": 7.502636127686483
      },
      "lightgbm": {
        "mae": 3.1361716194306215,
        "rmse": 5.228686563810227,
        "r2": 0.9856490678200938,
        "mape": 7.531655445055501
      },
      "catboost": {
        "mae": 3.4675052247160103,
        "rmse": 5.817783147088985,
        "r2": 0.9822331697356479,
        "mape": 8.617294819616571
      },
      "rf": {
        "mae": 3.3792582300118545,
        "rmse": 6.639192712721448,
        "r2": 0.9768620198265837,
        "mape": 10.357686801108226
      },
      "gb": {
        "mae": 5.276555596715818,
        "rmse": 9.10415856613241,
        "r2": 0.9564914588890415,
        "mape": 8.211411815731958
      },
      "ridge": {
        "mae": 11.294594142425373,
        "rmse": 14.267741664505643,
        "r2": 0.8931424114171127,
        "mape": 22.283535569393912
      },
      "linear": {
        "mae": 9.651138472328716,
        "rmse": 12.592053743869855,
        "r2": 0.9167684404954053,
        "mape": 19.440205992258047
      }
    },
    "cv_mae": {
      "xgboost": 2.688792988652119,
      "lightgbm": 2.5879923586489815,
      "catboost": 3.190861813576597,
      "rf": 2.216378533246939,
      "gb": 2.3112246175017885,
      "ridge": 9.950786823591555,
      "linear": 9.34020429741799
    }
  }
}