{
  "trained_best_model": "rf",
  "new_test_metrics": {
    "mae": 5.02416824655838,
    "rmse": 7.658225815419155,
    "r2": 0.9550227560093244,
    "mape": 12.80336823450646
  },
  "cv_mae": {
    "xgboost": 2.722892898216173,
    "lightgbm": 2.496361472751,
    "catboost": 3.3258657250313384,
    "rf": 2.1700751188890335,
    "gb": 2.292010266855112,
    "ridge": 10.562776811763039,
    "linear": 9.775701871122706
  },
  "test_mae_all": {
    "xgboost": 3.253415512868579,
    "lightgbm": 4.409101910456271,
    "catboost": 3.811569567131054,
    "rf": 5.024168246558381,
    "gb": 4.327669278697305,
    "ridge": 10.463708578313348,
    "linear": 9.069772468981805
  },
  "historical_best_cv_mae": 2.042469801781462,
  "is_new_historical_best": false,
  "features": [
    "pm2_5",
    "pm10",
    "co",
    "no2",
    "so2",
    "month_cos",
    "total_pm",
    "total_gases",
    "no2_o3_ratio",
    "pm2_5_rolling_3h",
    "pm10_rolling_3h",
    "co_rolling_3h",
    "pm2_5_co_interaction",
    "hour_sin",
    "hour_cos"
  ],
  "scaler_needed": false,
  "all_models_saved": [
    "model_xgboost.pkl",
    "model_lightgbm.pkl",
    "model_catboost.pkl",
    "model_rf.pkl",
    "model_gb.pkl",
    "model_ridge.pkl",
    "model_linear.pkl"
  ],
  "all_metrics": {
    "train": {
      "xgboost": {
        "mae": 1.8835128072189957,
        "rmse": 3.3854775681983282,
        "r2": 0.9988450339396235,
        "mape": 1.5123644123402935
      },
      "lightgbm": {
        "mae": 1.7652377401372643,
        "rmse": 3.494867615366682,
        "r2": 0.9987691906122578,
        "mape": 1.420997834408453
      },
      "catboost": {
        "mae": 1.95163180274216,
        "rmse": 3.0827402680641587,
        "r2": 0.9990423579404232,
        "mape": 1.6005167711780395
      },
      "rf": {
        "mae": 1.1562265736195627,
        "rmse": 3.847278092459214,
        "r2": 0.9985084545204145,
        "mape": 1.1277846927339985
      },
      "gb": {
        "mae": 1.372573964044215,
        "rmse": 2.943826145778963,
        "r2": 0.9991267197112444,
        "mape": 1.17367967631261
      },
      "ridge": {
        "mae": 8.974356269992727,
        "rmse": 11.816359052316363,
        "r2": 0.9859299157097066,
        "mape": 8.24560305408312
      },
      "linear": {
        "mae": 8.638881740722464,
        "rmse": 11.459050382822884,
        "r2": 0.9867679662768231,
        "mape": 7.794449736645963
      }
    },
    "val": {
      "xgboost": {
        "mae": 2.7312156794822378,
        "rmse": 9.078961531008789,
        "r2": 0.9378450344458514,
        "mape": 4.871821938623536
      },
      "lightgbm": {
        "mae": 3.0961972745831674,
        "rmse": 10.21221000795136,
        "r2": 0.9213600999743892,
        "mape": 5.044830184452484
      },
      "catboost": {
        "mae": 3.6710431114559037,
        "rmse": 10.558962368726302,
        "r2": 0.9159290485536155,
        "mape": 6.04613522862497
      },
      "rf": {
        "mae": 5.329938650627114,
        "rmse": 12.53969882926885,
        "r2": 0.8814292163300812,
        "mape": 8.954719388487153
      },
      "gb": {
        "mae": 3.021975157532365,
        "rmse": 9.980737473342945,
        "r2": 0.9248846417388991,
        "mape": 5.089367429265714
      },
      "ridge": {
        "mae": 6.818164387890322,
        "rmse": 11.90104846174769,
        "r2": 0.8931993426894809,
        "mape": 11.171024266388649
      },
      "linear": {
        "mae": 6.43862997200332,
        "rmse": 11.62048178729386,
        "r2": 0.8981756264289773,
        "mape": 10.207158048997165
      }
    },
    "test": {
      "xgboost": {
        "mae": 3.253415512868579,
        "rmse": 5.771245662895071,
        "r2": 0.9744567810277018,
        "mape": 8.535621431669954
      },
      "lightgbm": {
        "mae": 4.409101910456271,
        "rmse": 7.374943162901238,
        "r2": 0.9582886871477034,
        "mape": 10.102763443748803
      },
      "catboost": {
        "mae": 3.811569567131054,
        "rmse": 6.157812992333499,
        "r2": 0.9709203285610079,
        "mape": 9.23917705831748
      },
      "rf": {
        "mae": 5.024168246558381,
        "rmse": 7.658225815419155,
        "r2": 0.9550227560093244,
        "mape": 12.803368234506463
      },
      "gb": {
        "mae": 4.327669278697305,
        "rmse": 7.468103755596312,
        "r2": 0.9572282332145838,
        "mape": 9.232611204959992
      },
      "ridge": {
        "mae": 10.463708578313348,
        "rmse": 13.745672167940889,
        "r2": 0.8550999725477761,
        "mape": 22.59756385484903
      },
      "linear": {
        "mae": 9.069772468981805,
        "rmse": 12.2594556122176,
        "r2": 0.8847399310300585,
        "mape": 19.712672327695287
      }
    },
    "cv_mae": {
      "xgboost": 2.722892898216173,
      "lightgbm": 2.496361472751,
      "catboost": 3.3258657250313384,
      "rf": 2.1700751188890335,
      "gb": 2.292010266855112,
      "ridge": 10.562776811763039,
      "linear": 9.775701871122706
    }
  }
}