{
  "trained_best_model": "rf",
  "new_test_metrics": {
    "mae": 3.2765359145339517,
    "rmse": 6.440522073365626,
    "r2": 0.9784241064173343,
    "mape": 10.01914076673858
  },
  "cv_mae": {
    "xgboost": 2.6944812472319186,
    "lightgbm": 2.594046081049076,
    "catboost": 3.196790037353563,
    "rf": 2.251700349230055,
    "gb": 2.365036791490178,
    "ridge": 9.93997914013121,
    "linear": 9.335263088036395
  },
  "test_mae_all": {
    "xgboost": 3.236217951536519,
    "lightgbm": 4.431555413114696,
    "catboost": 3.7683987080799595,
    "rf": 3.2765359145339508,
    "gb": 5.5163786278195,
    "ridge": 11.344969258016123,
    "linear": 9.69588275836216
  },
  "historical_best_cv_mae": 2.042469801781462,
  "is_new_historical_best": false,
  "features": [
    "pm2_5",
    "pm10",
    "co",
    "no2",
    "so2",
    "month_cos",
    "total_pm",
    "total_gases",
    "no2_o3_ratio",
    "pm2_5_rolling_3h",
    "pm10_rolling_3h",
    "co_rolling_3h",
    "pm2_5_co_interaction",
    "hour_sin",
    "hour_cos"
  ],
  "scaler_needed": false,
  "all_models_saved": [
    "model_xgboost.pkl",
    "model_lightgbm.pkl",
    "model_catboost.pkl",
    "model_rf.pkl",
    "model_gb.pkl",
    "model_ridge.pkl",
    "model_linear.pkl"
  ],
  "all_metrics": {
    "train": {
      "xgboost": {
        "mae": 1.8916027701453142,
        "rmse": 3.552141770626441,
        "r2": 0.9986942508363819,
        "mape": 1.5454915375440983
      },
      "lightgbm": {
        "mae": 1.64914598104881,
        "rmse": 3.2934391183668192,
        "r2": 0.998877520407126,
        "mape": 1.3580298957962882
      },
      "catboost": {
        "mae": 1.9011961167247842,
        "rmse": 3.017947435553303,
        "r2": 0.999057454080834,
        "mape": 1.5977646784667492
      },
      "rf": {
        "mae": 1.179230429375249,
        "rmse": 3.8937020378243643,
        "r2": 0.998431066255802,
        "mape": 1.156491006455937
      },
      "gb": {
        "mae": 1.4174495895999395,
        "rmse": 2.9951957939881333,
        "r2": 0.9990716118054527,
        "mape": 1.2302126879172
      },
      "ridge": {
        "mae": 8.712390205110609,
        "rmse": 11.581497342752922,
        "r2": 0.9861193885136849,
        "mape": 8.130726896361315
      },
      "linear": {
        "mae": 8.407140512422442,
        "rmse": 11.257338576618565,
        "r2": 0.9868855334048178,
        "mape": 7.709052819782893
      }
    },
    "val": {
      "xgboost": {
        "mae": 2.9266220641462772,
        "rmse": 9.404552914256374,
        "r2": 0.9341199491303065,
        "mape": 5.046713624360718
      },
      "lightgbm": {
        "mae": 2.7962933365039695,
        "rmse": 10.278897291360181,
        "r2": 0.9213007361057074,
        "mape": 4.378838492249829
      },
      "catboost": {
        "mae": 3.1924716111714786,
        "rmse": 9.359526749908959,
        "r2": 0.9347492666719943,
        "mape": 5.592692907568665
      },
      "rf": {
        "mae": 3.399138841064604,
        "rmse": 11.86897076841807,
        "r2": 0.8950690178983344,
        "mape": 5.9346407028539865
      },
      "gb": {
        "mae": 2.701786571182106,
        "rmse": 9.901410865990737,
        "r2": 0.9269749636768491,
        "mape": 4.076217654196031
      },
      "ridge": {
        "mae": 6.375400725293904,
        "rmse": 11.588017198477134,
        "r2": 0.8999779205204297,
        "mape": 10.34428280578116
      },
      "linear": {
        "mae": 6.093095602862942,
        "rmse": 11.439527741339074,
        "r2": 0.9025248731944627,
        "mape": 9.53330786594157
      }
    },
    "test": {
      "xgboost": {
        "mae": 3.236217951536519,
        "rmse": 5.693100332128878,
        "r2": 0.9831412907527658,
        "mape": 8.345705041178013
      },
      "lightgbm": {
        "mae": 4.431555413114696,
        "rmse": 7.200452487652885,
        "r2": 0.9730321562373724,
        "mape": 8.298260517341078
      },
      "catboost": {
        "mae": 3.7683987080799595,
        "rmse": 6.139949857690051,
        "r2": 0.980390961721154,
        "mape": 9.293397452941488
      },
      "rf": {
        "mae": 3.2765359145339508,
        "rmse": 6.440522073365627,
        "r2": 0.9784241064173343,
        "mape": 10.01914076673858
      },
      "gb": {
        "mae": 5.5163786278195,
        "rmse": 9.451716084779354,
        "r2": 0.9535326419833839,
        "mape": 7.97602295690194
      },
      "ridge": {
        "mae": 11.344969258016123,
        "rmse": 14.303010844937043,
        "r2": 0.8935902111898443,
        "mape": 22.308280231312562
      },
      "linear": {
        "mae": 9.69588275836216,
        "rmse": 12.623535210897295,
        "r2": 0.9171125771071322,
        "mape": 19.463683937835203
      }
    },
    "cv_mae": {
      "xgboost": 2.6944812472319186,
      "lightgbm": 2.594046081049076,
      "catboost": 3.196790037353563,
      "rf": 2.251700349230055,
      "gb": 2.365036791490178,
      "ridge": 9.93997914013121,
      "linear": 9.335263088036395
    }
  }
}