{
  "trained_best_model": "rf",
  "new_test_metrics": {
    "mae": 4.602380406937784,
    "rmse": 7.5424149349780345,
    "r2": 0.9580569575765345,
    "mape": 12.311164312475448
  },
  "cv_mae": {
    "xgboost": 2.694499444308346,
    "lightgbm": 2.4544827100945215,
    "catboost": 3.2917525869374487,
    "rf": 2.1316766994804155,
    "gb": 2.3006160764846686,
    "ridge": 10.192966219058794,
    "linear": 9.338782370680976
  },
  "test_mae_all": {
    "xgboost": 3.480255649909483,
    "lightgbm": 4.23875173026463,
    "catboost": 3.8964636054429116,
    "rf": 4.602380406937784,
    "gb": 3.6514660728943307,
    "ridge": 10.526111754066365,
    "linear": 9.141459395470312
  },
  "historical_best_cv_mae": 2.042469801781462,
  "is_new_historical_best": false,
  "features": [
    "pm2_5",
    "pm10",
    "co",
    "no2",
    "so2",
    "month_cos",
    "total_pm",
    "total_gases",
    "no2_o3_ratio",
    "pm2_5_rolling_3h",
    "pm10_rolling_3h",
    "co_rolling_3h",
    "pm2_5_co_interaction",
    "hour_sin",
    "hour_cos"
  ],
  "scaler_needed": false,
  "all_models_saved": [
    "model_xgboost.pkl",
    "model_lightgbm.pkl",
    "model_catboost.pkl",
    "model_rf.pkl",
    "model_gb.pkl",
    "model_ridge.pkl",
    "model_linear.pkl"
  ],
  "all_metrics": {
    "train": {
      "xgboost": {
        "mae": 1.8481910332930453,
        "rmse": 3.369068415195917,
        "r2": 0.9988584939688758,
        "mape": 1.485930374037535
      },
      "lightgbm": {
        "mae": 1.5569467874325473,
        "rmse": 3.0518456289903475,
        "r2": 0.9990633363338889,
        "mape": 1.2774621113464395
      },
      "catboost": {
        "mae": 1.9064430959673557,
        "rmse": 3.0150877576576103,
        "r2": 0.999085763692618,
        "mape": 1.5644438101032392
      },
      "rf": {
        "mae": 1.1540688785112532,
        "rmse": 3.840223277802524,
        "r2": 0.9985168963573862,
        "mape": 1.128253625018781
      },
      "gb": {
        "mae": 1.4059635194436981,
        "rmse": 2.950688285044832,
        "r2": 0.9991244010848324,
        "mape": 1.2079463516670401
      },
      "ridge": {
        "mae": 8.90470629795481,
        "rmse": 11.770178619538674,
        "r2": 0.9860676409819894,
        "mape": 8.206657679051919
      },
      "linear": {
        "mae": 8.579581726021683,
        "rmse": 11.42367711335662,
        "r2": 0.9868758740742719,
        "mape": 7.767485542513876
      }
    },
    "val": {
      "xgboost": {
        "mae": 2.8890096433630816,
        "rmse": 9.218043918455974,
        "r2": 0.9363411213635979,
        "mape": 5.215365286855693
      },
      "lightgbm": {
        "mae": 3.0196616294922975,
        "rmse": 10.207884794035708,
        "r2": 0.9219356122008875,
        "mape": 5.0232601868997
      },
      "catboost": {
        "mae": 3.465765924440021,
        "rmse": 10.4431540239128,
        "r2": 0.918295720415436,
        "mape": 5.931781648289741
      },
      "rf": {
        "mae": 5.013605713173296,
        "rmse": 12.475589672722263,
        "r2": 0.8833986435579508,
        "mape": 8.489004074887173
      },
      "gb": {
        "mae": 2.7019713137844663,
        "rmse": 9.48454570981281,
        "r2": 0.9326070439654474,
        "mape": 4.342322600742925
      },
      "ridge": {
        "mae": 6.729656859315185,
        "rmse": 11.875405788341872,
        "r2": 0.8943478460593872,
        "mape": 10.93271431250634
      },
      "linear": {
        "mae": 6.389080915340228,
        "rmse": 11.604198015569382,
        "r2": 0.899118460679519,
        "mape": 10.022654876425655
      }
    },
    "test": {
      "xgboost": {
        "mae": 3.480255649909483,
        "rmse": 6.11309168980929,
        "r2": 0.9724475065594951,
        "mape": 9.20386538780704
      },
      "lightgbm": {
        "mae": 4.23875173026463,
        "rmse": 7.090582865770011,
        "r2": 0.9629316750210604,
        "mape": 9.374045593484318
      },
      "catboost": {
        "mae": 3.8964636054429116,
        "rmse": 6.285520823349953,
        "r2": 0.9708712648279769,
        "mape": 9.791055388711758
      },
      "rf": {
        "mae": 4.602380406937784,
        "rmse": 7.5424149349780345,
        "r2": 0.9580569575765345,
        "mape": 12.31116431247545
      },
      "gb": {
        "mae": 3.6514660728943307,
        "rmse": 6.379166536158489,
        "r2": 0.9699968420520045,
        "mape": 7.788133058266659
      },
      "ridge": {
        "mae": 10.526111754066365,
        "rmse": 13.745253823974739,
        "r2": 0.8607020849251377,
        "mape": 22.506484662544104
      },
      "linear": {
        "mae": 9.141459395470312,
        "rmse": 12.272153180284766,
        "r2": 0.8889597008723917,
        "mape": 19.696929093751407
      }
    },
    "cv_mae": {
      "xgboost": 2.694499444308346,
      "lightgbm": 2.4544827100945215,
      "catboost": 3.2917525869374487,
      "rf": 2.1316766994804155,
      "gb": 2.3006160764846686,
      "ridge": 10.192966219058794,
      "linear": 9.338782370680976
    }
  }
}