{
  "trained_best_model": "rf",
  "new_test_metrics": {
    "mae": 5.3870621220305335,
    "rmse": 7.727596679674562,
    "r2": 0.9541819101231688,
    "mape": 13.308175653192237
  },
  "cv_mae": {
    "xgboost": 2.795610300202192,
    "lightgbm": 2.5025917686546584,
    "catboost": 3.518320782791487,
    "rf": 2.1369224867341687,
    "gb": 2.2497141780712107,
    "ridge": 10.67958151748557,
    "linear": 9.922828408498102
  },
  "test_mae_all": {
    "xgboost": 3.6500086758514274,
    "lightgbm": 4.096214420503432,
    "catboost": 4.100201281438591,
    "rf": 5.387062122030533,
    "gb": 4.2130798643506155,
    "ridge": 10.379909625562249,
    "linear": 8.962470116097412
  },
  "historical_best_cv_mae": 2.042469801781462,
  "is_new_historical_best": false,
  "features": [
    "pm2_5",
    "pm10",
    "co",
    "no2",
    "so2",
    "month_cos",
    "total_pm",
    "total_gases",
    "no2_o3_ratio",
    "pm2_5_rolling_3h",
    "pm10_rolling_3h",
    "co_rolling_3h",
    "pm2_5_co_interaction",
    "hour_sin",
    "hour_cos"
  ],
  "scaler_needed": false,
  "all_models_saved": [
    "model_xgboost.pkl",
    "model_lightgbm.pkl",
    "model_catboost.pkl",
    "model_rf.pkl",
    "model_gb.pkl",
    "model_ridge.pkl",
    "model_linear.pkl"
  ],
  "all_metrics": {
    "train": {
      "xgboost": {
        "mae": 1.9860722640722466,
        "rmse": 3.685501057719411,
        "r2": 0.9986394368626426,
        "mape": 1.5808640429481664
      },
      "lightgbm": {
        "mae": 1.5870903799817517,
        "rmse": 3.08321912032851,
        "r2": 0.9990477863541172,
        "mape": 1.292952776827212
      },
      "catboost": {
        "mae": 1.9447985484470336,
        "rmse": 3.0368019106949764,
        "r2": 0.9990762412868779,
        "mape": 1.5837588340536564
      },
      "rf": {
        "mae": 1.1486297175082127,
        "rmse": 3.816070016767304,
        "r2": 0.9985413258428433,
        "mape": 1.1196360658000921
      },
      "gb": {
        "mae": 1.4007889272355403,
        "rmse": 2.9782833042502763,
        "r2": 0.999111499587751,
        "mape": 1.1966911235820352
      },
      "ridge": {
        "mae": 9.007580430070263,
        "rmse": 11.840601279790413,
        "r2": 0.9859565719456296,
        "mape": 8.266484163656605
      },
      "linear": {
        "mae": 8.672319154325514,
        "rmse": 11.48239172657496,
        "r2": 0.9867934208769776,
        "mape": 7.815426433525037
      }
    },
    "val": {
      "xgboost": {
        "mae": 2.7948839501158833,
        "rmse": 9.529841952050763,
        "r2": 0.9316955653383426,
        "mape": 5.066608147918795
      },
      "lightgbm": {
        "mae": 2.94896386746921,
        "rmse": 9.877103172490168,
        "r2": 0.9266269309008478,
        "mape": 4.840542088122322
      },
      "catboost": {
        "mae": 3.8656718195131843,
        "rmse": 10.428252832837021,
        "r2": 0.9182099245048405,
        "mape": 6.184086965945381
      },
      "rf": {
        "mae": 5.5201147909802835,
        "rmse": 12.533817609197092,
        "r2": 0.8818471379617664,
        "mape": 9.248473537895276
      },
      "gb": {
        "mae": 2.920022106645709,
        "rmse": 10.081270957625858,
        "r2": 0.9235622173980738,
        "mape": 4.734779794240488
      },
      "ridge": {
        "mae": 6.8425769551117135,
        "rmse": 11.936691864735588,
        "r2": 0.8928368499805394,
        "mape": 11.216804565791595
      },
      "linear": {
        "mae": 6.5066337257925095,
        "rmse": 11.668677626432636,
        "r2": 0.8975950881257295,
        "mape": 10.322868460089216
      }
    },
    "test": {
      "xgboost": {
        "mae": 3.6500086758514274,
        "rmse": 6.631633131454154,
        "r2": 0.9662565820964168,
        "mape": 9.57837943204419
      },
      "lightgbm": {
        "mae": 4.096214420503432,
        "rmse": 6.730302325631445,
        "r2": 0.9652450048866622,
        "mape": 9.077493798185868
      },
      "catboost": {
        "mae": 4.100201281438591,
        "rmse": 6.419497968437643,
        "r2": 0.9683808481045046,
        "mape": 9.783214050251217
      },
      "rf": {
        "mae": 5.387062122030533,
        "rmse": 7.727596679674562,
        "r2": 0.9541819101231688,
        "mape": 13.308175653192237
      },
      "gb": {
        "mae": 4.2130798643506155,
        "rmse": 7.780198468027422,
        "r2": 0.9535560192042328,
        "mape": 8.568836266881503
      },
      "ridge": {
        "mae": 10.379909625562249,
        "rmse": 13.7262423581079,
        "r2": 0.8554389110849464,
        "mape": 22.491690296933438
      },
      "linear": {
        "mae": 8.962470116097412,
        "rmse": 12.216943738292468,
        "r2": 0.8854821375324659,
        "mape": 19.577984664179635
      }
    },
    "cv_mae": {
      "xgboost": 2.795610300202192,
      "lightgbm": 2.5025917686546584,
      "catboost": 3.518320782791487,
      "rf": 2.1369224867341687,
      "gb": 2.2497141780712107,
      "ridge": 10.67958151748557,
      "linear": 9.922828408498102
    }
  }
}