{
  "trained_best_model": "rf",
  "new_test_metrics": {
    "mae": 4.942321711736619,
    "rmse": 7.653988650355794,
    "r2": 0.955073858830005,
    "mape": 12.662346839834601
  },
  "cv_mae": {
    "xgboost": 2.7216254389216057,
    "lightgbm": 2.5777280175528503,
    "catboost": 3.371627704981274,
    "rf": 2.150882445482848,
    "gb": 2.2826140041380323,
    "ridge": 10.49666002251073,
    "linear": 9.707067423002599
  },
  "test_mae_all": {
    "xgboost": 3.6094714862643906,
    "lightgbm": 4.164487545303609,
    "catboost": 4.1114413939294,
    "rf": 4.942321711736619,
    "gb": 4.049620070872337,
    "ridge": 10.466754651740416,
    "linear": 9.077464118930582
  },
  "historical_best_cv_mae": 2.042469801781462,
  "is_new_historical_best": false,
  "features": [
    "pm2_5",
    "pm10",
    "co",
    "no2",
    "so2",
    "month_cos",
    "total_pm",
    "total_gases",
    "no2_o3_ratio",
    "pm2_5_rolling_3h",
    "pm10_rolling_3h",
    "co_rolling_3h",
    "pm2_5_co_interaction",
    "hour_sin",
    "hour_cos"
  ],
  "scaler_needed": false,
  "all_models_saved": [
    "model_xgboost.pkl",
    "model_lightgbm.pkl",
    "model_catboost.pkl",
    "model_rf.pkl",
    "model_gb.pkl",
    "model_ridge.pkl",
    "model_linear.pkl"
  ],
  "all_metrics": {
    "train": {
      "xgboost": {
        "mae": 2.089965689983231,
        "rmse": 3.905422387171427,
        "r2": 0.9984634697271286,
        "mape": 1.6733061563344758
      },
      "lightgbm": {
        "mae": 1.582792146222949,
        "rmse": 3.1089506680704604,
        "r2": 0.9990262829829634,
        "mape": 1.2918509410592078
      },
      "catboost": {
        "mae": 1.9513887062461375,
        "rmse": 3.0675075928580777,
        "r2": 0.9990520697313817,
        "mape": 1.5892359779583827
      },
      "rf": {
        "mae": 1.1527258617004832,
        "rmse": 3.8165912993911353,
        "r2": 0.9985325733227968,
        "mape": 1.1230771865856244
      },
      "gb": {
        "mae": 1.3968409858874393,
        "rmse": 2.990587030040052,
        "r2": 0.9990990141109807,
        "mape": 1.1871967532627472
      },
      "ridge": {
        "mae": 8.970684620208877,
        "rmse": 11.814600082473998,
        "r2": 0.9859381277060363,
        "mape": 8.24290544647694
      },
      "linear": {
        "mae": 8.634614734306233,
        "rmse": 11.457149442744477,
        "r2": 0.9867761396544782,
        "mape": 7.791367173590161
      }
    },
    "val": {
      "xgboost": {
        "mae": 2.9571383903015693,
        "rmse": 9.70407502890941,
        "r2": 0.9289779746627317,
        "mape": 5.35983814265528
      },
      "lightgbm": {
        "mae": 2.8415599414694483,
        "rmse": 9.963692137653604,
        "r2": 0.9251269781185495,
        "mape": 4.784141259579433
      },
      "catboost": {
        "mae": 3.751417796326796,
        "rmse": 10.346459946820902,
        "r2": 0.9192637965506906,
        "mape": 6.25009035798862
      },
      "rf": {
        "mae": 5.270939611286419,
        "rmse": 12.551092414456207,
        "r2": 0.8811914170040749,
        "mape": 8.848267612339216
      },
      "gb": {
        "mae": 2.7433288109056213,
        "rmse": 10.029047800023461,
        "r2": 0.9241415151733332,
        "mape": 4.5165979722064655
      },
      "ridge": {
        "mae": 6.812552259271297,
        "rmse": 11.900564068776356,
        "r2": 0.8931880472188697,
        "mape": 11.161078474416856
      },
      "linear": {
        "mae": 6.440186579341648,
        "rmse": 11.620871753564613,
        "r2": 0.8981497314806349,
        "mape": 10.208533408152261
      }
    },
    "test": {
      "xgboost": {
        "mae": 3.6094714862643906,
        "rmse": 6.347452113065979,
        "r2": 0.9691025700784298,
        "mape": 9.722031762852595
      },
      "lightgbm": {
        "mae": 4.164487545303609,
        "rmse": 7.126083820759447,
        "r2": 0.9610573642450082,
        "mape": 9.538910171131974
      },
      "catboost": {
        "mae": 4.1114413939294,
        "rmse": 6.681971594161391,
        "r2": 0.9657600801191413,
        "mape": 9.915911913210316
      },
      "rf": {
        "mae": 4.942321711736619,
        "rmse": 7.653988650355794,
        "r2": 0.955073858830005,
        "mape": 12.662346839834601
      },
      "gb": {
        "mae": 4.049620070872337,
        "rmse": 7.373503442275964,
        "r2": 0.958306220592622,
        "mape": 8.463824051540652
      },
      "ridge": {
        "mae": 10.466754651740416,
        "rmse": 13.743777916285133,
        "r2": 0.8551442472393442,
        "mape": 22.595736184905675
      },
      "linear": {
        "mae": 9.077464118930582,
        "rmse": 12.259750347884252,
        "r2": 0.8847378430044219,
        "mape": 19.718776420024025
      }
    },
    "cv_mae": {
      "xgboost": 2.7216254389216057,
      "lightgbm": 2.5777280175528503,
      "catboost": 3.371627704981274,
      "rf": 2.150882445482848,
      "gb": 2.2826140041380323,
      "ridge": 10.49666002251073,
      "linear": 9.707067423002599
    }
  }
}