{
  "trained_best_model": "gb",
  "new_test_metrics": {
    "mae": 7.252368914188875,
    "rmse": 10.306681582500312,
    "r2": 0.9521777890589601,
    "mape": 10.974040142358646
  },
  "cv_mae": {
    "xgboost": 2.6234871481729347,
    "lightgbm": 2.473361380658498,
    "catboost": 3.211549264454915,
    "rf": 2.242229022278457,
    "gb": 2.1583385243627298,
    "ridge": 9.873778083833765,
    "linear": 8.982266784372243
  },
  "test_mae_all": {
    "xgboost": 3.055704533118494,
    "lightgbm": 4.620596869365022,
    "catboost": 3.528595903340914,
    "rf": 3.1508119636572816,
    "gb": 7.252368914188875,
    "ridge": 11.634948507367044,
    "linear": 10.017473969298706
  },
  "historical_best_cv_mae": 2.042469801781462,
  "is_new_historical_best": false,
  "features": [
    "pm2_5",
    "pm10",
    "co",
    "no2",
    "so2",
    "month_cos",
    "total_pm",
    "total_gases",
    "no2_o3_ratio",
    "pm2_5_rolling_3h",
    "pm10_rolling_3h",
    "co_rolling_3h",
    "pm2_5_co_interaction",
    "hour_sin",
    "hour_cos"
  ],
  "scaler_needed": false,
  "all_models_saved": [
    "model_xgboost.pkl",
    "model_lightgbm.pkl",
    "model_catboost.pkl",
    "model_rf.pkl",
    "model_gb.pkl",
    "model_ridge.pkl",
    "model_linear.pkl"
  ],
  "all_metrics": {
    "train": {
      "xgboost": {
        "mae": 1.7999029979158365,
        "rmse": 3.3808720364025913,
        "r2": 0.9987768092739385,
        "mape": 1.5015754669407926
      },
      "lightgbm": {
        "mae": 1.6574989479758975,
        "rmse": 3.3310634426653736,
        "r2": 0.9988125850255307,
        "mape": 1.3910399503991209
      },
      "catboost": {
        "mae": 1.8861218459589537,
        "rmse": 3.0385711338848362,
        "r2": 0.9990119577214134,
        "mape": 1.6118064398740009
      },
      "rf": {
        "mae": 1.1872850582348347,
        "rmse": 3.8857367705021417,
        "r2": 0.9983842153903553,
        "mape": 1.17308405607356
      },
      "gb": {
        "mae": 1.3962667442714327,
        "rmse": 2.9923996825581227,
        "r2": 0.9990417564315794,
        "mape": 1.2105827897029333
      },
      "ridge": {
        "mae": 8.590313287544907,
        "rmse": 11.462864873173142,
        "r2": 0.9859387782008968,
        "mape": 8.095971128950502
      },
      "linear": {
        "mae": 8.299027133066357,
        "rmse": 11.142524097599201,
        "r2": 0.9867137054279077,
        "mape": 7.689707689365857
      }
    },
    "val": {
      "xgboost": {
        "mae": 2.765088913103217,
        "rmse": 8.965558908407186,
        "r2": 0.9396831578626905,
        "mape": 4.558638475878117
      },
      "lightgbm": {
        "mae": 3.0181748683863914,
        "rmse": 10.173528896702779,
        "r2": 0.9223346854977337,
        "mape": 4.682529637551144
      },
      "catboost": {
        "mae": 3.0460335679986366,
        "rmse": 8.96698363463857,
        "r2": 0.9396639863160922,
        "mape": 5.058879966030177
      },
      "rf": {
        "mae": 3.2471342428157506,
        "rmse": 11.765857535943569,
        "r2": 0.8961202178129741,
        "mape": 5.522396883524873
      },
      "gb": {
        "mae": 4.682582988605345,
        "rmse": 10.041675983063724,
        "r2": 0.9243347856257023,
        "mape": 7.231048121848301
      },
      "ridge": {
        "mae": 6.281362444431261,
        "rmse": 11.52191206994001,
        "r2": 0.9003831115385945,
        "mape": 10.148270270117768
      },
      "linear": {
        "mae": 5.93943644801699,
        "rmse": 11.375720242897984,
        "r2": 0.9028949836856888,
        "mape": 9.286334277064462
      }
    },
    "test": {
      "xgboost": {
        "mae": 3.055704533118494,
        "rmse": 5.0529341714344,
        "r2": 0.9885057877241872,
        "mape": 7.287913726168692
      },
      "lightgbm": {
        "mae": 4.620596869365022,
        "rmse": 6.922525044090257,
        "r2": 0.9784264803865793,
        "mape": 8.557861466854593
      },
      "catboost": {
        "mae": 3.528595903340914,
        "rmse": 5.773746718022434,
        "r2": 0.9849925332621752,
        "mape": 8.374425155421648
      },
      "rf": {
        "mae": 3.1508119636572816,
        "rmse": 6.116940135431816,
        "r2": 0.9831554119984718,
        "mape": 9.498896136651393
      },
      "gb": {
        "mae": 7.252368914188875,
        "rmse": 10.306681582500312,
        "r2": 0.9521777890589601,
        "mape": 10.974040142358646
      },
      "ridge": {
        "mae": 11.634948507367044,
        "rmse": 14.458564727216693,
        "r2": 0.9058885857462019,
        "mape": 22.410452838633873
      },
      "linear": {
        "mae": 10.017473969298706,
        "rmse": 12.800044425338022,
        "r2": 0.9262410226636771,
        "mape": 19.672487918763835
      }
    },
    "cv_mae": {
      "xgboost": 2.6234871481729347,
      "lightgbm": 2.473361380658498,
      "catboost": 3.211549264454915,
      "rf": 2.242229022278457,
      "gb": 2.1583385243627298,
      "ridge": 9.873778083833765,
      "linear": 8.982266784372243
    }
  }
}