{
  "trained_best_model": "xgboost",
  "new_test_metrics": {
    "mae": 3.2236046855017735,
    "rmse": 5.404371797867904,
    "r2": 0.9777157174082681,
    "mape": 8.319498719997249
  },
  "cv_mae": {
    "xgboost": 2.1405708940061805,
    "lightgbm": 2.282009570378065,
    "catboost": 3.5680092485635035,
    "rf": 2.299972097208328,
    "gb": 2.3777342921312146,
    "ridge": 10.702630719057819,
    "linear": 9.687856102712528
  },
  "test_mae_all": {
    "xgboost": 3.2236046855017735,
    "lightgbm": 3.731903893560442,
    "catboost": 4.623958359856375,
    "rf": 5.503641217998594,
    "gb": 4.406284883508992,
    "ridge": 10.200380783747132,
    "linear": 8.789292273103582
  },
  "historical_best_cv_mae": 2.0564814707537686,
  "is_new_historical_best": false,
  "features": [
    "pm2_5",
    "pm10",
    "co",
    "no2",
    "so2",
    "month_cos",
    "total_pm",
    "total_gases",
    "no2_o3_ratio",
    "pm2_5_rolling_3h",
    "pm10_rolling_3h",
    "co_rolling_3h",
    "pm2_5_co_interaction",
    "hour_sin",
    "hour_cos"
  ],
  "scaler_needed": false,
  "all_models_saved": [
    "model_xgboost.pkl",
    "model_lightgbm.pkl",
    "model_catboost.pkl",
    "model_rf.pkl",
    "model_gb.pkl",
    "model_ridge.pkl",
    "model_linear.pkl"
  ],
  "all_metrics": {
    "train": {
      "xgboost": {
        "mae": 1.1227098469320498,
        "rmse": 1.9552514344914624,
        "r2": 0.9996175466999317,
        "mape": 0.9477783647959289
      },
      "lightgbm": {
        "mae": 0.9840322881862194,
        "rmse": 1.8864042828961736,
        "r2": 0.9996440059545039,
        "mape": 0.8223097326543303
      },
      "catboost": {
        "mae": 1.9703301116368208,
        "rmse": 3.0779593344963287,
        "r2": 0.9990522387642627,
        "mape": 1.6078619083922818
      },
      "rf": {
        "mae": 1.156819443252809,
        "rmse": 3.7987174447688505,
        "r2": 0.9985563990185656,
        "mape": 1.133010901672925
      },
      "gb": {
        "mae": 1.4339036263423484,
        "rmse": 3.03725116251808,
        "r2": 0.9990771425973979,
        "mape": 1.2270336894250196
      },
      "ridge": {
        "mae": 8.991880962948901,
        "rmse": 11.850456300670219,
        "r2": 0.9859510672837916,
        "mape": 8.247311715171314
      },
      "linear": {
        "mae": 8.670752245890753,
        "rmse": 11.50511019423107,
        "r2": 0.9867579643862551,
        "mape": 7.81134578469622
      }
    },
    "val": {
      "xgboost": {
        "mae": 2.836659359605345,
        "rmse": 8.586815266952938,
        "r2": 0.9537635855397719,
        "mape": 4.948767523319229
      },
      "lightgbm": {
        "mae": 2.91662140924794,
        "rmse": 9.104220888433051,
        "r2": 0.9480236856023335,
        "mape": 4.827220686262824
      },
      "catboost": {
        "mae": 4.409695589220559,
        "rmse": 10.237147951462768,
        "r2": 0.9342829789912488,
        "mape": 6.692486754453454
      },
      "rf": {
        "mae": 5.568326675602412,
        "rmse": 12.573677206708105,
        "r2": 0.900861002657533,
        "mape": 9.348408818330162
      },
      "gb": {
        "mae": 3.2382779769945995,
        "rmse": 10.10381495366397,
        "r2": 0.9359836842712511,
        "mape": 5.53568200070994
      },
      "ridge": {
        "mae": 7.180574290021513,
        "rmse": 12.268977542290726,
        "r2": 0.905607681933024,
        "mape": 11.361045884004998
      },
      "linear": {
        "mae": 6.777132899301019,
        "rmse": 11.919212938964755,
        "r2": 0.9109128499734306,
        "mape": 10.47414526593718
      }
    },
    "test": {
      "xgboost": {
        "mae": 3.2236046855017735,
        "rmse": 5.404371797867904,
        "r2": 0.9777157174082681,
        "mape": 8.319498719997249
      },
      "lightgbm": {
        "mae": 3.731903893560442,
        "rmse": 5.6149023457069065,
        "r2": 0.9759457049319029,
        "mape": 9.011209606739365
      },
      "catboost": {
        "mae": 4.623958359856375,
        "rmse": 6.284250051276208,
        "r2": 0.9698688897933756,
        "mape": 10.079349172412911
      },
      "rf": {
        "mae": 5.503641217998594,
        "rmse": 7.83562849009528,
        "r2": 0.9531557928822795,
        "mape": 13.521799447741891
      },
      "gb": {
        "mae": 4.406284883508992,
        "rmse": 7.493693210840425,
        "r2": 0.957155010796745,
        "mape": 9.794488415120664
      },
      "ridge": {
        "mae": 10.200380783747132,
        "rmse": 13.629388616528427,
        "r2": 0.8582702670493015,
        "mape": 22.282375021439446
      },
      "linear": {
        "mae": 8.789292273103582,
        "rmse": 12.102491582711055,
        "r2": 0.8882473584031569,
        "mape": 19.39015143452045
      }
    },
    "cv_mae": {
      "xgboost": 2.1405708940061805,
      "lightgbm": 2.282009570378065,
      "catboost": 3.5680092485635035,
      "rf": 2.299972097208328,
      "gb": 2.3777342921312146,
      "ridge": 10.702630719057819,
      "linear": 9.687856102712528
    }
  }
}