{
  "trained_best_model": "rf",
  "new_test_metrics": {
    "mae": 3.6839530522461876,
    "rmse": 6.834834976087559,
    "r2": 0.9721573531839326,
    "mape": 10.678325406092673
  },
  "cv_mae": {
    "xgboost": 2.6305421560477837,
    "lightgbm": 2.4065675653344885,
    "catboost": 3.0786959045633013,
    "rf": 2.1152492488125256,
    "gb": 2.2258395651386413,
    "ridge": 9.809483420541731,
    "linear": 9.16403158570498
  },
  "test_mae_all": {
    "xgboost": 3.313721863315381,
    "lightgbm": 3.539288791122625,
    "catboost": 3.847858201572018,
    "rf": 3.6839530522461885,
    "gb": 5.001410782146805,
    "ridge": 10.735079816945515,
    "linear": 9.251686917237558
  },
  "historical_best_cv_mae": 2.042469801781462,
  "is_new_historical_best": false,
  "features": [
    "pm2_5",
    "pm10",
    "co",
    "no2",
    "so2",
    "month_cos",
    "total_pm",
    "total_gases",
    "no2_o3_ratio",
    "pm2_5_rolling_3h",
    "pm10_rolling_3h",
    "co_rolling_3h",
    "pm2_5_co_interaction",
    "hour_sin",
    "hour_cos"
  ],
  "scaler_needed": false,
  "all_models_saved": [
    "model_xgboost.pkl",
    "model_lightgbm.pkl",
    "model_catboost.pkl",
    "model_rf.pkl",
    "model_gb.pkl",
    "model_ridge.pkl",
    "model_linear.pkl"
  ],
  "all_metrics": {
    "train": {
      "xgboost": {
        "mae": 1.83417994868732,
        "rmse": 3.3905716025816823,
        "r2": 0.99883543117179,
        "mape": 1.491665007770431
      },
      "lightgbm": {
        "mae": 1.8969655785679131,
        "rmse": 3.8247485545214963,
        "r2": 0.9985180788409638,
        "mape": 1.5615589800199856
      },
      "catboost": {
        "mae": 1.9315204878328711,
        "rmse": 3.047090420129053,
        "r2": 0.9990594324220968,
        "mape": 1.6193773855782245
      },
      "rf": {
        "mae": 1.1712546729065205,
        "rmse": 3.8747935712394423,
        "r2": 0.998479044661119,
        "mape": 1.1448730766796489
      },
      "gb": {
        "mae": 1.3851258163084275,
        "rmse": 2.9206713429500457,
        "r2": 0.9991358588240192,
        "mape": 1.1956979663151075
      },
      "ridge": {
        "mae": 8.801604228160395,
        "rmse": 11.67521503553883,
        "r2": 0.9861914175620619,
        "mape": 8.156529515701191
      },
      "linear": {
        "mae": 8.486417205108308,
        "rmse": 11.337610154527356,
        "r2": 0.9869784596839034,
        "mape": 7.728086631354664
      }
    },
    "val": {
      "xgboost": {
        "mae": 2.6838004948341685,
        "rmse": 8.84824742437614,
        "r2": 0.94164621414845,
        "mape": 4.6874666640218425
      },
      "lightgbm": {
        "mae": 2.8867022071339266,
        "rmse": 10.4846358165396,
        "r2": 0.9180665541399899,
        "mape": 4.575912694674818
      },
      "catboost": {
        "mae": 3.4972866132928653,
        "rmse": 10.088204643234926,
        "r2": 0.9241453362491004,
        "mape": 5.67406239982466
      },
      "rf": {
        "mae": 4.0402647048836515,
        "rmse": 12.15827460758494,
        "r2": 0.8898211038745,
        "mape": 6.7616341725492735
      },
      "gb": {
        "mae": 2.7004280855805076,
        "rmse": 10.040853778488396,
        "r2": 0.924855741062931,
        "mape": 4.465126926500865
      },
      "ridge": {
        "mae": 6.524551175165233,
        "rmse": 11.782995334146284,
        "r2": 0.896517733550738,
        "mape": 10.37448898932521
      },
      "linear": {
        "mae": 6.25979008784546,
        "rmse": 11.642493473767878,
        "r2": 0.8989708900626928,
        "mape": 9.605062391675787
      }
    },
    "test": {
      "xgboost": {
        "mae": 3.313721863315381,
        "rmse": 5.614666097044999,
        "r2": 0.9812110582524711,
        "mape": 7.997619561889881
      },
      "lightgbm": {
        "mae": 3.539288791122625,
        "rmse": 5.90987210974084,
        "r2": 0.9791833606721072,
        "mape": 8.392457804440419
      },
      "catboost": {
        "mae": 3.847858201572018,
        "rmse": 6.180282986335865,
        "r2": 0.9772348154913676,
        "mape": 9.281965842708424
      },
      "rf": {
        "mae": 3.6839530522461885,
        "rmse": 6.834834976087559,
        "r2": 0.9721573531839326,
        "mape": 10.678325406092673
      },
      "gb": {
        "mae": 5.001410782146805,
        "rmse": 8.6994500382006,
        "r2": 0.9548936122910764,
        "mape": 8.702144239756821
      },
      "ridge": {
        "mae": 10.735079816945515,
        "rmse": 13.834982810646157,
        "r2": 0.8859194254459892,
        "mape": 22.0990464038098
      },
      "linear": {
        "mae": 9.251686917237558,
        "rmse": 12.280451555159425,
        "r2": 0.9101158482163233,
        "mape": 19.326220522321915
      }
    },
    "cv_mae": {
      "xgboost": 2.6305421560477837,
      "lightgbm": 2.4065675653344885,
      "catboost": 3.0786959045633013,
      "rf": 2.1152492488125256,
      "gb": 2.2258395651386413,
      "ridge": 9.809483420541731,
      "linear": 9.16403158570498
    }
  }
}