{
  "trained_best_model": "rf",
  "new_test_metrics": {
    "mae": 4.853208668785257,
    "rmse": 7.662399802814382,
    "r2": 0.9550166982272091,
    "mape": 12.65560032061042
  },
  "cv_mae": {
    "xgboost": 2.723867957979266,
    "lightgbm": 2.4768240518242015,
    "catboost": 3.3374894025890818,
    "rf": 2.1735578282749968,
    "gb": 2.355101688288136,
    "ridge": 10.284640961811352,
    "linear": 9.430314492101832
  },
  "test_mae_all": {
    "xgboost": 3.5159497390289958,
    "lightgbm": 4.013205453843414,
    "catboost": 4.375341290918413,
    "rf": 4.853208668785256,
    "gb": 3.9979006044073,
    "ridge": 10.488727131314958,
    "linear": 9.114092105039683
  },
  "historical_best_cv_mae": 2.042469801781462,
  "is_new_historical_best": false,
  "features": [
    "pm2_5",
    "pm10",
    "co",
    "no2",
    "so2",
    "month_cos",
    "total_pm",
    "total_gases",
    "no2_o3_ratio",
    "pm2_5_rolling_3h",
    "pm10_rolling_3h",
    "co_rolling_3h",
    "pm2_5_co_interaction",
    "hour_sin",
    "hour_cos"
  ],
  "scaler_needed": false,
  "all_models_saved": [
    "model_xgboost.pkl",
    "model_lightgbm.pkl",
    "model_catboost.pkl",
    "model_rf.pkl",
    "model_gb.pkl",
    "model_ridge.pkl",
    "model_linear.pkl"
  ],
  "all_metrics": {
    "train": {
      "xgboost": {
        "mae": 1.9608864519849605,
        "rmse": 3.601354830383355,
        "r2": 0.9986948569539319,
        "mape": 1.5758439966380895
      },
      "lightgbm": {
        "mae": 1.8578457412698777,
        "rmse": 3.716378292709556,
        "r2": 0.9986101558071507,
        "mape": 1.5047591411567065
      },
      "catboost": {
        "mae": 1.9038568371681153,
        "rmse": 3.0385733720390413,
        "r2": 0.9990708929772909,
        "mape": 1.56582891885283
      },
      "rf": {
        "mae": 1.149916182025264,
        "rmse": 3.815140902134548,
        "r2": 0.9985353041481083,
        "mape": 1.122636005307538
      },
      "gb": {
        "mae": 1.3906592288131747,
        "rmse": 2.9428948099522407,
        "r2": 0.9991284831955094,
        "mape": 1.189757863758839
      },
      "ridge": {
        "mae": 8.961214941568333,
        "rmse": 11.808188539558262,
        "r2": 0.9859688636461305,
        "mape": 8.237798963390688
      },
      "linear": {
        "mae": 8.626678649828063,
        "rmse": 11.452034895910533,
        "r2": 0.9868025017582001,
        "mape": 7.787652761131956
      }
    },
    "val": {
      "xgboost": {
        "mae": 2.8347020562925294,
        "rmse": 9.054469024922131,
        "r2": 0.9380322832623237,
        "mape": 5.134997695754913
      },
      "lightgbm": {
        "mae": 3.045516385705312,
        "rmse": 10.426573275643234,
        "r2": 0.9178282153876456,
        "mape": 4.878862211703254
      },
      "catboost": {
        "mae": 3.8792610861792407,
        "rmse": 10.31145504676749,
        "r2": 0.9196326912713851,
        "mape": 6.5989687254791844
      },
      "rf": {
        "mae": 5.184467947338452,
        "rmse": 12.540438590273173,
        "r2": 0.8811319956936661,
        "mape": 8.779622118974215
      },
      "gb": {
        "mae": 2.7988064916916926,
        "rmse": 9.63237759855556,
        "r2": 0.9298695674192431,
        "mape": 4.75585727953395
      },
      "ridge": {
        "mae": 6.763470557592832,
        "rmse": 11.884314127426567,
        "r2": 0.893245113066756,
        "mape": 11.07153560734035
      },
      "linear": {
        "mae": 6.3901964670800195,
        "rmse": 11.605068726577564,
        "r2": 0.8982030061306214,
        "mape": 10.120685085519058
      }
    },
    "test": {
      "xgboost": {
        "mae": 3.5159497390289958,
        "rmse": 6.272563218471713,
        "r2": 0.9698552416635136,
        "mape": 9.377392294533687
      },
      "lightgbm": {
        "mae": 4.013205453843414,
        "rmse": 6.629543399352804,
        "r2": 0.9663264465442029,
        "mape": 9.316644030020448
      },
      "catboost": {
        "mae": 4.375341290918413,
        "rmse": 7.0358101350975675,
        "r2": 0.9620728739530116,
        "mape": 10.700657018836312
      },
      "rf": {
        "mae": 4.853208668785256,
        "rmse": 7.662399802814381,
        "r2": 0.9550166982272091,
        "mape": 12.65560032061042
      },
      "gb": {
        "mae": 3.9979006044073,
        "rmse": 7.065800482805672,
        "r2": 0.9617488538677705,
        "mape": 8.643373791366118
      },
      "ridge": {
        "mae": 10.488727131314958,
        "rmse": 13.743563069947701,
        "r2": 0.8552827197515593,
        "mape": 22.602491090213718
      },
      "linear": {
        "mae": 9.114092105039683,
        "rmse": 12.272026601552378,
        "r2": 0.8846136890966876,
        "mape": 19.750295332026894
      }
    },
    "cv_mae": {
      "xgboost": 2.723867957979266,
      "lightgbm": 2.4768240518242015,
      "catboost": 3.3374894025890818,
      "rf": 2.1735578282749968,
      "gb": 2.355101688288136,
      "ridge": 10.284640961811352,
      "linear": 9.430314492101832
    }
  }
}