{
  "trained_best_model": "rf",
  "new_test_metrics": {
    "mae": 3.640811013057364,
    "rmse": 6.790171619851645,
    "r2": 0.9676818292137379,
    "mape": 10.681358084134237
  },
  "cv_mae": {
    "xgboost": 2.6172019633761594,
    "lightgbm": 2.4601999629472053,
    "catboost": 3.2037936135493923,
    "rf": 2.168151759537197,
    "gb": 2.265417185727403,
    "ridge": 10.187702957720163,
    "linear": 9.395303084461892
  },
  "test_mae_all": {
    "xgboost": 3.535055342278365,
    "lightgbm": 3.958305252949994,
    "catboost": 4.23273008644799,
    "rf": 3.6408110130573634,
    "gb": 3.776234662900128,
    "ridge": 10.472035030860935,
    "linear": 9.03143175320672
  },
  "historical_best_cv_mae": 2.042469801781462,
  "is_new_historical_best": false,
  "features": [
    "pm2_5",
    "pm10",
    "co",
    "no2",
    "so2",
    "month_cos",
    "total_pm",
    "total_gases",
    "no2_o3_ratio",
    "pm2_5_rolling_3h",
    "pm10_rolling_3h",
    "co_rolling_3h",
    "pm2_5_co_interaction",
    "hour_sin",
    "hour_cos"
  ],
  "scaler_needed": false,
  "all_models_saved": [
    "model_xgboost.pkl",
    "model_lightgbm.pkl",
    "model_catboost.pkl",
    "model_rf.pkl",
    "model_gb.pkl",
    "model_ridge.pkl",
    "model_linear.pkl"
  ],
  "all_metrics": {
    "train": {
      "xgboost": {
        "mae": 1.8328514176883188,
        "rmse": 3.4045206230519973,
        "r2": 0.9988351649439619,
        "mape": 1.48664002145787
      },
      "lightgbm": {
        "mae": 1.5712828317717649,
        "rmse": 3.0791800551032704,
        "r2": 0.9990471541125672,
        "mape": 1.290544105641021
      },
      "catboost": {
        "mae": 1.9190003558680544,
        "rmse": 3.0215160937318046,
        "r2": 0.9990825079339092,
        "mape": 1.5910662485703209
      },
      "rf": {
        "mae": 1.1598589719506947,
        "rmse": 3.8735692940220665,
        "r2": 0.9984920909327394,
        "mape": 1.132169253707558
      },
      "gb": {
        "mae": 1.398488386878243,
        "rmse": 2.95728236300171,
        "r2": 0.999121102801416,
        "mape": 1.2037573683026601
      },
      "ridge": {
        "mae": 8.879401645359406,
        "rmse": 11.750827465687012,
        "r2": 0.9861231979507685,
        "mape": 8.209235589892723
      },
      "linear": {
        "mae": 8.55989555359359,
        "rmse": 11.408123723023616,
        "r2": 0.9869208072864719,
        "mape": 7.774291922698547
      }
    },
    "val": {
      "xgboost": {
        "mae": 2.8685277477246984,
        "rmse": 9.062935999045617,
        "r2": 0.940708508044307,
        "mape": 4.947131851245803
      },
      "lightgbm": {
        "mae": 2.9012101419946146,
        "rmse": 9.841087576529453,
        "r2": 0.9300897676114556,
        "mape": 4.596459054922948
      },
      "catboost": {
        "mae": 3.678889260348598,
        "rmse": 10.904578908347009,
        "r2": 0.9141634307011637,
        "mape": 6.190287852288469
      },
      "rf": {
        "mae": 4.019331287437568,
        "rmse": 12.122727089644505,
        "r2": 0.8939146999419114,
        "mape": 6.732152149105583
      },
      "gb": {
        "mae": 2.8067960908299288,
        "rmse": 9.792583532465903,
        "r2": 0.930777206369133,
        "mape": 4.362917697864148
      },
      "ridge": {
        "mae": 6.767365525271158,
        "rmse": 11.976492976106133,
        "r2": 0.8964586362676712,
        "mape": 10.680724297824176
      },
      "linear": {
        "mae": 6.503433359454834,
        "rmse": 11.767950228962823,
        "r2": 0.9000331060727659,
        "mape": 9.926268715162298
      }
    },
    "test": {
      "xgboost": {
        "mae": 3.535055342278365,
        "rmse": 6.301455206044658,
        "r2": 0.9721665541569776,
        "mape": 8.749062578052927
      },
      "lightgbm": {
        "mae": 3.958305252949994,
        "rmse": 6.454331311364509,
        "r2": 0.970799668703428,
        "mape": 8.67958572587766
      },
      "catboost": {
        "mae": 4.23273008644799,
        "rmse": 6.976601904486355,
        "r2": 0.9658828178773573,
        "mape": 10.42500416958934
      },
      "rf": {
        "mae": 3.6408110130573634,
        "rmse": 6.7901716198516455,
        "r2": 0.9676818292137379,
        "mape": 10.681358084134237
      },
      "gb": {
        "mae": 3.776234662900128,
        "rmse": 6.916255519984351,
        "r2": 0.9664704805471542,
        "mape": 7.423133109803098
      },
      "ridge": {
        "mae": 10.472035030860935,
        "rmse": 13.672762817906326,
        "r2": 0.8689618268717509,
        "mape": 22.249280624222813
      },
      "linear": {
        "mae": 9.03143175320672,
        "rmse": 12.169871837825898,
        "r2": 0.8961856763769583,
        "mape": 19.42355363474711
      }
    },
    "cv_mae": {
      "xgboost": 2.6172019633761594,
      "lightgbm": 2.4601999629472053,
      "catboost": 3.2037936135493923,
      "rf": 2.168151759537197,
      "gb": 2.265417185727403,
      "ridge": 10.187702957720163,
      "linear": 9.395303084461892
    }
  }
}