{
  "trained_best_model": "rf",
  "new_test_metrics": {
    "mae": 3.6226533082873353,
    "rmse": 6.795225612827885,
    "r2": 0.9702368073340271,
    "mape": 10.567304982994807
  },
  "cv_mae": {
    "xgboost": 2.5505629511495393,
    "lightgbm": 2.422706210123623,
    "catboost": 3.326745114804789,
    "rf": 2.1512296353298384,
    "gb": 2.288528339630949,
    "ridge": 10.1998678037839,
    "linear": 9.44505426112136
  },
  "test_mae_all": {
    "xgboost": 3.639051331262956,
    "lightgbm": 3.8350902052529254,
    "catboost": 4.265838149296543,
    "rf": 3.622653308287334,
    "gb": 4.105608894604418,
    "ridge": 10.523398795306722,
    "linear": 9.075428543964588
  },
  "historical_best_cv_mae": 2.042469801781462,
  "is_new_historical_best": false,
  "features": [
    "pm2_5",
    "pm10",
    "co",
    "no2",
    "so2",
    "month_cos",
    "total_pm",
    "total_gases",
    "no2_o3_ratio",
    "pm2_5_rolling_3h",
    "pm10_rolling_3h",
    "co_rolling_3h",
    "pm2_5_co_interaction",
    "hour_sin",
    "hour_cos"
  ],
  "scaler_needed": false,
  "all_models_saved": [
    "model_xgboost.pkl",
    "model_lightgbm.pkl",
    "model_catboost.pkl",
    "model_rf.pkl",
    "model_gb.pkl",
    "model_ridge.pkl",
    "model_linear.pkl"
  ],
  "all_metrics": {
    "train": {
      "xgboost": {
        "mae": 1.8928811203321443,
        "rmse": 3.4951402541530316,
        "r2": 0.9987637568685008,
        "mape": 1.5326338381497413
      },
      "lightgbm": {
        "mae": 1.7940838928200382,
        "rmse": 3.6088597190200784,
        "r2": 0.9986820022240225,
        "mape": 1.4714753882408333
      },
      "catboost": {
        "mae": 1.884858475031259,
        "rmse": 3.0157782984195016,
        "r2": 0.9990796065926907,
        "mape": 1.5797021561794495
      },
      "rf": {
        "mae": 1.1606659529373742,
        "rmse": 3.8651837389017594,
        "r2": 0.9984881282109819,
        "mape": 1.1365772017747797
      },
      "gb": {
        "mae": 1.4234665094963268,
        "rmse": 2.9899205102102164,
        "r2": 0.9990953221431698,
        "mape": 1.232367172095766
      },
      "ridge": {
        "mae": 8.859634930730683,
        "rmse": 11.724069164858097,
        "r2": 0.9860898626109165,
        "mape": 8.213264167418986
      },
      "linear": {
        "mae": 8.539728235502528,
        "rmse": 11.381236864057085,
        "r2": 0.9868914818544179,
        "mape": 7.777445712353227
      }
    },
    "val": {
      "xgboost": {
        "mae": 2.950840956544223,
        "rmse": 9.209769185193274,
        "r2": 0.9385415592059831,
        "mape": 5.1500903937884335
      },
      "lightgbm": {
        "mae": 3.0305769405859424,
        "rmse": 10.221457797525904,
        "r2": 0.924297586515486,
        "mape": 4.713360869861647
      },
      "catboost": {
        "mae": 3.532721021722888,
        "rmse": 9.820342915645346,
        "r2": 0.9301225010874259,
        "mape": 5.9864307624320015
      },
      "rf": {
        "mae": 4.043487299127777,
        "rmse": 12.142617002652461,
        "r2": 0.8931662089955695,
        "mape": 6.712521518450061
      },
      "gb": {
        "mae": 2.7550549178633337,
        "rmse": 9.72069984388114,
        "r2": 0.9315333447388662,
        "mape": 4.117383575600404
      },
      "ridge": {
        "mae": 6.5783987339523495,
        "rmse": 11.89764830023964,
        "r2": 0.8974333196365786,
        "mape": 10.329206488360516
      },
      "linear": {
        "mae": 6.343564913236711,
        "rmse": 11.702713905145858,
        "r2": 0.9007667484796581,
        "mape": 9.631256052148734
      }
    },
    "test": {
      "xgboost": {
        "mae": 3.639051331262956,
        "rmse": 6.253982228756372,
        "r2": 0.9747892921257689,
        "mape": 8.942872975217991
      },
      "lightgbm": {
        "mae": 3.8350902052529254,
        "rmse": 6.350172859604915,
        "r2": 0.9740078114096988,
        "mape": 8.689328309926914
      },
      "catboost": {
        "mae": 4.265838149296543,
        "rmse": 6.843256091422907,
        "r2": 0.9698145718829645,
        "mape": 10.030208159462546
      },
      "rf": {
        "mae": 3.622653308287334,
        "rmse": 6.795225612827884,
        "r2": 0.9702368073340271,
        "mape": 10.567304982994804
      },
      "gb": {
        "mae": 4.105608894604418,
        "rmse": 7.427090204794004,
        "r2": 0.9644443066727387,
        "mape": 7.268650573843657
      },
      "ridge": {
        "mae": 10.523398795306722,
        "rmse": 13.68851487001998,
        "r2": 0.8792229497384071,
        "mape": 22.159061710184456
      },
      "linear": {
        "mae": 9.075428543964588,
        "rmse": 12.179290769482229,
        "r2": 0.9043872625633145,
        "mape": 19.347838490801188
      }
    },
    "cv_mae": {
      "xgboost": 2.5505629511495393,
      "lightgbm": 2.422706210123623,
      "catboost": 3.326745114804789,
      "rf": 2.1512296353298384,
      "gb": 2.288528339630949,
      "ridge": 10.1998678037839,
      "linear": 9.44505426112136
    }
  }
}