{
  "trained_best_model": "rf",
  "new_test_metrics": {
    "mae": 4.014914328840685,
    "rmse": 6.986019595807061,
    "r2": 0.9642474548943694,
    "mape": 11.345557913869344
  },
  "cv_mae": {
    "xgboost": 2.661584013922107,
    "lightgbm": 2.4619367151869302,
    "catboost": 3.259689031000805,
    "rf": 2.150539192040748,
    "gb": 2.3148310183470335,
    "ridge": 10.179915593561379,
    "linear": 9.371791318382952
  },
  "test_mae_all": {
    "xgboost": 3.3756688481220674,
    "lightgbm": 3.9532592454655613,
    "catboost": 3.7573923686142296,
    "rf": 4.0149143288406846,
    "gb": 3.754904895058928,
    "ridge": 10.456659582223015,
    "linear": 9.03619256780174
  },
  "historical_best_cv_mae": 2.042469801781462,
  "is_new_historical_best": false,
  "features": [
    "pm2_5",
    "pm10",
    "co",
    "no2",
    "so2",
    "month_cos",
    "total_pm",
    "total_gases",
    "no2_o3_ratio",
    "pm2_5_rolling_3h",
    "pm10_rolling_3h",
    "co_rolling_3h",
    "pm2_5_co_interaction",
    "hour_sin",
    "hour_cos"
  ],
  "scaler_needed": false,
  "all_models_saved": [
    "model_xgboost.pkl",
    "model_lightgbm.pkl",
    "model_catboost.pkl",
    "model_rf.pkl",
    "model_gb.pkl",
    "model_ridge.pkl",
    "model_linear.pkl"
  ],
  "all_metrics": {
    "train": {
      "xgboost": {
        "mae": 1.8502596864806073,
        "rmse": 3.4071370939205647,
        "r2": 0.9988323611725608,
        "mape": 1.489667288748131
      },
      "lightgbm": {
        "mae": 1.6062544221954924,
        "rmse": 3.179034479108986,
        "r2": 0.9989834709669008,
        "mape": 1.3084579975511206
      },
      "catboost": {
        "mae": 1.9073204090709184,
        "rmse": 3.0052326375291916,
        "r2": 0.9990915824746744,
        "mape": 1.600134565585409
      },
      "rf": {
        "mae": 1.160477489044762,
        "rmse": 3.8571424273217403,
        "r2": 0.9985035553355223,
        "mape": 1.1367565486919944
      },
      "gb": {
        "mae": 1.3835855986987398,
        "rmse": 2.9258882839707296,
        "r2": 0.9991389174456506,
        "mape": 1.1896219255224891
      },
      "ridge": {
        "mae": 8.897087027892692,
        "rmse": 11.76824212530194,
        "r2": 0.9860699555892112,
        "mape": 8.21924946058349
      },
      "linear": {
        "mae": 8.574590798559472,
        "rmse": 11.421551878054958,
        "r2": 0.9868786190611887,
        "mape": 7.7817229808411135
      }
    },
    "val": {
      "xgboost": {
        "mae": 2.909277073324543,
        "rmse": 9.335056798263642,
        "r2": 0.9369530169940958,
        "mape": 5.147917739691933
      },
      "lightgbm": {
        "mae": 3.0195344925652585,
        "rmse": 10.017186112900967,
        "r2": 0.9274024666079741,
        "mape": 4.755816083011532
      },
      "catboost": {
        "mae": 3.2986235956064998,
        "rmse": 9.89624507593225,
        "r2": 0.9291448758473563,
        "mape": 5.692531026921334
      },
      "rf": {
        "mae": 4.407127738970748,
        "rmse": 12.244532439702018,
        "r2": 0.8915287132814883,
        "mape": 7.376257599633648
      },
      "gb": {
        "mae": 2.749925909365741,
        "rmse": 9.70066367966833,
        "r2": 0.931917847898977,
        "mape": 4.19429459385027
      },
      "ridge": {
        "mae": 6.850668956731259,
        "rmse": 12.025412315050524,
        "r2": 0.8953762381332921,
        "mape": 10.831386243558955
      },
      "linear": {
        "mae": 6.565338060964107,
        "rmse": 11.80378425919442,
        "r2": 0.8991971279698352,
        "mape": 10.033746160794868
      }
    },
    "test": {
      "xgboost": {
        "mae": 3.3756688481220674,
        "rmse": 6.068129197388292,
        "r2": 0.9730252764882836,
        "mape": 9.016953741690012
      },
      "lightgbm": {
        "mae": 3.9532592454655613,
        "rmse": 6.624923418336314,
        "r2": 0.9678479188784835,
        "mape": 8.865349424011034
      },
      "catboost": {
        "mae": 3.7573923686142296,
        "rmse": 6.3225710122851835,
        "r2": 0.9707157034640829,
        "mape": 9.694354449210921
      },
      "rf": {
        "mae": 4.0149143288406846,
        "rmse": 6.986019595807062,
        "r2": 0.9642474548943694,
        "mape": 11.345557913869344
      },
      "gb": {
        "mae": 3.754904895058928,
        "rmse": 7.172699919678107,
        "r2": 0.9623111671868575,
        "mape": 7.179343711064994
      },
      "ridge": {
        "mae": 10.456659582223015,
        "rmse": 13.680597662300464,
        "r2": 0.8628936700799177,
        "mape": 22.3447437083401
      },
      "linear": {
        "mae": 9.03619256780174,
        "rmse": 12.17289931086181,
        "r2": 0.8914486013217527,
        "mape": 19.51694223995953
      }
    },
    "cv_mae": {
      "xgboost": 2.661584013922107,
      "lightgbm": 2.4619367151869302,
      "catboost": 3.259689031000805,
      "rf": 2.150539192040748,
      "gb": 2.3148310183470335,
      "ridge": 10.179915593561379,
      "linear": 9.371791318382952
    }
  }
}