{
  "trained_best_model": "rf",
  "new_test_metrics": {
    "mae": 4.783900155169909,
    "rmse": 7.660958429025416,
    "r2": 0.9555341641953118,
    "mape": 12.561280353484186
  },
  "cv_mae": {
    "xgboost": 2.648961796919194,
    "lightgbm": 2.473548217582091,
    "catboost": 3.1453220929268317,
    "rf": 2.144273433720662,
    "gb": 2.2983379533653086,
    "ridge": 10.207757838814487,
    "linear": 9.384516654606582
  },
  "test_mae_all": {
    "xgboost": 3.486441789918211,
    "lightgbm": 3.73135137086626,
    "catboost": 4.173580107579907,
    "rf": 4.783900155169912,
    "gb": 3.609272242668154,
    "ridge": 10.479347562236754,
    "linear": 9.121678910217202
  },
  "historical_best_cv_mae": 2.042469801781462,
  "is_new_historical_best": false,
  "features": [
    "pm2_5",
    "pm10",
    "co",
    "no2",
    "so2",
    "month_cos",
    "total_pm",
    "total_gases",
    "no2_o3_ratio",
    "pm2_5_rolling_3h",
    "pm10_rolling_3h",
    "co_rolling_3h",
    "pm2_5_co_interaction",
    "hour_sin",
    "hour_cos"
  ],
  "scaler_needed": false,
  "all_models_saved": [
    "model_xgboost.pkl",
    "model_lightgbm.pkl",
    "model_catboost.pkl",
    "model_rf.pkl",
    "model_gb.pkl",
    "model_ridge.pkl",
    "model_linear.pkl"
  ],
  "all_metrics": {
    "train": {
      "xgboost": {
        "mae": 1.9548270993192292,
        "rmse": 3.62875936460273,
        "r2": 0.9986773488087552,
        "mape": 1.5716226729991647
      },
      "lightgbm": {
        "mae": 1.547865484329714,
        "rmse": 3.0409330380395843,
        "r2": 0.9990711561665319,
        "mape": 1.2633308553428557
      },
      "catboost": {
        "mae": 1.9377926397496632,
        "rmse": 3.077375504091526,
        "r2": 0.9990487602871179,
        "mape": 1.5876993157815167
      },
      "rf": {
        "mae": 1.1533100957137745,
        "rmse": 3.824369708266344,
        "r2": 0.9985309089009929,
        "mape": 1.1284146038053173
      },
      "gb": {
        "mae": 1.3738155183130325,
        "rmse": 2.924555509799925,
        "r2": 0.9991408900952405,
        "mape": 1.1797928785717446
      },
      "ridge": {
        "mae": 8.940398650756029,
        "rmse": 11.79597273137402,
        "r2": 0.9860235618151441,
        "mape": 8.227750384417025
      },
      "linear": {
        "mae": 8.609823244639092,
        "rmse": 11.443034822765435,
        "r2": 0.9868474056066338,
        "mape": 7.78180431927676
      }
    },
    "val": {
      "xgboost": {
        "mae": 2.8821630913372998,
        "rmse": 9.25718198616572,
        "r2": 0.9352040153506158,
        "mape": 5.057811459669895
      },
      "lightgbm": {
        "mae": 2.7770137654532814,
        "rmse": 10.089596346478857,
        "r2": 0.9230270600949174,
        "mape": 4.4624556864818965
      },
      "catboost": {
        "mae": 3.472026585719357,
        "rmse": 10.214139222257304,
        "r2": 0.9211150713607434,
        "mape": 6.047529675122335
      },
      "rf": {
        "mae": 5.239224626644846,
        "rmse": 12.583991251888362,
        "r2": 0.8802632940713699,
        "mape": 8.784760082173904
      },
      "gb": {
        "mae": 2.850587583898642,
        "rmse": 9.806359255958938,
        "r2": 0.9272880000913947,
        "mape": 4.604412500706031
      },
      "ridge": {
        "mae": 6.662774164550164,
        "rmse": 11.84632483666555,
        "r2": 0.8938896455813855,
        "mape": 10.882400543838214
      },
      "linear": {
        "mae": 6.301371145913257,
        "rmse": 11.569831000977775,
        "r2": 0.8987850834586193,
        "mape": 9.949717445541323
      }
    },
    "test": {
      "xgboost": {
        "mae": 3.486441789918211,
        "rmse": 6.129910667563519,
        "r2": 0.9715312407644058,
        "mape": 8.7707591644244
      },
      "lightgbm": {
        "mae": 3.73135137086626,
        "rmse": 6.370301498380577,
        "r2": 0.9692545946348027,
        "mape": 8.353541429939296
      },
      "catboost": {
        "mae": 4.173580107579907,
        "rmse": 7.044814835643112,
        "r2": 0.9623989983749764,
        "mape": 10.377892486186793
      },
      "rf": {
        "mae": 4.783900155169912,
        "rmse": 7.660958429025418,
        "r2": 0.9555341641953118,
        "mape": 12.56128035348419
      },
      "gb": {
        "mae": 3.609272242668154,
        "rmse": 6.284491763626035,
        "r2": 0.9700773142705229,
        "mape": 7.83583387413605
      },
      "ridge": {
        "mae": 10.479347562236754,
        "rmse": 13.726620042777157,
        "r2": 0.8572462671384151,
        "mape": 22.530934608428204
      },
      "linear": {
        "mae": 9.121678910217202,
        "rmse": 12.26401081448973,
        "r2": 0.8860471220159661,
        "mape": 19.712815770479864
      }
    },
    "cv_mae": {
      "xgboost": 2.648961796919194,
      "lightgbm": 2.473548217582091,
      "catboost": 3.1453220929268317,
      "rf": 2.144273433720662,
      "gb": 2.2983379533653086,
      "ridge": 10.207757838814487,
      "linear": 9.384516654606582
    }
  }
}