{
  "trained_best_model": "rf",
  "new_test_metrics": {
    "mae": 3.325656004560155,
    "rmse": 6.613785553961477,
    "r2": 0.9763592208072124,
    "mape": 10.256467279086097
  },
  "cv_mae": {
    "xgboost": 2.7025060567837174,
    "lightgbm": 2.534389292313364,
    "catboost": 3.233486542555183,
    "rf": 2.212410895581926,
    "gb": 2.2524582578406545,
    "ridge": 9.835060867681017,
    "linear": 9.291853719793554
  },
  "test_mae_all": {
    "xgboost": 3.164066406663576,
    "lightgbm": 4.208884505637912,
    "catboost": 3.7600397827654675,
    "rf": 3.3256560045601558,
    "gb": 4.749291144709327,
    "ridge": 11.244626705210612,
    "linear": 9.605814994169851
  },
  "historical_best_cv_mae": 2.042469801781462,
  "is_new_historical_best": false,
  "features": [
    "pm2_5",
    "pm10",
    "co",
    "no2",
    "so2",
    "month_cos",
    "total_pm",
    "total_gases",
    "no2_o3_ratio",
    "pm2_5_rolling_3h",
    "pm10_rolling_3h",
    "co_rolling_3h",
    "pm2_5_co_interaction",
    "hour_sin",
    "hour_cos"
  ],
  "scaler_needed": false,
  "all_models_saved": [
    "model_xgboost.pkl",
    "model_lightgbm.pkl",
    "model_catboost.pkl",
    "model_rf.pkl",
    "model_gb.pkl",
    "model_ridge.pkl",
    "model_linear.pkl"
  ],
  "all_metrics": {
    "train": {
      "xgboost": {
        "mae": 1.8401037382286356,
        "rmse": 3.391397969650535,
        "r2": 0.9988166228849336,
        "mape": 1.4988018738808309
      },
      "lightgbm": {
        "mae": 1.7091765612289307,
        "rmse": 3.437612344893188,
        "r2": 0.9987841515226084,
        "mape": 1.404269720766107
      },
      "catboost": {
        "mae": 1.8913474728058903,
        "rmse": 3.0422688557033952,
        "r2": 0.999047728388345,
        "mape": 1.5807309865898405
      },
      "rf": {
        "mae": 1.1654633083485544,
        "rmse": 3.8896601831688247,
        "r2": 0.998443357164557,
        "mape": 1.13898938652109
      },
      "gb": {
        "mae": 1.380501677050454,
        "rmse": 2.9201167910084442,
        "r2": 0.999122663702012,
        "mape": 1.1924892946485928
      },
      "ridge": {
        "mae": 8.72214751948843,
        "rmse": 11.59520256169484,
        "r2": 0.9861668102395375,
        "mape": 8.117942301371386
      },
      "linear": {
        "mae": 8.416390968666638,
        "rmse": 11.269233857744789,
        "r2": 0.9869336454772731,
        "mape": 7.697797188792861
      }
    },
    "val": {
      "xgboost": {
        "mae": 2.8757061871219443,
        "rmse": 9.193406934247367,
        "r2": 0.9367578683535458,
        "mape": 4.937892151730513
      },
      "lightgbm": {
        "mae": 2.9192952830980867,
        "rmse": 10.1862046886837,
        "r2": 0.9223612866153184,
        "mape": 4.521797439314631
      },
      "catboost": {
        "mae": 3.3079941660354617,
        "rmse": 9.67778165732474,
        "r2": 0.9299182123730079,
        "mape": 5.700036610642501
      },
      "rf": {
        "mae": 3.5007992251248683,
        "rmse": 11.939063192290368,
        "r2": 0.8933418531718503,
        "mape": 6.138689860277036
      },
      "gb": {
        "mae": 2.645573467153304,
        "rmse": 9.72203408852885,
        "r2": 0.9292758379027248,
        "mape": 4.001148021530813
      },
      "ridge": {
        "mae": 6.392129506582231,
        "rmse": 11.59227739232919,
        "r2": 0.8994479193569794,
        "mape": 10.324415923064539
      },
      "linear": {
        "mae": 6.143146723888424,
        "rmse": 11.457432192249762,
        "r2": 0.9017736235812599,
        "mape": 9.565320743956464
      }
    },
    "test": {
      "xgboost": {
        "mae": 3.164066406663576,
        "rmse": 5.544903674639647,
        "r2": 0.9833831162979477,
        "mape": 8.00770382225283
      },
      "lightgbm": {
        "mae": 4.208884505637912,
        "rmse": 6.76059413867126,
        "r2": 0.9752980466412363,
        "mape": 8.576415173271688
      },
      "catboost": {
        "mae": 3.7600397827654675,
        "rmse": 6.23033820407117,
        "r2": 0.9790209985566906,
        "mape": 9.47181829409852
      },
      "rf": {
        "mae": 3.3256560045601558,
        "rmse": 6.613785553961478,
        "r2": 0.9763592208072124,
        "mape": 10.2564672790861
      },
      "gb": {
        "mae": 4.749291144709327,
        "rmse": 8.25763331045011,
        "r2": 0.9631470077763761,
        "mape": 7.266877504373348
      },
      "ridge": {
        "mae": 11.244626705210612,
        "rmse": 14.230599851529808,
        "r2": 0.8905519616248385,
        "mape": 22.28762795900807
      },
      "linear": {
        "mae": 9.605814994169851,
        "rmse": 12.564868198693839,
        "r2": 0.9146747748465637,
        "mape": 19.434490364610614
      }
    },
    "cv_mae": {
      "xgboost": 2.7025060567837174,
      "lightgbm": 2.534389292313364,
      "catboost": 3.233486542555183,
      "rf": 2.212410895581926,
      "gb": 2.2524582578406545,
      "ridge": 9.835060867681017,
      "linear": 9.291853719793554
    }
  }
}