{
  "trained_best_model": "rf",
  "new_test_metrics": {
    "mae": 3.5989404461337,
    "rmse": 6.7324172756229625,
    "r2": 0.9725951566772463,
    "mape": 10.491132319071843
  },
  "cv_mae": {
    "xgboost": 2.5791064297849653,
    "lightgbm": 2.402410327085564,
    "catboost": 3.1676102630007317,
    "rf": 2.0927702799837498,
    "gb": 2.1881358484560844,
    "ridge": 9.909852676116282,
    "linear": 9.22437610786822
  },
  "test_mae_all": {
    "xgboost": 3.341290192325173,
    "lightgbm": 3.8477327944801782,
    "catboost": 4.201356020831533,
    "rf": 3.5989404461336996,
    "gb": 4.827289295131595,
    "ridge": 10.640220117235854,
    "linear": 9.176202418851867
  },
  "historical_best_cv_mae": 2.042469801781462,
  "is_new_historical_best": false,
  "features": [
    "pm2_5",
    "pm10",
    "co",
    "no2",
    "so2",
    "month_cos",
    "total_pm",
    "total_gases",
    "no2_o3_ratio",
    "pm2_5_rolling_3h",
    "pm10_rolling_3h",
    "co_rolling_3h",
    "pm2_5_co_interaction",
    "hour_sin",
    "hour_cos"
  ],
  "scaler_needed": false,
  "all_models_saved": [
    "model_xgboost.pkl",
    "model_lightgbm.pkl",
    "model_catboost.pkl",
    "model_rf.pkl",
    "model_gb.pkl",
    "model_ridge.pkl",
    "model_linear.pkl"
  ],
  "all_metrics": {
    "train": {
      "xgboost": {
        "mae": 1.9209789900086087,
        "rmse": 3.5745290398217056,
        "r2": 0.9987064722422451,
        "mape": 1.5450460877799217
      },
      "lightgbm": {
        "mae": 1.7900904001759013,
        "rmse": 3.592525909328427,
        "r2": 0.998693414268377,
        "mape": 1.4685091005752575
      },
      "catboost": {
        "mae": 1.8802329708376129,
        "rmse": 2.9572828455456004,
        "r2": 0.999114631999423,
        "mape": 1.5773078338360957
      },
      "rf": {
        "mae": 1.1748540722801621,
        "rmse": 3.8721504779268923,
        "r2": 0.998482102149361,
        "mape": 1.150105801802891
      },
      "gb": {
        "mae": 1.3955759792628704,
        "rmse": 2.9531896316199293,
        "r2": 0.9991170812021575,
        "mape": 1.2098377748509321
      },
      "ridge": {
        "mae": 8.815668154597079,
        "rmse": 11.685153028116419,
        "r2": 0.9861768537839573,
        "mape": 8.168787806385776
      },
      "linear": {
        "mae": 8.497661867844265,
        "rmse": 11.346266182905879,
        "r2": 0.9869670109888676,
        "mape": 7.737548244252043
      }
    },
    "val": {
      "xgboost": {
        "mae": 2.7947280439611983,
        "rmse": 9.231375470543092,
        "r2": 0.936728811032259,
        "mape": 5.018928787825703
      },
      "lightgbm": {
        "mae": 3.006686999032531,
        "rmse": 10.40807922645824,
        "r2": 0.9195706899044173,
        "mape": 4.878187654154587
      },
      "catboost": {
        "mae": 3.3951089301063777,
        "rmse": 9.66559335826596,
        "r2": 0.9306366268927291,
        "mape": 5.916958281946134
      },
      "rf": {
        "mae": 3.9476019729603458,
        "rmse": 12.108113561185332,
        "r2": 0.8911505758952597,
        "mape": 6.572584595635235
      },
      "gb": {
        "mae": 2.55699703883857,
        "rmse": 9.751179023605426,
        "r2": 0.9294028085134701,
        "mape": 3.895296925535087
      },
      "ridge": {
        "mae": 6.516741757002406,
        "rmse": 11.787815317578238,
        "r2": 0.8968332354540528,
        "mape": 10.35380812059041
      },
      "linear": {
        "mae": 6.268202137488995,
        "rmse": 11.639893130841573,
        "r2": 0.8994062147625035,
        "mape": 9.605412003470263
      }
    },
    "test": {
      "xgboost": {
        "mae": 3.341290192325173,
        "rmse": 5.914760065712584,
        "r2": 0.9788476055769891,
        "mape": 8.635036547367598
      },
      "lightgbm": {
        "mae": 3.8477327944801782,
        "rmse": 6.301961063926218,
        "r2": 0.975987537301916,
        "mape": 8.956941567430324
      },
      "catboost": {
        "mae": 4.201356020831533,
        "rmse": 6.840451538297133,
        "r2": 0.9717085756447074,
        "mape": 10.092378726811218
      },
      "rf": {
        "mae": 3.5989404461336996,
        "rmse": 6.7324172756229625,
        "r2": 0.9725951566772463,
        "mape": 10.491132319071843
      },
      "gb": {
        "mae": 4.827289295131595,
        "rmse": 8.782422684051655,
        "r2": 0.9533647893959117,
        "mape": 7.624076748299218
      },
      "ridge": {
        "mae": 10.640220117235854,
        "rmse": 13.761739723739915,
        "r2": 0.8854930224305629,
        "mape": 22.070943346013884
      },
      "linear": {
        "mae": 9.176202418851867,
        "rmse": 12.230655841310362,
        "r2": 0.9095549582718373,
        "mape": 19.299650237839657
      }
    },
    "cv_mae": {
      "xgboost": 2.5791064297849653,
      "lightgbm": 2.402410327085564,
      "catboost": 3.1676102630007317,
      "rf": 2.0927702799837498,
      "gb": 2.1881358484560844,
      "ridge": 9.909852676116282,
      "linear": 9.22437610786822
    }
  }
}