{
  "trained_best_model": "rf",
  "new_test_metrics": {
    "mae": 3.224585220128479,
    "rmse": 6.431736927334717,
    "r2": 0.978501198012431,
    "mape": 9.971404893580646
  },
  "cv_mae": {
    "xgboost": 2.7190014725328657,
    "lightgbm": 2.578861405617499,
    "catboost": 3.138480094016653,
    "rf": 2.2251105413062153,
    "gb": 2.3384127174534384,
    "ridge": 9.938521395565541,
    "linear": 9.327968409505896
  },
  "test_mae_all": {
    "xgboost": 3.192705984836638,
    "lightgbm": 4.160287083028269,
    "catboost": 3.6119477635890433,
    "rf": 3.2245852201284784,
    "gb": 5.583140466996205,
    "ridge": 11.349959688661755,
    "linear": 9.700157125016291
  },
  "historical_best_cv_mae": 2.042469801781462,
  "is_new_historical_best": false,
  "features": [
    "pm2_5",
    "pm10",
    "co",
    "no2",
    "so2",
    "month_cos",
    "total_pm",
    "total_gases",
    "no2_o3_ratio",
    "pm2_5_rolling_3h",
    "pm10_rolling_3h",
    "co_rolling_3h",
    "pm2_5_co_interaction",
    "hour_sin",
    "hour_cos"
  ],
  "scaler_needed": false,
  "all_models_saved": [
    "model_xgboost.pkl",
    "model_lightgbm.pkl",
    "model_catboost.pkl",
    "model_rf.pkl",
    "model_gb.pkl",
    "model_ridge.pkl",
    "model_linear.pkl"
  ],
  "all_metrics": {
    "train": {
      "xgboost": {
        "mae": 1.9284167687875806,
        "rmse": 3.633055388301467,
        "r2": 0.9986341137588371,
        "mape": 1.578760579090961
      },
      "lightgbm": {
        "mae": 1.6205445681852249,
        "rmse": 3.2225076967990023,
        "r2": 0.9989253713399038,
        "mape": 1.331108867702225
      },
      "catboost": {
        "mae": 1.869180237777667,
        "rmse": 2.973491265966505,
        "r2": 0.9990850363793905,
        "mape": 1.578078574532265
      },
      "rf": {
        "mae": 1.1705443668215625,
        "rmse": 3.8950513636795883,
        "r2": 0.9984300100571682,
        "mape": 1.146776358259047
      },
      "gb": {
        "mae": 1.400400509153786,
        "rmse": 2.9524198535584434,
        "r2": 0.9990979580680519,
        "mape": 1.215695856790473
      },
      "ridge": {
        "mae": 8.713099608349255,
        "rmse": 11.58172242879684,
        "r2": 0.9861191264855051,
        "mape": 8.131943999293522
      },
      "linear": {
        "mae": 8.40790253425441,
        "rmse": 11.257645562532293,
        "r2": 0.9868850803381612,
        "mape": 7.710425262896427
      }
    },
    "val": {
      "xgboost": {
        "mae": 2.897101696223429,
        "rmse": 9.389578674882674,
        "r2": 0.9343352990325449,
        "mape": 4.85414323438719
      },
      "lightgbm": {
        "mae": 2.8882543718777782,
        "rmse": 10.135408107431106,
        "r2": 0.9234892883760724,
        "mape": 4.4067522793376535
      },
      "catboost": {
        "mae": 3.2735954013645685,
        "rmse": 9.891089770080743,
        "r2": 0.9271334768784527,
        "mape": 5.597246627135752
      },
      "rf": {
        "mae": 3.3821051597604725,
        "rmse": 11.856004629580402,
        "r2": 0.8953072805851274,
        "mape": 5.917203524650776
      },
      "gb": {
        "mae": 2.7101830976808725,
        "rmse": 9.839762003459498,
        "r2": 0.9278877662043953,
        "mape": 4.17177010177762
      },
      "ridge": {
        "mae": 6.372298953945274,
        "rmse": 11.58710794318117,
        "r2": 0.900002333420085,
        "mape": 10.341576593673237
      },
      "linear": {
        "mae": 6.0883527291779105,
        "rmse": 11.437669676437189,
        "r2": 0.9025650290393322,
        "mape": 9.528667292978815
      }
    },
    "test": {
      "xgboost": {
        "mae": 3.192705984836638,
        "rmse": 5.519605729810412,
        "r2": 0.9841666129475615,
        "mape": 7.9055684861418065
      },
      "lightgbm": {
        "mae": 4.160287083028269,
        "rmse": 6.5844262863311815,
        "r2": 0.9774683189536475,
        "mape": 7.940511362350831
      },
      "catboost": {
        "mae": 3.6119477635890433,
        "rmse": 6.064582088707983,
        "r2": 0.9808856527034832,
        "mape": 9.0965746579788
      },
      "rf": {
        "mae": 3.2245852201284784,
        "rmse": 6.431736927334717,
        "r2": 0.978501198012431,
        "mape": 9.971404893580646
      },
      "gb": {
        "mae": 5.583140466996205,
        "rmse": 9.420433771986316,
        "r2": 0.9538789149306378,
        "mape": 8.235538113513249
      },
      "ridge": {
        "mae": 11.349959688661755,
        "rmse": 14.306129890116543,
        "r2": 0.8936341922727362,
        "mape": 22.312914687521776
      },
      "linear": {
        "mae": 9.700157125016291,
        "rmse": 12.626327457985706,
        "r2": 0.9171463183157587,
        "mape": 19.468328699450314
      }
    },
    "cv_mae": {
      "xgboost": 2.7190014725328657,
      "lightgbm": 2.578861405617499,
      "catboost": 3.138480094016653,
      "rf": 2.2251105413062153,
      "gb": 2.3384127174534384,
      "ridge": 9.938521395565541,
      "linear": 9.327968409505896
    }
  }
}