{
  "trained_best_model": "rf",
  "new_test_metrics": {
    "mae": 3.551645573299648,
    "rmse": 6.6577351449570745,
    "r2": 0.9720227394820576,
    "mape": 10.355862082188079
  },
  "cv_mae": {
    "xgboost": 2.5670267123765442,
    "lightgbm": 2.381643361281012,
    "catboost": 3.1136964986480646,
    "rf": 2.1309914437905633,
    "gb": 2.2572189425771247,
    "ridge": 10.117956231076807,
    "linear": 9.363374892393361
  },
  "test_mae_all": {
    "xgboost": 3.575606534688517,
    "lightgbm": 4.407564135958247,
    "catboost": 4.283015259614587,
    "rf": 3.551645573299648,
    "gb": 3.996465900491402,
    "ridge": 10.526734256625948,
    "linear": 9.081594924907241
  },
  "historical_best_cv_mae": 2.042469801781462,
  "is_new_historical_best": false,
  "features": [
    "pm2_5",
    "pm10",
    "co",
    "no2",
    "so2",
    "month_cos",
    "total_pm",
    "total_gases",
    "no2_o3_ratio",
    "pm2_5_rolling_3h",
    "pm10_rolling_3h",
    "co_rolling_3h",
    "pm2_5_co_interaction",
    "hour_sin",
    "hour_cos"
  ],
  "scaler_needed": false,
  "all_models_saved": [
    "model_xgboost.pkl",
    "model_lightgbm.pkl",
    "model_catboost.pkl",
    "model_rf.pkl",
    "model_gb.pkl",
    "model_ridge.pkl",
    "model_linear.pkl"
  ],
  "all_metrics": {
    "train": {
      "xgboost": {
        "mae": 1.8624779437774936,
        "rmse": 3.422413082336314,
        "r2": 0.9988149642916011,
        "mape": 1.5224353315324257
      },
      "lightgbm": {
        "mae": 1.5457418639107672,
        "rmse": 3.0617684926043744,
        "r2": 0.9990515568995938,
        "mape": 1.2712927439696449
      },
      "catboost": {
        "mae": 1.9146052386347296,
        "rmse": 3.027733985910818,
        "r2": 0.9990725254232602,
        "mape": 1.6116930841974353
      },
      "rf": {
        "mae": 1.1670395164735905,
        "rmse": 3.8732055250084243,
        "r2": 0.9984822240471273,
        "mape": 1.1429664720023491
      },
      "gb": {
        "mae": 1.3647926108829946,
        "rmse": 2.9016864530359467,
        "r2": 0.999148141332396,
        "mape": 1.1828816091029526
      },
      "ridge": {
        "mae": 8.852345016612169,
        "rmse": 11.719712718089806,
        "r2": 0.9861036573406636,
        "mape": 8.208581829332774
      },
      "linear": {
        "mae": 8.532209964680868,
        "rmse": 11.376256706307156,
        "r2": 0.986906210670257,
        "mape": 7.772863590888392
      }
    },
    "val": {
      "xgboost": {
        "mae": 2.9409307279543246,
        "rmse": 9.14286338615983,
        "r2": 0.939487399995646,
        "mape": 5.121317569076384
      },
      "lightgbm": {
        "mae": 2.9712123834672726,
        "rmse": 9.95876507867947,
        "r2": 0.9282053094745245,
        "mape": 4.987244811216975
      },
      "catboost": {
        "mae": 3.365362569216964,
        "rmse": 10.050791023447857,
        "r2": 0.9268723127222815,
        "mape": 5.765708080426435
      },
      "rf": {
        "mae": 3.958396843509533,
        "rmse": 12.098692012275638,
        "r2": 0.8940360363485763,
        "mape": 6.540862979081477
      },
      "gb": {
        "mae": 2.7978193130686786,
        "rmse": 9.663050932059502,
        "r2": 0.9324057288450355,
        "mape": 4.3348810532546205
      },
      "ridge": {
        "mae": 6.58111761602066,
        "rmse": 11.90127962839217,
        "r2": 0.8974658180089592,
        "mape": 10.337573934617993
      },
      "linear": {
        "mae": 6.326831358603779,
        "rmse": 11.703274692703012,
        "r2": 0.9008492166716479,
        "mape": 9.612023968061589
      }
    },
    "test": {
      "xgboost": {
        "mae": 3.575606534688517,
        "rmse": 6.086991351953937,
        "r2": 0.9766139147834857,
        "mape": 8.757090641604268
      },
      "lightgbm": {
        "mae": 4.407564135958247,
        "rmse": 7.3258510396460474,
        "r2": 0.9661258562826256,
        "mape": 9.216743533302326
      },
      "catboost": {
        "mae": 4.283015259614587,
        "rmse": 6.9711420739227075,
        "r2": 0.9693267336254373,
        "mape": 10.172775857915886
      },
      "rf": {
        "mae": 3.551645573299648,
        "rmse": 6.6577351449570745,
        "r2": 0.9720227394820576,
        "mape": 10.355862082188079
      },
      "gb": {
        "mae": 3.996465900491402,
        "rmse": 7.34651748497308,
        "r2": 0.9659344667559109,
        "mape": 7.3350423643158456
      },
      "ridge": {
        "mae": 10.526734256625948,
        "rmse": 13.691056447161635,
        "r2": 0.8816887397573917,
        "mape": 22.13307220591529
      },
      "linear": {
        "mae": 9.081594924907241,
        "rmse": 12.17855473475308,
        "r2": 0.9063853833773742,
        "mape": 19.332130652667313
      }
    },
    "cv_mae": {
      "xgboost": 2.5670267123765442,
      "lightgbm": 2.381643361281012,
      "catboost": 3.1136964986480646,
      "rf": 2.1309914437905633,
      "gb": 2.2572189425771247,
      "ridge": 10.117956231076807,
      "linear": 9.363374892393361
    }
  }
}