{
  "trained_best_model": "rf",
  "new_test_metrics": {
    "mae": 4.635250213698953,
    "rmse": 7.489194372503266,
    "r2": 0.9581468599492782,
    "mape": 12.244806002268401
  },
  "cv_mae": {
    "xgboost": 2.6519188143735763,
    "lightgbm": 2.4570934376666758,
    "catboost": 3.2367513832116233,
    "rf": 2.151389571397544,
    "gb": 2.2906468793543193,
    "ridge": 10.20100336325425,
    "linear": 9.365074352480686
  },
  "test_mae_all": {
    "xgboost": 3.4596345441657705,
    "lightgbm": 4.155874807874148,
    "catboost": 3.8818027183700927,
    "rf": 4.635250213698952,
    "gb": 3.7228030111646806,
    "ridge": 10.513741790384369,
    "linear": 9.138521209405544
  },
  "historical_best_cv_mae": 2.042469801781462,
  "is_new_historical_best": false,
  "features": [
    "pm2_5",
    "pm10",
    "co",
    "no2",
    "so2",
    "month_cos",
    "total_pm",
    "total_gases",
    "no2_o3_ratio",
    "pm2_5_rolling_3h",
    "pm10_rolling_3h",
    "co_rolling_3h",
    "pm2_5_co_interaction",
    "hour_sin",
    "hour_cos"
  ],
  "scaler_needed": false,
  "all_models_saved": [
    "model_xgboost.pkl",
    "model_lightgbm.pkl",
    "model_catboost.pkl",
    "model_rf.pkl",
    "model_gb.pkl",
    "model_ridge.pkl",
    "model_linear.pkl"
  ],
  "all_metrics": {
    "train": {
      "xgboost": {
        "mae": 1.91113296366951,
        "rmse": 3.546781598320735,
        "r2": 0.9987362886868487,
        "mape": 1.5262391143263505
      },
      "lightgbm": {
        "mae": 1.6242600572607022,
        "rmse": 3.210952679803955,
        "r2": 0.9989642694389422,
        "mape": 1.3182123911328147
      },
      "catboost": {
        "mae": 1.9760416227538895,
        "rmse": 3.1082238555019623,
        "r2": 0.9990294820795741,
        "mape": 1.6263132246531549
      },
      "rf": {
        "mae": 1.152285906306642,
        "rmse": 3.830860309158242,
        "r2": 0.9985257483853093,
        "mape": 1.1245351320176384
      },
      "gb": {
        "mae": 1.385939217412169,
        "rmse": 2.9041470263896683,
        "r2": 0.9991527410230656,
        "mape": 1.1818945526295004
      },
      "ridge": {
        "mae": 8.928586142930573,
        "rmse": 11.787270830134984,
        "r2": 0.9860425685113385,
        "mape": 8.21933729341887
      },
      "linear": {
        "mae": 8.598271136536756,
        "rmse": 11.435269193248201,
        "r2": 0.9868637390948906,
        "mape": 7.773635423160511
      }
    },
    "val": {
      "xgboost": {
        "mae": 2.896479785170185,
        "rmse": 9.577077174924378,
        "r2": 0.9306195469480364,
        "mape": 5.28920891292548
      },
      "lightgbm": {
        "mae": 2.8874985248286476,
        "rmse": 9.829865762159091,
        "r2": 0.926908591427994,
        "mape": 4.783352751534689
      },
      "catboost": {
        "mae": 3.390265862002714,
        "rmse": 10.449425175259776,
        "r2": 0.9174045814672418,
        "mape": 5.839541997316686
      },
      "rf": {
        "mae": 5.0594030966027965,
        "rmse": 12.477316115729923,
        "r2": 0.8822357383321233,
        "mape": 8.53077007279056
      },
      "gb": {
        "mae": 2.8094883893159706,
        "rmse": 9.67866628687469,
        "r2": 0.9291398301211967,
        "mape": 4.535631059379526
      },
      "ridge": {
        "mae": 6.655226283002906,
        "rmse": 11.841503548152396,
        "r2": 0.8939318837026641,
        "mape": 10.874217672741715
      },
      "linear": {
        "mae": 6.3078531628964924,
        "rmse": 11.569723792908365,
        "r2": 0.8987448458130026,
        "mape": 9.957734568163428
      }
    },
    "test": {
      "xgboost": {
        "mae": 3.4596345441657705,
        "rmse": 6.382581935235154,
        "r2": 0.9696016060140155,
        "mape": 9.534790235474631
      },
      "lightgbm": {
        "mae": 4.155874807874148,
        "rmse": 7.07739544074833,
        "r2": 0.9626229719896731,
        "mape": 9.304249884441278
      },
      "catboost": {
        "mae": 3.8818027183700927,
        "rmse": 6.4389508015122265,
        "r2": 0.9690622977343408,
        "mape": 9.791762067654588
      },
      "rf": {
        "mae": 4.635250213698952,
        "rmse": 7.489194372503266,
        "r2": 0.9581468599492782,
        "mape": 12.244806002268396
      },
      "gb": {
        "mae": 3.7228030111646806,
        "rmse": 6.289548209842597,
        "r2": 0.9704813329276463,
        "mape": 7.849178435705831
      },
      "ridge": {
        "mae": 10.513741790384369,
        "rmse": 13.743059135302206,
        "r2": 0.8590631136617259,
        "mape": 22.53278371627211
      },
      "linear": {
        "mae": 9.138521209405544,
        "rmse": 12.26900227381947,
        "r2": 0.887675023603654,
        "mape": 19.7088158746746
      }
    },
    "cv_mae": {
      "xgboost": 2.6519188143735763,
      "lightgbm": 2.4570934376666758,
      "catboost": 3.2367513832116233,
      "rf": 2.151389571397544,
      "gb": 2.2906468793543193,
      "ridge": 10.20100336325425,
      "linear": 9.365074352480686
    }
  }
}