{
  "trained_best_model": "rf",
  "new_test_metrics": {
    "mae": 3.308530532563814,
    "rmse": 6.435821240602085,
    "r2": 0.9772567042905856,
    "mape": 10.036028172629859
  },
  "cv_mae": {
    "xgboost": 2.7153215105986175,
    "lightgbm": 2.479094165240433,
    "catboost": 3.2415139359559055,
    "rf": 2.311908450681654,
    "gb": 2.326235813338036,
    "ridge": 9.64506308898868,
    "linear": 9.053994249437801
  },
  "test_mae_all": {
    "xgboost": 3.510317058808113,
    "lightgbm": 4.329234116265828,
    "catboost": 3.921815089136654,
    "rf": 3.3085305325638137,
    "gb": 4.746443164995,
    "ridge": 11.151218794886349,
    "linear": 9.543484292588715
  },
  "historical_best_cv_mae": 2.042469801781462,
  "is_new_historical_best": false,
  "features": [
    "pm2_5",
    "pm10",
    "co",
    "no2",
    "so2",
    "month_cos",
    "total_pm",
    "total_gases",
    "no2_o3_ratio",
    "pm2_5_rolling_3h",
    "pm10_rolling_3h",
    "co_rolling_3h",
    "pm2_5_co_interaction",
    "hour_sin",
    "hour_cos"
  ],
  "scaler_needed": false,
  "all_models_saved": [
    "model_xgboost.pkl",
    "model_lightgbm.pkl",
    "model_catboost.pkl",
    "model_rf.pkl",
    "model_gb.pkl",
    "model_ridge.pkl",
    "model_linear.pkl"
  ],
  "all_metrics": {
    "train": {
      "xgboost": {
        "mae": 1.868206602253326,
        "rmse": 3.430676557292178,
        "r2": 0.9987902879659787,
        "mape": 1.5178700709941646
      },
      "lightgbm": {
        "mae": 1.607621745864745,
        "rmse": 3.2263211004394843,
        "r2": 0.998930113695664,
        "mape": 1.3106205207221235
      },
      "catboost": {
        "mae": 1.867498959133318,
        "rmse": 2.975820827855898,
        "r2": 0.99908980172237,
        "mape": 1.575340587167335
      },
      "rf": {
        "mae": 1.1760432491662711,
        "rmse": 3.868780985943923,
        "r2": 0.9984615947948192,
        "mape": 1.1522002775549878
      },
      "gb": {
        "mae": 1.3813156899624135,
        "rmse": 2.9567148225705004,
        "r2": 0.9991014519041406,
        "mape": 1.1929156027441326
      },
      "ridge": {
        "mae": 8.720626392172402,
        "rmse": 11.597754465187162,
        "r2": 0.9861748366492802,
        "mape": 8.105721421660682
      },
      "linear": {
        "mae": 8.413164435614094,
        "rmse": 11.269101038238361,
        "r2": 0.9869472807553664,
        "mape": 7.684295006982249
      }
    },
    "val": {
      "xgboost": {
        "mae": 2.7483945001750234,
        "rmse": 8.859177675903222,
        "r2": 0.941722458154574,
        "mape": 4.825424942290713
      },
      "lightgbm": {
        "mae": 2.735759152514901,
        "rmse": 10.070432890841767,
        "r2": 0.9246972770417253,
        "mape": 4.274959453075134
      },
      "catboost": {
        "mae": 3.43653009297983,
        "rmse": 10.335380876708378,
        "r2": 0.9206828003343048,
        "mape": 5.738358165292824
      },
      "rf": {
        "mae": 3.460546611051496,
        "rmse": 11.883168617611952,
        "r2": 0.895147468431954,
        "mape": 5.999267233269783
      },
      "gb": {
        "mae": 2.6914408346188257,
        "rmse": 9.734045959207714,
        "r2": 0.9296439925615644,
        "mape": 4.262070261813649
      },
      "ridge": {
        "mae": 6.498227793933008,
        "rmse": 11.688030857766792,
        "r2": 0.8985628356021609,
        "mape": 10.380773783536892
      },
      "linear": {
        "mae": 6.25544186642216,
        "rmse": 11.554905720774304,
        "r2": 0.9008603882195494,
        "mape": 9.63332502061413
      }
    },
    "test": {
      "xgboost": {
        "mae": 3.510317058808113,
        "rmse": 5.937805732378481,
        "r2": 0.9806403535492969,
        "mape": 8.278597647986897
      },
      "lightgbm": {
        "mae": 4.329234116265828,
        "rmse": 7.067732387499274,
        "r2": 0.9725712733351715,
        "mape": 8.205252723673695
      },
      "catboost": {
        "mae": 3.921815089136654,
        "rmse": 6.37191990324004,
        "r2": 0.9777060989857244,
        "mape": 9.574043776784606
      },
      "rf": {
        "mae": 3.3085305325638137,
        "rmse": 6.435821240602084,
        "r2": 0.9772567042905856,
        "mape": 10.036028172629859
      },
      "gb": {
        "mae": 4.746443164995,
        "rmse": 7.760462266765922,
        "r2": 0.9669310324624611,
        "mape": 7.8782341971412
      },
      "ridge": {
        "mae": 11.151218794886349,
        "rmse": 14.175205301136442,
        "r2": 0.8896673199275278,
        "mape": 22.227302163742134
      },
      "linear": {
        "mae": 9.543484292588715,
        "rmse": 12.523636669133507,
        "r2": 0.9138795338929405,
        "mape": 19.390833532973637
      }
    },
    "cv_mae": {
      "xgboost": 2.7153215105986175,
      "lightgbm": 2.479094165240433,
      "catboost": 3.2415139359559055,
      "rf": 2.311908450681654,
      "gb": 2.326235813338036,
      "ridge": 9.64506308898868,
      "linear": 9.053994249437801
    }
  }
}