{
  "trained_best_model": "rf",
  "new_test_metrics": {
    "mae": 3.378477675863157,
    "rmse": 6.585985151481441,
    "r2": 0.9761957707640511,
    "mape": 10.278554772326071
  },
  "cv_mae": {
    "xgboost": 2.676662144595629,
    "lightgbm": 2.5240952983602916,
    "catboost": 3.2582236949602383,
    "rf": 2.232398581870658,
    "gb": 2.408938258416055,
    "ridge": 9.776827827245558,
    "linear": 9.22454054460697
  },
  "test_mae_all": {
    "xgboost": 3.082374291413181,
    "lightgbm": 4.047038883186447,
    "catboost": 3.685727535817776,
    "rf": 3.37847767586316,
    "gb": 4.958219073585414,
    "ridge": 11.156452900370844,
    "linear": 9.538668227975975
  },
  "historical_best_cv_mae": 2.042469801781462,
  "is_new_historical_best": false,
  "features": [
    "pm2_5",
    "pm10",
    "co",
    "no2",
    "so2",
    "month_cos",
    "total_pm",
    "total_gases",
    "no2_o3_ratio",
    "pm2_5_rolling_3h",
    "pm10_rolling_3h",
    "co_rolling_3h",
    "pm2_5_co_interaction",
    "hour_sin",
    "hour_cos"
  ],
  "scaler_needed": false,
  "all_models_saved": [
    "model_xgboost.pkl",
    "model_lightgbm.pkl",
    "model_catboost.pkl",
    "model_rf.pkl",
    "model_gb.pkl",
    "model_ridge.pkl",
    "model_linear.pkl"
  ],
  "all_metrics": {
    "train": {
      "xgboost": {
        "mae": 1.884527038299252,
        "rmse": 3.4962809746020223,
        "r2": 0.9987436643843508,
        "mape": 1.5406592065023987
      },
      "lightgbm": {
        "mae": 1.6958610113485617,
        "rmse": 3.374664344504014,
        "r2": 0.9988295464487732,
        "mape": 1.3889986404335557
      },
      "catboost": {
        "mae": 1.8604271475181362,
        "rmse": 2.95071382208976,
        "r2": 0.9991051562689598,
        "mape": 1.5615483663517977
      },
      "rf": {
        "mae": 1.1728639951384627,
        "rmse": 3.8714237829244755,
        "r2": 0.9984595966828196,
        "mape": 1.1500524133858372
      },
      "gb": {
        "mae": 1.3819990981446526,
        "rmse": 2.944513605569608,
        "r2": 0.9991089129163931,
        "mape": 1.1998035406200047
      },
      "ridge": {
        "mae": 8.716667819843458,
        "rmse": 11.593517497457132,
        "r2": 0.9861858724573996,
        "mape": 8.10462026056278
      },
      "linear": {
        "mae": 8.411366137576353,
        "rmse": 11.266923571804567,
        "r2": 0.9869532087266165,
        "mape": 7.68555630680744
      }
    },
    "val": {
      "xgboost": {
        "mae": 2.879262514854675,
        "rmse": 9.17511625641256,
        "r2": 0.937452369903895,
        "mape": 4.885635954416487
      },
      "lightgbm": {
        "mae": 2.9511336191415625,
        "rmse": 10.368451220461932,
        "r2": 0.9201241514084707,
        "mape": 4.681317537433738
      },
      "catboost": {
        "mae": 3.4714221227378688,
        "rmse": 10.330383542463615,
        "r2": 0.9207096016535715,
        "mape": 5.958973349538846
      },
      "rf": {
        "mae": 3.514461642120237,
        "rmse": 11.920339089362848,
        "r2": 0.8944240673295525,
        "mape": 6.124660504600565
      },
      "gb": {
        "mae": 2.696865777490841,
        "rmse": 9.737650881432215,
        "r2": 0.9295475488678542,
        "mape": 4.035260505800994
      },
      "ridge": {
        "mae": 6.497184659848907,
        "rmse": 11.673087126718341,
        "r2": 0.8987583623448245,
        "mape": 10.393647753734008
      },
      "linear": {
        "mae": 6.2530867810491575,
        "rmse": 11.539173161523154,
        "r2": 0.9010679317029378,
        "mape": 9.644040534174245
      }
    },
    "test": {
      "xgboost": {
        "mae": 3.082374291413181,
        "rmse": 5.368002724089041,
        "r2": 0.9841861329047418,
        "mape": 7.928468182083208
      },
      "lightgbm": {
        "mae": 4.047038883186447,
        "rmse": 6.486801884432814,
        "r2": 0.9769073433782891,
        "mape": 8.75634230011226
      },
      "catboost": {
        "mae": 3.685727535817776,
        "rmse": 6.3766774190545865,
        "r2": 0.977684761920142,
        "mape": 9.723645438687829
      },
      "rf": {
        "mae": 3.37847767586316,
        "rmse": 6.585985151481441,
        "r2": 0.9761957707640511,
        "mape": 10.278554772326073
      },
      "gb": {
        "mae": 4.958219073585414,
        "rmse": 8.65518492088195,
        "r2": 0.958888309828083,
        "mape": 7.483932261979039
      },
      "ridge": {
        "mae": 11.156452900370844,
        "rmse": 14.174874114221149,
        "r2": 0.8897316056508252,
        "mape": 22.227864234560112
      },
      "linear": {
        "mae": 9.538668227975975,
        "rmse": 12.52090408354289,
        "r2": 0.9139632480249003,
        "mape": 19.39069822984381
      }
    },
    "cv_mae": {
      "xgboost": 2.676662144595629,
      "lightgbm": 2.5240952983602916,
      "catboost": 3.2582236949602383,
      "rf": 2.232398581870658,
      "gb": 2.408938258416055,
      "ridge": 9.776827827245558,
      "linear": 9.22454054460697
    }
  }
}