{
  "trained_best_model": "rf",
  "new_test_metrics": {
    "mae": 3.672467242343583,
    "rmse": 6.795645804678279,
    "r2": 0.9718715721620483,
    "mape": 10.6174287184526
  },
  "cv_mae": {
    "xgboost": 2.6047363322308383,
    "lightgbm": 2.3788426313892344,
    "catboost": 3.180254870081458,
    "rf": 2.0854371073283127,
    "gb": 2.171719312370116,
    "ridge": 9.94003281109369,
    "linear": 9.237620947504087
  },
  "test_mae_all": {
    "xgboost": 3.4066240454876473,
    "lightgbm": 3.6594222513194308,
    "catboost": 3.9349992421881383,
    "rf": 3.672467242343582,
    "gb": 4.265430113975413,
    "ridge": 10.604955655604796,
    "linear": 9.143305867188678
  },
  "historical_best_cv_mae": 2.042469801781462,
  "is_new_historical_best": false,
  "features": [
    "pm2_5",
    "pm10",
    "co",
    "no2",
    "so2",
    "month_cos",
    "total_pm",
    "total_gases",
    "no2_o3_ratio",
    "pm2_5_rolling_3h",
    "pm10_rolling_3h",
    "co_rolling_3h",
    "pm2_5_co_interaction",
    "hour_sin",
    "hour_cos"
  ],
  "scaler_needed": false,
  "all_models_saved": [
    "model_xgboost.pkl",
    "model_lightgbm.pkl",
    "model_catboost.pkl",
    "model_rf.pkl",
    "model_gb.pkl",
    "model_ridge.pkl",
    "model_linear.pkl"
  ],
  "all_metrics": {
    "train": {
      "xgboost": {
        "mae": 2.0033617638639587,
        "rmse": 3.7233219129695176,
        "r2": 0.9985974004159187,
        "mape": 1.6109328629109243
      },
      "lightgbm": {
        "mae": 1.9346623211058622,
        "rmse": 3.9776451250776903,
        "r2": 0.9983992459805481,
        "mape": 1.6052404354229637
      },
      "catboost": {
        "mae": 1.92469576358161,
        "rmse": 3.0317736559356545,
        "r2": 0.9990700361152879,
        "mape": 1.6229419044836868
      },
      "rf": {
        "mae": 1.1764908680012631,
        "rmse": 3.8833127093587936,
        "r2": 0.9984742714905246,
        "mape": 1.1520958029255484
      },
      "gb": {
        "mae": 1.3976691943812165,
        "rmse": 2.9769284033709744,
        "r2": 0.9991033781611117,
        "mape": 1.201715323926192
      },
      "ridge": {
        "mae": 8.816627881965205,
        "rmse": 11.685696021523478,
        "r2": 0.986184019776029,
        "mape": 8.169087789772375
      },
      "linear": {
        "mae": 8.49933941097507,
        "rmse": 11.347142757350131,
        "r2": 0.9869729652813232,
        "mape": 7.738489316297449
      }
    },
    "val": {
      "xgboost": {
        "mae": 2.8145738671359406,
        "rmse": 9.386967784084229,
        "r2": 0.9347308784708691,
        "mape": 4.7602721788097675
      },
      "lightgbm": {
        "mae": 2.961601094037223,
        "rmse": 10.580519093867693,
        "r2": 0.9170777527511029,
        "mape": 4.800056343111177
      },
      "catboost": {
        "mae": 3.500907426434888,
        "rmse": 9.856759170360153,
        "r2": 0.9280343248835464,
        "mape": 5.84621172536075
      },
      "rf": {
        "mae": 4.025331383440406,
        "rmse": 12.130078594852847,
        "r2": 0.891010579771188,
        "mape": 6.70642577255897
      },
      "gb": {
        "mae": 2.625413872270929,
        "rmse": 9.98071737208867,
        "r2": 0.926212868373826,
        "mape": 3.9696672547958904
      },
      "ridge": {
        "mae": 6.518009811530837,
        "rmse": 11.794232649107574,
        "r2": 0.8969622199424109,
        "mape": 10.346917763757363
      },
      "linear": {
        "mae": 6.271363738557178,
        "rmse": 11.641263262820912,
        "r2": 0.8996176556136186,
        "mape": 9.605469425054633
      }
    },
    "test": {
      "xgboost": {
        "mae": 3.4066240454876473,
        "rmse": 5.719116621121435,
        "r2": 0.9800775890494995,
        "mape": 8.128410661325983
      },
      "lightgbm": {
        "mae": 3.6594222513194308,
        "rmse": 6.112298598856201,
        "r2": 0.9772441473038661,
        "mape": 8.83374329127932
      },
      "catboost": {
        "mae": 3.9349992421881383,
        "rmse": 6.326662256055536,
        "r2": 0.9756200230642155,
        "mape": 9.732611664921341
      },
      "rf": {
        "mae": 3.672467242343582,
        "rmse": 6.795645804678279,
        "r2": 0.9718715721620483,
        "mape": 10.617428718452599
      },
      "gb": {
        "mae": 4.265430113975413,
        "rmse": 7.456883856972423,
        "r2": 0.9661312828605089,
        "mape": 7.304834935988174
      },
      "ridge": {
        "mae": 10.604955655604796,
        "rmse": 13.73459269518573,
        "r2": 0.8851011825894259,
        "mape": 22.054921067859638
      },
      "linear": {
        "mae": 9.143305867188678,
        "rmse": 12.207288384452855,
        "r2": 0.9092341669193879,
        "mape": 19.28326062313683
      }
    },
    "cv_mae": {
      "xgboost": 2.6047363322308383,
      "lightgbm": 2.3788426313892344,
      "catboost": 3.180254870081458,
      "rf": 2.0854371073283127,
      "gb": 2.171719312370116,
      "ridge": 9.94003281109369,
      "linear": 9.237620947504087
    }
  }
}