{
  "trained_best_model": "rf",
  "new_test_metrics": {
    "mae": 3.26653313515861,
    "rmse": 6.341234850163649,
    "r2": 0.9816783905153588,
    "mape": 9.887872974898954
  },
  "cv_mae": {
    "xgboost": 2.7632782198911543,
    "lightgbm": 2.4321295275973527,
    "catboost": 3.1389474686600307,
    "rf": 2.20365623295666,
    "gb": 2.2995997630574174,
    "ridge": 9.628988330831852,
    "linear": 8.86622114790686
  },
  "test_mae_all": {
    "xgboost": 3.123166128095989,
    "lightgbm": 3.9583760829401426,
    "catboost": 3.5955962644027175,
    "rf": 3.2665331351586078,
    "gb": 5.889472478184373,
    "ridge": 11.57537357900738,
    "linear": 9.92964666681573
  },
  "historical_best_cv_mae": 2.042469801781462,
  "is_new_historical_best": false,
  "features": [
    "pm2_5",
    "pm10",
    "co",
    "no2",
    "so2",
    "month_cos",
    "total_pm",
    "total_gases",
    "no2_o3_ratio",
    "pm2_5_rolling_3h",
    "pm10_rolling_3h",
    "co_rolling_3h",
    "pm2_5_co_interaction",
    "hour_sin",
    "hour_cos"
  ],
  "scaler_needed": false,
  "all_models_saved": [
    "model_xgboost.pkl",
    "model_lightgbm.pkl",
    "model_catboost.pkl",
    "model_rf.pkl",
    "model_gb.pkl",
    "model_ridge.pkl",
    "model_linear.pkl"
  ],
  "all_metrics": {
    "train": {
      "xgboost": {
        "mae": 1.8155520040072886,
        "rmse": 3.3494560292348057,
        "r2": 0.9988241350284798,
        "mape": 1.4800829498459132
      },
      "lightgbm": {
        "mae": 1.6232943408171592,
        "rmse": 3.305150706188969,
        "r2": 0.9988550370715962,
        "mape": 1.339066056041148
      },
      "catboost": {
        "mae": 1.8777818319146053,
        "rmse": 3.017802750289147,
        "r2": 0.9990454677823785,
        "mape": 1.5734880059432557
      },
      "rf": {
        "mae": 1.1826009448897465,
        "rmse": 3.900987812622568,
        "r2": 0.9984050095818101,
        "mape": 1.1644667443584584
      },
      "gb": {
        "mae": 1.3708531468746994,
        "rmse": 2.9211240826464326,
        "r2": 0.9991056471365746,
        "mape": 1.1967599763122898
      },
      "ridge": {
        "mae": 8.645151684267883,
        "rmse": 11.525367949928617,
        "r2": 0.9860774595013839,
        "mape": 8.113738254231198
      },
      "linear": {
        "mae": 8.351834634079923,
        "rmse": 11.20757605970593,
        "r2": 0.9868346538848108,
        "mape": 7.7050518509637635
      }
    },
    "val": {
      "xgboost": {
        "mae": 2.651471945793117,
        "rmse": 8.856378373570532,
        "r2": 0.9414728600551081,
        "mape": 4.1772558334703
      },
      "lightgbm": {
        "mae": 2.649355821356884,
        "rmse": 9.907236653696168,
        "r2": 0.9267597107905817,
        "mape": 3.9198914337737008
      },
      "catboost": {
        "mae": 2.908358438236953,
        "rmse": 8.746011752929482,
        "r2": 0.942922480693454,
        "mape": 4.6957856743808915
      },
      "rf": {
        "mae": 3.408244042291531,
        "rmse": 11.835251170372334,
        "r2": 0.8954798716167413,
        "mape": 5.876878185237218
      },
      "gb": {
        "mae": 2.6803232959299774,
        "rmse": 9.523724937149105,
        "r2": 0.9323202627870977,
        "mape": 4.032589885967383
      },
      "ridge": {
        "mae": 6.431569181243858,
        "rmse": 11.591635691436165,
        "r2": 0.899738447945678,
        "mape": 10.423762062278097
      },
      "linear": {
        "mae": 6.047365853324711,
        "rmse": 11.413337902557696,
        "r2": 0.9027990909272243,
        "mape": 9.487608780601455
      }
    },
    "test": {
      "xgboost": {
        "mae": 3.123166128095989,
        "rmse": 5.1502179822213865,
        "r2": 0.9879144291583026,
        "mape": 6.68883944978006
      },
      "lightgbm": {
        "mae": 3.9583760829401426,
        "rmse": 6.246696698511863,
        "r2": 0.9822206128795393,
        "mape": 7.52924174111189
      },
      "catboost": {
        "mae": 3.5955962644027175,
        "rmse": 5.769313679402987,
        "r2": 0.9848342374733776,
        "mape": 8.201204179228561
      },
      "rf": {
        "mae": 3.2665331351586078,
        "rmse": 6.341234850163648,
        "r2": 0.9816783905153588,
        "mape": 9.887872974898954
      },
      "gb": {
        "mae": 5.889472478184373,
        "rmse": 9.892484106980453,
        "r2": 0.9554111091841169,
        "mape": 8.250801073655936
      },
      "ridge": {
        "mae": 11.57537357900738,
        "rmse": 14.457808977316127,
        "r2": 0.9047596656486167,
        "mape": 22.326500131480497
      },
      "linear": {
        "mae": 9.92964666681573,
        "rmse": 12.774672287414566,
        "r2": 0.9256440918351116,
        "mape": 19.532726488497655
      }
    },
    "cv_mae": {
      "xgboost": 2.7632782198911543,
      "lightgbm": 2.4321295275973527,
      "catboost": 3.1389474686600307,
      "rf": 2.20365623295666,
      "gb": 2.2995997630574174,
      "ridge": 9.628988330831852,
      "linear": 8.86622114790686
    }
  }
}