{
  "trained_best_model": "rf",
  "new_test_metrics": {
    "mae": 5.085199216974248,
    "rmse": 7.772101482997512,
    "r2": 0.9536790647327932,
    "mape": 12.972520181039746
  },
  "cv_mae": {
    "xgboost": 2.742690371907154,
    "lightgbm": 2.488114438858248,
    "catboost": 3.5013639801663485,
    "rf": 2.1572843797164007,
    "gb": 2.2664386216000603,
    "ridge": 10.625634356768677,
    "linear": 9.885809178339187
  },
  "test_mae_all": {
    "xgboost": 3.1447608643013467,
    "lightgbm": 4.126578306445551,
    "catboost": 4.154394880698045,
    "rf": 5.085199216974249,
    "gb": 3.825492328096555,
    "ridge": 10.447675801157516,
    "linear": 9.048530233275635
  },
  "historical_best_cv_mae": 2.042469801781462,
  "is_new_historical_best": false,
  "features": [
    "pm2_5",
    "pm10",
    "co",
    "no2",
    "so2",
    "month_cos",
    "total_pm",
    "total_gases",
    "no2_o3_ratio",
    "pm2_5_rolling_3h",
    "pm10_rolling_3h",
    "co_rolling_3h",
    "pm2_5_co_interaction",
    "hour_sin",
    "hour_cos"
  ],
  "scaler_needed": false,
  "all_models_saved": [
    "model_xgboost.pkl",
    "model_lightgbm.pkl",
    "model_catboost.pkl",
    "model_rf.pkl",
    "model_gb.pkl",
    "model_ridge.pkl",
    "model_linear.pkl"
  ],
  "all_metrics": {
    "train": {
      "xgboost": {
        "mae": 1.880255968370083,
        "rmse": 3.4336715663763013,
        "r2": 0.9988119000888186,
        "mape": 1.500587811701516
      },
      "lightgbm": {
        "mae": 1.6093527866175334,
        "rmse": 3.1419532301276605,
        "r2": 0.999005202028325,
        "mape": 1.299168199468148
      },
      "catboost": {
        "mae": 1.9355454536143246,
        "rmse": 3.00955549513803,
        "r2": 0.9990872745276109,
        "mape": 1.5778343890056044
      },
      "rf": {
        "mae": 1.1539201279021216,
        "rmse": 3.834481772570237,
        "r2": 0.9985183391201298,
        "mape": 1.1227973602608214
      },
      "gb": {
        "mae": 1.4057402168102386,
        "rmse": 2.9686061985080334,
        "r2": 0.9991119434150252,
        "mape": 1.1970627817035502
      },
      "ridge": {
        "mae": 8.978440699646306,
        "rmse": 11.818487500721227,
        "r2": 0.9859246481649582,
        "mape": 8.248235010118266
      },
      "linear": {
        "mae": 8.643776862831714,
        "rmse": 11.461857352234848,
        "r2": 0.9867612964452648,
        "mape": 7.7981205657498744
      }
    },
    "val": {
      "xgboost": {
        "mae": 2.6785797876854467,
        "rmse": 8.892409371815978,
        "r2": 0.940380212080896,
        "mape": 4.602770393203939
      },
      "lightgbm": {
        "mae": 2.8852811767385345,
        "rmse": 10.167721696987888,
        "r2": 0.9220531027314747,
        "mape": 4.8162969074916955
      },
      "catboost": {
        "mae": 4.023555292853492,
        "rmse": 10.525561111145233,
        "r2": 0.9164700838232034,
        "mape": 6.744315319322047
      },
      "rf": {
        "mae": 5.381272230327541,
        "rmse": 12.550781418353848,
        "r2": 0.8812337446603952,
        "mape": 9.04758941612685
      },
      "gb": {
        "mae": 2.5231072134855923,
        "rmse": 9.638221071463098,
        "r2": 0.9299601353188568,
        "mape": 3.919999167114771
      },
      "ridge": {
        "mae": 6.825186496562033,
        "rmse": 11.904438262410967,
        "r2": 0.8931512746728121,
        "mape": 11.183702229239962
      },
      "linear": {
        "mae": 6.449941213132337,
        "rmse": 11.625477576833383,
        "r2": 0.8981002456496798,
        "mape": 10.22480018846162
      }
    },
    "test": {
      "xgboost": {
        "mae": 3.1447608643013467,
        "rmse": 5.547714178013826,
        "r2": 0.9763991008044065,
        "mape": 8.036064790786684
      },
      "lightgbm": {
        "mae": 4.126578306445551,
        "rmse": 6.943916481762436,
        "r2": 0.9630248987700895,
        "mape": 9.380063832690581
      },
      "catboost": {
        "mae": 4.154394880698045,
        "rmse": 6.7031473272517355,
        "r2": 0.9655445501984945,
        "mape": 10.525747127471291
      },
      "rf": {
        "mae": 5.085199216974249,
        "rmse": 7.772101482997513,
        "r2": 0.9536790647327932,
        "mape": 12.972520181039746
      },
      "gb": {
        "mae": 3.825492328096555,
        "rmse": 7.614249264289853,
        "r2": 0.9555415236993066,
        "mape": 7.26365858051098
      },
      "ridge": {
        "mae": 10.447675801157516,
        "rmse": 13.741362945986996,
        "r2": 0.8552028494364219,
        "mape": 22.57850650123838
      },
      "linear": {
        "mae": 9.048530233275635,
        "rmse": 12.251182745733148,
        "r2": 0.8849050070998098,
        "mape": 19.687853927074894
      }
    },
    "cv_mae": {
      "xgboost": 2.742690371907154,
      "lightgbm": 2.488114438858248,
      "catboost": 3.5013639801663485,
      "rf": 2.1572843797164007,
      "gb": 2.2664386216000603,
      "ridge": 10.625634356768677,
      "linear": 9.885809178339187
    }
  }
}