{
  "trained_best_model": "xgboost",
  "new_test_metrics": {
    "mae": 4.023191376385437,
    "rmse": 6.291897642051263,
    "r2": 0.9697961198330529,
    "mape": 8.977880118874513
  },
  "cv_mae": {
    "xgboost": 2.101233266990945,
    "lightgbm": 2.3295852397394614,
    "catboost": 3.3947142441198705,
    "rf": 2.3088588968663353,
    "gb": 2.315001316013878,
    "ridge": 10.761457448705285,
    "linear": 9.731613475211642
  },
  "test_mae_all": {
    "xgboost": 4.023191376385437,
    "lightgbm": 3.4759890358229257,
    "catboost": 4.750765820880207,
    "rf": 5.4477929167703,
    "gb": 4.107953249834335,
    "ridge": 10.182577594774958,
    "linear": 8.773469227873623
  },
  "historical_best_cv_mae": 2.083662513090906,
  "is_new_historical_best": false,
  "features": [
    "pm2_5",
    "pm10",
    "co",
    "no2",
    "so2",
    "month_cos",
    "total_pm",
    "total_gases",
    "no2_o3_ratio",
    "pm2_5_rolling_3h",
    "pm10_rolling_3h",
    "co_rolling_3h",
    "pm2_5_co_interaction",
    "hour_sin",
    "hour_cos"
  ],
  "scaler_needed": false,
  "all_models_saved": [
    "model_xgboost.pkl",
    "model_lightgbm.pkl",
    "model_catboost.pkl",
    "model_rf.pkl",
    "model_gb.pkl",
    "model_ridge.pkl",
    "model_linear.pkl"
  ],
  "all_metrics": {
    "train": {
      "xgboost": {
        "mae": 1.1225439229978895,
        "rmse": 1.9733175245076608,
        "r2": 0.9996104470135758,
        "mape": 0.9463112277431089
      },
      "lightgbm": {
        "mae": 0.9868863446949052,
        "rmse": 1.9059202967932978,
        "r2": 0.9996366023933785,
        "mape": 0.8187616825999287
      },
      "catboost": {
        "mae": 1.9735423711152746,
        "rmse": 3.0910111228508446,
        "r2": 0.9990441852497625,
        "mape": 1.6056066638753232
      },
      "rf": {
        "mae": 1.1535133115781044,
        "rmse": 3.7976109177032544,
        "r2": 0.9985572418803824,
        "mape": 1.1292492564949708
      },
      "gb": {
        "mae": 1.4257156896159007,
        "rmse": 2.994261968505254,
        "r2": 0.9991030831542345,
        "mape": 1.2219183789571173
      },
      "ridge": {
        "mae": 8.987551275933006,
        "rmse": 11.848149225624748,
        "r2": 0.9859565561081732,
        "mape": 8.244211293411494
      },
      "linear": {
        "mae": 8.666411289888082,
        "rmse": 11.502342220595391,
        "r2": 0.9867643534217504,
        "mape": 7.808964170657072
      }
    },
    "val": {
      "xgboost": {
        "mae": 3.03878276206587,
        "rmse": 8.313037651870731,
        "r2": 0.9571643379560837,
        "mape": 5.26850556267312
      },
      "lightgbm": {
        "mae": 2.9267476464992495,
        "rmse": 9.338503228308399,
        "r2": 0.9459444195791601,
        "mape": 4.765756259543337
      },
      "catboost": {
        "mae": 4.424750096175775,
        "rmse": 10.364149724653606,
        "r2": 0.9334185352501273,
        "mape": 6.9961387606509025
      },
      "rf": {
        "mae": 5.569362495948972,
        "rmse": 12.558050292051226,
        "r2": 0.9022469257718025,
        "mape": 9.274774857314853
      },
      "gb": {
        "mae": 3.2194645880952546,
        "rmse": 9.983774949144012,
        "r2": 0.9382160665709673,
        "mape": 5.122350533095723
      },
      "ridge": {
        "mae": 7.252407763173043,
        "rmse": 12.346028908893068,
        "r2": 0.90551985142896,
        "mape": 11.387118728528376
      },
      "linear": {
        "mae": 6.845549113527204,
        "rmse": 11.997258960654715,
        "r2": 0.9107824989149992,
        "mape": 10.497528546239478
      }
    },
    "test": {
      "xgboost": {
        "mae": 4.023191376385437,
        "rmse": 6.291897642051263,
        "r2": 0.9697961198330529,
        "mape": 8.977880118874513
      },
      "lightgbm": {
        "mae": 3.4759890358229257,
        "rmse": 5.1373343288489925,
        "r2": 0.9798639120020317,
        "mape": 8.08263951286932
      },
      "catboost": {
        "mae": 4.750765820880207,
        "rmse": 6.662189964342576,
        "r2": 0.966136373552186,
        "mape": 10.620705864517085
      },
      "rf": {
        "mae": 5.4477929167703,
        "rmse": 7.74466983278673,
        "r2": 0.9542379726199572,
        "mape": 13.3249200132114
      },
      "gb": {
        "mae": 4.107953249834335,
        "rmse": 6.952893344783707,
        "r2": 0.9631166316453547,
        "mape": 8.432625497461933
      },
      "ridge": {
        "mae": 10.182577594774958,
        "rmse": 13.624967812657408,
        "r2": 0.8583650573991002,
        "mape": 22.271469702481518
      },
      "linear": {
        "mae": 8.773469227873623,
        "rmse": 12.094911935091366,
        "r2": 0.888389549267184,
        "mape": 19.38047468130141
      }
    },
    "cv_mae": {
      "xgboost": 2.101233266990945,
      "lightgbm": 2.3295852397394614,
      "catboost": 3.3947142441198705,
      "rf": 2.3088588968663353,
      "gb": 2.315001316013878,
      "ridge": 10.761457448705285,
      "linear": 9.731613475211642
    }
  }
}