{
  "trained_best_model": "rf",
  "new_test_metrics": {
    "mae": 3.3307821686165506,
    "rmse": 6.574071969680622,
    "r2": 0.9762632030927392,
    "mape": 10.216693493912103
  },
  "cv_mae": {
    "xgboost": 2.659404348160656,
    "lightgbm": 2.5033603850681097,
    "catboost": 3.162200284487151,
    "rf": 2.2993363741851183,
    "gb": 2.3582167208704825,
    "ridge": 9.676799242719486,
    "linear": 9.104461348291812
  },
  "test_mae_all": {
    "xgboost": 3.4097621144989927,
    "lightgbm": 3.5589144424332684,
    "catboost": 4.129011530443348,
    "rf": 3.3307821686165506,
    "gb": 4.849479191213153,
    "ridge": 11.157335035022275,
    "linear": 9.551430717660311
  },
  "historical_best_cv_mae": 2.042469801781462,
  "is_new_historical_best": false,
  "features": [
    "pm2_5",
    "pm10",
    "co",
    "no2",
    "so2",
    "month_cos",
    "total_pm",
    "total_gases",
    "no2_o3_ratio",
    "pm2_5_rolling_3h",
    "pm10_rolling_3h",
    "co_rolling_3h",
    "pm2_5_co_interaction",
    "hour_sin",
    "hour_cos"
  ],
  "scaler_needed": false,
  "all_models_saved": [
    "model_xgboost.pkl",
    "model_lightgbm.pkl",
    "model_catboost.pkl",
    "model_rf.pkl",
    "model_gb.pkl",
    "model_ridge.pkl",
    "model_linear.pkl"
  ],
  "all_metrics": {
    "train": {
      "xgboost": {
        "mae": 1.8268609221123124,
        "rmse": 3.3988789075381995,
        "r2": 0.9988126164870216,
        "mape": 1.4957835895300622
      },
      "lightgbm": {
        "mae": 1.8607824851230308,
        "rmse": 3.8171620836383657,
        "r2": 0.9985023827540468,
        "mape": 1.532485347723701
      },
      "catboost": {
        "mae": 1.8866036979004466,
        "rmse": 3.0065666983659898,
        "r2": 0.9990709024484355,
        "mape": 1.5769297641283178
      },
      "rf": {
        "mae": 1.1735524393359469,
        "rmse": 3.8818434323689712,
        "r2": 0.9984511988594941,
        "mape": 1.1491774645761732
      },
      "gb": {
        "mae": 1.3939662065489533,
        "rmse": 2.9466550147100126,
        "r2": 0.9991075616677038,
        "mape": 1.215289579227593
      },
      "ridge": {
        "mae": 8.719586130793909,
        "rmse": 11.596702647864058,
        "r2": 0.9861774339748949,
        "mape": 8.106271770708814
      },
      "linear": {
        "mae": 8.412513405696767,
        "rmse": 11.268438710435943,
        "r2": 0.9869488998052258,
        "mape": 7.68506003776708
      }
    },
    "val": {
      "xgboost": {
        "mae": 2.685151435468839,
        "rmse": 8.925285180439985,
        "r2": 0.940853314966334,
        "mape": 4.649441051712731
      },
      "lightgbm": {
        "mae": 2.827024410957285,
        "rmse": 10.329584957369374,
        "r2": 0.9207768786010034,
        "mape": 4.342048431780092
      },
      "catboost": {
        "mae": 3.384147469533961,
        "rmse": 9.992501793999628,
        "r2": 0.925863056749281,
        "mape": 5.775226719279506
      },
      "rf": {
        "mae": 3.4371249457482644,
        "rmse": 11.906209406277004,
        "r2": 0.8947473015277679,
        "mape": 6.021059293546319
      },
      "gb": {
        "mae": 2.6852954211874733,
        "rmse": 9.807030427050435,
        "r2": 0.9285896352656932,
        "mape": 4.002361121469948
      },
      "ridge": {
        "mae": 6.501377882705747,
        "rmse": 11.686316203636295,
        "r2": 0.898599178838229,
        "mape": 10.387051533158658
      },
      "linear": {
        "mae": 6.259292920505719,
        "rmse": 11.553730589323317,
        "r2": 0.9008869870218289,
        "mape": 9.639556126871447
      }
    },
    "test": {
      "xgboost": {
        "mae": 3.4097621144989927,
        "rmse": 5.7815858247158225,
        "r2": 0.9816410787324514,
        "mape": 8.10867632209064
      },
      "lightgbm": {
        "mae": 3.5589144424332684,
        "rmse": 5.947394398860663,
        "r2": 0.9805729577557579,
        "mape": 7.833864286227328
      },
      "catboost": {
        "mae": 4.129011530443348,
        "rmse": 6.6885816522369295,
        "r2": 0.9754290882609515,
        "mape": 9.928640337804522
      },
      "rf": {
        "mae": 3.3307821686165506,
        "rmse": 6.574071969680625,
        "r2": 0.9762632030927392,
        "mape": 10.216693493912105
      },
      "gb": {
        "mae": 4.849479191213153,
        "rmse": 8.521550430277873,
        "r2": 0.9601167590264691,
        "mape": 7.360206638667212
      },
      "ridge": {
        "mae": 11.157335035022275,
        "rmse": 14.177685522817914,
        "r2": 0.8896013192903954,
        "mape": 22.239013344749324
      },
      "linear": {
        "mae": 9.551430717660311,
        "rmse": 12.530166439888864,
        "r2": 0.9137683124717881,
        "mape": 19.407273788918147
      }
    },
    "cv_mae": {
      "xgboost": 2.659404348160656,
      "lightgbm": 2.5033603850681097,
      "catboost": 3.162200284487151,
      "rf": 2.2993363741851183,
      "gb": 2.3582167208704825,
      "ridge": 9.676799242719486,
      "linear": 9.104461348291812
    }
  }
}