{
  "trained_best_model": "rf",
  "new_test_metrics": {
    "mae": 5.2853204991386455,
    "rmse": 7.796018453415806,
    "r2": 0.9533634761324747,
    "mape": 13.232902739194992
  },
  "cv_mae": {
    "xgboost": 2.8256126870381157,
    "lightgbm": 2.569883413936691,
    "catboost": 3.6772702448281485,
    "rf": 2.135229182814354,
    "gb": 2.2206940126495054,
    "ridge": 10.668145302735885,
    "linear": 9.989044675237935
  },
  "test_mae_all": {
    "xgboost": 3.8113766266173883,
    "lightgbm": 4.003530989033337,
    "catboost": 4.621462807679486,
    "rf": 5.2853204991386455,
    "gb": 3.6543348259264556,
    "ridge": 10.409940024313777,
    "linear": 8.988660114696216
  },
  "historical_best_cv_mae": 2.042469801781462,
  "is_new_historical_best": false,
  "features": [
    "pm2_5",
    "pm10",
    "co",
    "no2",
    "so2",
    "month_cos",
    "total_pm",
    "total_gases",
    "no2_o3_ratio",
    "pm2_5_rolling_3h",
    "pm10_rolling_3h",
    "co_rolling_3h",
    "pm2_5_co_interaction",
    "hour_sin",
    "hour_cos"
  ],
  "scaler_needed": false,
  "all_models_saved": [
    "model_xgboost.pkl",
    "model_lightgbm.pkl",
    "model_catboost.pkl",
    "model_rf.pkl",
    "model_gb.pkl",
    "model_ridge.pkl",
    "model_linear.pkl"
  ],
  "all_metrics": {
    "train": {
      "xgboost": {
        "mae": 2.009556124277233,
        "rmse": 3.750084495898044,
        "r2": 0.9985887742260177,
        "mape": 1.602681778536792
      },
      "lightgbm": {
        "mae": 1.6840258992150443,
        "rmse": 3.334778775173174,
        "r2": 0.9988840404566574,
        "mape": 1.3525147580582078
      },
      "catboost": {
        "mae": 1.949829667875852,
        "rmse": 3.046536686356157,
        "r2": 0.9990686193356536,
        "mape": 1.6053710845584892
      },
      "rf": {
        "mae": 1.1543273913769343,
        "rmse": 3.825441435356365,
        "r2": 0.9985314879707342,
        "mape": 1.1248356245830282
      },
      "gb": {
        "mae": 1.3883593424741907,
        "rmse": 2.9174697876107536,
        "r2": 0.9991458638014717,
        "mape": 1.1946327503776155
      },
      "ridge": {
        "mae": 8.998128573634208,
        "rmse": 11.833860712168914,
        "r2": 0.9859470565208154,
        "mape": 8.260310916976056
      },
      "linear": {
        "mae": 8.660909941050033,
        "rmse": 11.474220268029423,
        "r2": 0.9867882374862847,
        "mape": 7.808195221709095
      }
    },
    "val": {
      "xgboost": {
        "mae": 2.9311847120659538,
        "rmse": 9.625877796393988,
        "r2": 0.9302355784323514,
        "mape": 5.36669034632647
      },
      "lightgbm": {
        "mae": 2.9501011298406206,
        "rmse": 10.223890213416968,
        "r2": 0.9212980189105359,
        "mape": 4.7855943882702165
      },
      "catboost": {
        "mae": 4.615428323448076,
        "rmse": 10.445637984969096,
        "r2": 0.917847033385554,
        "mape": 7.4202684768982525
      },
      "rf": {
        "mae": 5.539996651116382,
        "rmse": 12.599071696839514,
        "r2": 0.8804828014838794,
        "mape": 9.301217965493985
      },
      "gb": {
        "mae": 2.6944725105877008,
        "rmse": 9.778489046287481,
        "r2": 0.9280059148744367,
        "mape": 4.393982660547067
      },
      "ridge": {
        "mae": 6.830108071998278,
        "rmse": 11.928775404824782,
        "r2": 0.892861630300174,
        "mape": 11.191395884400722
      },
      "linear": {
        "mae": 6.4760708097601904,
        "rmse": 11.653361773806118,
        "r2": 0.8977517771639973,
        "mape": 10.263601977281981
      }
    },
    "test": {
      "xgboost": {
        "mae": 3.8113766266173883,
        "rmse": 6.753310621663329,
        "r2": 0.965004362705347,
        "mape": 10.162133821867126
      },
      "lightgbm": {
        "mae": 4.003530989033337,
        "rmse": 6.646673647953548,
        "r2": 0.9661008221058351,
        "mape": 8.926878101824384
      },
      "catboost": {
        "mae": 4.621462807679486,
        "rmse": 7.049451517728013,
        "r2": 0.9618678659306668,
        "mape": 10.943548766624495
      },
      "rf": {
        "mae": 5.2853204991386455,
        "rmse": 7.796018453415806,
        "r2": 0.9533634761324747,
        "mape": 13.232902739194992
      },
      "gb": {
        "mae": 3.6543348259264556,
        "rmse": 6.5807216157376125,
        "r2": 0.9667702178838508,
        "mape": 8.054409324512827
      },
      "ridge": {
        "mae": 10.409940024313777,
        "rmse": 13.736336002070892,
        "r2": 0.8552154348217214,
        "mape": 22.52496181813978
      },
      "linear": {
        "mae": 8.988660114696216,
        "rmse": 12.224287385614453,
        "r2": 0.8853358758948519,
        "mape": 19.599200280804435
      }
    },
    "cv_mae": {
      "xgboost": 2.8256126870381157,
      "lightgbm": 2.569883413936691,
      "catboost": 3.6772702448281485,
      "rf": 2.135229182814354,
      "gb": 2.2206940126495054,
      "ridge": 10.668145302735885,
      "linear": 9.989044675237935
    }
  }
}