{
  "trained_best_model": "rf",
  "new_test_metrics": {
    "mae": 3.339634682972678,
    "rmse": 6.446730193601064,
    "r2": 0.9811611819546893,
    "mape": 10.065115718312612
  },
  "cv_mae": {
    "xgboost": 2.7027324840747218,
    "lightgbm": 2.394925747143058,
    "catboost": 3.2505056197250566,
    "rf": 2.2298336870175737,
    "gb": 2.286580895236491,
    "ridge": 9.64882998650264,
    "linear": 8.855303209436372
  },
  "test_mae_all": {
    "xgboost": 3.3737013088993613,
    "lightgbm": 4.918229050895484,
    "catboost": 3.3709791130365607,
    "rf": 3.339634682972678,
    "gb": 6.365456836022039,
    "ridge": 11.576767792104402,
    "linear": 9.92810717183034
  },
  "historical_best_cv_mae": 2.042469801781462,
  "is_new_historical_best": false,
  "features": [
    "pm2_5",
    "pm10",
    "co",
    "no2",
    "so2",
    "month_cos",
    "total_pm",
    "total_gases",
    "no2_o3_ratio",
    "pm2_5_rolling_3h",
    "pm10_rolling_3h",
    "co_rolling_3h",
    "pm2_5_co_interaction",
    "hour_sin",
    "hour_cos"
  ],
  "scaler_needed": false,
  "all_models_saved": [
    "model_xgboost.pkl",
    "model_lightgbm.pkl",
    "model_catboost.pkl",
    "model_rf.pkl",
    "model_gb.pkl",
    "model_ridge.pkl",
    "model_linear.pkl"
  ],
  "all_metrics": {
    "train": {
      "xgboost": {
        "mae": 1.8321330867712589,
        "rmse": 3.4270041842825245,
        "r2": 0.9987628823921098,
        "mape": 1.5097779205458877
      },
      "lightgbm": {
        "mae": 1.6836669564677351,
        "rmse": 3.4190355575695928,
        "r2": 0.9987686289080768,
        "mape": 1.397953260204771
      },
      "catboost": {
        "mae": 1.909531872743516,
        "rmse": 3.0409237171165753,
        "r2": 0.9990259241626287,
        "mape": 1.6133991876853275
      },
      "rf": {
        "mae": 1.1863830941476992,
        "rmse": 3.892228404037439,
        "r2": 0.9984042003916119,
        "mape": 1.168595473009239
      },
      "gb": {
        "mae": 1.3886701691509626,
        "rmse": 3.013056768899723,
        "r2": 0.9990436951740584,
        "mape": 1.2139265394959917
      },
      "ridge": {
        "mae": 8.62566030828892,
        "rmse": 11.500252301995559,
        "r2": 0.986068545669374,
        "mape": 8.102750293699216
      },
      "linear": {
        "mae": 8.331667068321366,
        "rmse": 11.182240039777094,
        "r2": 0.9868283755319267,
        "mape": 7.69352891431367
      }
    },
    "val": {
      "xgboost": {
        "mae": 2.7533427417006124,
        "rmse": 9.103506889638467,
        "r2": 0.9381558203526671,
        "mape": 4.401590673107164
      },
      "lightgbm": {
        "mae": 2.6811570589519698,
        "rmse": 10.161493337957435,
        "r2": 0.9229457751068325,
        "mape": 4.007989275784789
      },
      "catboost": {
        "mae": 2.8941351289560537,
        "rmse": 9.200839005850362,
        "r2": 0.9368263098801767,
        "mape": 4.7811941904875646
      },
      "rf": {
        "mae": 3.431208987394982,
        "rmse": 11.839549375852483,
        "r2": 0.895395172240448,
        "mape": 5.939966209195007
      },
      "gb": {
        "mae": 2.655732857629806,
        "rmse": 9.788718913927022,
        "r2": 0.9284955454395744,
        "mape": 3.8936568135536342
      },
      "ridge": {
        "mae": 6.431458628172489,
        "rmse": 11.5945516475332,
        "r2": 0.8996795892803636,
        "mape": 10.421365436982143
      },
      "linear": {
        "mae": 6.036386607796584,
        "rmse": 11.413583687882104,
        "r2": 0.9027867555648049,
        "mape": 9.473511809520028
      }
    },
    "test": {
      "xgboost": {
        "mae": 3.3737013088993613,
        "rmse": 5.373998270222228,
        "r2": 0.9869090939264649,
        "mape": 7.357243235882856
      },
      "lightgbm": {
        "mae": 4.918229050895484,
        "rmse": 7.688686969679049,
        "r2": 0.9732034414434404,
        "mape": 8.335714420916833
      },
      "catboost": {
        "mae": 3.3709791130365607,
        "rmse": 5.631133489230959,
        "r2": 0.9856263750866971,
        "mape": 8.306508223261288
      },
      "rf": {
        "mae": 3.339634682972678,
        "rmse": 6.446730193601065,
        "r2": 0.9811611819546893,
        "mape": 10.065115718312613
      },
      "gb": {
        "mae": 6.365456836022039,
        "rmse": 10.634906482647239,
        "r2": 0.9487325150203312,
        "mape": 8.268189318385954
      },
      "ridge": {
        "mae": 11.576767792104402,
        "rmse": 14.467117039094221,
        "r2": 0.9051278698004843,
        "mape": 22.295555360024032
      },
      "linear": {
        "mae": 9.92810717183034,
        "rmse": 12.773409790932018,
        "r2": 0.9260414560058704,
        "mape": 19.506694765597576
      }
    },
    "cv_mae": {
      "xgboost": 2.7027324840747218,
      "lightgbm": 2.394925747143058,
      "catboost": 3.2505056197250566,
      "rf": 2.2298336870175737,
      "gb": 2.286580895236491,
      "ridge": 9.64882998650264,
      "linear": 8.855303209436372
    }
  }
}