{
  "trained_best_model": "rf",
  "new_test_metrics": {
    "mae": 3.598754419038869,
    "rmse": 6.6726360041083925,
    "r2": 0.9696272526290892,
    "mape": 10.435198472916317
  },
  "cv_mae": {
    "xgboost": 2.6575418140090377,
    "lightgbm": 2.4355920653081142,
    "catboost": 3.2550301247645534,
    "rf": 2.1662660663872897,
    "gb": 2.2839357245865437,
    "ridge": 10.217236166823984,
    "linear": 9.42626602692545
  },
  "test_mae_all": {
    "xgboost": 3.2796891695422556,
    "lightgbm": 3.987969634089348,
    "catboost": 3.8551891437232535,
    "rf": 3.598754419038868,
    "gb": 3.6377738623393636,
    "ridge": 10.46822039467951,
    "linear": 9.037575303801496
  },
  "historical_best_cv_mae": 2.042469801781462,
  "is_new_historical_best": false,
  "features": [
    "pm2_5",
    "pm10",
    "co",
    "no2",
    "so2",
    "month_cos",
    "total_pm",
    "total_gases",
    "no2_o3_ratio",
    "pm2_5_rolling_3h",
    "pm10_rolling_3h",
    "co_rolling_3h",
    "pm2_5_co_interaction",
    "hour_sin",
    "hour_cos"
  ],
  "scaler_needed": false,
  "all_models_saved": [
    "model_xgboost.pkl",
    "model_lightgbm.pkl",
    "model_catboost.pkl",
    "model_rf.pkl",
    "model_gb.pkl",
    "model_ridge.pkl",
    "model_linear.pkl"
  ],
  "all_metrics": {
    "train": {
      "xgboost": {
        "mae": 1.8137920160971666,
        "rmse": 3.336819551917882,
        "r2": 0.9988799485307726,
        "mape": 1.4672263973550188
      },
      "lightgbm": {
        "mae": 1.6883664594147139,
        "rmse": 3.3536304341968863,
        "r2": 0.9988686344735117,
        "mape": 1.377867580255934
      },
      "catboost": {
        "mae": 1.8740805836126175,
        "rmse": 2.9814379646936415,
        "r2": 0.9991058217711688,
        "mape": 1.5554557217669873
      },
      "rf": {
        "mae": 1.162033387167278,
        "rmse": 3.864277511967095,
        "r2": 0.9984978643540773,
        "mape": 1.1364702849751103
      },
      "gb": {
        "mae": 1.3842330042817432,
        "rmse": 2.942147873125905,
        "r2": 0.9991292338654318,
        "mape": 1.189405364478143
      },
      "ridge": {
        "mae": 8.874261423107818,
        "rmse": 11.746453930514484,
        "r2": 0.9861201076959261,
        "mape": 8.211858861542995
      },
      "linear": {
        "mae": 8.553362439129495,
        "rmse": 11.402251106207187,
        "r2": 0.9869216264114395,
        "mape": 7.77500985908564
      }
    },
    "val": {
      "xgboost": {
        "mae": 2.8715951649565676,
        "rmse": 8.902749496994703,
        "r2": 0.9428409823351888,
        "mape": 5.064180966122957
      },
      "lightgbm": {
        "mae": 2.9965128894481143,
        "rmse": 10.19803885218115,
        "r2": 0.9249985302902595,
        "mape": 4.643909494745486
      },
      "catboost": {
        "mae": 3.3696453090239045,
        "rmse": 9.726235665671494,
        "r2": 0.9317777519772275,
        "mape": 5.716519784094178
      },
      "rf": {
        "mae": 4.058141874696355,
        "rmse": 12.121495504815886,
        "r2": 0.8940383142391565,
        "mape": 6.69274694545976
      },
      "gb": {
        "mae": 2.7106808456392213,
        "rmse": 9.637920747017276,
        "r2": 0.9330110530368125,
        "mape": 4.140922083409456
      },
      "ridge": {
        "mae": 6.698934500126893,
        "rmse": 11.946657775983393,
        "r2": 0.897073004524372,
        "mape": 10.558257922297608
      },
      "linear": {
        "mae": 6.447833868983994,
        "rmse": 11.743983933863978,
        "r2": 0.9005356734902619,
        "mape": 9.827167045819145
      }
    },
    "test": {
      "xgboost": {
        "mae": 3.2796891695422556,
        "rmse": 5.920363019760474,
        "r2": 0.976089652754595,
        "mape": 8.730026036241116
      },
      "lightgbm": {
        "mae": 3.987969634089348,
        "rmse": 6.696296647464796,
        "r2": 0.9694114719807417,
        "mape": 8.68875771248569
      },
      "catboost": {
        "mae": 3.8551891437232535,
        "rmse": 6.458240706266492,
        "r2": 0.9715476813330683,
        "mape": 9.56706676536533
      },
      "rf": {
        "mae": 3.598754419038868,
        "rmse": 6.6726360041083925,
        "r2": 0.9696272526290892,
        "mape": 10.43519847291632
      },
      "gb": {
        "mae": 3.6377738623393636,
        "rmse": 6.671665761589915,
        "r2": 0.9696360847573221,
        "mape": 7.007785709874264
      },
      "ridge": {
        "mae": 10.46822039467951,
        "rmse": 13.660265615461723,
        "r2": 0.8727061280220955,
        "mape": 22.21369268668415
      },
      "linear": {
        "mae": 9.037575303801496,
        "rmse": 12.161787337841035,
        "r2": 0.8991016605283515,
        "mape": 19.39183980121825
      }
    },
    "cv_mae": {
      "xgboost": 2.6575418140090377,
      "lightgbm": 2.4355920653081142,
      "catboost": 3.2550301247645534,
      "rf": 2.1662660663872897,
      "gb": 2.2839357245865437,
      "ridge": 10.217236166823984,
      "linear": 9.42626602692545
    }
  }
}