{
  "trained_best_model": "rf",
  "new_test_metrics": {
    "mae": 5.148775262526907,
    "rmse": 7.864594442386589,
    "r2": 0.952570493404018,
    "mape": 13.151831714959725
  },
  "cv_mae": {
    "xgboost": 2.749049258745347,
    "lightgbm": 2.474380060220313,
    "catboost": 3.464431544694576,
    "rf": 2.167019871545091,
    "gb": 2.2685816038215907,
    "ridge": 10.605747168532773,
    "linear": 9.84674452081345
  },
  "test_mae_all": {
    "xgboost": 3.0468074341473326,
    "lightgbm": 3.91278831506,
    "catboost": 4.3204948407102215,
    "rf": 5.148775262526907,
    "gb": 4.417928825884138,
    "ridge": 10.45249046201937,
    "linear": 9.05407883935304
  },
  "historical_best_cv_mae": 2.042469801781462,
  "is_new_historical_best": false,
  "features": [
    "pm2_5",
    "pm10",
    "co",
    "no2",
    "so2",
    "month_cos",
    "total_pm",
    "total_gases",
    "no2_o3_ratio",
    "pm2_5_rolling_3h",
    "pm10_rolling_3h",
    "co_rolling_3h",
    "pm2_5_co_interaction",
    "hour_sin",
    "hour_cos"
  ],
  "scaler_needed": false,
  "all_models_saved": [
    "model_xgboost.pkl",
    "model_lightgbm.pkl",
    "model_catboost.pkl",
    "model_rf.pkl",
    "model_gb.pkl",
    "model_ridge.pkl",
    "model_linear.pkl"
  ],
  "all_metrics": {
    "train": {
      "xgboost": {
        "mae": 1.8512851135915818,
        "rmse": 3.3638813368468705,
        "r2": 0.9988598031063849,
        "mape": 1.4874057406738526
      },
      "lightgbm": {
        "mae": 1.8598905067538696,
        "rmse": 3.7246052800930474,
        "r2": 0.9986021549659643,
        "mape": 1.4964333100235965
      },
      "catboost": {
        "mae": 1.961992576253664,
        "rmse": 3.0586724178548157,
        "r2": 0.9990573196545853,
        "mape": 1.6087366132219325
      },
      "rf": {
        "mae": 1.154256944967255,
        "rmse": 3.83800153344373,
        "r2": 0.998515744022701,
        "mape": 1.1258429515517223
      },
      "gb": {
        "mae": 1.4051695763700363,
        "rmse": 2.9832936578054117,
        "r2": 0.9991032104716739,
        "mape": 1.2015106767330075
      },
      "ridge": {
        "mae": 8.977652242642952,
        "rmse": 11.818026662179843,
        "r2": 0.9859269429055256,
        "mape": 8.24763913601525
      },
      "linear": {
        "mae": 8.64261348292495,
        "rmse": 11.461094855424026,
        "r2": 0.9867641836523547,
        "mape": 7.797104359122802
      }
    },
    "val": {
      "xgboost": {
        "mae": 2.70229896345095,
        "rmse": 8.812927721678657,
        "r2": 0.9414386527012818,
        "mape": 4.7448386892900745
      },
      "lightgbm": {
        "mae": 3.04379912841761,
        "rmse": 10.333256597320563,
        "r2": 0.9194908815662767,
        "mape": 4.873284025472693
      },
      "catboost": {
        "mae": 4.301625811039142,
        "rmse": 10.277981661317762,
        "r2": 0.9203499009726528,
        "mape": 6.921608191366928
      },
      "rf": {
        "mae": 5.376057871707308,
        "rmse": 12.596536383882821,
        "r2": 0.8803609560071813,
        "mape": 9.103387833210249
      },
      "gb": {
        "mae": 2.9876212456700184,
        "rmse": 10.049287385762835,
        "r2": 0.9238550377731787,
        "mape": 5.014178607912048
      },
      "ridge": {
        "mae": 6.822722301304712,
        "rmse": 11.903059972573178,
        "r2": 0.8931713139685666,
        "mape": 11.180217806994664
      },
      "linear": {
        "mae": 6.445752969232915,
        "rmse": 11.623120449599288,
        "r2": 0.8981370803584598,
        "mape": 10.218972661961079
      }
    },
    "test": {
      "xgboost": {
        "mae": 3.0468074341473326,
        "rmse": 5.5163909878411195,
        "r2": 0.9766650957471915,
        "mape": 8.288597939988906
      },
      "lightgbm": {
        "mae": 3.91278831506,
        "rmse": 6.562139841312811,
        "r2": 0.9669792521515421,
        "mape": 9.118768207287806
      },
      "catboost": {
        "mae": 4.3204948407102215,
        "rmse": 6.642366453903471,
        "r2": 0.9661669145319784,
        "mape": 10.296879710588145
      },
      "rf": {
        "mae": 5.148775262526907,
        "rmse": 7.864594442386587,
        "r2": 0.952570493404018,
        "mape": 13.151831714959725
      },
      "gb": {
        "mae": 4.417928825884138,
        "rmse": 7.89003360282079,
        "r2": 0.9522631620487081,
        "mape": 9.041766247838847
      },
      "ridge": {
        "mae": 10.45249046201937,
        "rmse": 13.74294596600297,
        "r2": 0.8551709704690756,
        "mape": 22.585155634193256
      },
      "linear": {
        "mae": 9.05407883935304,
        "rmse": 12.25389426367663,
        "r2": 0.884855234457757,
        "mape": 19.694992418310633
      }
    },
    "cv_mae": {
      "xgboost": 2.749049258745347,
      "lightgbm": 2.474380060220313,
      "catboost": 3.464431544694576,
      "rf": 2.167019871545091,
      "gb": 2.2685816038215907,
      "ridge": 10.605747168532773,
      "linear": 9.84674452081345
    }
  }
}