{
  "trained_best_model": "rf",
  "new_test_metrics": {
    "mae": 3.8478768382878736,
    "rmse": 7.013782225122689,
    "r2": 0.9645167262331353,
    "mape": 11.151046777728585
  },
  "cv_mae": {
    "xgboost": 2.63138555761886,
    "lightgbm": 2.4350421595174025,
    "catboost": 3.233881613637471,
    "rf": 2.171359329674053,
    "gb": 2.31846585605192,
    "ridge": 10.181664280502705,
    "linear": 9.386397993060744
  },
  "test_mae_all": {
    "xgboost": 3.4558141487981384,
    "lightgbm": 3.931334230022702,
    "catboost": 3.8828756819224552,
    "rf": 3.8478768382878736,
    "gb": 3.9054585039291805,
    "ridge": 10.455571590552005,
    "linear": 9.02365142892288
  },
  "historical_best_cv_mae": 2.042469801781462,
  "is_new_historical_best": false,
  "features": [
    "pm2_5",
    "pm10",
    "co",
    "no2",
    "so2",
    "month_cos",
    "total_pm",
    "total_gases",
    "no2_o3_ratio",
    "pm2_5_rolling_3h",
    "pm10_rolling_3h",
    "co_rolling_3h",
    "pm2_5_co_interaction",
    "hour_sin",
    "hour_cos"
  ],
  "scaler_needed": false,
  "all_models_saved": [
    "model_xgboost.pkl",
    "model_lightgbm.pkl",
    "model_catboost.pkl",
    "model_rf.pkl",
    "model_gb.pkl",
    "model_ridge.pkl",
    "model_linear.pkl"
  ],
  "all_metrics": {
    "train": {
      "xgboost": {
        "mae": 1.943216077191178,
        "rmse": 3.5743198774268934,
        "r2": 0.9987158845266896,
        "mape": 1.5667477706519426
      },
      "lightgbm": {
        "mae": 1.7510366195239646,
        "rmse": 3.4882522015659596,
        "r2": 0.9987769815730212,
        "mape": 1.4270206919132276
      },
      "catboost": {
        "mae": 1.909697236232128,
        "rmse": 3.0245505812107294,
        "r2": 0.9990805270648946,
        "mape": 1.5700126445893807
      },
      "rf": {
        "mae": 1.1580176318294386,
        "rmse": 3.854879063793039,
        "r2": 0.9985063846710324,
        "mape": 1.133118914646202
      },
      "gb": {
        "mae": 1.409853013249854,
        "rmse": 2.9238176858307754,
        "r2": 0.9991407533965978,
        "mape": 1.2187253801003748
      },
      "ridge": {
        "mae": 8.885117340640692,
        "rmse": 11.756975607956173,
        "r2": 0.9861066018764599,
        "mape": 8.21152947183253
      },
      "linear": {
        "mae": 8.56522434307566,
        "rmse": 11.413695820152306,
        "r2": 0.9869060754233584,
        "mape": 7.776856339833923
      }
    },
    "val": {
      "xgboost": {
        "mae": 3.0014065280896887,
        "rmse": 9.268248183360535,
        "r2": 0.9379707942176068,
        "mape": 5.205550755607248
      },
      "lightgbm": {
        "mae": 3.0509017666906417,
        "rmse": 10.13055999427036,
        "r2": 0.9258915351933694,
        "mape": 4.920817993125284
      },
      "catboost": {
        "mae": 3.4624538702227183,
        "rmse": 10.149636342606502,
        "r2": 0.9256121725635444,
        "mape": 5.917592766139913
      },
      "rf": {
        "mae": 4.239787649228292,
        "rmse": 12.211889799479875,
        "r2": 0.8923121604462924,
        "mape": 7.124191354287057
      },
      "gb": {
        "mae": 2.7556507768373355,
        "rmse": 9.863118999524026,
        "r2": 0.9297527290370683,
        "mape": 4.166736093021594
      },
      "ridge": {
        "mae": 6.808864176132941,
        "rmse": 11.998493691001825,
        "r2": 0.896042849690547,
        "mape": 10.759962155067713
      },
      "linear": {
        "mae": 6.524030933738954,
        "rmse": 11.779887046837892,
        "r2": 0.8997964371991399,
        "mape": 9.965750900964416
      }
    },
    "test": {
      "xgboost": {
        "mae": 3.4558141487981384,
        "rmse": 6.042900078623857,
        "r2": 0.9736603527764276,
        "mape": 8.924262882963422
      },
      "lightgbm": {
        "mae": 3.931334230022702,
        "rmse": 6.615797011820839,
        "r2": 0.9684293538249181,
        "mape": 9.1858055462888
      },
      "catboost": {
        "mae": 3.8828756819224552,
        "rmse": 6.4564462980956385,
        "r2": 0.9699318842104433,
        "mape": 9.874847429992519
      },
      "rf": {
        "mae": 3.8478768382878736,
        "rmse": 7.0137822251226885,
        "r2": 0.9645167262331353,
        "mape": 11.151046777728585
      },
      "gb": {
        "mae": 3.9054585039291805,
        "rmse": 7.349556595837321,
        "r2": 0.9610379853838948,
        "mape": 7.310030534192971
      },
      "ridge": {
        "mae": 10.455571590552005,
        "rmse": 13.670975513582588,
        "r2": 0.8651912323422504,
        "mape": 22.285388948907105
      },
      "linear": {
        "mae": 9.02365142892288,
        "rmse": 12.161893944277582,
        "r2": 0.8933105314973312,
        "mape": 19.466842304908997
      }
    },
    "cv_mae": {
      "xgboost": 2.63138555761886,
      "lightgbm": 2.4350421595174025,
      "catboost": 3.233881613637471,
      "rf": 2.171359329674053,
      "gb": 2.31846585605192,
      "ridge": 10.181664280502705,
      "linear": 9.386397993060744
    }
  }
}