{
  "trained_best_model": "rf",
  "new_test_metrics": {
    "mae": 4.776005613674073,
    "rmse": 7.543090850464418,
    "r2": 0.9564620854174581,
    "mape": 12.415388386427598
  },
  "cv_mae": {
    "xgboost": 2.681326790378518,
    "lightgbm": 2.474666177739258,
    "catboost": 3.3056055921428857,
    "rf": 2.1432878754127977,
    "gb": 2.308733014230726,
    "ridge": 10.268187064863135,
    "linear": 9.412161977804903
  },
  "test_mae_all": {
    "xgboost": 3.558165793752194,
    "lightgbm": 4.10395687279784,
    "catboost": 4.075163082726622,
    "rf": 4.776005613674073,
    "gb": 4.236347281938264,
    "ridge": 10.487882910780055,
    "linear": 9.11494548933189
  },
  "historical_best_cv_mae": 2.042469801781462,
  "is_new_historical_best": false,
  "features": [
    "pm2_5",
    "pm10",
    "co",
    "no2",
    "so2",
    "month_cos",
    "total_pm",
    "total_gases",
    "no2_o3_ratio",
    "pm2_5_rolling_3h",
    "pm10_rolling_3h",
    "co_rolling_3h",
    "pm2_5_co_interaction",
    "hour_sin",
    "hour_cos"
  ],
  "scaler_needed": false,
  "all_models_saved": [
    "model_xgboost.pkl",
    "model_lightgbm.pkl",
    "model_catboost.pkl",
    "model_rf.pkl",
    "model_gb.pkl",
    "model_ridge.pkl",
    "model_linear.pkl"
  ],
  "all_metrics": {
    "train": {
      "xgboost": {
        "mae": 1.9177777697195513,
        "rmse": 3.5085364785716187,
        "r2": 0.9987618191372672,
        "mape": 1.5315498709427273
      },
      "lightgbm": {
        "mae": 1.7047923722776601,
        "rmse": 3.353416397710343,
        "r2": 0.9988688842179069,
        "mape": 1.379177395798311
      },
      "catboost": {
        "mae": 1.9422599605534268,
        "rmse": 3.0620660949058394,
        "r2": 0.9990568924617113,
        "mape": 1.5885653091772505
      },
      "rf": {
        "mae": 1.161434071774872,
        "rmse": 3.84599395353485,
        "r2": 0.9985121837801747,
        "mape": 1.1347371845452772
      },
      "gb": {
        "mae": 1.3909562379749358,
        "rmse": 2.9448720895113367,
        "r2": 0.9991277018194279,
        "mape": 1.185580093735233
      },
      "ridge": {
        "mae": 8.957932434819963,
        "rmse": 11.80591743642264,
        "r2": 0.985980530565294,
        "mape": 8.236355663202282
      },
      "linear": {
        "mae": 8.623748599248488,
        "rmse": 11.450379434375698,
        "r2": 0.986812215213244,
        "mape": 7.786734441232696
      }
    },
    "val": {
      "xgboost": {
        "mae": 2.8646285588338496,
        "rmse": 9.327566406779876,
        "r2": 0.9341500516694606,
        "mape": 5.120593283469059
      },
      "lightgbm": {
        "mae": 3.081058071348951,
        "rmse": 10.171699132891778,
        "r2": 0.9216920687679488,
        "mape": 4.890269364015991
      },
      "catboost": {
        "mae": 3.639057305831055,
        "rmse": 10.032010226723987,
        "r2": 0.9238281205085865,
        "mape": 6.293565537811374
      },
      "rf": {
        "mae": 5.149819314044718,
        "rmse": 12.51251625489537,
        "r2": 0.8815028108664494,
        "mape": 8.656253226613233
      },
      "gb": {
        "mae": 2.961831268562105,
        "rmse": 9.96313022881657,
        "r2": 0.924870525119311,
        "mape": 4.923798912554704
      },
      "ridge": {
        "mae": 6.745738693210704,
        "rmse": 11.87630593788032,
        "r2": 0.8932466548821504,
        "mape": 11.035800252837204
      },
      "linear": {
        "mae": 6.374401191220459,
        "rmse": 11.600189274842691,
        "r2": 0.8981528477559579,
        "mape": 10.090720140213854
      }
    },
    "test": {
      "xgboost": {
        "mae": 3.558165793752194,
        "rmse": 6.372117053868307,
        "r2": 0.9689303446198237,
        "mape": 9.358131559112746
      },
      "lightgbm": {
        "mae": 4.10395687279784,
        "rmse": 6.743244432901797,
        "r2": 0.9652058083677637,
        "mape": 9.541406765284535
      },
      "catboost": {
        "mae": 4.075163082726622,
        "rmse": 6.7456654821730835,
        "r2": 0.9651808193360478,
        "mape": 10.351821659254634
      },
      "rf": {
        "mae": 4.776005613674073,
        "rmse": 7.543090850464417,
        "r2": 0.9564620854174581,
        "mape": 12.415388386427598
      },
      "gb": {
        "mae": 4.236347281938264,
        "rmse": 7.410263743086381,
        "r2": 0.9579819128984022,
        "mape": 8.653595712837113
      },
      "ridge": {
        "mae": 10.487882910780055,
        "rmse": 13.740060389885507,
        "r2": 0.8555404595101059,
        "mape": 22.589965690625803
      },
      "linear": {
        "mae": 9.11494548933189,
        "rmse": 12.27062466237954,
        "r2": 0.8847867865116799,
        "mape": 19.745215590049412
      }
    },
    "cv_mae": {
      "xgboost": 2.681326790378518,
      "lightgbm": 2.474666177739258,
      "catboost": 3.3056055921428857,
      "rf": 2.1432878754127977,
      "gb": 2.308733014230726,
      "ridge": 10.268187064863135,
      "linear": 9.412161977804903
    }
  }
}