{
  "trained_best_model": "rf",
  "new_test_metrics": {
    "mae": 4.187247390389287,
    "rmse": 7.142844710751306,
    "r2": 0.9620807196437806,
    "mape": 11.707820015198832
  },
  "cv_mae": {
    "xgboost": 2.666960732670913,
    "lightgbm": 2.508841701406179,
    "catboost": 3.201238140978962,
    "rf": 2.151403728123822,
    "gb": 2.3302698368196753,
    "ridge": 10.217171517636888,
    "linear": 9.402889546735206
  },
  "test_mae_all": {
    "xgboost": 3.2799625701468953,
    "lightgbm": 4.126503656998602,
    "catboost": 3.9598155479350154,
    "rf": 4.187247390389288,
    "gb": 3.8161525744238545,
    "ridge": 10.454593631975202,
    "linear": 9.040021311664898
  },
  "historical_best_cv_mae": 2.042469801781462,
  "is_new_historical_best": false,
  "features": [
    "pm2_5",
    "pm10",
    "co",
    "no2",
    "so2",
    "month_cos",
    "total_pm",
    "total_gases",
    "no2_o3_ratio",
    "pm2_5_rolling_3h",
    "pm10_rolling_3h",
    "co_rolling_3h",
    "pm2_5_co_interaction",
    "hour_sin",
    "hour_cos"
  ],
  "scaler_needed": false,
  "all_models_saved": [
    "model_xgboost.pkl",
    "model_lightgbm.pkl",
    "model_catboost.pkl",
    "model_rf.pkl",
    "model_gb.pkl",
    "model_ridge.pkl",
    "model_linear.pkl"
  ],
  "all_metrics": {
    "train": {
      "xgboost": {
        "mae": 1.8644543065794605,
        "rmse": 3.38181198731921,
        "r2": 0.9988512858287032,
        "mape": 1.5011803985300216
      },
      "lightgbm": {
        "mae": 1.5572170332444217,
        "rmse": 3.117475453081688,
        "r2": 0.9990238441855706,
        "mape": 1.2661121373052175
      },
      "catboost": {
        "mae": 1.903466722985889,
        "rmse": 3.030567602095793,
        "r2": 0.9990775113898226,
        "mape": 1.5826596511424367
      },
      "rf": {
        "mae": 1.1559889670289965,
        "rmse": 3.8466161433012176,
        "r2": 0.998513822232459,
        "mape": 1.1301479462825468
      },
      "gb": {
        "mae": 1.408594587338749,
        "rmse": 2.9414304315737456,
        "r2": 0.9991309790969647,
        "mape": 1.2089318445342847
      },
      "ridge": {
        "mae": 8.899201059999784,
        "rmse": 11.770285916672707,
        "r2": 0.9860848758455145,
        "mape": 8.218240392223365
      },
      "linear": {
        "mae": 8.578944681195486,
        "rmse": 11.424755424007941,
        "r2": 0.9868898734549865,
        "mape": 7.7831457102236
      }
    },
    "val": {
      "xgboost": {
        "mae": 2.853552657175282,
        "rmse": 9.167382236507573,
        "r2": 0.9391563437390024,
        "mape": 4.954995026650995
      },
      "lightgbm": {
        "mae": 3.025715660857871,
        "rmse": 9.978240273741878,
        "r2": 0.9279170520569079,
        "mape": 4.897872443825628
      },
      "catboost": {
        "mae": 3.535545266543343,
        "rmse": 10.310724657305624,
        "r2": 0.9230332757023543,
        "mape": 6.069800905029148
      },
      "rf": {
        "mae": 4.585397027853371,
        "rmse": 12.313796265511101,
        "r2": 0.8902237092539813,
        "mape": 7.728677946559147
      },
      "gb": {
        "mae": 2.7765153468823636,
        "rmse": 9.616759583205356,
        "r2": 0.9330451344274114,
        "mape": 4.372728267455835
      },
      "ridge": {
        "mae": 6.888971258249114,
        "rmse": 12.043395225768167,
        "r2": 0.8949919721528747,
        "mape": 10.905643096435385
      },
      "linear": {
        "mae": 6.582880300234893,
        "rmse": 11.8106037013915,
        "r2": 0.8990122214453127,
        "mape": 10.070215138852411
      }
    },
    "test": {
      "xgboost": {
        "mae": 3.2799625701468953,
        "rmse": 5.748570113387167,
        "r2": 0.9754394925819606,
        "mape": 8.418479115492234
      },
      "lightgbm": {
        "mae": 4.126503656998602,
        "rmse": 6.929595276944345,
        "r2": 0.9643110796130965,
        "mape": 9.215303088820075
      },
      "catboost": {
        "mae": 3.9598155479350154,
        "rmse": 6.638043622986771,
        "r2": 0.9672510127653257,
        "mape": 10.03415563031354
      },
      "rf": {
        "mae": 4.187247390389288,
        "rmse": 7.142844710751306,
        "r2": 0.9620807196437806,
        "mape": 11.707820015198832
      },
      "gb": {
        "mae": 3.8161525744238545,
        "rmse": 7.006477970722151,
        "r2": 0.9635147613400922,
        "mape": 7.694022221126043
      },
      "ridge": {
        "mae": 10.454593631975202,
        "rmse": 13.684756305966568,
        "r2": 0.8608152012703716,
        "mape": 22.37186351943599
      },
      "linear": {
        "mae": 9.040021311664898,
        "rmse": 12.179333569329652,
        "r2": 0.8897535230458438,
        "mape": 19.54756990646705
      }
    },
    "cv_mae": {
      "xgboost": 2.666960732670913,
      "lightgbm": 2.508841701406179,
      "catboost": 3.201238140978962,
      "rf": 2.151403728123822,
      "gb": 2.3302698368196753,
      "ridge": 10.217171517636888,
      "linear": 9.402889546735206
    }
  }
}