{
  "trained_best_model": "rf",
  "new_test_metrics": {
    "mae": 3.7622560289650897,
    "rmse": 6.830787363438065,
    "r2": 0.9665094660201489,
    "mape": 10.830957740261077
  },
  "cv_mae": {
    "xgboost": 2.6479367220705035,
    "lightgbm": 2.443164551790654,
    "catboost": 3.2486414605700817,
    "rf": 2.1657125975381932,
    "gb": 2.364220517047868,
    "ridge": 10.178550947685212,
    "linear": 9.377610811846939
  },
  "test_mae_all": {
    "xgboost": 3.4020689432359115,
    "lightgbm": 3.910764198429468,
    "catboost": 4.087936355613411,
    "rf": 3.762256028965089,
    "gb": 3.6771772044930158,
    "ridge": 10.458720007474144,
    "linear": 9.013035185583659
  },
  "historical_best_cv_mae": 2.042469801781462,
  "is_new_historical_best": false,
  "features": [
    "pm2_5",
    "pm10",
    "co",
    "no2",
    "so2",
    "month_cos",
    "total_pm",
    "total_gases",
    "no2_o3_ratio",
    "pm2_5_rolling_3h",
    "pm10_rolling_3h",
    "co_rolling_3h",
    "pm2_5_co_interaction",
    "hour_sin",
    "hour_cos"
  ],
  "scaler_needed": false,
  "all_models_saved": [
    "model_xgboost.pkl",
    "model_lightgbm.pkl",
    "model_catboost.pkl",
    "model_rf.pkl",
    "model_gb.pkl",
    "model_ridge.pkl",
    "model_linear.pkl"
  ],
  "all_metrics": {
    "train": {
      "xgboost": {
        "mae": 1.8326886899317314,
        "rmse": 3.3708704243062635,
        "r2": 0.9988580751991328,
        "mape": 1.4881836187231978
      },
      "lightgbm": {
        "mae": 1.7812455292616785,
        "rmse": 3.565134096180302,
        "r2": 0.99872266407333,
        "mape": 1.4482420689227429
      },
      "catboost": {
        "mae": 1.9012988501167738,
        "rmse": 3.039222567108424,
        "r2": 0.9990717212716442,
        "mape": 1.5797959242664947
      },
      "rf": {
        "mae": 1.1616005447630602,
        "rmse": 3.8627013407710415,
        "r2": 0.9985005373629273,
        "mape": 1.137064013668893
      },
      "gb": {
        "mae": 1.384348331365331,
        "rmse": 2.942068089811706,
        "r2": 0.9991301210386913,
        "mape": 1.1892804032098947
      },
      "ridge": {
        "mae": 8.881478965446965,
        "rmse": 11.752433210806828,
        "r2": 0.9861193765951226,
        "mape": 8.208254305859379
      },
      "linear": {
        "mae": 8.562046934844606,
        "rmse": 11.409931072906586,
        "r2": 0.986916635837091,
        "mape": 7.774034968688373
      }
    },
    "val": {
      "xgboost": {
        "mae": 2.923785710443645,
        "rmse": 9.03135124532058,
        "r2": 0.9411103488141094,
        "mape": 5.189224554165384
      },
      "lightgbm": {
        "mae": 2.9654602911694092,
        "rmse": 10.065414556108625,
        "r2": 0.926852944448889,
        "mape": 4.645454297658095
      },
      "catboost": {
        "mae": 3.5814681361480702,
        "rmse": 10.194804729239072,
        "r2": 0.9249602567857705,
        "mape": 6.0556793523185615
      },
      "rf": {
        "mae": 4.195518552901976,
        "rmse": 12.184522824231008,
        "r2": 0.8928109140837491,
        "mape": 6.967587050006705
      },
      "gb": {
        "mae": 2.808825325249288,
        "rmse": 9.894925616386123,
        "r2": 0.9293099020612557,
        "mape": 4.460988297931183
      },
      "ridge": {
        "mae": 6.796475051353367,
        "rmse": 11.990871948998373,
        "r2": 0.896190990777963,
        "mape": 10.737438210723086
      },
      "linear": {
        "mae": 6.512289111589855,
        "rmse": 11.772791434090088,
        "r2": 0.8999326460426068,
        "mape": 9.94559511653598
      }
    },
    "test": {
      "xgboost": {
        "mae": 3.4020689432359115,
        "rmse": 5.988897448728806,
        "r2": 0.9742561028101646,
        "mape": 8.761946114538496
      },
      "lightgbm": {
        "mae": 3.910764198429468,
        "rmse": 6.6109759558057855,
        "r2": 0.9686302039844668,
        "mape": 8.83939044050634
      },
      "catboost": {
        "mae": 4.087936355613411,
        "rmse": 6.577301186218091,
        "r2": 0.9689489708978605,
        "mape": 10.009790085151604
      },
      "rf": {
        "mae": 3.762256028965089,
        "rmse": 6.830787363438064,
        "r2": 0.9665094660201489,
        "mape": 10.830957740261072
      },
      "gb": {
        "mae": 3.6771772044930158,
        "rmse": 6.364860634958569,
        "r2": 0.970922414796834,
        "mape": 7.668965854543005
      },
      "ridge": {
        "mae": 10.458720007474144,
        "rmse": 13.667510939529938,
        "r2": 0.8659214206232307,
        "mape": 22.27498759415734
      },
      "linear": {
        "mae": 9.013035185583659,
        "rmse": 12.154789063363593,
        "r2": 0.8939586147934147,
        "mape": 19.44573206252265
      }
    },
    "cv_mae": {
      "xgboost": 2.6479367220705035,
      "lightgbm": 2.443164551790654,
      "catboost": 3.2486414605700817,
      "rf": 2.1657125975381932,
      "gb": 2.364220517047868,
      "ridge": 10.178550947685212,
      "linear": 9.377610811846939
    }
  }
}