{
  "trained_best_model": "rf",
  "new_test_metrics": {
    "mae": 3.3879589401336347,
    "rmse": 6.677125189494582,
    "r2": 0.9777531465247662,
    "mape": 10.373431290628428
  },
  "cv_mae": {
    "xgboost": 2.587969338403989,
    "lightgbm": 2.50666532923115,
    "catboost": 3.162769415381563,
    "rf": 2.1176610695034035,
    "gb": 2.269059551079143,
    "ridge": 9.662729275406717,
    "linear": 8.984610553997843
  },
  "test_mae_all": {
    "xgboost": 3.6005275748085532,
    "lightgbm": 3.526889301007844,
    "catboost": 3.6108828531235404,
    "rf": 3.3879589401336347,
    "gb": 5.6044165720214245,
    "ridge": 11.396988669794359,
    "linear": 9.749791863908802
  },
  "historical_best_cv_mae": 2.042469801781462,
  "is_new_historical_best": false,
  "features": [
    "pm2_5",
    "pm10",
    "co",
    "no2",
    "so2",
    "month_cos",
    "total_pm",
    "total_gases",
    "no2_o3_ratio",
    "pm2_5_rolling_3h",
    "pm10_rolling_3h",
    "co_rolling_3h",
    "pm2_5_co_interaction",
    "hour_sin",
    "hour_cos"
  ],
  "scaler_needed": false,
  "all_models_saved": [
    "model_xgboost.pkl",
    "model_lightgbm.pkl",
    "model_catboost.pkl",
    "model_rf.pkl",
    "model_gb.pkl",
    "model_ridge.pkl",
    "model_linear.pkl"
  ],
  "all_metrics": {
    "train": {
      "xgboost": {
        "mae": 1.9675268036667537,
        "rmse": 3.7077860581641486,
        "r2": 0.9985770517775775,
        "mape": 1.6059259813776836
      },
      "lightgbm": {
        "mae": 1.830613907218112,
        "rmse": 3.733938788366073,
        "r2": 0.9985569075599353,
        "mape": 1.5142559600322754
      },
      "catboost": {
        "mae": 1.883906991275825,
        "rmse": 2.9920625430154337,
        "r2": 0.9990733812199385,
        "mape": 1.5918821105511696
      },
      "rf": {
        "mae": 1.1774244884351837,
        "rmse": 3.8971388983554016,
        "r2": 0.9984280036516155,
        "mape": 1.1545284702042096
      },
      "gb": {
        "mae": 1.3913555025212967,
        "rmse": 2.9564096704762752,
        "r2": 0.9990953324937528,
        "mape": 1.206969231618737
      },
      "ridge": {
        "mae": 8.701305438101025,
        "rmse": 11.570190433824292,
        "r2": 0.9861439073894712,
        "mape": 8.138175888276008
      },
      "linear": {
        "mae": 8.399044823288873,
        "rmse": 11.249388113852806,
        "r2": 0.9869016206413537,
        "mape": 7.718809008998169
      }
    },
    "val": {
      "xgboost": {
        "mae": 2.996834317298785,
        "rmse": 9.373470248371731,
        "r2": 0.9347923800745863,
        "mape": 5.146424227461314
      },
      "lightgbm": {
        "mae": 2.9390931922079546,
        "rmse": 10.492075335992276,
        "r2": 0.9183003231391113,
        "mape": 4.617328687037079
      },
      "catboost": {
        "mae": 3.1435185051399825,
        "rmse": 9.393378372882317,
        "r2": 0.9345150996327624,
        "mape": 5.524956775474756
      },
      "rf": {
        "mae": 3.440893956168958,
        "rmse": 11.923369681184809,
        "r2": 0.8944895301602575,
        "mape": 6.099085946622304
      },
      "gb": {
        "mae": 2.767298767741851,
        "rmse": 9.902596595853748,
        "r2": 0.9272227379181937,
        "mape": 4.313906978908424
      },
      "ridge": {
        "mae": 6.364880538550114,
        "rmse": 11.586472157591402,
        "r2": 0.9003677397148118,
        "mape": 10.364180900023825
      },
      "linear": {
        "mae": 6.05376238665651,
        "rmse": 11.421283774408401,
        "r2": 0.9031884033686186,
        "mape": 9.514773020602032
      }
    },
    "test": {
      "xgboost": {
        "mae": 3.6005275748085532,
        "rmse": 6.072349145840167,
        "r2": 0.9816006269172043,
        "mape": 8.821796593955538
      },
      "lightgbm": {
        "mae": 3.526889301007844,
        "rmse": 5.779173341096793,
        "r2": 0.9833343982884419,
        "mape": 8.109046794874706
      },
      "catboost": {
        "mae": 3.6108828531235404,
        "rmse": 6.196236665166185,
        "r2": 0.9808422037017052,
        "mape": 9.251001471374206
      },
      "rf": {
        "mae": 3.3879589401336347,
        "rmse": 6.677125189494582,
        "r2": 0.9777531465247662,
        "mape": 10.37343129062843
      },
      "gb": {
        "mae": 5.6044165720214245,
        "rmse": 9.46192788396691,
        "r2": 0.9553266188290862,
        "mape": 8.28897441285141
      },
      "ridge": {
        "mae": 11.396988669794359,
        "rmse": 14.345946159820402,
        "r2": 0.8973053190903281,
        "mape": 22.30695689801019
      },
      "linear": {
        "mae": 9.749791863908802,
        "rmse": 12.66622664638539,
        "r2": 0.9199458102155458,
        "mape": 19.47967354668232
      }
    },
    "cv_mae": {
      "xgboost": 2.587969338403989,
      "lightgbm": 2.50666532923115,
      "catboost": 3.162769415381563,
      "rf": 2.1176610695034035,
      "gb": 2.269059551079143,
      "ridge": 9.662729275406717,
      "linear": 8.984610553997843
    }
  }
}