{
  "trained_best_model": "rf",
  "new_test_metrics": {
    "mae": 4.914242183109083,
    "rmse": 7.675940019228733,
    "r2": 0.9548063895530238,
    "mape": 12.688391149454018
  },
  "cv_mae": {
    "xgboost": 2.7010388197031037,
    "lightgbm": 2.487900047127239,
    "catboost": 3.4120025038629196,
    "rf": 2.167519632074923,
    "gb": 2.2161349005738624,
    "ridge": 10.371272681986769,
    "linear": 9.53212426990825
  },
  "test_mae_all": {
    "xgboost": 3.964063308650519,
    "lightgbm": 4.108477310171208,
    "catboost": 4.335880642695444,
    "rf": 4.914242183109083,
    "gb": 3.7654840417595,
    "ridge": 10.48247763340797,
    "linear": 9.099128775758151
  },
  "historical_best_cv_mae": 2.042469801781462,
  "is_new_historical_best": false,
  "features": [
    "pm2_5",
    "pm10",
    "co",
    "no2",
    "so2",
    "month_cos",
    "total_pm",
    "total_gases",
    "no2_o3_ratio",
    "pm2_5_rolling_3h",
    "pm10_rolling_3h",
    "co_rolling_3h",
    "pm2_5_co_interaction",
    "hour_sin",
    "hour_cos"
  ],
  "scaler_needed": false,
  "all_models_saved": [
    "model_xgboost.pkl",
    "model_lightgbm.pkl",
    "model_catboost.pkl",
    "model_rf.pkl",
    "model_gb.pkl",
    "model_ridge.pkl",
    "model_linear.pkl"
  ],
  "all_metrics": {
    "train": {
      "xgboost": {
        "mae": 1.8532979135332897,
        "rmse": 3.3815985045498778,
        "r2": 0.9988483724791937,
        "mape": 1.479366729678954
      },
      "lightgbm": {
        "mae": 1.5610028848120163,
        "rmse": 3.059726634040665,
        "r2": 0.9990571704120345,
        "mape": 1.2774813982147646
      },
      "catboost": {
        "mae": 1.9669085429718796,
        "rmse": 3.1151360770527456,
        "r2": 0.9990227132869076,
        "mape": 1.6270023520497352
      },
      "rf": {
        "mae": 1.1507271359408755,
        "rmse": 3.8208507714354676,
        "r2": 0.9985297604495667,
        "mape": 1.121603396994454
      },
      "gb": {
        "mae": 1.3872552895997938,
        "rmse": 2.927042613698003,
        "r2": 0.9991371684048798,
        "mape": 1.178062283898098
      },
      "ridge": {
        "mae": 8.969250615245771,
        "rmse": 11.813872250065147,
        "r2": 0.9859442996542045,
        "mape": 8.24280732360429
      },
      "linear": {
        "mae": 8.633025224159967,
        "rmse": 11.456317431001175,
        "r2": 0.9867822349964595,
        "mape": 7.791287709384445
      }
    },
    "val": {
      "xgboost": {
        "mae": 3.0515197335857236,
        "rmse": 9.312297376696245,
        "r2": 0.9345723067009205,
        "mape": 5.582141492868724
      },
      "lightgbm": {
        "mae": 2.9032566011156686,
        "rmse": 10.142947868922432,
        "r2": 0.9223795200857063,
        "mape": 4.79687741907725
      },
      "catboost": {
        "mae": 4.091870422110333,
        "rmse": 9.964287376325359,
        "r2": 0.9250898915913788,
        "mape": 6.9227241796823975
      },
      "rf": {
        "mae": 5.269395149187248,
        "rmse": 12.586626116826176,
        "r2": 0.880472840086413,
        "mape": 8.886551342023408
      },
      "gb": {
        "mae": 2.653684214834015,
        "rmse": 9.786837474560858,
        "r2": 0.9277342208744311,
        "mape": 4.250291955896355
      },
      "ridge": {
        "mae": 6.794919094394269,
        "rmse": 11.893782512668986,
        "r2": 0.8932696527396297,
        "mape": 11.131537507578347
      },
      "linear": {
        "mae": 6.422390836271042,
        "rmse": 11.614169494255671,
        "r2": 0.8982289497632284,
        "mape": 10.178934901062778
      }
    },
    "test": {
      "xgboost": {
        "mae": 3.964063308650519,
        "rmse": 6.696382900564981,
        "r2": 0.9656050683759241,
        "mape": 10.05822569176143
      },
      "lightgbm": {
        "mae": 4.108477310171208,
        "rmse": 6.8324566155849045,
        "r2": 0.9641930229125443,
        "mape": 9.281190877032664
      },
      "catboost": {
        "mae": 4.335880642695444,
        "rmse": 6.832044880848418,
        "r2": 0.9641973383536476,
        "mape": 10.650061096499915
      },
      "rf": {
        "mae": 4.914242183109083,
        "rmse": 7.675940019228732,
        "r2": 0.9548063895530238,
        "mape": 12.68839114945402
      },
      "gb": {
        "mae": 3.7654840417595,
        "rmse": 6.841914538954078,
        "r2": 0.9640938216847543,
        "mape": 7.760934535281177
      },
      "ridge": {
        "mae": 10.48247763340797,
        "rmse": 13.74788117252359,
        "r2": 0.8550275653704658,
        "mape": 22.614452673705003
      },
      "linear": {
        "mae": 9.099128775758151,
        "rmse": 12.269061643519802,
        "r2": 0.8845386609358864,
        "mape": 19.745471275160458
      }
    },
    "cv_mae": {
      "xgboost": 2.7010388197031037,
      "lightgbm": 2.487900047127239,
      "catboost": 3.4120025038629196,
      "rf": 2.167519632074923,
      "gb": 2.2161349005738624,
      "ridge": 10.371272681986769,
      "linear": 9.53212426990825
    }
  }
}