{
  "trained_best_model": "rf",
  "new_test_metrics": {
    "mae": 3.440070401789592,
    "rmse": 6.745974280353529,
    "r2": 0.9753259332810628,
    "mape": 10.532689407669633
  },
  "cv_mae": {
    "xgboost": 2.74856718850929,
    "lightgbm": 2.4715421799588597,
    "catboost": 3.243370508510728,
    "rf": 2.2059228960958315,
    "gb": 2.317433584933665,
    "ridge": 9.823037662284982,
    "linear": 9.274751883284722
  },
  "test_mae_all": {
    "xgboost": 3.4075532067009116,
    "lightgbm": 4.091765724953892,
    "catboost": 3.5021550209824435,
    "rf": 3.4400704017895927,
    "gb": 5.151883816993543,
    "ridge": 11.216017240428537,
    "linear": 9.583985371587664
  },
  "historical_best_cv_mae": 2.042469801781462,
  "is_new_historical_best": false,
  "features": [
    "pm2_5",
    "pm10",
    "co",
    "no2",
    "so2",
    "month_cos",
    "total_pm",
    "total_gases",
    "no2_o3_ratio",
    "pm2_5_rolling_3h",
    "pm10_rolling_3h",
    "co_rolling_3h",
    "pm2_5_co_interaction",
    "hour_sin",
    "hour_cos"
  ],
  "scaler_needed": false,
  "all_models_saved": [
    "model_xgboost.pkl",
    "model_lightgbm.pkl",
    "model_catboost.pkl",
    "model_rf.pkl",
    "model_gb.pkl",
    "model_ridge.pkl",
    "model_linear.pkl"
  ],
  "all_metrics": {
    "train": {
      "xgboost": {
        "mae": 1.85131505261973,
        "rmse": 3.4351339855213863,
        "r2": 0.9987858403857232,
        "mape": 1.4968969935688203
      },
      "lightgbm": {
        "mae": 1.746411793039861,
        "rmse": 3.4942142953685034,
        "r2": 0.9987437169704638,
        "mape": 1.4313091604443318
      },
      "catboost": {
        "mae": 1.8799201221854605,
        "rmse": 2.980157437760849,
        "r2": 0.9990861670009622,
        "mape": 1.5834452416820823
      },
      "rf": {
        "mae": 1.1711698961955386,
        "rmse": 3.880891584704709,
        "r2": 0.9984502864081177,
        "mape": 1.1494623391594865
      },
      "gb": {
        "mae": 1.403105510375978,
        "rmse": 2.9673389176564395,
        "r2": 0.9990940114147491,
        "mape": 1.2159138087265648
      },
      "ridge": {
        "mae": 8.722988898846983,
        "rmse": 11.597112328675443,
        "r2": 0.9861615277147218,
        "mape": 8.116256292813935
      },
      "linear": {
        "mae": 8.416438351303961,
        "rmse": 11.270269534506609,
        "r2": 0.9869305585957773,
        "mape": 7.695328236225256
      }
    },
    "val": {
      "xgboost": {
        "mae": 2.8064846883625743,
        "rmse": 8.911090396038292,
        "r2": 0.940622789227868,
        "mape": 4.843767240909319
      },
      "lightgbm": {
        "mae": 2.7923083246462412,
        "rmse": 10.21978949061423,
        "r2": 0.9219016255075618,
        "mape": 4.269796695202944
      },
      "catboost": {
        "mae": 3.3473543062068756,
        "rmse": 9.469781951900893,
        "r2": 0.9329439368119021,
        "mape": 5.75190444982819
      },
      "rf": {
        "mae": 3.559671456682569,
        "rmse": 11.971633168329037,
        "r2": 0.892832056718894,
        "mape": 6.280944596617305
      },
      "gb": {
        "mae": 2.7682768836535714,
        "rmse": 9.69934554990634,
        "r2": 0.929653424930151,
        "mape": 4.281506064389512
      },
      "ridge": {
        "mae": 6.417813074838202,
        "rmse": 11.606301631731395,
        "r2": 0.8992730229211712,
        "mape": 10.344547115405964
      },
      "linear": {
        "mae": 6.170629977694559,
        "rmse": 11.474849432043579,
        "r2": 0.9015417560647525,
        "mape": 9.586414662470883
      }
    },
    "test": {
      "xgboost": {
        "mae": 3.4075532067009116,
        "rmse": 5.734703636802096,
        "r2": 0.9821690972851824,
        "mape": 8.173690015023485
      },
      "lightgbm": {
        "mae": 4.091765724953892,
        "rmse": 6.742856282378209,
        "r2": 0.9753487367805873,
        "mape": 8.325573473809392
      },
      "catboost": {
        "mae": 3.5021550209824435,
        "rmse": 6.0776966033931705,
        "r2": 0.9799723770991001,
        "mape": 9.28062982245763
      },
      "rf": {
        "mae": 3.4400704017895927,
        "rmse": 6.74597428035353,
        "r2": 0.9753259332810628,
        "mape": 10.532689407669633
      },
      "gb": {
        "mae": 5.151883816993543,
        "rmse": 8.86556242420545,
        "r2": 0.9573848563420146,
        "mape": 8.13553293484035
      },
      "ridge": {
        "mae": 11.216017240428537,
        "rmse": 14.210939556654546,
        "r2": 0.890504327032479,
        "mape": 22.26861664896561
      },
      "linear": {
        "mae": 9.583985371587664,
        "rmse": 12.548825504832529,
        "r2": 0.9146197281431476,
        "mape": 19.418902204355824
      }
    },
    "cv_mae": {
      "xgboost": 2.74856718850929,
      "lightgbm": 2.4715421799588597,
      "catboost": 3.243370508510728,
      "rf": 2.2059228960958315,
      "gb": 2.317433584933665,
      "ridge": 9.823037662284982,
      "linear": 9.274751883284722
    }
  }
}