{
  "trained_best_model": "rf",
  "new_test_metrics": {
    "mae": 5.730186709584831,
    "rmse": 8.16398257850441,
    "r2": 0.9489557813525866,
    "mape": 14.12587043417962
  },
  "cv_mae": {
    "xgboost": 2.8350330752169315,
    "lightgbm": 2.5854845824595984,
    "catboost": 3.6359578934533703,
    "rf": 2.151750522744787,
    "gb": 2.251328031809309,
    "ridge": 10.559890571081562,
    "linear": 9.655386154980246
  },
  "test_mae_all": {
    "xgboost": 3.73085134073603,
    "lightgbm": 4.373337863517524,
    "catboost": 4.815060869053542,
    "rf": 5.730186709584832,
    "gb": 4.464658780906735,
    "ridge": 10.339921363573264,
    "linear": 8.923726238590056
  },
  "historical_best_cv_mae": 2.042469801781462,
  "is_new_historical_best": false,
  "features": [
    "pm2_5",
    "pm10",
    "co",
    "no2",
    "so2",
    "month_cos",
    "total_pm",
    "total_gases",
    "no2_o3_ratio",
    "pm2_5_rolling_3h",
    "pm10_rolling_3h",
    "co_rolling_3h",
    "pm2_5_co_interaction",
    "hour_sin",
    "hour_cos"
  ],
  "scaler_needed": false,
  "all_models_saved": [
    "model_xgboost.pkl",
    "model_lightgbm.pkl",
    "model_catboost.pkl",
    "model_rf.pkl",
    "model_gb.pkl",
    "model_ridge.pkl",
    "model_linear.pkl"
  ],
  "all_metrics": {
    "train": {
      "xgboost": {
        "mae": 1.9004257534037052,
        "rmse": 3.477108951026562,
        "r2": 0.9987901889934321,
        "mape": 1.514605972031113
      },
      "lightgbm": {
        "mae": 1.5835758659782477,
        "rmse": 3.0995842989959557,
        "r2": 0.9990386360381849,
        "mape": 1.2832530472705428
      },
      "catboost": {
        "mae": 1.9384654712210276,
        "rmse": 3.056670974598082,
        "r2": 0.9990650716711117,
        "mape": 1.5771103512934475
      },
      "rf": {
        "mae": 1.158851396701805,
        "rmse": 3.8199650229841025,
        "r2": 0.9985398424914906,
        "mape": 1.1306177327630273
      },
      "gb": {
        "mae": 1.437914350573489,
        "rmse": 2.987112232211179,
        "r2": 0.9991071386702246,
        "mape": 1.2232684578789073
      },
      "ridge": {
        "mae": 9.016083028186957,
        "rmse": 11.85584052437552,
        "r2": 0.9859348090979553,
        "mape": 8.269169410948924
      },
      "linear": {
        "mae": 8.681203456357727,
        "rmse": 11.499559266708427,
        "r2": 0.9867674566619813,
        "mape": 7.820255215542791
      }
    },
    "val": {
      "xgboost": {
        "mae": 3.0100114095156596,
        "rmse": 9.471319192180413,
        "r2": 0.9324523606762067,
        "mape": 5.3138189637166064
      },
      "lightgbm": {
        "mae": 3.1612636221492227,
        "rmse": 9.924924479886933,
        "r2": 0.9258273746012897,
        "mape": 5.047709246941368
      },
      "catboost": {
        "mae": 4.8009368088377204,
        "rmse": 11.322545845991245,
        "r2": 0.9034666438382476,
        "mape": 7.294649088171276
      },
      "rf": {
        "mae": 5.810638167600401,
        "rmse": 12.725509623275531,
        "r2": 0.87806185128073,
        "mape": 9.814130562351869
      },
      "gb": {
        "mae": 3.4901997441639763,
        "rmse": 9.932501542550611,
        "r2": 0.9257140789965124,
        "mape": 5.739369603371309
      },
      "ridge": {
        "mae": 6.876416596738555,
        "rmse": 11.950647412941057,
        "r2": 0.8924594888284293,
        "mape": 11.26763862439114
      },
      "linear": {
        "mae": 6.550156475151721,
        "rmse": 11.691557098963745,
        "r2": 0.8970719038396268,
        "mape": 10.399516226761694
      }
    },
    "test": {
      "xgboost": {
        "mae": 3.73085134073603,
        "rmse": 6.3245588394736805,
        "r2": 0.9693660572523529,
        "mape": 9.5483537208701
      },
      "lightgbm": {
        "mae": 4.373337863517524,
        "rmse": 6.838881441554206,
        "r2": 0.9641810730300371,
        "mape": 9.348183513390945
      },
      "catboost": {
        "mae": 4.815060869053542,
        "rmse": 6.63224617236294,
        "r2": 0.9663128944538254,
        "mape": 10.62579991463844
      },
      "rf": {
        "mae": 5.730186709584832,
        "rmse": 8.16398257850441,
        "r2": 0.9489557813525866,
        "mape": 14.12587043417962
      },
      "gb": {
        "mae": 4.464658780906735,
        "rmse": 7.079915163746024,
        "r2": 0.9616117310208051,
        "mape": 9.456363653303884
      },
      "ridge": {
        "mae": 10.339921363573264,
        "rmse": 13.709913910016267,
        "r2": 0.8560499310911519,
        "mape": 22.441861415947873
      },
      "linear": {
        "mae": 8.923726238590056,
        "rmse": 12.193877699648944,
        "r2": 0.8861256026761087,
        "mape": 19.536171743648648
      }
    },
    "cv_mae": {
      "xgboost": 2.8350330752169315,
      "lightgbm": 2.5854845824595984,
      "catboost": 3.6359578934533703,
      "rf": 2.151750522744787,
      "gb": 2.251328031809309,
      "ridge": 10.559890571081562,
      "linear": 9.655386154980246
    }
  }
}