{
  "trained_best_model": "gb",
  "new_test_metrics": {
    "mae": 6.151759940630755,
    "rmse": 10.064392810172118,
    "r2": 0.954192900991425,
    "mape": 8.136233788594327
  },
  "cv_mae": {
    "xgboost": 2.7051968494273444,
    "lightgbm": 2.4213172784085186,
    "catboost": 3.148623500899833,
    "rf": 2.2466444189729757,
    "gb": 2.1746274304638566,
    "ridge": 9.839019827608158,
    "linear": 8.946995007864222
  },
  "test_mae_all": {
    "xgboost": 3.6734426490250396,
    "lightgbm": 4.172062541303535,
    "catboost": 3.515330133179783,
    "rf": 3.2240268088623636,
    "gb": 6.151759940630755,
    "ridge": 11.60779851662219,
    "linear": 9.955179898945314
  },
  "historical_best_cv_mae": 2.042469801781462,
  "is_new_historical_best": false,
  "features": [
    "pm2_5",
    "pm10",
    "co",
    "no2",
    "so2",
    "month_cos",
    "total_pm",
    "total_gases",
    "no2_o3_ratio",
    "pm2_5_rolling_3h",
    "pm10_rolling_3h",
    "co_rolling_3h",
    "pm2_5_co_interaction",
    "hour_sin",
    "hour_cos"
  ],
  "scaler_needed": false,
  "all_models_saved": [
    "model_xgboost.pkl",
    "model_lightgbm.pkl",
    "model_catboost.pkl",
    "model_rf.pkl",
    "model_gb.pkl",
    "model_ridge.pkl",
    "model_linear.pkl"
  ],
  "all_metrics": {
    "train": {
      "xgboost": {
        "mae": 1.8034978339039105,
        "rmse": 3.4274915619248927,
        "r2": 0.9987499042917025,
        "mape": 1.4833268646460815
      },
      "lightgbm": {
        "mae": 1.5858978531761105,
        "rmse": 3.1899381643290465,
        "r2": 0.998917183151629,
        "mape": 1.3246778312883611
      },
      "catboost": {
        "mae": 1.8802517842687363,
        "rmse": 2.973153501080964,
        "r2": 0.9990593563249247,
        "mape": 1.5960220024774916
      },
      "rf": {
        "mae": 1.1870785256936747,
        "rmse": 3.9126991114378846,
        "r2": 0.9983709163721689,
        "mape": 1.1714296127307438
      },
      "gb": {
        "mae": 1.3819368889001653,
        "rmse": 2.9833755050809665,
        "r2": 0.9990528771488363,
        "mape": 1.2127961113535257
      },
      "ridge": {
        "mae": 8.606943227820274,
        "rmse": 11.475417449374426,
        "r2": 0.9859871180967179,
        "mape": 8.104942611900123
      },
      "linear": {
        "mae": 8.310619414603112,
        "rmse": 11.149706946198279,
        "r2": 0.9867712934979238,
        "mape": 7.693357801680675
      }
    },
    "val": {
      "xgboost": {
        "mae": 2.674258698067164,
        "rmse": 8.939295919074159,
        "r2": 0.940133920953363,
        "mape": 4.329636896297133
      },
      "lightgbm": {
        "mae": 2.555257392501124,
        "rmse": 9.740172466041642,
        "r2": 0.9289265363799868,
        "mape": 3.859459497899199
      },
      "catboost": {
        "mae": 3.1506653202330366,
        "rmse": 9.801524513492145,
        "r2": 0.9280283519505734,
        "mape": 5.108777796338878
      },
      "rf": {
        "mae": 3.3578412904623662,
        "rmse": 11.830195999429913,
        "r2": 0.8951525031199804,
        "mape": 5.7827237031375915
      },
      "gb": {
        "mae": 2.6131896214286314,
        "rmse": 9.71174751265476,
        "r2": 0.9293407614902048,
        "mape": 3.8205928623561225
      },
      "ridge": {
        "mae": 6.335300290410545,
        "rmse": 11.56070592209188,
        "r2": 0.8998749157711367,
        "mape": 10.245559721560157
      },
      "linear": {
        "mae": 5.976455078234484,
        "rmse": 11.402055405354314,
        "r2": 0.9026041435907912,
        "mape": 9.351157529149889
      }
    },
    "test": {
      "xgboost": {
        "mae": 3.6734426490250396,
        "rmse": 6.015303722172221,
        "r2": 0.9836366299534619,
        "mape": 7.369187678263904
      },
      "lightgbm": {
        "mae": 4.172062541303535,
        "rmse": 6.527204194600307,
        "r2": 0.9807330917472659,
        "mape": 7.526611970221024
      },
      "catboost": {
        "mae": 3.515330133179783,
        "rmse": 5.723722016935732,
        "r2": 0.9851845551059888,
        "mape": 8.45561706952929
      },
      "rf": {
        "mae": 3.2240268088623636,
        "rmse": 6.275355069878608,
        "r2": 0.9821912171350692,
        "mape": 9.756898353711247
      },
      "gb": {
        "mae": 6.151759940630755,
        "rmse": 10.064392810172118,
        "r2": 0.954192900991425,
        "mape": 8.136233788594327
      },
      "ridge": {
        "mae": 11.60779851662219,
        "rmse": 14.460580387483072,
        "r2": 0.9054352934846474,
        "mape": 22.35019751240617
      },
      "linear": {
        "mae": 9.955179898945314,
        "rmse": 12.76657902556812,
        "r2": 0.926293344251419,
        "mape": 19.553503383025117
      }
    },
    "cv_mae": {
      "xgboost": 2.7051968494273444,
      "lightgbm": 2.4213172784085186,
      "catboost": 3.148623500899833,
      "rf": 2.2466444189729757,
      "gb": 2.1746274304638566,
      "ridge": 9.839019827608158,
      "linear": 8.946995007864222
    }
  }
}