{
  "trained_best_model": "rf",
  "new_test_metrics": {
    "mae": 4.230043055597614,
    "rmse": 7.083686438778019,
    "r2": 0.9624161212600073,
    "mape": 11.63383904023049
  },
  "cv_mae": {
    "xgboost": 2.6969621173089733,
    "lightgbm": 2.518294756151425,
    "catboost": 3.2132675032051905,
    "rf": 2.1411943396931514,
    "gb": 2.317157701163772,
    "ridge": 10.222698536497063,
    "linear": 9.379220139590277
  },
  "test_mae_all": {
    "xgboost": 3.505385903591096,
    "lightgbm": 3.637562878321296,
    "catboost": 4.108153275703999,
    "rf": 4.230043055597614,
    "gb": 3.650938417749204,
    "ridge": 10.449563373861206,
    "linear": 9.051542469361
  },
  "historical_best_cv_mae": 2.042469801781462,
  "is_new_historical_best": false,
  "features": [
    "pm2_5",
    "pm10",
    "co",
    "no2",
    "so2",
    "month_cos",
    "total_pm",
    "total_gases",
    "no2_o3_ratio",
    "pm2_5_rolling_3h",
    "pm10_rolling_3h",
    "co_rolling_3h",
    "pm2_5_co_interaction",
    "hour_sin",
    "hour_cos"
  ],
  "scaler_needed": false,
  "all_models_saved": [
    "model_xgboost.pkl",
    "model_lightgbm.pkl",
    "model_catboost.pkl",
    "model_rf.pkl",
    "model_gb.pkl",
    "model_ridge.pkl",
    "model_linear.pkl"
  ],
  "all_metrics": {
    "train": {
      "xgboost": {
        "mae": 1.8465300777420373,
        "rmse": 3.4031263141132957,
        "r2": 0.9988369640909469,
        "mape": 1.4937196473436332
      },
      "lightgbm": {
        "mae": 1.819627351374106,
        "rmse": 3.6223062884536423,
        "r2": 0.9986823279762999,
        "mape": 1.4773207512135633
      },
      "catboost": {
        "mae": 1.887087151256244,
        "rmse": 2.9967315565038875,
        "r2": 0.9990981534092112,
        "mape": 1.5689269127735692
      },
      "rf": {
        "mae": 1.1587616023958767,
        "rmse": 3.8505445103348492,
        "r2": 0.9985110459972992,
        "mape": 1.1356939152742733
      },
      "gb": {
        "mae": 1.3713402403987882,
        "rmse": 2.874432053171015,
        "r2": 0.9991702618096514,
        "mape": 1.171564054041698
      },
      "ridge": {
        "mae": 8.897824230232272,
        "rmse": 11.769152406205869,
        "r2": 0.9860899926555015,
        "mape": 8.210684965563157
      },
      "linear": {
        "mae": 8.577709231195845,
        "rmse": 11.423915158367516,
        "r2": 0.9868940977703092,
        "mape": 7.776363008282966
      }
    },
    "val": {
      "xgboost": {
        "mae": 2.825290505744551,
        "rmse": 9.064853666631624,
        "r2": 0.940518462929332,
        "mape": 5.019369717761173
      },
      "lightgbm": {
        "mae": 3.0196772143453856,
        "rmse": 10.363573307768947,
        "r2": 0.9222537170075739,
        "mape": 4.688163038361277
      },
      "catboost": {
        "mae": 3.5604766086798096,
        "rmse": 10.188456509771267,
        "r2": 0.9248589292850344,
        "mape": 6.081722110881118
      },
      "rf": {
        "mae": 4.726077869604777,
        "rmse": 12.375830296995908,
        "r2": 0.889131217534023,
        "mape": 7.913419791766499
      },
      "gb": {
        "mae": 2.805815311104944,
        "rmse": 9.832590992355273,
        "r2": 0.9300163586795378,
        "mape": 4.315722661487019
      },
      "ridge": {
        "mae": 6.89635060048883,
        "rmse": 12.038679078075518,
        "r2": 0.8950896678544072,
        "mape": 10.984791011333382
      },
      "linear": {
        "mae": 6.5642180690393825,
        "rmse": 11.789484409513937,
        "r2": 0.8993879003671538,
        "mape": 10.107164500460453
      }
    },
    "test": {
      "xgboost": {
        "mae": 3.505385903591096,
        "rmse": 6.11278449625811,
        "r2": 0.9720126930437084,
        "mape": 9.016986914082226
      },
      "lightgbm": {
        "mae": 3.637562878321296,
        "rmse": 6.203179375062963,
        "r2": 0.9711788291414971,
        "mape": 8.759529242917026
      },
      "catboost": {
        "mae": 4.108153275703999,
        "rmse": 6.770033888511303,
        "r2": 0.9656707254542909,
        "mape": 10.055338408458107
      },
      "rf": {
        "mae": 4.230043055597614,
        "rmse": 7.083686438778019,
        "r2": 0.9624161212600073,
        "mape": 11.63383904023049
      },
      "gb": {
        "mae": 3.650938417749204,
        "rmse": 6.528604757134365,
        "r2": 0.9680755300761994,
        "mape": 7.344283375110641
      },
      "ridge": {
        "mae": 10.449563373861206,
        "rmse": 13.678150136568934,
        "r2": 0.8598678860799592,
        "mape": 22.417722932980276
      },
      "linear": {
        "mae": 9.051542469361,
        "rmse": 12.18404779233928,
        "r2": 0.8888098980597099,
        "mape": 19.600077786794785
      }
    },
    "cv_mae": {
      "xgboost": 2.6969621173089733,
      "lightgbm": 2.518294756151425,
      "catboost": 3.2132675032051905,
      "rf": 2.1411943396931514,
      "gb": 2.317157701163772,
      "ridge": 10.222698536497063,
      "linear": 9.379220139590277
    }
  }
}