{
  "trained_best_model": "rf",
  "new_test_metrics": {
    "mae": 3.3080553622940796,
    "rmse": 6.520666464845044,
    "r2": 0.9781876690160887,
    "mape": 10.13554934500801
  },
  "cv_mae": {
    "xgboost": 2.7194477812884603,
    "lightgbm": 2.5075887957388137,
    "catboost": 4.607857269740693,
    "rf": 2.251793565965166,
    "gb": 2.287063397427844,
    "ridge": 10.104357416726884,
    "linear": 9.467615275911744
  },
  "test_mae_all": {
    "xgboost": 3.6461558038599993,
    "lightgbm": 4.490023147371318,
    "catboost": 4.013420382055618,
    "rf": 3.3080553622940796,
    "gb": 5.92776189853897,
    "ridge": 11.389985861524204,
    "linear": 9.73652801011166
  },
  "historical_best_cv_mae": 2.042469801781462,
  "is_new_historical_best": false,
  "features": [
    "pm2_5",
    "pm10",
    "co",
    "no2",
    "so2",
    "month_cos",
    "total_pm",
    "total_gases",
    "no2_o3_ratio",
    "pm2_5_rolling_3h",
    "pm10_rolling_3h",
    "co_rolling_3h",
    "pm2_5_co_interaction",
    "hour_sin",
    "hour_cos"
  ],
  "scaler_needed": false,
  "all_models_saved": [
    "model_xgboost.pkl",
    "model_lightgbm.pkl",
    "model_catboost.pkl",
    "model_rf.pkl",
    "model_gb.pkl",
    "model_ridge.pkl",
    "model_linear.pkl"
  ],
  "all_metrics": {
    "train": {
      "xgboost": {
        "mae": 1.8371840493786358,
        "rmse": 3.3923990273641293,
        "r2": 0.998809546909863,
        "mape": 1.5079309910143788
      },
      "lightgbm": {
        "mae": 1.5909648795335343,
        "rmse": 3.159592148533374,
        "r2": 0.9989673325728224,
        "mape": 1.3077273026781968
      },
      "catboost": {
        "mae": 1.8597181770704618,
        "rmse": 2.972503734030677,
        "r2": 0.999086006211379,
        "mape": 1.5661741801299676
      },
      "rf": {
        "mae": 1.1802094245382897,
        "rmse": 3.8893266169763154,
        "r2": 0.9984352417205749,
        "mape": 1.155046268475792
      },
      "gb": {
        "mae": 1.388370618463645,
        "rmse": 2.9239403268669046,
        "r2": 0.999115627077842,
        "mape": 1.2105611259138278
      },
      "ridge": {
        "mae": 8.709331904879654,
        "rmse": 11.577499771983373,
        "r2": 0.9861347409249303,
        "mape": 8.134270029237381
      },
      "linear": {
        "mae": 8.403903411469443,
        "rmse": 11.254273391225578,
        "r2": 0.9868981281131741,
        "mape": 7.71185021780031
      }
    },
    "val": {
      "xgboost": {
        "mae": 2.9042066765702477,
        "rmse": 9.410658283633566,
        "r2": 0.9342008585585005,
        "mape": 5.008142925502153
      },
      "lightgbm": {
        "mae": 2.829641468907645,
        "rmse": 10.300310924418552,
        "r2": 0.9211719309487542,
        "mape": 4.579978982675931
      },
      "catboost": {
        "mae": 3.247121954830165,
        "rmse": 9.83081786765069,
        "r2": 0.9281942008998223,
        "mape": 5.754976376099193
      },
      "rf": {
        "mae": 3.420844090667466,
        "rmse": 11.876446740412247,
        "r2": 0.8952019334275001,
        "mape": 6.001594692051221
      },
      "gb": {
        "mae": 2.7293383112624725,
        "rmse": 9.824775751982123,
        "r2": 0.9282824388516847,
        "mape": 4.151880033048381
      },
      "ridge": {
        "mae": 6.373007551733145,
        "rmse": 11.58767632814449,
        "r2": 0.9002362119592409,
        "mape": 10.36189988169132
      },
      "linear": {
        "mae": 6.075068731557819,
        "rmse": 11.430289599561442,
        "r2": 0.9029278414037641,
        "mape": 9.528182629944604
      }
    },
    "test": {
      "xgboost": {
        "mae": 3.6461558038599993,
        "rmse": 6.0973735056008564,
        "r2": 0.9809276720890326,
        "mape": 8.45787056901224
      },
      "lightgbm": {
        "mae": 4.490023147371318,
        "rmse": 7.0896782091722725,
        "r2": 0.9742147614562445,
        "mape": 8.713172393436611
      },
      "catboost": {
        "mae": 4.013420382055618,
        "rmse": 6.807490773142695,
        "r2": 0.9762265490155493,
        "mape": 10.06552830333219
      },
      "rf": {
        "mae": 3.3080553622940796,
        "rmse": 6.520666464845043,
        "r2": 0.9781876690160887,
        "mape": 10.135549345008009
      },
      "gb": {
        "mae": 5.92776189853897,
        "rmse": 10.556853036147304,
        "r2": 0.9428275165145,
        "mape": 8.27548932902026
      },
      "ridge": {
        "mae": 11.389985861524204,
        "rmse": 14.33953288405428,
        "r2": 0.8945156296647332,
        "mape": 22.32509905078575
      },
      "linear": {
        "mae": 9.73652801011166,
        "rmse": 12.653813255378585,
        "r2": 0.9178588179935598,
        "mape": 19.483516784439423
      }
    },
    "cv_mae": {
      "xgboost": 2.7194477812884603,
      "lightgbm": 2.5075887957388137,
      "catboost": 4.607857269740693,
      "rf": 2.251793565965166,
      "gb": 2.287063397427844,
      "ridge": 10.104357416726884,
      "linear": 9.467615275911744
    }
  }
}