{
  "trained_best_model": "rf",
  "new_test_metrics": {
    "mae": 3.481575085836931,
    "rmse": 6.857586999677661,
    "r2": 0.9735029003564986,
    "mape": 10.669901429418228
  },
  "cv_mae": {
    "xgboost": 2.695996804806584,
    "lightgbm": 2.5207744903727614,
    "catboost": 3.1228072825641053,
    "rf": 2.234054512121419,
    "gb": 2.245578390528304,
    "ridge": 9.69017482193485,
    "linear": 9.049171025385453
  },
  "test_mae_all": {
    "xgboost": 3.379182934182857,
    "lightgbm": 3.5195758077504102,
    "catboost": 4.015045586232985,
    "rf": 3.4815750858369334,
    "gb": 5.095560647113069,
    "ridge": 10.986882959412986,
    "linear": 9.418678087705096
  },
  "historical_best_cv_mae": 2.042469801781462,
  "is_new_historical_best": false,
  "features": [
    "pm2_5",
    "pm10",
    "co",
    "no2",
    "so2",
    "month_cos",
    "total_pm",
    "total_gases",
    "no2_o3_ratio",
    "pm2_5_rolling_3h",
    "pm10_rolling_3h",
    "co_rolling_3h",
    "pm2_5_co_interaction",
    "hour_sin",
    "hour_cos"
  ],
  "scaler_needed": false,
  "all_models_saved": [
    "model_xgboost.pkl",
    "model_lightgbm.pkl",
    "model_catboost.pkl",
    "model_rf.pkl",
    "model_gb.pkl",
    "model_ridge.pkl",
    "model_linear.pkl"
  ],
  "all_metrics": {
    "train": {
      "xgboost": {
        "mae": 1.87683317214931,
        "rmse": 3.488161233729469,
        "r2": 0.9987569102001442,
        "mape": 1.5154039948481208
      },
      "lightgbm": {
        "mae": 1.9429774558658344,
        "rmse": 4.0004120969112815,
        "r2": 0.9983649958313728,
        "mape": 1.6126981496583994
      },
      "catboost": {
        "mae": 1.9294455819680816,
        "rmse": 3.074107436003544,
        "r2": 0.9990345106592399,
        "mape": 1.6046659898418063
      },
      "rf": {
        "mae": 1.1733627107462783,
        "rmse": 3.886335432575972,
        "r2": 0.9984569145904444,
        "mape": 1.1477848805705004
      },
      "gb": {
        "mae": 1.4036882268912594,
        "rmse": 3.0038145031876535,
        "r2": 0.999078159848565,
        "mape": 1.2144254949865514
      },
      "ridge": {
        "mae": 8.747875327124925,
        "rmse": 11.625644861912354,
        "r2": 0.9861915953727719,
        "mape": 8.114866474953145
      },
      "linear": {
        "mae": 8.434776188730382,
        "rmse": 11.292072700044796,
        "r2": 0.9869726304931656,
        "mape": 7.6894709212437045
      }
    },
    "val": {
      "xgboost": {
        "mae": 2.8144314387073255,
        "rmse": 9.380165866008968,
        "r2": 0.9347136313935127,
        "mape": 4.963598837362917
      },
      "lightgbm": {
        "mae": 2.897749840526245,
        "rmse": 10.427922636049612,
        "r2": 0.9193142058494377,
        "mape": 4.599917528960402
      },
      "catboost": {
        "mae": 3.3724518064731406,
        "rmse": 9.88394425330438,
        "r2": 0.927512678650574,
        "mape": 5.67492281263721
      },
      "rf": {
        "mae": 3.4792891358680182,
        "rmse": 11.970874767179254,
        "r2": 0.8936706272746318,
        "mape": 6.206700782024511
      },
      "gb": {
        "mae": 2.656238002057132,
        "rmse": 9.766704706107276,
        "r2": 0.9292221133162017,
        "mape": 4.205498578087933
      },
      "ridge": {
        "mae": 6.557260572493228,
        "rmse": 11.749522997580593,
        "r2": 0.8975665150898148,
        "mape": 10.411284037427933
      },
      "linear": {
        "mae": 6.323924247280488,
        "rmse": 11.630251289893533,
        "r2": 0.8996356043589044,
        "mape": 9.672332500815576
      }
    },
    "test": {
      "xgboost": {
        "mae": 3.379182934182857,
        "rmse": 5.906916694384636,
        "r2": 0.9803402777051788,
        "mape": 8.57613455120813
      },
      "lightgbm": {
        "mae": 3.5195758077504102,
        "rmse": 5.826763852723739,
        "r2": 0.9808701959485183,
        "mape": 8.328755021021719
      },
      "catboost": {
        "mae": 4.015045586232985,
        "rmse": 6.44280141043452,
        "r2": 0.9766113488107158,
        "mape": 9.356189759339996
      },
      "rf": {
        "mae": 3.4815750858369334,
        "rmse": 6.857586999677661,
        "r2": 0.9735029003564986,
        "mape": 10.66990142941823
      },
      "gb": {
        "mae": 5.095560647113069,
        "rmse": 8.940363932596265,
        "r2": 0.9549633495869388,
        "mape": 8.124549736983155
      },
      "ridge": {
        "mae": 10.986882959412986,
        "rmse": 14.051863931616158,
        "r2": 0.8887439701129062,
        "mape": 22.14742499020728
      },
      "linear": {
        "mae": 9.418678087705096,
        "rmse": 12.427212098592571,
        "r2": 0.9129832000414059,
        "mape": 19.32278917907776
      }
    },
    "cv_mae": {
      "xgboost": 2.695996804806584,
      "lightgbm": 2.5207744903727614,
      "catboost": 3.1228072825641053,
      "rf": 2.234054512121419,
      "gb": 2.245578390528304,
      "ridge": 9.69017482193485,
      "linear": 9.049171025385453
    }
  }
}