{
  "trained_best_model": "rf",
  "new_test_metrics": {
    "mae": 4.6781352772294165,
    "rmse": 7.634620715524958,
    "r2": 0.9569859538877555,
    "mape": 12.497444350948896
  },
  "cv_mae": {
    "xgboost": 2.680639786916236,
    "lightgbm": 2.5068670884456434,
    "catboost": 3.2364663428788263,
    "rf": 2.13942616952554,
    "gb": 2.3522360348111033,
    "ridge": 10.191094212991178,
    "linear": 9.3292107550614
  },
  "test_mae_all": {
    "xgboost": 3.3012026586818286,
    "lightgbm": 4.160549832191823,
    "catboost": 3.8139559671106547,
    "rf": 4.6781352772294165,
    "gb": 4.023298007798412,
    "ridge": 10.517118507910933,
    "linear": 9.138839471024871
  },
  "historical_best_cv_mae": 2.042469801781462,
  "is_new_historical_best": false,
  "features": [
    "pm2_5",
    "pm10",
    "co",
    "no2",
    "so2",
    "month_cos",
    "total_pm",
    "total_gases",
    "no2_o3_ratio",
    "pm2_5_rolling_3h",
    "pm10_rolling_3h",
    "co_rolling_3h",
    "pm2_5_co_interaction",
    "hour_sin",
    "hour_cos"
  ],
  "scaler_needed": false,
  "all_models_saved": [
    "model_xgboost.pkl",
    "model_lightgbm.pkl",
    "model_catboost.pkl",
    "model_rf.pkl",
    "model_gb.pkl",
    "model_ridge.pkl",
    "model_linear.pkl"
  ],
  "all_metrics": {
    "train": {
      "xgboost": {
        "mae": 1.873609190117823,
        "rmse": 3.412643550818994,
        "r2": 0.9988289316499824,
        "mape": 1.5087725476563947
      },
      "lightgbm": {
        "mae": 1.5564373922120143,
        "rmse": 3.067232456731698,
        "r2": 0.9990539942668142,
        "mape": 1.2726209058295797
      },
      "catboost": {
        "mae": 1.9484808728153034,
        "rmse": 3.0750705230241593,
        "r2": 0.9990491532058327,
        "mape": 1.620519040723714
      },
      "rf": {
        "mae": 1.1542994140452214,
        "rmse": 3.855605096958359,
        "r2": 0.9985051917794875,
        "mape": 1.1290157890602146
      },
      "gb": {
        "mae": 1.4023574446331633,
        "rmse": 2.9459162847493827,
        "r2": 0.9991273477989449,
        "mape": 1.2090258705763077
      },
      "ridge": {
        "mae": 8.903154836573917,
        "rmse": 11.769699408333352,
        "r2": 0.9860706410892051,
        "mape": 8.20591295393095
      },
      "linear": {
        "mae": 8.578303550660106,
        "rmse": 11.423403226597907,
        "r2": 0.9868782608542579,
        "mape": 7.76673610613471
      }
    },
    "val": {
      "xgboost": {
        "mae": 2.8869074686477174,
        "rmse": 9.216566227185556,
        "r2": 0.9365116953168328,
        "mape": 5.018655852348042
      },
      "lightgbm": {
        "mae": 2.8890507162368886,
        "rmse": 10.219489255514128,
        "r2": 0.9219426475375243,
        "mape": 4.67116738438936
      },
      "catboost": {
        "mae": 3.329913191328716,
        "rmse": 10.144256133908973,
        "r2": 0.9230876915353216,
        "mape": 5.825086104556531
      },
      "rf": {
        "mae": 5.06377623084011,
        "rmse": 12.50440938650623,
        "r2": 0.883135716260515,
        "mape": 8.582151049763027
      },
      "gb": {
        "mae": 3.0230743973015333,
        "rmse": 9.719345325746758,
        "r2": 0.9293959750714529,
        "mape": 5.005367422457506
      },
      "ridge": {
        "mae": 6.746318239486427,
        "rmse": 11.881808370491056,
        "r2": 0.8944834648832998,
        "mape": 10.946270754458459
      },
      "linear": {
        "mae": 6.403539263699966,
        "rmse": 11.608648225490857,
        "r2": 0.899279299820108,
        "mape": 10.034426886113735
      }
    },
    "test": {
      "xgboost": {
        "mae": 3.3012026586818286,
        "rmse": 5.702663728382558,
        "r2": 0.9760011246627105,
        "mape": 8.469491168857585
      },
      "lightgbm": {
        "mae": 4.160549832191823,
        "rmse": 7.068178995814741,
        "r2": 0.963131926736425,
        "mape": 9.132903005256136
      },
      "catboost": {
        "mae": 3.8139559671106547,
        "rmse": 6.516823242369527,
        "r2": 0.9686594043039545,
        "mape": 9.954461553099566
      },
      "rf": {
        "mae": 4.6781352772294165,
        "rmse": 7.634620715524958,
        "r2": 0.9569859538877556,
        "mape": 12.497444350948896
      },
      "gb": {
        "mae": 4.023298007798412,
        "rmse": 6.58377055973815,
        "r2": 0.9680121729855744,
        "mape": 8.662885777304071
      },
      "ridge": {
        "mae": 10.517118507910933,
        "rmse": 13.742477567823965,
        "r2": 0.8606312396719338,
        "mape": 22.49810445392279
      },
      "linear": {
        "mae": 9.138839471024871,
        "rmse": 12.270885651493916,
        "r2": 0.8888812923550736,
        "mape": 19.694920447957255
      }
    },
    "cv_mae": {
      "xgboost": 2.680639786916236,
      "lightgbm": 2.5068670884456434,
      "catboost": 3.2364663428788263,
      "rf": 2.13942616952554,
      "gb": 2.3522360348111033,
      "ridge": 10.191094212991178,
      "linear": 9.3292107550614
    }
  }
}