{
  "trained_best_model": "gb",
  "new_test_metrics": {
    "mae": 6.402499754363521,
    "rmse": 10.015864814308143,
    "r2": 0.9548076385147478,
    "mape": 9.118574221933883
  },
  "cv_mae": {
    "xgboost": 2.619286333371515,
    "lightgbm": 2.4273880552320883,
    "catboost": 3.172809082593784,
    "rf": 2.2210570045952562,
    "gb": 2.1479169371009994,
    "ridge": 9.84016350197355,
    "linear": 8.961375198767575
  },
  "test_mae_all": {
    "xgboost": 3.066614698445406,
    "lightgbm": 4.551116820890168,
    "catboost": 3.473438090234605,
    "rf": 3.1742404259142067,
    "gb": 6.402499754363521,
    "ridge": 11.629511842419557,
    "linear": 10.005687613125353
  },
  "historical_best_cv_mae": 2.042469801781462,
  "is_new_historical_best": false,
  "features": [
    "pm2_5",
    "pm10",
    "co",
    "no2",
    "so2",
    "month_cos",
    "total_pm",
    "total_gases",
    "no2_o3_ratio",
    "pm2_5_rolling_3h",
    "pm10_rolling_3h",
    "co_rolling_3h",
    "pm2_5_co_interaction",
    "hour_sin",
    "hour_cos"
  ],
  "scaler_needed": false,
  "all_models_saved": [
    "model_xgboost.pkl",
    "model_lightgbm.pkl",
    "model_catboost.pkl",
    "model_rf.pkl",
    "model_gb.pkl",
    "model_ridge.pkl",
    "model_linear.pkl"
  ],
  "all_metrics": {
    "train": {
      "xgboost": {
        "mae": 1.803627220696277,
        "rmse": 3.3737434151481556,
        "r2": 0.9987822917585263,
        "mape": 1.4881469135661356
      },
      "lightgbm": {
        "mae": 1.5117131880766508,
        "rmse": 3.0443280125482937,
        "r2": 0.9990084787340543,
        "mape": 1.2758641620975855
      },
      "catboost": {
        "mae": 1.8737752778129098,
        "rmse": 3.019890785308107,
        "r2": 0.9990243329925611,
        "mape": 1.598295117391767
      },
      "rf": {
        "mae": 1.1829314094455368,
        "rmse": 3.8992380927769816,
        "r2": 0.9983734079147649,
        "mape": 1.16565075682034
      },
      "gb": {
        "mae": 1.3916426457119737,
        "rmse": 2.9657356172244977,
        "r2": 0.9990590121598069,
        "mape": 1.2223263597756657
      },
      "ridge": {
        "mae": 8.595597755572275,
        "rmse": 11.46728189401014,
        "r2": 0.9859317485254364,
        "mape": 8.100438768199139
      },
      "linear": {
        "mae": 8.302681573095633,
        "rmse": 11.145266402396897,
        "r2": 0.9867107628047316,
        "mape": 7.692056894890327
      }
    },
    "val": {
      "xgboost": {
        "mae": 2.706293604689646,
        "rmse": 8.797311215753824,
        "r2": 0.9419271709260114,
        "mape": 4.404845304252639
      },
      "lightgbm": {
        "mae": 2.5843045646259726,
        "rmse": 9.92237744591523,
        "r2": 0.9261237982297567,
        "mape": 3.9570888432821074
      },
      "catboost": {
        "mae": 2.9299587004406864,
        "rmse": 8.916601805546216,
        "r2": 0.9403415704576613,
        "mape": 4.880353846408749
      },
      "rf": {
        "mae": 3.2715635225611575,
        "rmse": 11.784529581898326,
        "r2": 0.8957928367569383,
        "mape": 5.587527487233519
      },
      "gb": {
        "mae": 3.203219743060296,
        "rmse": 9.712537654750827,
        "r2": 0.929215445542507,
        "mape": 4.8986312019449665
      },
      "ridge": {
        "mae": 6.279336728309353,
        "rmse": 11.522165057369058,
        "r2": 0.9003812113855353,
        "mape": 10.144559993599888
      },
      "linear": {
        "mae": 5.939677397885775,
        "rmse": 11.377529480966379,
        "r2": 0.9028665060741914,
        "mape": 9.283897009452028
      }
    },
    "test": {
      "xgboost": {
        "mae": 3.066614698445406,
        "rmse": 4.997990166789461,
        "r2": 0.9887467252605208,
        "mape": 6.945815261641332
      },
      "lightgbm": {
        "mae": 4.551116820890168,
        "rmse": 7.081958637954429,
        "r2": 0.9774059076710262,
        "mape": 7.63768364787172
      },
      "catboost": {
        "mae": 3.473438090234605,
        "rmse": 5.7530145965360715,
        "r2": 0.9850899507123713,
        "mape": 8.141227278815581
      },
      "rf": {
        "mae": 3.1742404259142067,
        "rmse": 6.184992454763659,
        "r2": 0.9827667782818861,
        "mape": 9.589919390477828
      },
      "gb": {
        "mae": 6.402499754363521,
        "rmse": 10.015864814308143,
        "r2": 0.9548076385147478,
        "mape": 9.118574221933883
      },
      "ridge": {
        "mae": 11.629511842419557,
        "rmse": 14.460831361358935,
        "r2": 0.9057948489470177,
        "mape": 22.394024671025008
      },
      "linear": {
        "mae": 10.005687613125353,
        "rmse": 12.795638005776501,
        "r2": 0.926241509915901,
        "mape": 19.646214824990807
      }
    },
    "cv_mae": {
      "xgboost": 2.619286333371515,
      "lightgbm": 2.4273880552320883,
      "catboost": 3.172809082593784,
      "rf": 2.2210570045952562,
      "gb": 2.1479169371009994,
      "ridge": 9.84016350197355,
      "linear": 8.961375198767575
    }
  }
}