{
  "trained_best_model": "rf",
  "new_test_metrics": {
    "mae": 4.633773747088239,
    "rmse": 7.450805538649301,
    "r2": 0.9586070340681893,
    "mape": 12.223292451965943
  },
  "cv_mae": {
    "xgboost": 2.650496629166276,
    "lightgbm": 2.5092921173993767,
    "catboost": 3.2885239286306707,
    "rf": 2.141737491393416,
    "gb": 2.330224010487538,
    "ridge": 10.202871032334556,
    "linear": 9.354271601491485
  },
  "test_mae_all": {
    "xgboost": 3.5088608974396926,
    "lightgbm": 3.8584818542486006,
    "catboost": 4.048722608672887,
    "rf": 4.633773747088241,
    "gb": 4.205066657654376,
    "ridge": 10.516601474048045,
    "linear": 9.139515627457692
  },
  "historical_best_cv_mae": 2.042469801781462,
  "is_new_historical_best": false,
  "features": [
    "pm2_5",
    "pm10",
    "co",
    "no2",
    "so2",
    "month_cos",
    "total_pm",
    "total_gases",
    "no2_o3_ratio",
    "pm2_5_rolling_3h",
    "pm10_rolling_3h",
    "co_rolling_3h",
    "pm2_5_co_interaction",
    "hour_sin",
    "hour_cos"
  ],
  "scaler_needed": false,
  "all_models_saved": [
    "model_xgboost.pkl",
    "model_lightgbm.pkl",
    "model_catboost.pkl",
    "model_rf.pkl",
    "model_gb.pkl",
    "model_ridge.pkl",
    "model_linear.pkl"
  ],
  "all_metrics": {
    "train": {
      "xgboost": {
        "mae": 1.836994597123327,
        "rmse": 3.372258854500574,
        "r2": 0.9988575985870174,
        "mape": 1.4734998082966526
      },
      "lightgbm": {
        "mae": 1.813485859146684,
        "rmse": 3.612339958892588,
        "r2": 0.9986891465099624,
        "mape": 1.4710739506038673
      },
      "catboost": {
        "mae": 1.907659245182989,
        "rmse": 3.0302820107294792,
        "r2": 0.9990775496084262,
        "mape": 1.5769585375574875
      },
      "rf": {
        "mae": 1.158860303374639,
        "rmse": 3.855740306823148,
        "r2": 0.9985065438515126,
        "mape": 1.1316729853070275
      },
      "gb": {
        "mae": 1.4049733616911708,
        "rmse": 2.952386400932584,
        "r2": 0.9991243645880359,
        "mape": 1.20826127749835
      },
      "ridge": {
        "mae": 8.92894097272964,
        "rmse": 11.787214260682214,
        "r2": 0.9860427685576281,
        "mape": 8.219787119144787
      },
      "linear": {
        "mae": 8.598363418917828,
        "rmse": 11.435131061732228,
        "r2": 0.9868641186391498,
        "mape": 7.773750511104696
      }
    },
    "val": {
      "xgboost": {
        "mae": 2.8933888156664427,
        "rmse": 9.082969683950795,
        "r2": 0.9375808734198395,
        "mape": 5.3242013299825945
      },
      "lightgbm": {
        "mae": 2.9955117667198405,
        "rmse": 10.342267998570268,
        "r2": 0.9190729829100626,
        "mape": 4.730298134992944
      },
      "catboost": {
        "mae": 3.5975745466779934,
        "rmse": 10.419523517419329,
        "r2": 0.917859436758563,
        "mape": 6.136681625064053
      },
      "rf": {
        "mae": 5.054192576934821,
        "rmse": 12.456812346014829,
        "r2": 0.8825979170314897,
        "mape": 8.502465264176902
      },
      "gb": {
        "mae": 3.0447540448019015,
        "rmse": 9.783908879070209,
        "r2": 0.927575291369902,
        "mape": 4.9928946836255435
      },
      "ridge": {
        "mae": 6.65283165724568,
        "rmse": 11.84017455015466,
        "r2": 0.8939335171776445,
        "mape": 10.872687391249713
      },
      "linear": {
        "mae": 6.3072317574285295,
        "rmse": 11.569213884325656,
        "r2": 0.898732600351839,
        "mape": 9.95752938915621
      }
    },
    "test": {
      "xgboost": {
        "mae": 3.5088608974396926,
        "rmse": 6.291884305276262,
        "r2": 0.9704823658910497,
        "mape": 9.379544133044934
      },
      "lightgbm": {
        "mae": 3.8584818542486006,
        "rmse": 6.506626171506343,
        "r2": 0.9684331097750017,
        "mape": 8.850778462099276
      },
      "catboost": {
        "mae": 4.048722608672887,
        "rmse": 6.677409091577066,
        "r2": 0.9667542559695258,
        "mape": 10.173875193891359
      },
      "rf": {
        "mae": 4.633773747088241,
        "rmse": 7.450805538649303,
        "r2": 0.9586070340681893,
        "mape": 12.223292451965946
      },
      "gb": {
        "mae": 4.205066657654376,
        "rmse": 7.014529649059546,
        "r2": 0.9633125776789466,
        "mape": 8.77594369628714
      },
      "ridge": {
        "mae": 10.516601474048045,
        "rmse": 13.744130399583565,
        "r2": 0.8591507228612076,
        "mape": 22.53511674501417
      },
      "linear": {
        "mae": 9.139515627457692,
        "rmse": 12.26904522397115,
        "r2": 0.8877615596571597,
        "mape": 19.709365204094194
      }
    },
    "cv_mae": {
      "xgboost": 2.650496629166276,
      "lightgbm": 2.5092921173993767,
      "catboost": 3.2885239286306707,
      "rf": 2.141737491393416,
      "gb": 2.330224010487538,
      "ridge": 10.202871032334556,
      "linear": 9.354271601491485
    }
  }
}