{
  "trained_best_model": "rf",
  "new_test_metrics": {
    "mae": 5.08598209228712,
    "rmse": 7.900668025966767,
    "r2": 0.9521247997359957,
    "mape": 13.089234892880713
  },
  "cv_mae": {
    "xgboost": 2.7499162188714728,
    "lightgbm": 2.497147340982733,
    "catboost": 3.2814703707541044,
    "rf": 2.165741984366237,
    "gb": 2.2510204069922866,
    "ridge": 10.445067389847566,
    "linear": 9.631591400214724
  },
  "test_mae_all": {
    "xgboost": 3.5668209598339913,
    "lightgbm": 3.980481305841759,
    "catboost": 4.4278974324504325,
    "rf": 5.085982092287118,
    "gb": 3.662005926667961,
    "ridge": 10.47765429762589,
    "linear": 9.090383068071757
  },
  "historical_best_cv_mae": 2.042469801781462,
  "is_new_historical_best": false,
  "features": [
    "pm2_5",
    "pm10",
    "co",
    "no2",
    "so2",
    "month_cos",
    "total_pm",
    "total_gases",
    "no2_o3_ratio",
    "pm2_5_rolling_3h",
    "pm10_rolling_3h",
    "co_rolling_3h",
    "pm2_5_co_interaction",
    "hour_sin",
    "hour_cos"
  ],
  "scaler_needed": false,
  "all_models_saved": [
    "model_xgboost.pkl",
    "model_lightgbm.pkl",
    "model_catboost.pkl",
    "model_rf.pkl",
    "model_gb.pkl",
    "model_ridge.pkl",
    "model_linear.pkl"
  ],
  "all_metrics": {
    "train": {
      "xgboost": {
        "mae": 1.8471862380207558,
        "rmse": 3.375458989126049,
        "r2": 0.9988523538966957,
        "mape": 1.4797219189648891
      },
      "lightgbm": {
        "mae": 1.5657285716030132,
        "rmse": 3.0910932329699445,
        "r2": 0.9990375758247566,
        "mape": 1.2726528436738165
      },
      "catboost": {
        "mae": 1.9744469707284515,
        "rmse": 3.098939086855307,
        "r2": 0.9990326839486732,
        "mape": 1.607659940158123
      },
      "rf": {
        "mae": 1.1537913134214823,
        "rmse": 3.819003752380696,
        "r2": 0.9985309300171082,
        "mape": 1.126088384012368
      },
      "gb": {
        "mae": 1.4044751069655537,
        "rmse": 2.955209045766443,
        "r2": 0.9991203321297092,
        "mape": 1.200236711212189
      },
      "ridge": {
        "mae": 8.970745022467993,
        "rmse": 11.814718736404288,
        "r2": 0.9859398779961772,
        "mape": 8.243272784277153
      },
      "linear": {
        "mae": 8.634348428357878,
        "rmse": 11.457154354653358,
        "r2": 0.9867780398768888,
        "mape": 7.791499621547797
      }
    },
    "val": {
      "xgboost": {
        "mae": 2.8219538388186938,
        "rmse": 8.945718106864499,
        "r2": 0.939636404563315,
        "mape": 5.1731214847411024
      },
      "lightgbm": {
        "mae": 2.8289467047001513,
        "rmse": 10.122721041967159,
        "r2": 0.9227071680166182,
        "mape": 4.767729153829337
      },
      "catboost": {
        "mae": 4.266685601968158,
        "rmse": 10.343356324737643,
        "r2": 0.9193010926190764,
        "mape": 7.113934465282693
      },
      "rf": {
        "mae": 5.3566228896592465,
        "rmse": 12.653350872871018,
        "r2": 0.8792309126717516,
        "mape": 9.085372266196499
      },
      "gb": {
        "mae": 2.7034466868002767,
        "rmse": 9.728925745977566,
        "r2": 0.9286039048449612,
        "mape": 4.348847536412771
      },
      "ridge": {
        "mae": 6.806408829989941,
        "rmse": 11.899056205319235,
        "r2": 0.8932003783755346,
        "mape": 11.150989672716758
      },
      "linear": {
        "mae": 6.4340763864382176,
        "rmse": 11.619867526130065,
        "r2": 0.8981532826008707,
        "mape": 10.19901440214462
      }
    },
    "test": {
      "xgboost": {
        "mae": 3.5668209598339913,
        "rmse": 6.26872444670089,
        "r2": 0.9698601326789508,
        "mape": 9.317111125002777
      },
      "lightgbm": {
        "mae": 3.980481305841759,
        "rmse": 6.78983796202962,
        "r2": 0.9646408516478897,
        "mape": 9.139856144441216
      },
      "catboost": {
        "mae": 4.4278974324504325,
        "rmse": 6.919534874064137,
        "r2": 0.963277115979248,
        "mape": 10.743121077537285
      },
      "rf": {
        "mae": 5.085982092287118,
        "rmse": 7.900668025966769,
        "r2": 0.9521247997359957,
        "mape": 13.089234892880711
      },
      "gb": {
        "mae": 3.662005926667961,
        "rmse": 6.602937881105528,
        "r2": 0.9665606829373687,
        "mape": 7.668937567248695
      },
      "ridge": {
        "mae": 10.47765429762589,
        "rmse": 13.747636712523642,
        "r2": 0.855043040686954,
        "mape": 22.61039153226136
      },
      "linear": {
        "mae": 9.090383068071757,
        "rmse": 12.265392028122807,
        "r2": 0.884615932766785,
        "mape": 19.73633185328453
      }
    },
    "cv_mae": {
      "xgboost": 2.7499162188714728,
      "lightgbm": 2.497147340982733,
      "catboost": 3.2814703707541044,
      "rf": 2.165741984366237,
      "gb": 2.2510204069922866,
      "ridge": 10.445067389847566,
      "linear": 9.631591400214724
    }
  }
}