{
  "trained_best_model": "rf",
  "new_test_metrics": {
    "mae": 3.343974913186431,
    "rmse": 6.515884364344998,
    "r2": 0.9766959623987779,
    "mape": 10.181649393676206
  },
  "cv_mae": {
    "xgboost": 2.699686774162397,
    "lightgbm": 2.5096946052328666,
    "catboost": 3.1990219914741695,
    "rf": 2.2632206521627722,
    "gb": 2.3121174103995905,
    "ridge": 9.63309077437494,
    "linear": 8.994679792399955
  },
  "test_mae_all": {
    "xgboost": 3.2288957527802777,
    "lightgbm": 3.1576352549394073,
    "catboost": 3.92733755156092,
    "rf": 3.3439749131864316,
    "gb": 5.010605292591312,
    "ridge": 11.134290928590246,
    "linear": 9.530656361046823
  },
  "historical_best_cv_mae": 2.042469801781462,
  "is_new_historical_best": false,
  "features": [
    "pm2_5",
    "pm10",
    "co",
    "no2",
    "so2",
    "month_cos",
    "total_pm",
    "total_gases",
    "no2_o3_ratio",
    "pm2_5_rolling_3h",
    "pm10_rolling_3h",
    "co_rolling_3h",
    "pm2_5_co_interaction",
    "hour_sin",
    "hour_cos"
  ],
  "scaler_needed": false,
  "all_models_saved": [
    "model_xgboost.pkl",
    "model_lightgbm.pkl",
    "model_catboost.pkl",
    "model_rf.pkl",
    "model_gb.pkl",
    "model_ridge.pkl",
    "model_linear.pkl"
  ],
  "all_metrics": {
    "train": {
      "xgboost": {
        "mae": 1.8541480067191525,
        "rmse": 3.4239909675474087,
        "r2": 0.9987949810829768,
        "mape": 1.5160583026243086
      },
      "lightgbm": {
        "mae": 1.9491589928769215,
        "rmse": 4.013906629080411,
        "r2": 0.9983439891587607,
        "mape": 1.6135230903567512
      },
      "catboost": {
        "mae": 1.9139871867789182,
        "rmse": 3.0273878767208156,
        "r2": 0.9990579699016277,
        "mape": 1.6155338080714405
      },
      "rf": {
        "mae": 1.1764501257650084,
        "rmse": 3.904048096176288,
        "r2": 0.9984333969679358,
        "mape": 1.1519428963834129
      },
      "gb": {
        "mae": 1.382933673185774,
        "rmse": 2.9711182319732297,
        "r2": 0.9990926632264918,
        "mape": 1.1892767754196858
      },
      "ridge": {
        "mae": 8.726482334782983,
        "rmse": 11.60567017866165,
        "r2": 0.9861557608620312,
        "mape": 8.10808387657755
      },
      "linear": {
        "mae": 8.417724378453999,
        "rmse": 11.275002068369371,
        "r2": 0.98693342082024,
        "mape": 7.685549719397134
      }
    },
    "val": {
      "xgboost": {
        "mae": 2.709051491463021,
        "rmse": 8.344262221638104,
        "r2": 0.9486425785483094,
        "mape": 4.694860524149289
      },
      "lightgbm": {
        "mae": 2.8957109733895408,
        "rmse": 10.44146364460643,
        "r2": 0.9195825893967119,
        "mape": 4.453924183830367
      },
      "catboost": {
        "mae": 3.4275468848859902,
        "rmse": 10.200404460822964,
        "r2": 0.9232528762156681,
        "mape": 5.734412368004006
      },
      "rf": {
        "mae": 3.4553243374845035,
        "rmse": 11.89567184012362,
        "r2": 0.8956228886280383,
        "mape": 6.034612828989952
      },
      "gb": {
        "mae": 2.62021708794111,
        "rmse": 9.87166760269803,
        "r2": 0.9281199500119859,
        "mape": 4.06399589762226
      },
      "ridge": {
        "mae": 6.576228137623031,
        "rmse": 11.749566156304722,
        "r2": 0.8981711156954437,
        "mape": 10.428403415251346
      },
      "linear": {
        "mae": 6.332264224387356,
        "rmse": 11.621468446053669,
        "r2": 0.9003793575075177,
        "mape": 9.68071900466171
      }
    },
    "test": {
      "xgboost": {
        "mae": 3.2288957527802777,
        "rmse": 5.543567533747551,
        "r2": 0.9831320183138454,
        "mape": 7.731074236379156
      },
      "lightgbm": {
        "mae": 3.1576352549394073,
        "rmse": 5.370944075952827,
        "r2": 0.9841661802630622,
        "mape": 7.853585543826673
      },
      "catboost": {
        "mae": 3.92733755156092,
        "rmse": 6.436166318890836,
        "r2": 0.977262696848722,
        "mape": 9.491492666274345
      },
      "rf": {
        "mae": 3.3439749131864316,
        "rmse": 6.515884364344999,
        "r2": 0.9766959623987779,
        "mape": 10.18164939367621
      },
      "gb": {
        "mae": 5.010605292591312,
        "rmse": 8.774082678056732,
        "r2": 0.9577440489819093,
        "mape": 7.917619038379203
      },
      "ridge": {
        "mae": 11.134290928590246,
        "rmse": 14.180654788912356,
        "r2": 0.8896234017746507,
        "mape": 22.221132582341767
      },
      "linear": {
        "mae": 9.530656361046823,
        "rmse": 12.52147359096819,
        "r2": 0.91394119339996,
        "mape": 19.380610766533042
      }
    },
    "cv_mae": {
      "xgboost": 2.699686774162397,
      "lightgbm": 2.5096946052328666,
      "catboost": 3.1990219914741695,
      "rf": 2.2632206521627722,
      "gb": 2.3121174103995905,
      "ridge": 9.63309077437494,
      "linear": 8.994679792399955
    }
  }
}