{
  "trained_best_model": "rf",
  "new_test_metrics": {
    "mae": 5.2335135162470445,
    "rmse": 7.858163885707025,
    "r2": 0.9526357868124051,
    "mape": 13.173089543096062
  },
  "cv_mae": {
    "xgboost": 2.750221067678672,
    "lightgbm": 2.516179433647148,
    "catboost": 3.6804687877945796,
    "rf": 2.1755000151657975,
    "gb": 2.2649082779312235,
    "ridge": 10.510058176962975,
    "linear": 9.666500177891894
  },
  "test_mae_all": {
    "xgboost": 3.875403383284935,
    "lightgbm": 4.113221825383212,
    "catboost": 4.467067105339852,
    "rf": 5.233513516247045,
    "gb": 4.171373799542771,
    "ridge": 10.424215215396005,
    "linear": 9.012987432145382
  },
  "historical_best_cv_mae": 2.042469801781462,
  "is_new_historical_best": false,
  "features": [
    "pm2_5",
    "pm10",
    "co",
    "no2",
    "so2",
    "month_cos",
    "total_pm",
    "total_gases",
    "no2_o3_ratio",
    "pm2_5_rolling_3h",
    "pm10_rolling_3h",
    "co_rolling_3h",
    "pm2_5_co_interaction",
    "hour_sin",
    "hour_cos"
  ],
  "scaler_needed": false,
  "all_models_saved": [
    "model_xgboost.pkl",
    "model_lightgbm.pkl",
    "model_catboost.pkl",
    "model_rf.pkl",
    "model_gb.pkl",
    "model_ridge.pkl",
    "model_linear.pkl"
  ],
  "all_metrics": {
    "train": {
      "xgboost": {
        "mae": 1.9279459987834475,
        "rmse": 3.580672328673264,
        "r2": 0.9987107849973267,
        "mape": 1.5328812404560366
      },
      "lightgbm": {
        "mae": 1.8102186862614869,
        "rmse": 3.617144374614458,
        "r2": 0.9986843878437087,
        "mape": 1.4499253893105453
      },
      "catboost": {
        "mae": 1.9675001101584442,
        "rmse": 3.096178085948217,
        "r2": 0.9990360643207187,
        "mape": 1.6015802500427883
      },
      "rf": {
        "mae": 1.1488051578254557,
        "rmse": 3.8167635421572355,
        "r2": 0.9985351717700912,
        "mape": 1.1194236557301156
      },
      "gb": {
        "mae": 1.3973648894250605,
        "rmse": 2.9558040960902012,
        "r2": 0.9991214884332174,
        "mape": 1.1914247223264094
      },
      "ridge": {
        "mae": 8.98549078107317,
        "rmse": 11.822348941701728,
        "r2": 0.9859458773968635,
        "mape": 8.252436954670038
      },
      "linear": {
        "mae": 8.651324184508294,
        "rmse": 11.465242628233671,
        "r2": 0.9867820930534669,
        "mape": 7.802990200835061
      }
    },
    "val": {
      "xgboost": {
        "mae": 2.8822354922011564,
        "rmse": 9.451969337824083,
        "r2": 0.9326681713455073,
        "mape": 5.423063251740441
      },
      "lightgbm": {
        "mae": 2.983111237977233,
        "rmse": 10.351990245802982,
        "r2": 0.9192349419500482,
        "mape": 4.739148784643379
      },
      "catboost": {
        "mae": 4.263209384563119,
        "rmse": 11.13847586446574,
        "r2": 0.9064966141037811,
        "mape": 6.930273975467939
      },
      "rf": {
        "mae": 5.520045132685899,
        "rmse": 12.645272213879526,
        "r2": 0.8794874802744418,
        "mape": 9.265969135411709
      },
      "gb": {
        "mae": 3.0417662142653397,
        "rmse": 10.108564058901178,
        "r2": 0.9229886500087917,
        "mape": 5.138067772951334
      },
      "ridge": {
        "mae": 6.82655212851041,
        "rmse": 11.910853884105506,
        "r2": 0.893079348762451,
        "mape": 11.18793450775734
      },
      "linear": {
        "mae": 6.454925251617702,
        "rmse": 11.628937437652143,
        "r2": 0.8980808320549694,
        "mape": 10.233118445323584
      }
    },
    "test": {
      "xgboost": {
        "mae": 3.875403383284935,
        "rmse": 6.989189911028801,
        "r2": 0.9625318848810505,
        "mape": 10.233973075610669
      },
      "lightgbm": {
        "mae": 4.113221825383212,
        "rmse": 6.86650673198916,
        "r2": 0.9638357166258087,
        "mape": 9.164328667400714
      },
      "catboost": {
        "mae": 4.467067105339852,
        "rmse": 6.976568909793775,
        "r2": 0.962667081711544,
        "mape": 10.82797915800178
      },
      "rf": {
        "mae": 5.233513516247045,
        "rmse": 7.858163885707025,
        "r2": 0.9526357868124051,
        "mape": 13.173089543096062
      },
      "gb": {
        "mae": 4.171373799542771,
        "rmse": 7.154757488181636,
        "r2": 0.9607356873738099,
        "mape": 8.9045154703176
      },
      "ridge": {
        "mae": 10.424215215396005,
        "rmse": 13.735015895732685,
        "r2": 0.8553006780707115,
        "mape": 22.54778488628008
      },
      "linear": {
        "mae": 9.012987432145382,
        "rmse": 12.235576836736993,
        "r2": 0.8851695516428314,
        "mape": 19.638374169432723
      }
    },
    "cv_mae": {
      "xgboost": 2.750221067678672,
      "lightgbm": 2.516179433647148,
      "catboost": 3.6804687877945796,
      "rf": 2.1755000151657975,
      "gb": 2.2649082779312235,
      "ridge": 10.510058176962975,
      "linear": 9.666500177891894
    }
  }
}