{
  "trained_best_model": "rf",
  "new_test_metrics": {
    "mae": 3.383315745550899,
    "rmse": 6.656575262134698,
    "r2": 0.9759952200322864,
    "mape": 10.383324654540981
  },
  "cv_mae": {
    "xgboost": 2.738092137316202,
    "lightgbm": 2.460393062287429,
    "catboost": 3.24580127914932,
    "rf": 2.2050151906920554,
    "gb": 2.2797717671834388,
    "ridge": 9.82676931833801,
    "linear": 9.277027423446489
  },
  "test_mae_all": {
    "xgboost": 3.1665730377066663,
    "lightgbm": 3.8463871983333933,
    "catboost": 3.4944572256386524,
    "rf": 3.383315745550899,
    "gb": 5.116491282445743,
    "ridge": 11.221294142905816,
    "linear": 9.58862501472624
  },
  "historical_best_cv_mae": 2.042469801781462,
  "is_new_historical_best": false,
  "features": [
    "pm2_5",
    "pm10",
    "co",
    "no2",
    "so2",
    "month_cos",
    "total_pm",
    "total_gases",
    "no2_o3_ratio",
    "pm2_5_rolling_3h",
    "pm10_rolling_3h",
    "co_rolling_3h",
    "pm2_5_co_interaction",
    "hour_sin",
    "hour_cos"
  ],
  "scaler_needed": false,
  "all_models_saved": [
    "model_xgboost.pkl",
    "model_lightgbm.pkl",
    "model_catboost.pkl",
    "model_rf.pkl",
    "model_gb.pkl",
    "model_ridge.pkl",
    "model_linear.pkl"
  ],
  "all_metrics": {
    "train": {
      "xgboost": {
        "mae": 1.8419790865157215,
        "rmse": 3.3702773836563265,
        "r2": 0.9988312696876226,
        "mape": 1.507808671819925
      },
      "lightgbm": {
        "mae": 1.730768474127,
        "rmse": 3.436603080437949,
        "r2": 0.9987848167737704,
        "mape": 1.4161300508252075
      },
      "catboost": {
        "mae": 1.8682873661398685,
        "rmse": 2.9997389410274105,
        "r2": 0.9990741301587607,
        "mape": 1.5765418435908025
      },
      "rf": {
        "mae": 1.1767568402777353,
        "rmse": 3.892942544573786,
        "r2": 0.998440666517963,
        "mape": 1.1548944528925364
      },
      "gb": {
        "mae": 1.404478790576769,
        "rmse": 2.9705102655506836,
        "r2": 0.9990920851257483,
        "mape": 1.2107812175170545
      },
      "ridge": {
        "mae": 8.722361846023546,
        "rmse": 11.596230711985717,
        "r2": 0.9861638038398615,
        "mape": 8.11610090538009
      },
      "linear": {
        "mae": 8.415989544808864,
        "rmse": 11.269699623364795,
        "r2": 0.9869320429773351,
        "mape": 7.695383221301326
      }
    },
    "val": {
      "xgboost": {
        "mae": 2.837453034370457,
        "rmse": 8.581950327128908,
        "r2": 0.9449133517380579,
        "mape": 4.765669823951768
      },
      "lightgbm": {
        "mae": 2.949233348644597,
        "rmse": 10.295729152911916,
        "r2": 0.9207154484657003,
        "mape": 4.719821923832536
      },
      "catboost": {
        "mae": 3.2331821051133187,
        "rmse": 9.89149750726556,
        "r2": 0.926818981852771,
        "mape": 5.482571170560407
      },
      "rf": {
        "mae": 3.532322564434204,
        "rmse": 11.948651723395125,
        "r2": 0.8932145306504542,
        "mape": 6.196364901415583
      },
      "gb": {
        "mae": 2.7378431865255237,
        "rmse": 9.876313597866309,
        "r2": 0.9270434819543164,
        "mape": 4.113006157639041
      },
      "ridge": {
        "mae": 6.412063697744032,
        "rmse": 11.602048144735084,
        "r2": 0.8993198897912679,
        "mape": 10.341146157580217
      },
      "linear": {
        "mae": 6.163717210684638,
        "rmse": 11.469789553209267,
        "r2": 0.901602230292043,
        "mape": 9.58196028766145
      }
    },
    "test": {
      "xgboost": {
        "mae": 3.1665730377066663,
        "rmse": 5.409182328454176,
        "r2": 0.984148904694247,
        "mape": 7.819525335224517
      },
      "lightgbm": {
        "mae": 3.8463871983333933,
        "rmse": 6.223025139614593,
        "r2": 0.9790203061204829,
        "mape": 8.635566095323865
      },
      "catboost": {
        "mae": 3.4944572256386524,
        "rmse": 6.005128870146683,
        "r2": 0.9804637726925428,
        "mape": 8.924063536478384
      },
      "rf": {
        "mae": 3.383315745550899,
        "rmse": 6.656575262134698,
        "r2": 0.9759952200322864,
        "mape": 10.383324654540981
      },
      "gb": {
        "mae": 5.116491282445743,
        "rmse": 8.974330785047842,
        "r2": 0.9563684961162974,
        "mape": 7.662929363011628
      },
      "ridge": {
        "mae": 11.221294142905816,
        "rmse": 14.21453643617247,
        "r2": 0.8905384891455624,
        "mape": 22.27045522332847
      },
      "linear": {
        "mae": 9.58862501472624,
        "rmse": 12.552128848918484,
        "r2": 0.9146446370351922,
        "mape": 19.42127184219951
      }
    },
    "cv_mae": {
      "xgboost": 2.738092137316202,
      "lightgbm": 2.460393062287429,
      "catboost": 3.24580127914932,
      "rf": 2.2050151906920554,
      "gb": 2.2797717671834388,
      "ridge": 9.82676931833801,
      "linear": 9.277027423446489
    }
  }
}