{
  "trained_best_model": "gb",
  "new_test_metrics": {
    "mae": 6.063506760079437,
    "rmse": 9.941535548554466,
    "r2": 0.9551997873635639,
    "mape": 8.147264349610687
  },
  "cv_mae": {
    "xgboost": 2.608377697043223,
    "lightgbm": 2.401081701057398,
    "catboost": 3.113859389972358,
    "rf": 2.2432834074998036,
    "gb": 2.188237804248364,
    "ridge": 9.667946605512409,
    "linear": 8.867688670754717
  },
  "test_mae_all": {
    "xgboost": 3.482312302854704,
    "lightgbm": 4.350095113633712,
    "catboost": 3.454194362242685,
    "rf": 3.2508387938824765,
    "gb": 6.063506760079437,
    "ridge": 11.571493433421146,
    "linear": 9.909719508816757
  },
  "historical_best_cv_mae": 2.042469801781462,
  "is_new_historical_best": false,
  "features": [
    "pm2_5",
    "pm10",
    "co",
    "no2",
    "so2",
    "month_cos",
    "total_pm",
    "total_gases",
    "no2_o3_ratio",
    "pm2_5_rolling_3h",
    "pm10_rolling_3h",
    "co_rolling_3h",
    "pm2_5_co_interaction",
    "hour_sin",
    "hour_cos"
  ],
  "scaler_needed": false,
  "all_models_saved": [
    "model_xgboost.pkl",
    "model_lightgbm.pkl",
    "model_catboost.pkl",
    "model_rf.pkl",
    "model_gb.pkl",
    "model_ridge.pkl",
    "model_linear.pkl"
  ],
  "all_metrics": {
    "train": {
      "xgboost": {
        "mae": 1.8166047469199442,
        "rmse": 3.3964360308242223,
        "r2": 0.9987834580541503,
        "mape": 1.4863022244201076
      },
      "lightgbm": {
        "mae": 1.7720699497936165,
        "rmse": 3.6411199821618747,
        "r2": 0.9986018615187003,
        "mape": 1.48078241349946
      },
      "catboost": {
        "mae": 1.8811069236245996,
        "rmse": 2.988184568367442,
        "r2": 0.9990583379976766,
        "mape": 1.5874102346693841
      },
      "rf": {
        "mae": 1.1837002014449667,
        "rmse": 3.8904801523737267,
        "r2": 0.9984038025336297,
        "mape": 1.1681854502265028
      },
      "gb": {
        "mae": 1.397528252727547,
        "rmse": 2.9753446105954913,
        "r2": 0.9990664130836151,
        "mape": 1.2162255499348542
      },
      "ridge": {
        "mae": 8.621814831239792,
        "rmse": 11.495944665712837,
        "r2": 0.986062992350532,
        "mape": 8.099915951156419
      },
      "linear": {
        "mae": 8.325231413808918,
        "rmse": 11.173929534552824,
        "r2": 0.9868328414362945,
        "mape": 7.687181839086277
      }
    },
    "val": {
      "xgboost": {
        "mae": 2.7947874722415453,
        "rmse": 8.99834942466341,
        "r2": 0.9395589531509985,
        "mape": 4.577080485541971
      },
      "lightgbm": {
        "mae": 2.7817274734468436,
        "rmse": 10.28214953040318,
        "r2": 0.9210823578602423,
        "mape": 4.256676022772795
      },
      "catboost": {
        "mae": 2.8967568536539283,
        "rmse": 9.641820910519025,
        "r2": 0.9306056053831209,
        "mape": 4.629866816746579
      },
      "rf": {
        "mae": 3.382639653214403,
        "rmse": 11.798877279937196,
        "r2": 0.8960827516406579,
        "mape": 5.7786425914233215
      },
      "gb": {
        "mae": 2.644695092044543,
        "rmse": 9.556078620608622,
        "r2": 0.9318343314249367,
        "mape": 3.9248886068482367
      },
      "ridge": {
        "mae": 6.42404491287115,
        "rmse": 11.592087418630145,
        "r2": 0.8996933871235726,
        "mape": 10.409388077079557
      },
      "linear": {
        "mae": 6.031779493048766,
        "rmse": 11.409906257613471,
        "r2": 0.9028214481373582,
        "mape": 9.463754612023001
      }
    },
    "test": {
      "xgboost": {
        "mae": 3.482312302854704,
        "rmse": 5.577796771190919,
        "r2": 0.9858974220516208,
        "mape": 7.47974093822047
      },
      "lightgbm": {
        "mae": 4.350095113633712,
        "rmse": 6.835231639137419,
        "r2": 0.9788222601219311,
        "mape": 8.283892412851177
      },
      "catboost": {
        "mae": 3.454194362242685,
        "rmse": 5.590795858553525,
        "r2": 0.9858316131793285,
        "mape": 7.893206011502915
      },
      "rf": {
        "mae": 3.2508387938824765,
        "rmse": 6.22783915062546,
        "r2": 0.9824188244530626,
        "mape": 9.728687664348453
      },
      "gb": {
        "mae": 6.063506760079437,
        "rmse": 9.941535548554466,
        "r2": 0.9551997873635639,
        "mape": 8.147264349610687
      },
      "ridge": {
        "mae": 11.571493433421146,
        "rmse": 14.459652622909257,
        "r2": 0.9052260776188085,
        "mape": 22.2872901056122
      },
      "linear": {
        "mae": 9.909719508816757,
        "rmse": 12.752079568831952,
        "r2": 0.9262885145018384,
        "mape": 19.475789957560533
      }
    },
    "cv_mae": {
      "xgboost": 2.608377697043223,
      "lightgbm": 2.401081701057398,
      "catboost": 3.113859389972358,
      "rf": 2.2432834074998036,
      "gb": 2.188237804248364,
      "ridge": 9.667946605512409,
      "linear": 8.867688670754717
    }
  }
}