{
  "trained_best_model": "rf",
  "new_test_metrics": {
    "mae": 3.291945128222569,
    "rmse": 6.5268509839627376,
    "r2": 0.9785019022040568,
    "mape": 10.11222695194895
  },
  "cv_mae": {
    "xgboost": 2.65205051325072,
    "lightgbm": 2.4211079929573787,
    "catboost": 3.1836838567833032,
    "rf": 2.220209219492761,
    "gb": 2.3263032408246604,
    "ridge": 9.926146387909807,
    "linear": 9.242849628171893
  },
  "test_mae_all": {
    "xgboost": 3.4952658796106357,
    "lightgbm": 3.146682811477468,
    "catboost": 3.797110078856402,
    "rf": 3.2919451282225687,
    "gb": 5.685190860438843,
    "ridge": 11.398332448444432,
    "linear": 9.752405604358382
  },
  "historical_best_cv_mae": 2.042469801781462,
  "is_new_historical_best": false,
  "features": [
    "pm2_5",
    "pm10",
    "co",
    "no2",
    "so2",
    "month_cos",
    "total_pm",
    "total_gases",
    "no2_o3_ratio",
    "pm2_5_rolling_3h",
    "pm10_rolling_3h",
    "co_rolling_3h",
    "pm2_5_co_interaction",
    "hour_sin",
    "hour_cos"
  ],
  "scaler_needed": false,
  "all_models_saved": [
    "model_xgboost.pkl",
    "model_lightgbm.pkl",
    "model_catboost.pkl",
    "model_rf.pkl",
    "model_gb.pkl",
    "model_ridge.pkl",
    "model_linear.pkl"
  ],
  "all_metrics": {
    "train": {
      "xgboost": {
        "mae": 1.8190021147855495,
        "rmse": 3.367674907069277,
        "r2": 0.9988271685612394,
        "mape": 1.4874062669938353
      },
      "lightgbm": {
        "mae": 1.9241841776231579,
        "rmse": 3.9663172704115763,
        "r2": 0.9983731400075535,
        "mape": 1.5982875159691434
      },
      "catboost": {
        "mae": 1.8718789254872676,
        "rmse": 3.0051060700023142,
        "r2": 0.9990661117985751,
        "mape": 1.5764223909625248
      },
      "rf": {
        "mae": 1.1793113431641964,
        "rmse": 3.9081412678870024,
        "r2": 0.9984205139855363,
        "mape": 1.1561474416213018
      },
      "gb": {
        "mae": 1.4054619737134284,
        "rmse": 3.0067741892588296,
        "r2": 0.9990650747175338,
        "mape": 1.2216277730492515
      },
      "ridge": {
        "mae": 8.703693994496327,
        "rmse": 11.571991240924321,
        "r2": 0.9861518592273896,
        "mape": 8.135957087764593
      },
      "linear": {
        "mae": 8.400046643266274,
        "rmse": 11.2502214951847,
        "r2": 0.9869112725884752,
        "mape": 7.715706029376555
      }
    },
    "val": {
      "xgboost": {
        "mae": 2.7601302595443378,
        "rmse": 9.009020017116699,
        "r2": 0.9397542819450637,
        "mape": 4.666049179008545
      },
      "lightgbm": {
        "mae": 2.931216016150636,
        "rmse": 10.546627858294299,
        "r2": 0.9174345551178484,
        "mape": 4.436276570015821
      },
      "catboost": {
        "mae": 3.170984381619876,
        "rmse": 9.691668902189498,
        "r2": 0.930278259681338,
        "mape": 5.480325151017391
      },
      "rf": {
        "mae": 3.3927453597925736,
        "rmse": 11.900474518502692,
        "r2": 0.8948765419159093,
        "mape": 5.961166080876188
      },
      "gb": {
        "mae": 2.797790340484955,
        "rmse": 9.971525724168037,
        "r2": 0.9261935512936732,
        "mape": 4.3035108538570555
      },
      "ridge": {
        "mae": 6.356846900032762,
        "rmse": 11.584958082833664,
        "r2": 0.9003769084709816,
        "mape": 10.351415203370436
      },
      "linear": {
        "mae": 6.052693108841615,
        "rmse": 11.42203863574095,
        "r2": 0.9031592083657664,
        "mape": 9.510356156451365
      }
    },
    "test": {
      "xgboost": {
        "mae": 3.4952658796106357,
        "rmse": 5.772092810311658,
        "r2": 0.9831864565459925,
        "mape": 8.063701526693912
      },
      "lightgbm": {
        "mae": 3.146682811477468,
        "rmse": 5.269003820562031,
        "r2": 0.9859896280077916,
        "mape": 7.673966036232524
      },
      "catboost": {
        "mae": 3.797110078856402,
        "rmse": 6.33151633315108,
        "r2": 0.9797694307763022,
        "mape": 9.393559803187383
      },
      "rf": {
        "mae": 3.2919451282225687,
        "rmse": 6.526850983962737,
        "r2": 0.9785019022040568,
        "mape": 10.11222695194895
      },
      "gb": {
        "mae": 5.685190860438843,
        "rmse": 9.57925416668711,
        "r2": 0.9536919991443463,
        "mape": 8.20232045951451
      },
      "ridge": {
        "mae": 11.398332448444432,
        "rmse": 14.346297603000394,
        "r2": 0.8961342620810334,
        "mape": 22.320585786852188
      },
      "linear": {
        "mae": 9.752405604358382,
        "rmse": 12.668941689677633,
        "r2": 0.9190021830344607,
        "mape": 19.48740143261725
      }
    },
    "cv_mae": {
      "xgboost": 2.65205051325072,
      "lightgbm": 2.4211079929573787,
      "catboost": 3.1836838567833032,
      "rf": 2.220209219492761,
      "gb": 2.3263032408246604,
      "ridge": 9.926146387909807,
      "linear": 9.242849628171893
    }
  }
}