{
  "trained_best_model": "rf",
  "new_test_metrics": {
    "mae": 3.515558983850471,
    "rmse": 6.6860549142820185,
    "r2": 0.9737178635249888,
    "mape": 10.432037680591598
  },
  "cv_mae": {
    "xgboost": 2.64087893454296,
    "lightgbm": 2.4348390409969243,
    "catboost": 3.1404188015581065,
    "rf": 2.165894651407445,
    "gb": 2.2990006398946656,
    "ridge": 9.742344624862186,
    "linear": 9.102181023172886
  },
  "test_mae_all": {
    "xgboost": 3.156680698911746,
    "lightgbm": 3.4777624138649466,
    "catboost": 4.1221793449751205,
    "rf": 3.515558983850471,
    "gb": 4.575690303702639,
    "ridge": 10.804607987791341,
    "linear": 9.295865313422237
  },
  "historical_best_cv_mae": 2.042469801781462,
  "is_new_historical_best": false,
  "features": [
    "pm2_5",
    "pm10",
    "co",
    "no2",
    "so2",
    "month_cos",
    "total_pm",
    "total_gases",
    "no2_o3_ratio",
    "pm2_5_rolling_3h",
    "pm10_rolling_3h",
    "co_rolling_3h",
    "pm2_5_co_interaction",
    "hour_sin",
    "hour_cos"
  ],
  "scaler_needed": false,
  "all_models_saved": [
    "model_xgboost.pkl",
    "model_lightgbm.pkl",
    "model_catboost.pkl",
    "model_rf.pkl",
    "model_gb.pkl",
    "model_ridge.pkl",
    "model_linear.pkl"
  ],
  "all_metrics": {
    "train": {
      "xgboost": {
        "mae": 1.8205762481813872,
        "rmse": 3.382090781651553,
        "r2": 0.9988394506535339,
        "mape": 1.4858678693581708
      },
      "lightgbm": {
        "mae": 1.8787816284648375,
        "rmse": 3.7883070236412624,
        "r2": 0.9985439260628257,
        "mape": 1.547388738265583
      },
      "catboost": {
        "mae": 1.8779842371424742,
        "rmse": 2.9834789123033163,
        "r2": 0.9990968933607823,
        "mape": 1.5767606257894355
      },
      "rf": {
        "mae": 1.1675095109740448,
        "rmse": 3.8743910168960203,
        "r2": 0.9984769997025975,
        "mape": 1.1444774174445143
      },
      "gb": {
        "mae": 1.394615874580343,
        "rmse": 2.952903782974857,
        "r2": 0.9991153088509538,
        "mape": 1.204606981041374
      },
      "ridge": {
        "mae": 8.787344529861835,
        "rmse": 11.663862307406278,
        "r2": 0.9861968611018078,
        "mape": 8.144565531180712
      },
      "linear": {
        "mae": 8.473212314669462,
        "rmse": 11.326794383450416,
        "r2": 0.9869831133359355,
        "mape": 7.717787628791377
      }
    },
    "val": {
      "xgboost": {
        "mae": 2.6717561869860784,
        "rmse": 8.85950242919334,
        "r2": 0.9414805465575979,
        "mape": 4.824276871985566
      },
      "lightgbm": {
        "mae": 2.884742811153047,
        "rmse": 10.50139490916291,
        "r2": 0.9177803583948484,
        "mape": 4.593815746686182
      },
      "catboost": {
        "mae": 3.4956368195538157,
        "rmse": 10.018743242374075,
        "r2": 0.9251644264176839,
        "mape": 6.10605642252913
      },
      "rf": {
        "mae": 3.772937358367382,
        "rmse": 12.029329381031907,
        "r2": 0.8921141639315064,
        "mape": 6.421477671634847
      },
      "gb": {
        "mae": 2.5133037715855715,
        "rmse": 9.946864012023767,
        "r2": 0.9262343864130586,
        "mape": 3.8638299553833826
      },
      "ridge": {
        "mae": 6.5497221567501684,
        "rmse": 11.780302189486125,
        "r2": 0.896534762147819,
        "mape": 10.40318516675834
      },
      "linear": {
        "mae": 6.301338685570821,
        "rmse": 11.652342018747712,
        "r2": 0.8987702777614042,
        "mape": 9.653684282817178
      }
    },
    "test": {
      "xgboost": {
        "mae": 3.156680698911746,
        "rmse": 5.527880138095684,
        "r2": 0.9820345531893102,
        "mape": 7.946238111017532
      },
      "lightgbm": {
        "mae": 3.4777624138649466,
        "rmse": 5.761203428918965,
        "r2": 0.9804859592020682,
        "mape": 8.178677465393363
      },
      "catboost": {
        "mae": 4.1221793449751205,
        "rmse": 6.965636349453564,
        "r2": 0.971473901124889,
        "mape": 10.48421595663822
      },
      "rf": {
        "mae": 3.515558983850471,
        "rmse": 6.6860549142820185,
        "r2": 0.9737178635249888,
        "mape": 10.432037680591598
      },
      "gb": {
        "mae": 4.575690303702639,
        "rmse": 8.203573513943867,
        "r2": 0.9604335636562332,
        "mape": 7.320342068869863
      },
      "ridge": {
        "mae": 10.804607987791341,
        "rmse": 13.903749811763658,
        "r2": 0.8863460127672538,
        "mape": 22.10953743988164
      },
      "linear": {
        "mae": 9.295865313422237,
        "rmse": 12.326516953380258,
        "r2": 0.910669134378266,
        "mape": 19.318602887926968
      }
    },
    "cv_mae": {
      "xgboost": 2.64087893454296,
      "lightgbm": 2.4348390409969243,
      "catboost": 3.1404188015581065,
      "rf": 2.165894651407445,
      "gb": 2.2990006398946656,
      "ridge": 9.742344624862186,
      "linear": 9.102181023172886
    }
  }
}