{
  "trained_best_model": "rf",
  "new_test_metrics": {
    "mae": 3.2160952190919176,
    "rmse": 6.3094741025900944,
    "r2": 0.9798601793592914,
    "mape": 9.806633256488494
  },
  "cv_mae": {
    "xgboost": 2.6959116672583052,
    "lightgbm": 2.442831688565159,
    "catboost": 3.3034122341559895,
    "rf": 2.226288141574638,
    "gb": 2.320452453090673,
    "ridge": 9.979848817359851,
    "linear": 9.304354832648988
  },
  "test_mae_all": {
    "xgboost": 3.126863692388385,
    "lightgbm": 4.294759212887572,
    "catboost": 3.630442484752142,
    "rf": 3.2160952190919185,
    "gb": 5.689945693081594,
    "ridge": 11.397729739952673,
    "linear": 9.751017264520211
  },
  "historical_best_cv_mae": 2.042469801781462,
  "is_new_historical_best": false,
  "features": [
    "pm2_5",
    "pm10",
    "co",
    "no2",
    "so2",
    "month_cos",
    "total_pm",
    "total_gases",
    "no2_o3_ratio",
    "pm2_5_rolling_3h",
    "pm10_rolling_3h",
    "co_rolling_3h",
    "pm2_5_co_interaction",
    "hour_sin",
    "hour_cos"
  ],
  "scaler_needed": false,
  "all_models_saved": [
    "model_xgboost.pkl",
    "model_lightgbm.pkl",
    "model_catboost.pkl",
    "model_rf.pkl",
    "model_gb.pkl",
    "model_ridge.pkl",
    "model_linear.pkl"
  ],
  "all_metrics": {
    "train": {
      "xgboost": {
        "mae": 1.8184221392741642,
        "rmse": 3.357912162093425,
        "r2": 0.9988338592694695,
        "mape": 1.4866145100885342
      },
      "lightgbm": {
        "mae": 1.5625639969132394,
        "rmse": 3.118658694926324,
        "r2": 0.9989941157729586,
        "mape": 1.2935963969222954
      },
      "catboost": {
        "mae": 1.9092159298243974,
        "rmse": 3.037649448095603,
        "r2": 0.9990456940992827,
        "mape": 1.6153337152494773
      },
      "rf": {
        "mae": 1.181533739585744,
        "rmse": 3.8932556165256265,
        "r2": 0.9984323895887981,
        "mape": 1.1565512081509395
      },
      "gb": {
        "mae": 1.3911384524682122,
        "rmse": 2.970791311135575,
        "r2": 0.9990872400169092,
        "mape": 1.2108661337662747
      },
      "ridge": {
        "mae": 8.705490326605855,
        "rmse": 11.573766734676774,
        "r2": 0.9861464284621874,
        "mape": 8.136626346291669
      },
      "linear": {
        "mae": 8.40144889915269,
        "rmse": 11.25170702590061,
        "r2": 0.9869066995898458,
        "mape": 7.715692435481955
      }
    },
    "val": {
      "xgboost": {
        "mae": 2.6756812905612057,
        "rmse": 8.796770466721755,
        "r2": 0.9425574775753273,
        "mape": 4.497991583726658
      },
      "lightgbm": {
        "mae": 2.7588333532193396,
        "rmse": 10.130701496346115,
        "r2": 0.9238156055138402,
        "mape": 4.332545133430557
      },
      "catboost": {
        "mae": 3.281927141319152,
        "rmse": 10.183282946356863,
        "r2": 0.9230227123819204,
        "mape": 5.6959259188304046
      },
      "rf": {
        "mae": 3.379356924469169,
        "rmse": 11.855668171270226,
        "r2": 0.8956628300107212,
        "mape": 5.860322083514316
      },
      "gb": {
        "mae": 2.842809359115399,
        "rmse": 9.777796588827785,
        "r2": 0.9290309521344761,
        "mape": 4.522436234132057
      },
      "ridge": {
        "mae": 6.360821842354488,
        "rmse": 11.586436666534576,
        "r2": 0.9003478286013112,
        "mape": 10.354565102152307
      },
      "linear": {
        "mae": 6.0587515884373015,
        "rmse": 11.424858733741083,
        "r2": 0.9031078350534556,
        "mape": 9.515716015496409
      }
    },
    "test": {
      "xgboost": {
        "mae": 3.126863692388385,
        "rmse": 5.2627293001678455,
        "r2": 0.9859882836254805,
        "mape": 7.508469546711371
      },
      "lightgbm": {
        "mae": 4.294759212887572,
        "rmse": 6.831448579024845,
        "r2": 0.9763900600920868,
        "mape": 8.191518632717125
      },
      "catboost": {
        "mae": 3.630442484752142,
        "rmse": 6.209447940444477,
        "r2": 0.9804936840212821,
        "mape": 9.433804430330179
      },
      "rf": {
        "mae": 3.2160952190919185,
        "rmse": 6.3094741025900944,
        "r2": 0.9798601793592914,
        "mape": 9.806633256488496
      },
      "gb": {
        "mae": 5.689945693081594,
        "rmse": 9.438002953331297,
        "r2": 0.9549360255379282,
        "mape": 8.803778831134231
      },
      "ridge": {
        "mae": 11.397729739952673,
        "rmse": 14.345953940111785,
        "r2": 0.8958814434651801,
        "mape": 22.32299520027689
      },
      "linear": {
        "mae": 9.751017264520211,
        "rmse": 12.668000593940437,
        "r2": 0.9188131999035245,
        "mape": 19.488458956367825
      }
    },
    "cv_mae": {
      "xgboost": 2.6959116672583052,
      "lightgbm": 2.442831688565159,
      "catboost": 3.3034122341559895,
      "rf": 2.226288141574638,
      "gb": 2.320452453090673,
      "ridge": 9.979848817359851,
      "linear": 9.304354832648988
    }
  }
}