{
  "trained_best_model": "rf",
  "new_test_metrics": {
    "mae": 4.284105737200703,
    "rmse": 7.253291637519224,
    "r2": 0.9607578540163828,
    "mape": 11.911237142545794
  },
  "cv_mae": {
    "xgboost": 2.6476630231405656,
    "lightgbm": 2.4481934110327446,
    "catboost": 3.2504851365561733,
    "rf": 2.147254621047821,
    "gb": 2.352392811248583,
    "ridge": 10.247117891169982,
    "linear": 9.405971574632735
  },
  "test_mae_all": {
    "xgboost": 3.0218598565769605,
    "lightgbm": 4.079051408532405,
    "catboost": 3.576911628826387,
    "rf": 4.284105737200703,
    "gb": 4.072365176322678,
    "ridge": 10.444864075580744,
    "linear": 9.036399215471201
  },
  "historical_best_cv_mae": 2.042469801781462,
  "is_new_historical_best": false,
  "features": [
    "pm2_5",
    "pm10",
    "co",
    "no2",
    "so2",
    "month_cos",
    "total_pm",
    "total_gases",
    "no2_o3_ratio",
    "pm2_5_rolling_3h",
    "pm10_rolling_3h",
    "co_rolling_3h",
    "pm2_5_co_interaction",
    "hour_sin",
    "hour_cos"
  ],
  "scaler_needed": false,
  "all_models_saved": [
    "model_xgboost.pkl",
    "model_lightgbm.pkl",
    "model_catboost.pkl",
    "model_rf.pkl",
    "model_gb.pkl",
    "model_ridge.pkl",
    "model_linear.pkl"
  ],
  "all_metrics": {
    "train": {
      "xgboost": {
        "mae": 1.8462719624911892,
        "rmse": 3.3977829732380056,
        "r2": 0.9988413468265864,
        "mape": 1.4782152574626235
      },
      "lightgbm": {
        "mae": 1.5371563682894906,
        "rmse": 3.068200601123669,
        "r2": 0.9990552221879091,
        "mape": 1.259866802958018
      },
      "catboost": {
        "mae": 1.8731963470475466,
        "rmse": 2.9939883086914287,
        "r2": 0.9991003732007515,
        "mape": 1.5535260838397538
      },
      "rf": {
        "mae": 1.154433337366787,
        "rmse": 3.85171763869923,
        "r2": 0.9985110810106418,
        "mape": 1.1272357188052766
      },
      "gb": {
        "mae": 1.3878708581210366,
        "rmse": 2.9653573833128597,
        "r2": 0.999117496843083,
        "mape": 1.1857041833263167
      },
      "ridge": {
        "mae": 8.897196674319687,
        "rmse": 11.769215950178692,
        "r2": 0.9860986413734436,
        "mape": 8.214510029667341
      },
      "linear": {
        "mae": 8.577025159358218,
        "rmse": 11.423809599980007,
        "r2": 0.9869026300055651,
        "mape": 7.779656080804502
      }
    },
    "val": {
      "xgboost": {
        "mae": 2.8388053423737825,
        "rmse": 9.053855600618355,
        "r2": 0.9406624438696487,
        "mape": 4.894328489113435
      },
      "lightgbm": {
        "mae": 3.054515624481346,
        "rmse": 10.087428781287375,
        "r2": 0.9263413947126482,
        "mape": 4.96377533910625
      },
      "catboost": {
        "mae": 3.2060634355338444,
        "rmse": 9.550862180484208,
        "r2": 0.9339690288626783,
        "mape": 5.494604312569171
      },
      "rf": {
        "mae": 4.712074848300338,
        "rmse": 12.406946814012693,
        "r2": 0.8885725045036448,
        "mape": 7.985726104172519
      },
      "gb": {
        "mae": 2.8775548043107353,
        "rmse": 9.89979568418824,
        "r2": 0.9290561111037856,
        "mape": 4.585931542862526
      },
      "ridge": {
        "mae": 6.9118060450669665,
        "rmse": 12.055641873682369,
        "r2": 0.8947933468981362,
        "mape": 10.949405855947727
      },
      "linear": {
        "mae": 6.5975706133749314,
        "rmse": 11.818461558999457,
        "r2": 0.8988922555542729,
        "mape": 10.099644656509826
      }
    },
    "test": {
      "xgboost": {
        "mae": 3.0218598565769605,
        "rmse": 5.411908598076236,
        "r2": 0.9781534242042571,
        "mape": 8.134829662455664
      },
      "lightgbm": {
        "mae": 4.079051408532405,
        "rmse": 6.732780342835191,
        "r2": 0.9661879610032067,
        "mape": 9.058392604819378
      },
      "catboost": {
        "mae": 3.576911628826387,
        "rmse": 6.034668054170537,
        "r2": 0.9728362802170147,
        "mape": 9.146959523989082
      },
      "rf": {
        "mae": 4.284105737200703,
        "rmse": 7.253291637519224,
        "r2": 0.9607578540163828,
        "mape": 11.911237142545794
      },
      "gb": {
        "mae": 4.072365176322678,
        "rmse": 7.552333188722072,
        "r2": 0.9574553698312069,
        "mape": 8.15983942771361
      },
      "ridge": {
        "mae": 10.444864075580744,
        "rmse": 13.677525165179718,
        "r2": 0.8604603868785888,
        "mape": 22.381459958795098
      },
      "linear": {
        "mae": 9.036399215471201,
        "rmse": 12.175066999424187,
        "r2": 0.8894330857780377,
        "mape": 19.56175923763748
      }
    },
    "cv_mae": {
      "xgboost": 2.6476630231405656,
      "lightgbm": 2.4481934110327446,
      "catboost": 3.2504851365561733,
      "rf": 2.147254621047821,
      "gb": 2.352392811248583,
      "ridge": 10.247117891169982,
      "linear": 9.405971574632735
    }
  }
}