{
  "trained_best_model": "gb",
  "new_test_metrics": {
    "mae": 5.483303287743078,
    "rmse": 8.909427211940269,
    "r2": 0.9640290741961826,
    "mape": 7.615570290362673
  },
  "cv_mae": {
    "xgboost": 2.658470262799944,
    "lightgbm": 2.3866655611685004,
    "catboost": 3.19780910500282,
    "rf": 2.22199902015676,
    "gb": 2.2044022675941006,
    "ridge": 9.70917523747747,
    "linear": 8.842008192205043
  },
  "test_mae_all": {
    "xgboost": 2.9459660898771842,
    "lightgbm": 4.690057373738124,
    "catboost": 3.6731490625245318,
    "rf": 3.3447887937350322,
    "gb": 5.483303287743078,
    "ridge": 11.576898615333349,
    "linear": 9.914432271737155
  },
  "historical_best_cv_mae": 2.042469801781462,
  "is_new_historical_best": false,
  "features": [
    "pm2_5",
    "pm10",
    "co",
    "no2",
    "so2",
    "month_cos",
    "total_pm",
    "total_gases",
    "no2_o3_ratio",
    "pm2_5_rolling_3h",
    "pm10_rolling_3h",
    "co_rolling_3h",
    "pm2_5_co_interaction",
    "hour_sin",
    "hour_cos"
  ],
  "scaler_needed": false,
  "all_models_saved": [
    "model_xgboost.pkl",
    "model_lightgbm.pkl",
    "model_catboost.pkl",
    "model_rf.pkl",
    "model_gb.pkl",
    "model_ridge.pkl",
    "model_linear.pkl"
  ],
  "all_metrics": {
    "train": {
      "xgboost": {
        "mae": 1.816410279320644,
        "rmse": 3.3935133267138764,
        "r2": 0.9987806870234499,
        "mape": 1.5027695414330462
      },
      "lightgbm": {
        "mae": 1.501481220301038,
        "rmse": 3.0008992310196017,
        "r2": 0.999046503941399,
        "mape": 1.2619554720040673
      },
      "catboost": {
        "mae": 1.871592683068012,
        "rmse": 2.983357377922983,
        "r2": 0.9990576187440378,
        "mape": 1.5831530833498086
      },
      "rf": {
        "mae": 1.1875305504752784,
        "rmse": 3.9006260604979426,
        "r2": 0.9983890401608291,
        "mape": 1.1724671741415984
      },
      "gb": {
        "mae": 1.3675543591825465,
        "rmse": 2.9245717948514027,
        "r2": 0.9990943911620203,
        "mape": 1.1974026621449667
      },
      "ridge": {
        "mae": 8.61885638549769,
        "rmse": 11.493798646223986,
        "r2": 0.9860123986254805,
        "mape": 8.100582922426824
      },
      "linear": {
        "mae": 8.320646093711398,
        "rmse": 11.169839165019074,
        "r2": 0.9867897840499366,
        "mape": 7.686775962205804
      }
    },
    "val": {
      "xgboost": {
        "mae": 2.672998097389256,
        "rmse": 9.071606789963587,
        "r2": 0.9385214641051294,
        "mape": 4.1715445464512975
      },
      "lightgbm": {
        "mae": 2.508090373876713,
        "rmse": 9.847776938428035,
        "r2": 0.9275511515056863,
        "mape": 3.6442654556243417
      },
      "catboost": {
        "mae": 2.999784207170179,
        "rmse": 9.451295533552798,
        "r2": 0.9332674426720955,
        "mape": 5.11617180679259
      },
      "rf": {
        "mae": 3.4288057000690513,
        "rmse": 11.85404287254498,
        "r2": 0.8950244717584258,
        "mape": 5.937410832407627
      },
      "gb": {
        "mae": 2.618741100649861,
        "rmse": 9.54636722087942,
        "r2": 0.931918149082354,
        "mape": 3.8158496040833643
      },
      "ridge": {
        "mae": 6.407672101070738,
        "rmse": 11.586246217050864,
        "r2": 0.8997139356245414,
        "mape": 10.378404352670476
      },
      "linear": {
        "mae": 6.022377048761241,
        "rmse": 11.408448302695692,
        "r2": 0.9027682194205703,
        "mape": 9.443979470646024
      }
    },
    "test": {
      "xgboost": {
        "mae": 2.9459660898771842,
        "rmse": 4.804696199677152,
        "r2": 0.9895387420133074,
        "mape": 6.634153570757513
      },
      "lightgbm": {
        "mae": 4.690057373738124,
        "rmse": 7.6793637869865465,
        "r2": 0.9732759343219265,
        "mape": 7.193235913948705
      },
      "catboost": {
        "mae": 3.6731490625245318,
        "rmse": 6.032403288052897,
        "r2": 0.9835095395055726,
        "mape": 8.801746690667668
      },
      "rf": {
        "mae": 3.3447887937350322,
        "rmse": 6.4368426574058395,
        "r2": 0.9812242266478276,
        "mape": 10.051784886144338
      },
      "gb": {
        "mae": 5.483303287743078,
        "rmse": 8.909427211940269,
        "r2": 0.9640290741961826,
        "mape": 7.615570290362673
      },
      "ridge": {
        "mae": 11.576898615333349,
        "rmse": 14.45869672085179,
        "r2": 0.9052650251935219,
        "mape": 22.294896073565038
      },
      "linear": {
        "mae": 9.914432271737155,
        "rmse": 12.749528877003748,
        "r2": 0.9263385401990143,
        "mape": 19.48120179533849
      }
    },
    "cv_mae": {
      "xgboost": 2.658470262799944,
      "lightgbm": 2.3866655611685004,
      "catboost": 3.19780910500282,
      "rf": 2.22199902015676,
      "gb": 2.2044022675941006,
      "ridge": 9.70917523747747,
      "linear": 8.842008192205043
    }
  }
}