{
  "trained_best_model": "rf",
  "new_test_metrics": {
    "mae": 5.336907693632459,
    "rmse": 7.896685019830175,
    "r2": 0.9521531899950504,
    "mape": 13.35374786498808
  },
  "cv_mae": {
    "xgboost": 2.7698191528917526,
    "lightgbm": 2.567715392037143,
    "catboost": 4.004593387650331,
    "rf": 2.15595237350467,
    "gb": 2.2409454351684,
    "ridge": 10.626456455754525,
    "linear": 9.903502340951892
  },
  "test_mae_all": {
    "xgboost": 3.6322919129985207,
    "lightgbm": 3.9076771257352054,
    "catboost": 4.19346121176639,
    "rf": 5.336907693632458,
    "gb": 3.872474804279059,
    "ridge": 10.414359050083444,
    "linear": 8.994166367288937
  },
  "historical_best_cv_mae": 2.042469801781462,
  "is_new_historical_best": false,
  "features": [
    "pm2_5",
    "pm10",
    "co",
    "no2",
    "so2",
    "month_cos",
    "total_pm",
    "total_gases",
    "no2_o3_ratio",
    "pm2_5_rolling_3h",
    "pm10_rolling_3h",
    "co_rolling_3h",
    "pm2_5_co_interaction",
    "hour_sin",
    "hour_cos"
  ],
  "scaler_needed": false,
  "all_models_saved": [
    "model_xgboost.pkl",
    "model_lightgbm.pkl",
    "model_catboost.pkl",
    "model_rf.pkl",
    "model_gb.pkl",
    "model_ridge.pkl",
    "model_linear.pkl"
  ],
  "all_metrics": {
    "train": {
      "xgboost": {
        "mae": 1.9278686925312,
        "rmse": 3.5159758150618305,
        "r2": 0.9987596140193951,
        "mape": 1.5400920842390926
      },
      "lightgbm": {
        "mae": 1.6888609522906601,
        "rmse": 3.3122020027873407,
        "r2": 0.9988992245840813,
        "mape": 1.3548519798708474
      },
      "catboost": {
        "mae": 1.954468974827947,
        "rmse": 3.0799486124727498,
        "r2": 0.9990481861237945,
        "mape": 1.594367681384575
      },
      "rf": {
        "mae": 1.1583998083992635,
        "rmse": 3.8219659716999286,
        "r2": 0.9985343214806967,
        "mape": 1.1318100457752733
      },
      "gb": {
        "mae": 1.404887905602283,
        "rmse": 2.9916533930626663,
        "r2": 0.9991019766232352,
        "mape": 1.1988152428945607
      },
      "ridge": {
        "mae": 8.997375518351673,
        "rmse": 11.83367577533004,
        "r2": 0.9859490909374332,
        "mape": 8.259897277105258
      },
      "linear": {
        "mae": 8.660655487401293,
        "rmse": 11.474242103192235,
        "r2": 0.9867896869585063,
        "mape": 7.808299451837909
      }
    },
    "val": {
      "xgboost": {
        "mae": 2.73511454830431,
        "rmse": 9.271039821881402,
        "r2": 0.9352687472540225,
        "mape": 4.996094836897025
      },
      "lightgbm": {
        "mae": 2.789024652677408,
        "rmse": 9.988345695411125,
        "r2": 0.9248646612741402,
        "mape": 4.458378825398283
      },
      "catboost": {
        "mae": 4.232544880338132,
        "rmse": 10.555596728212313,
        "r2": 0.9160882654215734,
        "mape": 6.61230359795736
      },
      "rf": {
        "mae": 5.621479002225167,
        "rmse": 12.680779249988666,
        "r2": 0.8788986446791265,
        "mape": 9.451636347186826
      },
      "gb": {
        "mae": 2.829586007400127,
        "rmse": 9.961829383380074,
        "r2": 0.9252630590922446,
        "mape": 4.545176329144146
      },
      "ridge": {
        "mae": 6.829619364255283,
        "rmse": 11.92745374173977,
        "r2": 0.8928597634681235,
        "mape": 11.189968017510335
      },
      "linear": {
        "mae": 6.470726339656726,
        "rmse": 11.649628982808697,
        "r2": 0.8977928431726863,
        "mape": 10.254482580822515
      }
    },
    "test": {
      "xgboost": {
        "mae": 3.6322919129985207,
        "rmse": 6.42428759327296,
        "r2": 0.9683325344597795,
        "mape": 9.320563956978525
      },
      "lightgbm": {
        "mae": 3.9076771257352054,
        "rmse": 6.502903278699025,
        "r2": 0.9675527461430825,
        "mape": 8.858295869874972
      },
      "catboost": {
        "mae": 4.19346121176639,
        "rmse": 6.515203057584207,
        "r2": 0.9674298867186841,
        "mape": 10.028476141649898
      },
      "rf": {
        "mae": 5.336907693632458,
        "rmse": 7.896685019830174,
        "r2": 0.9521531899950504,
        "mape": 13.35374786498808
      },
      "gb": {
        "mae": 3.872474804279059,
        "rmse": 6.78591584617059,
        "r2": 0.9646670176408689,
        "mape": 8.130445831123682
      },
      "ridge": {
        "mae": 10.414359050083444,
        "rmse": 13.738436782194745,
        "r2": 0.8551768475465482,
        "mape": 22.531233387026234
      },
      "linear": {
        "mae": 8.994166367288937,
        "rmse": 12.228431946723571,
        "r2": 0.8852626277211788,
        "mape": 19.60693812889521
      }
    },
    "cv_mae": {
      "xgboost": 2.7698191528917526,
      "lightgbm": 2.567715392037143,
      "catboost": 4.004593387650331,
      "rf": 2.15595237350467,
      "gb": 2.2409454351684,
      "ridge": 10.626456455754525,
      "linear": 9.903502340951892
    }
  }
}