{
  "trained_best_model": "rf",
  "new_test_metrics": {
    "mae": 4.1670145936073455,
    "rmse": 7.1103380870720745,
    "r2": 0.9626050415302968,
    "mape": 11.61999238886352
  },
  "cv_mae": {
    "xgboost": 2.6453480449907936,
    "lightgbm": 2.4686073626580196,
    "catboost": 3.178299288124253,
    "rf": 2.139584551213292,
    "gb": 2.300038843926803,
    "ridge": 10.179530743810387,
    "linear": 9.372445685782449
  },
  "test_mae_all": {
    "xgboost": 3.128049591434495,
    "lightgbm": 4.015873558799879,
    "catboost": 3.8225844869770795,
    "rf": 4.1670145936073455,
    "gb": 3.5183082017672453,
    "ridge": 10.458568933065647,
    "linear": 9.042398842621719
  },
  "historical_best_cv_mae": 2.042469801781462,
  "is_new_historical_best": false,
  "features": [
    "pm2_5",
    "pm10",
    "co",
    "no2",
    "so2",
    "month_cos",
    "total_pm",
    "total_gases",
    "no2_o3_ratio",
    "pm2_5_rolling_3h",
    "pm10_rolling_3h",
    "co_rolling_3h",
    "pm2_5_co_interaction",
    "hour_sin",
    "hour_cos"
  ],
  "scaler_needed": false,
  "all_models_saved": [
    "model_xgboost.pkl",
    "model_lightgbm.pkl",
    "model_catboost.pkl",
    "model_rf.pkl",
    "model_gb.pkl",
    "model_ridge.pkl",
    "model_linear.pkl"
  ],
  "all_metrics": {
    "train": {
      "xgboost": {
        "mae": 1.856553355152904,
        "rmse": 3.403568155504081,
        "r2": 0.9988351256957555,
        "mape": 1.4950221926638105
      },
      "lightgbm": {
        "mae": 1.5777750280182585,
        "rmse": 3.1442080501577254,
        "r2": 0.9990058939596943,
        "mape": 1.279420057361095
      },
      "catboost": {
        "mae": 1.9062462397841435,
        "rmse": 3.0295417211160203,
        "r2": 0.9990770800423014,
        "mape": 1.5830029267032142
      },
      "rf": {
        "mae": 1.1586548195925088,
        "rmse": 3.8590231997323503,
        "r2": 0.998502506517169,
        "mape": 1.1356962597430578
      },
      "gb": {
        "mae": 1.382689981684861,
        "rmse": 2.9413930232963694,
        "r2": 0.999130005958882,
        "mape": 1.1836917688373663
      },
      "ridge": {
        "mae": 8.89913845899825,
        "rmse": 11.770194375047245,
        "r2": 0.9860691559060833,
        "mape": 8.219167731417135
      },
      "linear": {
        "mae": 8.577948199426643,
        "rmse": 11.424223126673233,
        "r2": 0.9868760817793802,
        "mape": 7.783104668030193
      }
    },
    "val": {
      "xgboost": {
        "mae": 2.8333880803356433,
        "rmse": 9.108410362599376,
        "r2": 0.9399516674618177,
        "mape": 4.8657849851167025
      },
      "lightgbm": {
        "mae": 3.044396968736197,
        "rmse": 9.992982346222142,
        "r2": 0.9277220185848165,
        "mape": 4.9200316971311695
      },
      "catboost": {
        "mae": 3.4100191373380024,
        "rmse": 9.71654916540774,
        "r2": 0.9316655222346735,
        "mape": 5.993787025820176
      },
      "rf": {
        "mae": 4.57280679413267,
        "rmse": 12.325709505862203,
        "r2": 0.8900387594730577,
        "mape": 7.66887946897634
      },
      "gb": {
        "mae": 2.7438558554373293,
        "rmse": 9.685555102543198,
        "r2": 0.932100776582893,
        "mape": 4.301396588772322
      },
      "ridge": {
        "mae": 6.875023165658978,
        "rmse": 12.037188574905453,
        "r2": 0.8951264659516703,
        "mape": 10.87820352233791
      },
      "linear": {
        "mae": 6.57679488462658,
        "rmse": 11.808426841473597,
        "r2": 0.899074743631935,
        "mape": 10.056913614682601
      }
    },
    "test": {
      "xgboost": {
        "mae": 3.128049591434495,
        "rmse": 5.566300836746987,
        "r2": 0.977082570625257,
        "mape": 8.116649132819019
      },
      "lightgbm": {
        "mae": 4.015873558799879,
        "rmse": 6.702803663384033,
        "r2": 0.9667688363429983,
        "mape": 9.164359823376374
      },
      "catboost": {
        "mae": 3.8225844869770795,
        "rmse": 6.532322557445057,
        "r2": 0.9684377616263535,
        "mape": 10.002788375614163
      },
      "rf": {
        "mae": 4.1670145936073455,
        "rmse": 7.110338087072075,
        "r2": 0.9626050415302968,
        "mape": 11.619992388863523
      },
      "gb": {
        "mae": 3.5183082017672453,
        "rmse": 6.1754350256002315,
        "r2": 0.9717923006609724,
        "mape": 7.351669709647844
      },
      "ridge": {
        "mae": 10.458568933065647,
        "rmse": 13.685035098322354,
        "r2": 0.8614762041198659,
        "mape": 22.362832926743963
      },
      "linear": {
        "mae": 9.042398842621719,
        "rmse": 12.178628531071213,
        "r2": 0.8902942677739275,
        "mape": 19.537050971599236
      }
    },
    "cv_mae": {
      "xgboost": 2.6453480449907936,
      "lightgbm": 2.4686073626580196,
      "catboost": 3.178299288124253,
      "rf": 2.139584551213292,
      "gb": 2.300038843926803,
      "ridge": 10.179530743810387,
      "linear": 9.372445685782449
    }
  }
}