{
  "trained_best_model": "rf",
  "new_test_metrics": {
    "mae": 4.295250192360705,
    "rmse": 7.186475598500566,
    "r2": 0.9614182748719574,
    "mape": 11.787486961126366
  },
  "cv_mae": {
    "xgboost": 2.711604742807885,
    "lightgbm": 2.4445009360301513,
    "catboost": 3.186316176049748,
    "rf": 2.1362270898864315,
    "gb": 2.2854577455835328,
    "ridge": 10.243783553282508,
    "linear": 9.404476689419722
  },
  "test_mae_all": {
    "xgboost": 3.283518677193156,
    "lightgbm": 3.5496254784843693,
    "catboost": 3.944196669766831,
    "rf": 4.295250192360705,
    "gb": 3.4685439180696163,
    "ridge": 10.451339646272503,
    "linear": 9.048843855150942
  },
  "historical_best_cv_mae": 2.042469801781462,
  "is_new_historical_best": false,
  "features": [
    "pm2_5",
    "pm10",
    "co",
    "no2",
    "so2",
    "month_cos",
    "total_pm",
    "total_gases",
    "no2_o3_ratio",
    "pm2_5_rolling_3h",
    "pm10_rolling_3h",
    "co_rolling_3h",
    "pm2_5_co_interaction",
    "hour_sin",
    "hour_cos"
  ],
  "scaler_needed": false,
  "all_models_saved": [
    "model_xgboost.pkl",
    "model_lightgbm.pkl",
    "model_catboost.pkl",
    "model_rf.pkl",
    "model_gb.pkl",
    "model_ridge.pkl",
    "model_linear.pkl"
  ],
  "all_metrics": {
    "train": {
      "xgboost": {
        "mae": 1.9503811903429125,
        "rmse": 3.5533559597352555,
        "r2": 0.9987324648497137,
        "mape": 1.5705462139508926
      },
      "lightgbm": {
        "mae": 1.8258915050194453,
        "rmse": 3.639759229222241,
        "r2": 0.9986700727254403,
        "mape": 1.4956696194485748
      },
      "catboost": {
        "mae": 1.8957936819679673,
        "rmse": 3.011493183257562,
        "r2": 0.9990895704405273,
        "mape": 1.575113260542484
      },
      "rf": {
        "mae": 1.1633893132624533,
        "rmse": 3.8691055335733306,
        "r2": 0.9984971911904754,
        "mape": 1.1398553666052702
      },
      "gb": {
        "mae": 1.380490161636164,
        "rmse": 2.915292099867757,
        "r2": 0.9991468080830137,
        "mape": 1.1888363581914019
      },
      "ridge": {
        "mae": 8.896112814559318,
        "rmse": 11.768252605854832,
        "r2": 0.9860970633197415,
        "mape": 8.211824862657096
      },
      "linear": {
        "mae": 8.575761836647319,
        "rmse": 11.42286849789964,
        "r2": 0.9869011570490668,
        "mape": 7.776831998566578
      }
    },
    "val": {
      "xgboost": {
        "mae": 2.997502148423565,
        "rmse": 9.290056154521604,
        "r2": 0.937583537208198,
        "mape": 5.227712548595136
      },
      "lightgbm": {
        "mae": 3.049673119960373,
        "rmse": 10.246454710426159,
        "r2": 0.9240706425945349,
        "mape": 4.801408576333241
      },
      "catboost": {
        "mae": 3.4839102249334943,
        "rmse": 9.88541677776335,
        "r2": 0.9293271763538561,
        "mape": 5.980317968477871
      },
      "rf": {
        "mae": 4.830210075033012,
        "rmse": 12.4440785456043,
        "r2": 0.8880077520241803,
        "mape": 8.077601211203273
      },
      "gb": {
        "mae": 2.7516235719221616,
        "rmse": 9.41913206138482,
        "r2": 0.9358370612809063,
        "mape": 4.09309149396695
      },
      "ridge": {
        "mae": 6.9221445281755924,
        "rmse": 12.061118644569664,
        "r2": 0.8947946915369361,
        "mape": 10.975809102516525
      },
      "linear": {
        "mae": 6.60769878309548,
        "rmse": 11.823630995325992,
        "r2": 0.8988969611198465,
        "mape": 10.1254197649316
      }
    },
    "test": {
      "xgboost": {
        "mae": 3.283518677193156,
        "rmse": 5.88322703774436,
        "r2": 0.9741428324903602,
        "mape": 8.845572798981786
      },
      "lightgbm": {
        "mae": 3.5496254784843693,
        "rmse": 6.054675269948297,
        "r2": 0.9726138209471582,
        "mape": 8.723951663597049
      },
      "catboost": {
        "mae": 3.944196669766831,
        "rmse": 6.562865167120692,
        "r2": 0.967823656045098,
        "mape": 10.022435632889984
      },
      "rf": {
        "mae": 4.295250192360705,
        "rmse": 7.186475598500564,
        "r2": 0.9614182748719575,
        "mape": 11.787486961126366
      },
      "gb": {
        "mae": 3.4685439180696163,
        "rmse": 6.301654888610688,
        "r2": 0.9703340020359301,
        "mape": 6.697838043540356
      },
      "ridge": {
        "mae": 10.451339646272503,
        "rmse": 13.682746559309475,
        "r2": 0.8601391067712928,
        "mape": 22.400324933842793
      },
      "linear": {
        "mae": 9.048843855150942,
        "rmse": 12.18225518037321,
        "r2": 0.8891322798774344,
        "mape": 19.584918931865356
      }
    },
    "cv_mae": {
      "xgboost": 2.711604742807885,
      "lightgbm": 2.4445009360301513,
      "catboost": 3.186316176049748,
      "rf": 2.1362270898864315,
      "gb": 2.2854577455835328,
      "ridge": 10.243783553282508,
      "linear": 9.404476689419722
    }
  }
}