{
  "trained_best_model": "rf",
  "new_test_metrics": {
    "mae": 3.6759011203745118,
    "rmse": 6.8913390389884235,
    "r2": 0.9712570710058496,
    "mape": 10.744414990317189
  },
  "cv_mae": {
    "xgboost": 2.614940287968884,
    "lightgbm": 2.4979758759846478,
    "catboost": 3.150801275688587,
    "rf": 2.0773987756650465,
    "gb": 2.2108934854277598,
    "ridge": 9.917972529343487,
    "linear": 9.21905594616189
  },
  "test_mae_all": {
    "xgboost": 3.4216583975711665,
    "lightgbm": 3.303187356871775,
    "catboost": 4.03078572631693,
    "rf": 3.675901120374513,
    "gb": 4.614991843743921,
    "ridge": 10.637550192300715,
    "linear": 9.173422237874792
  },
  "historical_best_cv_mae": 2.042469801781462,
  "is_new_historical_best": false,
  "features": [
    "pm2_5",
    "pm10",
    "co",
    "no2",
    "so2",
    "month_cos",
    "total_pm",
    "total_gases",
    "no2_o3_ratio",
    "pm2_5_rolling_3h",
    "pm10_rolling_3h",
    "co_rolling_3h",
    "pm2_5_co_interaction",
    "hour_sin",
    "hour_cos"
  ],
  "scaler_needed": false,
  "all_models_saved": [
    "model_xgboost.pkl",
    "model_lightgbm.pkl",
    "model_catboost.pkl",
    "model_rf.pkl",
    "model_gb.pkl",
    "model_ridge.pkl",
    "model_linear.pkl"
  ],
  "all_metrics": {
    "train": {
      "xgboost": {
        "mae": 1.8430403140504144,
        "rmse": 3.3953855475089596,
        "r2": 0.9988329880025816,
        "mape": 1.4918051275050812
      },
      "lightgbm": {
        "mae": 1.9740833785330352,
        "rmse": 4.055024272553448,
        "r2": 0.9983354990566273,
        "mape": 1.6367112855436392
      },
      "catboost": {
        "mae": 1.9216863486538482,
        "rmse": 3.0141165203515845,
        "r2": 0.9990803613737398,
        "mape": 1.5993727439946819
      },
      "rf": {
        "mae": 1.1680442445035546,
        "rmse": 3.878887833651424,
        "r2": 0.9984769590801204,
        "mape": 1.1437197651963356
      },
      "gb": {
        "mae": 1.3779898641948645,
        "rmse": 2.9633473821788074,
        "r2": 0.9991110808553404,
        "mape": 1.1908713444217713
      },
      "ridge": {
        "mae": 8.815944632319813,
        "rmse": 11.685345428237811,
        "r2": 0.9861777023976953,
        "mape": 8.168908966309244
      },
      "linear": {
        "mae": 8.497847164809116,
        "rmse": 11.346509098029445,
        "r2": 0.9869676822361639,
        "mape": 7.737700348086346
      }
    },
    "val": {
      "xgboost": {
        "mae": 2.6489096101560548,
        "rmse": 9.06420384058282,
        "r2": 0.9390109952376892,
        "mape": 4.621685656936016
      },
      "lightgbm": {
        "mae": 2.854599709847176,
        "rmse": 10.32435013689795,
        "r2": 0.9208742811528488,
        "mape": 4.424564431258564
      },
      "catboost": {
        "mae": 3.3508048443183527,
        "rmse": 9.917475130654884,
        "r2": 0.9269879639700067,
        "mape": 5.704047432849485
      },
      "rf": {
        "mae": 3.981220714486829,
        "rmse": 12.154760324675818,
        "r2": 0.8903307134015532,
        "mape": 6.716639424487682
      },
      "gb": {
        "mae": 2.579913197133543,
        "rmse": 9.87271855410766,
        "r2": 0.9276454690666428,
        "mape": 4.136148860932987
      },
      "ridge": {
        "mae": 6.515996021098964,
        "rmse": 11.788150186036512,
        "r2": 0.8968466017328737,
        "mape": 10.352045403480444
      },
      "linear": {
        "mae": 6.268751826324247,
        "rmse": 11.640181340903867,
        "r2": 0.899419981395696,
        "mape": 9.60588778661953
      }
    },
    "test": {
      "xgboost": {
        "mae": 3.4216583975711665,
        "rmse": 5.7601182739703995,
        "r2": 0.9799189420043918,
        "mape": 8.107487162884116
      },
      "lightgbm": {
        "mae": 3.303187356871775,
        "rmse": 5.566028361595355,
        "r2": 0.9812494237868603,
        "mape": 8.136378068067454
      },
      "catboost": {
        "mae": 4.03078572631693,
        "rmse": 6.483903947364982,
        "r2": 0.9745553235052853,
        "mape": 9.711745998024506
      },
      "rf": {
        "mae": 3.675901120374513,
        "rmse": 6.891339038988425,
        "r2": 0.9712570710058496,
        "mape": 10.744414990317194
      },
      "gb": {
        "mae": 4.614991843743921,
        "rmse": 8.24780925179738,
        "r2": 0.9588280909017567,
        "mape": 8.009517299324703
      },
      "ridge": {
        "mae": 10.637550192300715,
        "rmse": 13.760669598627167,
        "r2": 0.8853951695243977,
        "mape": 22.069679157305842
      },
      "linear": {
        "mae": 9.173422237874792,
        "rmse": 12.229860363777417,
        "r2": 0.9094753643896576,
        "mape": 19.297984636205108
      }
    },
    "cv_mae": {
      "xgboost": 2.614940287968884,
      "lightgbm": 2.4979758759846478,
      "catboost": 3.150801275688587,
      "rf": 2.0773987756650465,
      "gb": 2.2108934854277598,
      "ridge": 9.917972529343487,
      "linear": 9.21905594616189
    }
  }
}