{
  "trained_best_model": "rf",
  "new_test_metrics": {
    "mae": 3.61021030262006,
    "rmse": 6.802468047769094,
    "r2": 0.9721644266660033,
    "mape": 10.531444161534544
  },
  "cv_mae": {
    "xgboost": 2.5915552075828354,
    "lightgbm": 2.430586923385332,
    "catboost": 3.1836154209330045,
    "rf": 2.0884721597616664,
    "gb": 2.264542310141592,
    "ridge": 9.868330362906233,
    "linear": 9.205190344590992
  },
  "test_mae_all": {
    "xgboost": 3.5402202823872915,
    "lightgbm": 3.4569775304406485,
    "catboost": 3.899921513002883,
    "rf": 3.6102103026200605,
    "gb": 4.707779638423127,
    "ridge": 10.657541755795924,
    "linear": 9.192588019657967
  },
  "historical_best_cv_mae": 2.042469801781462,
  "is_new_historical_best": false,
  "features": [
    "pm2_5",
    "pm10",
    "co",
    "no2",
    "so2",
    "month_cos",
    "total_pm",
    "total_gases",
    "no2_o3_ratio",
    "pm2_5_rolling_3h",
    "pm10_rolling_3h",
    "co_rolling_3h",
    "pm2_5_co_interaction",
    "hour_sin",
    "hour_cos"
  ],
  "scaler_needed": false,
  "all_models_saved": [
    "model_xgboost.pkl",
    "model_lightgbm.pkl",
    "model_catboost.pkl",
    "model_rf.pkl",
    "model_gb.pkl",
    "model_ridge.pkl",
    "model_linear.pkl"
  ],
  "all_metrics": {
    "train": {
      "xgboost": {
        "mae": 1.8364160678313592,
        "rmse": 3.3843323494702084,
        "r2": 0.998840529028572,
        "mape": 1.4953463709774757
      },
      "lightgbm": {
        "mae": 1.9313222977006141,
        "rmse": 3.9486949288655087,
        "r2": 0.9984215856025587,
        "mape": 1.5929928410521896
      },
      "catboost": {
        "mae": 1.9056406600281122,
        "rmse": 3.0045989164119944,
        "r2": 0.9990861248204482,
        "mape": 1.6027549072725542
      },
      "rf": {
        "mae": 1.174697526312974,
        "rmse": 3.8799869769808204,
        "r2": 0.9984760370614062,
        "mape": 1.1509025394351617
      },
      "gb": {
        "mae": 1.3984273697998766,
        "rmse": 2.976292598419365,
        "r2": 0.9991032629403085,
        "mape": 1.201110070632692
      },
      "ridge": {
        "mae": 8.80744123308597,
        "rmse": 11.679238416836068,
        "r2": 0.9861916140302218,
        "mape": 8.160568669322068
      },
      "linear": {
        "mae": 8.49046831498376,
        "rmse": 11.34108527929796,
        "r2": 0.9869796367103465,
        "mape": 7.730740995888355
      }
    },
    "val": {
      "xgboost": {
        "mae": 2.6867497239483003,
        "rmse": 9.181398785414276,
        "r2": 0.9373716642036858,
        "mape": 4.622807254798273
      },
      "lightgbm": {
        "mae": 2.9730440442017776,
        "rmse": 10.475383360358524,
        "r2": 0.918474584566725,
        "mape": 4.8069938451513075
      },
      "catboost": {
        "mae": 3.330861178986522,
        "rmse": 9.928493598010716,
        "r2": 0.9267647969946109,
        "mape": 5.742067214397156
      },
      "rf": {
        "mae": 3.9997389990893657,
        "rmse": 12.161249867015195,
        "r2": 0.8901222917009006,
        "mape": 6.6757341164546995
      },
      "gb": {
        "mae": 2.6013702350497674,
        "rmse": 9.772836100103756,
        "r2": 0.9290431381415497,
        "mape": 4.053611631959616
      },
      "ridge": {
        "mae": 6.521376551252287,
        "rmse": 11.783786610748557,
        "r2": 0.896837250535798,
        "mape": 10.363198810184214
      },
      "linear": {
        "mae": 6.268277336525137,
        "rmse": 11.637291059349327,
        "r2": 0.8993863364937887,
        "mape": 9.608764255680189
      }
    },
    "test": {
      "xgboost": {
        "mae": 3.5402202823872915,
        "rmse": 5.979725120337367,
        "r2": 0.9784905358615478,
        "mape": 8.003433548901125
      },
      "lightgbm": {
        "mae": 3.4569775304406485,
        "rmse": 5.88301952271854,
        "r2": 0.979180623018561,
        "mape": 8.662685771184597
      },
      "catboost": {
        "mae": 3.899921513002883,
        "rmse": 6.392830642499573,
        "r2": 0.975415943313656,
        "mape": 9.776990077523127
      },
      "rf": {
        "mae": 3.6102103026200605,
        "rmse": 6.802468047769094,
        "r2": 0.9721644266660033,
        "mape": 10.531444161534544
      },
      "gb": {
        "mae": 4.707779638423127,
        "rmse": 8.592770489644371,
        "r2": 0.9555846003655797,
        "mape": 7.631159184344494
      },
      "ridge": {
        "mae": 10.657541755795924,
        "rmse": 13.774794573080525,
        "r2": 0.8858601200014945,
        "mape": 22.062558080478993
      },
      "linear": {
        "mae": 9.192588019657967,
        "rmse": 12.24015187965325,
        "r2": 0.9098759368179192,
        "mape": 19.297658849317987
      }
    },
    "cv_mae": {
      "xgboost": 2.5915552075828354,
      "lightgbm": 2.430586923385332,
      "catboost": 3.1836154209330045,
      "rf": 2.0884721597616664,
      "gb": 2.264542310141592,
      "ridge": 9.868330362906233,
      "linear": 9.205190344590992
    }
  }
}