{
  "trained_best_model": "rf",
  "new_test_metrics": {
    "mae": 4.675023684075949,
    "rmse": 7.60988341778862,
    "r2": 0.9574193046292647,
    "mape": 12.460612713035124
  },
  "cv_mae": {
    "xgboost": 2.66332200455339,
    "lightgbm": 2.4599808591314,
    "catboost": 3.155465265614489,
    "rf": 2.123956106393429,
    "gb": 2.2881897405269602,
    "ridge": 10.190080234339522,
    "linear": 9.336854706195009
  },
  "test_mae_all": {
    "xgboost": 3.5106349711071236,
    "lightgbm": 3.9076399830028175,
    "catboost": 3.866085752528435,
    "rf": 4.675023684075949,
    "gb": 4.101371748353201,
    "ridge": 10.558868829647428,
    "linear": 9.165972846239432
  },
  "historical_best_cv_mae": 2.042469801781462,
  "is_new_historical_best": false,
  "features": [
    "pm2_5",
    "pm10",
    "co",
    "no2",
    "so2",
    "month_cos",
    "total_pm",
    "total_gases",
    "no2_o3_ratio",
    "pm2_5_rolling_3h",
    "pm10_rolling_3h",
    "co_rolling_3h",
    "pm2_5_co_interaction",
    "hour_sin",
    "hour_cos"
  ],
  "scaler_needed": false,
  "all_models_saved": [
    "model_xgboost.pkl",
    "model_lightgbm.pkl",
    "model_catboost.pkl",
    "model_rf.pkl",
    "model_gb.pkl",
    "model_ridge.pkl",
    "model_linear.pkl"
  ],
  "all_metrics": {
    "train": {
      "xgboost": {
        "mae": 1.8634229823023527,
        "rmse": 3.4306391480492313,
        "r2": 0.9988170077873747,
        "mape": 1.498189010946057
      },
      "lightgbm": {
        "mae": 1.548476661533969,
        "rmse": 3.0699074040499172,
        "r2": 0.9990527112928671,
        "mape": 1.2641472688914461
      },
      "catboost": {
        "mae": 1.8844263707075168,
        "rmse": 3.0084088459738574,
        "r2": 0.9990902846528131,
        "mape": 1.547749287272761
      },
      "rf": {
        "mae": 1.1545674004289983,
        "rmse": 3.844765858262663,
        "r2": 0.9985141615206166,
        "mape": 1.1253359557450386
      },
      "gb": {
        "mae": 1.398701150066392,
        "rmse": 2.9849160515556323,
        "r2": 0.9991044371900777,
        "mape": 1.1969145346344334
      },
      "ridge": {
        "mae": 8.912278840002068,
        "rmse": 11.774673063674145,
        "r2": 0.9860642764615416,
        "mape": 8.208106150293688
      },
      "linear": {
        "mae": 8.583882502127457,
        "rmse": 11.426143281846059,
        "r2": 0.9868770601291338,
        "mape": 7.764150769974107
      }
    },
    "val": {
      "xgboost": {
        "mae": 2.9234480509474943,
        "rmse": 9.265814608945448,
        "r2": 0.9350333074049703,
        "mape": 5.316087457622788
      },
      "lightgbm": {
        "mae": 2.804724296543202,
        "rmse": 9.843427129191065,
        "r2": 0.9266810552467013,
        "mape": 4.615427450678916
      },
      "catboost": {
        "mae": 3.394830695214258,
        "rmse": 10.218987222206591,
        "r2": 0.9209795939799821,
        "mape": 5.810567919975848
      },
      "rf": {
        "mae": 5.045874393307018,
        "rmse": 12.493733299553508,
        "r2": 0.8818841970900776,
        "mape": 8.57453733793318
      },
      "gb": {
        "mae": 3.0316404147942477,
        "rmse": 9.744737762251335,
        "r2": 0.9281438643654398,
        "mape": 5.076463264254602
      },
      "ridge": {
        "mae": 6.642797939057707,
        "rmse": 11.83342161860245,
        "r2": 0.8940394456882189,
        "mape": 10.86452280699379
      },
      "linear": {
        "mae": 6.319335369835686,
        "rmse": 11.569023155466684,
        "r2": 0.89872157819251,
        "mape": 9.971779200154602
      }
    },
    "test": {
      "xgboost": {
        "mae": 3.5106349711071236,
        "rmse": 6.093461889233281,
        "r2": 0.9726985985559744,
        "mape": 9.152275256462564
      },
      "lightgbm": {
        "mae": 3.9076399830028175,
        "rmse": 6.6048956272163375,
        "r2": 0.9679233754569359,
        "mape": 8.998192463486221
      },
      "catboost": {
        "mae": 3.866085752528435,
        "rmse": 6.384436782816561,
        "r2": 0.970028952321435,
        "mape": 9.575071449312372
      },
      "rf": {
        "mae": 4.675023684075949,
        "rmse": 7.60988341778862,
        "r2": 0.9574193046292647,
        "mape": 12.460612713035124
      },
      "gb": {
        "mae": 4.101371748353201,
        "rmse": 7.048002687356177,
        "r2": 0.963475114389708,
        "mape": 8.711978176426664
      },
      "ridge": {
        "mae": 10.558868829647428,
        "rmse": 13.761714331754472,
        "r2": 0.8607478788210325,
        "mape": 22.539267941929076
      },
      "linear": {
        "mae": 9.165972846239432,
        "rmse": 12.282651408200342,
        "r2": 0.8890720479182342,
        "mape": 19.71317976485491
      }
    },
    "cv_mae": {
      "xgboost": 2.66332200455339,
      "lightgbm": 2.4599808591314,
      "catboost": 3.155465265614489,
      "rf": 2.123956106393429,
      "gb": 2.2881897405269602,
      "ridge": 10.190080234339522,
      "linear": 9.336854706195009
    }
  }
}