{
  "trained_best_model": "rf",
  "new_test_metrics": {
    "mae": 4.964578290212606,
    "rmse": 7.764761115663206,
    "r2": 0.9537463579748947,
    "mape": 12.821653801526397
  },
  "cv_mae": {
    "xgboost": 2.6874181333120086,
    "lightgbm": 2.471224990536284,
    "catboost": 3.5253738355767483,
    "rf": 2.144764208851167,
    "gb": 2.2770105420942857,
    "ridge": 10.340473111373843,
    "linear": 9.510150554518058
  },
  "test_mae_all": {
    "xgboost": 3.260821867329248,
    "lightgbm": 4.272641466282233,
    "catboost": 4.412692274794684,
    "rf": 4.964578290212606,
    "gb": 3.949041269131954,
    "ridge": 10.486890445917865,
    "linear": 9.10736798649262
  },
  "historical_best_cv_mae": 2.042469801781462,
  "is_new_historical_best": false,
  "features": [
    "pm2_5",
    "pm10",
    "co",
    "no2",
    "so2",
    "month_cos",
    "total_pm",
    "total_gases",
    "no2_o3_ratio",
    "pm2_5_rolling_3h",
    "pm10_rolling_3h",
    "co_rolling_3h",
    "pm2_5_co_interaction",
    "hour_sin",
    "hour_cos"
  ],
  "scaler_needed": false,
  "all_models_saved": [
    "model_xgboost.pkl",
    "model_lightgbm.pkl",
    "model_catboost.pkl",
    "model_rf.pkl",
    "model_gb.pkl",
    "model_ridge.pkl",
    "model_linear.pkl"
  ],
  "all_metrics": {
    "train": {
      "xgboost": {
        "mae": 1.8752289348696853,
        "rmse": 3.41232677929036,
        "r2": 0.9988276994923548,
        "mape": 1.5040748026692823
      },
      "lightgbm": {
        "mae": 1.7642280280574967,
        "rmse": 3.4970945347769486,
        "r2": 0.9987687323497555,
        "mape": 1.4223354088638467
      },
      "catboost": {
        "mae": 1.940533639880053,
        "rmse": 3.023573783510479,
        "r2": 0.9990795952181835,
        "mape": 1.610177844430165
      },
      "rf": {
        "mae": 1.1569736238392814,
        "rmse": 3.8324871258217335,
        "r2": 0.9985212351003926,
        "mape": 1.1282225321881212
      },
      "gb": {
        "mae": 1.3743865491196292,
        "rmse": 2.8991430839474113,
        "r2": 0.9991537921999114,
        "mape": 1.1773388169560477
      },
      "ridge": {
        "mae": 8.96458902932984,
        "rmse": 11.810372126095464,
        "r2": 0.98595683858557,
        "mape": 8.2395272364616
      },
      "linear": {
        "mae": 8.62932804963796,
        "rmse": 11.453545654362616,
        "r2": 0.9867925910082935,
        "mape": 7.788653328596638
      }
    },
    "val": {
      "xgboost": {
        "mae": 2.713545479186594,
        "rmse": 9.009506324797732,
        "r2": 0.9387297402983619,
        "mape": 4.782814554181438
      },
      "lightgbm": {
        "mae": 3.0275527377195437,
        "rmse": 10.327849373644254,
        "r2": 0.9194867193926052,
        "mape": 4.932433083087173
      },
      "catboost": {
        "mae": 4.405090175647547,
        "rmse": 11.617860556189077,
        "r2": 0.8981173925445053,
        "mape": 7.07399156320026
      },
      "rf": {
        "mae": 5.326701864586007,
        "rmse": 12.625550347421683,
        "r2": 0.8796770784812507,
        "mape": 8.987790147992774
      },
      "gb": {
        "mae": 2.772694631374931,
        "rmse": 9.836339654985423,
        "r2": 0.9269677357064111,
        "mape": 4.685500010194739
      },
      "ridge": {
        "mae": 6.784364981509743,
        "rmse": 11.892185993735461,
        "r2": 0.8932492049900448,
        "mape": 11.111297696558694
      },
      "linear": {
        "mae": 6.407888893854332,
        "rmse": 11.610240527918554,
        "r2": 0.8982509961019101,
        "mape": 10.153336186604413
      }
    },
    "test": {
      "xgboost": {
        "mae": 3.260821867329248,
        "rmse": 5.769298967993212,
        "r2": 0.9744650021009365,
        "mape": 8.389491709797921
      },
      "lightgbm": {
        "mae": 4.272641466282233,
        "rmse": 7.189596570579644,
        "r2": 0.9603449246249259,
        "mape": 9.811239291701463
      },
      "catboost": {
        "mae": 4.412692274794684,
        "rmse": 6.7742595589919326,
        "r2": 0.9647942660800787,
        "mape": 10.476984049481697
      },
      "rf": {
        "mae": 4.964578290212606,
        "rmse": 7.764761115663206,
        "r2": 0.9537463579748947,
        "mape": 12.821653801526397
      },
      "gb": {
        "mae": 3.949041269131954,
        "rmse": 7.134324062669368,
        "r2": 0.960952305080744,
        "mape": 8.64033392215775
      },
      "ridge": {
        "mae": 10.486890445917865,
        "rmse": 13.747221020145878,
        "r2": 0.8550161704733172,
        "mape": 22.613544343305474
      },
      "linear": {
        "mae": 9.10736798649262,
        "rmse": 12.272723068943849,
        "r2": 0.8844495593984572,
        "mape": 19.75120480166747
      }
    },
    "cv_mae": {
      "xgboost": 2.6874181333120086,
      "lightgbm": 2.471224990536284,
      "catboost": 3.5253738355767483,
      "rf": 2.144764208851167,
      "gb": 2.2770105420942857,
      "ridge": 10.340473111373843,
      "linear": 9.510150554518058
    }
  }
}