{
  "trained_best_model": "xgboost",
  "new_test_metrics": {
    "mae": 3.2779797754002025,
    "rmse": 5.418327296345516,
    "r2": 0.9776005895698984,
    "mape": 7.953329567497924
  },
  "cv_mae": {
    "xgboost": 2.0998875519067575,
    "lightgbm": 2.323134094866686,
    "catboost": 3.4329789535962107,
    "rf": 2.283742074499171,
    "gb": 2.3560701593280218,
    "ridge": 10.70953756120292,
    "linear": 9.684693097947305
  },
  "test_mae_all": {
    "xgboost": 3.2779797754002025,
    "lightgbm": 3.4809596529680515,
    "catboost": 4.4199163980404395,
    "rf": 5.442355305257581,
    "gb": 4.689604957983204,
    "ridge": 10.19695957499407,
    "linear": 8.785383056415526
  },
  "historical_best_cv_mae": 2.0564814707537686,
  "is_new_historical_best": false,
  "features": [
    "pm2_5",
    "pm10",
    "co",
    "no2",
    "so2",
    "month_cos",
    "total_pm",
    "total_gases",
    "no2_o3_ratio",
    "pm2_5_rolling_3h",
    "pm10_rolling_3h",
    "co_rolling_3h",
    "pm2_5_co_interaction",
    "hour_sin",
    "hour_cos"
  ],
  "scaler_needed": false,
  "all_models_saved": [
    "model_xgboost.pkl",
    "model_lightgbm.pkl",
    "model_catboost.pkl",
    "model_rf.pkl",
    "model_gb.pkl",
    "model_ridge.pkl",
    "model_linear.pkl"
  ],
  "all_metrics": {
    "train": {
      "xgboost": {
        "mae": 1.122898038041724,
        "rmse": 1.9611928043359683,
        "r2": 0.9996152191744139,
        "mape": 0.9488478975465071
      },
      "lightgbm": {
        "mae": 0.984806300193019,
        "rmse": 1.9139638876617966,
        "r2": 0.9996335284048938,
        "mape": 0.8269281317835905
      },
      "catboost": {
        "mae": 1.9757136390849426,
        "rmse": 3.0934015372461467,
        "r2": 0.999042705786271,
        "mape": 1.6310702468943006
      },
      "rf": {
        "mae": 1.1565387765612543,
        "rmse": 3.7935212633427327,
        "r2": 0.9985603468055066,
        "mape": 1.1299990671035332
      },
      "gb": {
        "mae": 1.430405280616131,
        "rmse": 3.0267983781234955,
        "r2": 0.9990834844769646,
        "mape": 1.2133823939301245
      },
      "ridge": {
        "mae": 8.990925674696564,
        "rmse": 11.849709531904637,
        "r2": 0.9859528490498909,
        "mape": 8.246537439468137
      },
      "linear": {
        "mae": 8.669772405826992,
        "rmse": 11.504289768273393,
        "r2": 0.9867598634521406,
        "mape": 7.810659854474215
      }
    },
    "val": {
      "xgboost": {
        "mae": 2.829473456291303,
        "rmse": 8.515005386796298,
        "r2": 0.9546241114503025,
        "mape": 4.995875927813235
      },
      "lightgbm": {
        "mae": 2.8450021890503234,
        "rmse": 9.272743066835343,
        "r2": 0.9461889159695156,
        "mape": 4.639737864943708
      },
      "catboost": {
        "mae": 4.3309691728775155,
        "rmse": 10.696632597581818,
        "r2": 0.9283939946439206,
        "mape": 6.654141841110442
      },
      "rf": {
        "mae": 5.532136042304658,
        "rmse": 12.530786373052408,
        "r2": 0.9017320399436112,
        "mape": 9.279850008066298
      },
      "gb": {
        "mae": 3.81486058419774,
        "rmse": 10.415395208704634,
        "r2": 0.9321098456746759,
        "mape": 6.343935384932078
      },
      "ridge": {
        "mae": 7.19188478844926,
        "rmse": 12.281039926807429,
        "r2": 0.9056100893499931,
        "mape": 11.364715480683927
      },
      "linear": {
        "mae": 6.788180023470869,
        "rmse": 11.930573871853591,
        "r2": 0.9109204618511306,
        "mape": 10.478047968451044
      }
    },
    "test": {
      "xgboost": {
        "mae": 3.2779797754002025,
        "rmse": 5.418327296345516,
        "r2": 0.9776005895698984,
        "mape": 7.953329567497924
      },
      "lightgbm": {
        "mae": 3.4809596529680515,
        "rmse": 5.512776619561622,
        "r2": 0.9768128747971572,
        "mape": 8.440452780973109
      },
      "catboost": {
        "mae": 4.4199163980404395,
        "rmse": 6.437009284977259,
        "r2": 0.9683863683903432,
        "mape": 10.032837257640468
      },
      "rf": {
        "mae": 5.442355305257581,
        "rmse": 7.761890634528896,
        "r2": 0.9540335297732526,
        "mape": 13.400008705734873
      },
      "gb": {
        "mae": 4.689604957983204,
        "rmse": 7.512651871005185,
        "r2": 0.9569381537397473,
        "mape": 10.192005560862116
      },
      "ridge": {
        "mae": 10.19695957499407,
        "rmse": 13.628036055277581,
        "r2": 0.8582990816594249,
        "mape": 22.280076019061646
      },
      "linear": {
        "mae": 8.785383056415526,
        "rmse": 12.100094575192996,
        "r2": 0.8882921619656637,
        "mape": 19.386992159189074
      }
    },
    "cv_mae": {
      "xgboost": 2.0998875519067575,
      "lightgbm": 2.323134094866686,
      "catboost": 3.4329789535962107,
      "rf": 2.283742074499171,
      "gb": 2.3560701593280218,
      "ridge": 10.70953756120292,
      "linear": 9.684693097947305
    }
  }
}