{
  "trained_best_model": "rf",
  "new_test_metrics": {
    "mae": 4.608688871025473,
    "rmse": 7.473247989838079,
    "r2": 0.9587280757086024,
    "mape": 12.242244111572678
  },
  "cv_mae": {
    "xgboost": 2.6631438469933437,
    "lightgbm": 2.448647395831965,
    "catboost": 3.14587150611519,
    "rf": 2.121524253425085,
    "gb": 2.3255486975336206,
    "ridge": 10.195251688439821,
    "linear": 9.346409884864403
  },
  "test_mae_all": {
    "xgboost": 3.147237257474499,
    "lightgbm": 4.095606553916123,
    "catboost": 3.6500776434667763,
    "rf": 4.60868887102547,
    "gb": 3.971008960014368,
    "ridge": 10.517970864954687,
    "linear": 9.12920340432432
  },
  "historical_best_cv_mae": 2.042469801781462,
  "is_new_historical_best": false,
  "features": [
    "pm2_5",
    "pm10",
    "co",
    "no2",
    "so2",
    "month_cos",
    "total_pm",
    "total_gases",
    "no2_o3_ratio",
    "pm2_5_rolling_3h",
    "pm10_rolling_3h",
    "co_rolling_3h",
    "pm2_5_co_interaction",
    "hour_sin",
    "hour_cos"
  ],
  "scaler_needed": false,
  "all_models_saved": [
    "model_xgboost.pkl",
    "model_lightgbm.pkl",
    "model_catboost.pkl",
    "model_rf.pkl",
    "model_gb.pkl",
    "model_ridge.pkl",
    "model_linear.pkl"
  ],
  "all_metrics": {
    "train": {
      "xgboost": {
        "mae": 1.8434591658816801,
        "rmse": 3.3905234896726895,
        "r2": 0.998844397508654,
        "mape": 1.4834495146896343
      },
      "lightgbm": {
        "mae": 1.7272631151901736,
        "rmse": 3.40594938880775,
        "r2": 0.9988338582750727,
        "mape": 1.4010116862128976
      },
      "catboost": {
        "mae": 1.9199242342121834,
        "rmse": 3.0111776090088944,
        "r2": 0.9990885188342107,
        "mape": 1.589521879622352
      },
      "rf": {
        "mae": 1.149233006210819,
        "rmse": 3.8273968799603946,
        "r2": 0.9985274096458582,
        "mape": 1.1258869786998809
      },
      "gb": {
        "mae": 1.3974444873023106,
        "rmse": 2.9553885031813842,
        "r2": 0.9991219805966998,
        "mape": 1.1994624311273556
      },
      "ridge": {
        "mae": 8.89992372458225,
        "rmse": 11.768200973977526,
        "r2": 0.9860782090697807,
        "mape": 8.206286018129536
      },
      "linear": {
        "mae": 8.577118092858068,
        "rmse": 11.42261830556369,
        "r2": 0.9868838527407187,
        "mape": 7.769526040009889
      }
    },
    "val": {
      "xgboost": {
        "mae": 2.758973609366918,
        "rmse": 8.713232454713395,
        "r2": 0.943812648511058,
        "mape": 4.8469907295126715
      },
      "lightgbm": {
        "mae": 3.0980868565141466,
        "rmse": 10.210209585708851,
        "r2": 0.9228476295079648,
        "mape": 4.928084866303658
      },
      "catboost": {
        "mae": 3.4578183505460602,
        "rmse": 10.495893108146435,
        "r2": 0.9184697529077639,
        "mape": 5.830581032839302
      },
      "rf": {
        "mae": 4.982378068986352,
        "rmse": 12.440928322206238,
        "r2": 0.8854525208430656,
        "mape": 8.402907031818518
      },
      "gb": {
        "mae": 2.8825967583948295,
        "rmse": 9.741486287443944,
        "r2": 0.9297687485238099,
        "mape": 4.619402085765466
      },
      "ridge": {
        "mae": 6.795956605194632,
        "rmse": 11.910076145778861,
        "r2": 0.8950194034066419,
        "mape": 10.979201035519432
      },
      "linear": {
        "mae": 6.444819066881459,
        "rmse": 11.634022948590761,
        "r2": 0.8998295113080673,
        "mape": 10.05845038253071
      }
    },
    "test": {
      "xgboost": {
        "mae": 3.147237257474499,
        "rmse": 5.612376815181528,
        "r2": 0.9767228623931736,
        "mape": 8.338232234160058
      },
      "lightgbm": {
        "mae": 4.095606553916123,
        "rmse": 6.8454667373560145,
        "r2": 0.9653708318424218,
        "mape": 9.29429623383156
      },
      "catboost": {
        "mae": 3.6500776434667763,
        "rmse": 6.1917255786871195,
        "r2": 0.9716691679185914,
        "mape": 9.47486454638358
      },
      "rf": {
        "mae": 4.60868887102547,
        "rmse": 7.473247989838079,
        "r2": 0.9587280757086025,
        "mape": 12.242244111572676
      },
      "gb": {
        "mae": 3.971008960014368,
        "rmse": 6.7570953564788185,
        "r2": 0.9662591494870594,
        "mape": 8.122156512425315
      },
      "ridge": {
        "mae": 10.517970864954687,
        "rmse": 13.743374303355825,
        "r2": 0.8604201652793421,
        "mape": 22.50044405944106
      },
      "linear": {
        "mae": 9.12920340432432,
        "rmse": 12.268898148337458,
        "r2": 0.888763567375976,
        "mape": 19.691946901793557
      }
    },
    "cv_mae": {
      "xgboost": 2.6631438469933437,
      "lightgbm": 2.448647395831965,
      "catboost": 3.14587150611519,
      "rf": 2.121524253425085,
      "gb": 2.3255486975336206,
      "ridge": 10.195251688439821,
      "linear": 9.346409884864403
    }
  }
}