{
  "trained_best_model": "rf",
  "new_test_metrics": {
    "mae": 3.3281773031716755,
    "rmse": 6.4963983864127774,
    "r2": 0.9768285705857493,
    "mape": 10.12629651748353
  },
  "cv_mae": {
    "xgboost": 2.672293665264451,
    "lightgbm": 2.4861021827641268,
    "catboost": 3.109443548378995,
    "rf": 2.2907734412484566,
    "gb": 2.337971409016393,
    "ridge": 9.637732726043957,
    "linear": 9.031806568722942
  },
  "test_mae_all": {
    "xgboost": 3.2341504139158763,
    "lightgbm": 4.570664186427228,
    "catboost": 3.7520518846028357,
    "rf": 3.3281773031716746,
    "gb": 5.159557998229608,
    "ridge": 11.12762584944441,
    "linear": 9.517036061977171
  },
  "historical_best_cv_mae": 2.042469801781462,
  "is_new_historical_best": false,
  "features": [
    "pm2_5",
    "pm10",
    "co",
    "no2",
    "so2",
    "month_cos",
    "total_pm",
    "total_gases",
    "no2_o3_ratio",
    "pm2_5_rolling_3h",
    "pm10_rolling_3h",
    "co_rolling_3h",
    "pm2_5_co_interaction",
    "hour_sin",
    "hour_cos"
  ],
  "scaler_needed": false,
  "all_models_saved": [
    "model_xgboost.pkl",
    "model_lightgbm.pkl",
    "model_catboost.pkl",
    "model_rf.pkl",
    "model_gb.pkl",
    "model_ridge.pkl",
    "model_linear.pkl"
  ],
  "all_metrics": {
    "train": {
      "xgboost": {
        "mae": 2.059309768116871,
        "rmse": 3.890378617486546,
        "r2": 0.9984443613228084,
        "mape": 1.684598088519423
      },
      "lightgbm": {
        "mae": 1.61289198864616,
        "rmse": 3.218963295302727,
        "r2": 0.9989349817683592,
        "mape": 1.3227365373338427
      },
      "catboost": {
        "mae": 1.8960870813050519,
        "rmse": 3.008506969488867,
        "r2": 0.9990696913972795,
        "mape": 1.5774353121333666
      },
      "rf": {
        "mae": 1.1703337144963204,
        "rmse": 3.8835042957110746,
        "r2": 0.9984498541109086,
        "mape": 1.1449196028212478
      },
      "gb": {
        "mae": 1.3988671523702454,
        "rmse": 2.9294309754034975,
        "r2": 0.9991179533964708,
        "mape": 1.2206509390461016
      },
      "ridge": {
        "mae": 8.722288588262979,
        "rmse": 11.600906809752926,
        "r2": 0.9861672391264532,
        "mape": 8.105521033924116
      },
      "linear": {
        "mae": 8.41368972174297,
        "rmse": 11.270735049175897,
        "r2": 0.9869434187915015,
        "mape": 7.682884531431091
      }
    },
    "val": {
      "xgboost": {
        "mae": 2.8707685013339943,
        "rmse": 9.370371491995996,
        "r2": 0.9352488422150356,
        "mape": 5.0110129434093365
      },
      "lightgbm": {
        "mae": 2.7366756747515164,
        "rmse": 9.9851965383161,
        "r2": 0.9264729477382285,
        "mape": 4.310804239895643
      },
      "catboost": {
        "mae": 3.444266320850155,
        "rmse": 9.43127250340827,
        "r2": 0.9344044304986008,
        "mape": 5.778359007710843
      },
      "rf": {
        "mae": 3.4297168563699754,
        "rmse": 11.898966069893687,
        "r2": 0.8955875293125846,
        "mape": 6.001822413923294
      },
      "gb": {
        "mae": 2.598781414710607,
        "rmse": 9.717536213925227,
        "r2": 0.9303620054401317,
        "mape": 3.9258762064088666
      },
      "ridge": {
        "mae": 6.573210456673983,
        "rmse": 11.742255644431697,
        "r2": 0.8983196616139646,
        "mape": 10.42956654126925
      },
      "linear": {
        "mae": 6.328842179479966,
        "rmse": 11.614164296221247,
        "r2": 0.9005259383831613,
        "mape": 9.680356039008469
      }
    },
    "test": {
      "xgboost": {
        "mae": 3.2341504139158763,
        "rmse": 5.722742282972182,
        "r2": 0.9820189146351787,
        "mape": 8.442758942482442
      },
      "lightgbm": {
        "mae": 4.570664186427228,
        "rmse": 7.535781654454128,
        "r2": 0.9688208594999754,
        "mape": 8.314033580268267
      },
      "catboost": {
        "mae": 3.7520518846028357,
        "rmse": 6.179827719693714,
        "r2": 0.9790318428836126,
        "mape": 9.340207632071426
      },
      "rf": {
        "mae": 3.3281773031716746,
        "rmse": 6.496398386412776,
        "r2": 0.9768285705857493,
        "mape": 10.126296517483526
      },
      "gb": {
        "mae": 5.159557998229608,
        "rmse": 9.173881679580365,
        "r2": 0.9537923592514314,
        "mape": 7.692824216488088
      },
      "ridge": {
        "mae": 11.12762584944441,
        "rmse": 14.171566582770978,
        "r2": 0.88973358645809,
        "mape": 22.20916955650943
      },
      "linear": {
        "mae": 9.517036061977171,
        "rmse": 12.510119989824508,
        "r2": 0.9140728363570697,
        "mape": 19.363473715597795
      }
    },
    "cv_mae": {
      "xgboost": 2.672293665264451,
      "lightgbm": 2.4861021827641268,
      "catboost": 3.109443548378995,
      "rf": 2.2907734412484566,
      "gb": 2.337971409016393,
      "ridge": 9.637732726043957,
      "linear": 9.031806568722942
    }
  }
}