{
  "trained_best_model": "rf",
  "new_test_metrics": {
    "mae": 4.585932170757168,
    "rmse": 7.422162710463924,
    "r2": 0.9594039987687165,
    "mape": 12.167400124366074
  },
  "cv_mae": {
    "xgboost": 2.662325265962784,
    "lightgbm": 2.4900425063538245,
    "catboost": 3.1146939013064454,
    "rf": 2.103663657622219,
    "gb": 2.3222854765360665,
    "ridge": 10.196147338989157,
    "linear": 9.333098726354393
  },
  "test_mae_all": {
    "xgboost": 3.335495612760753,
    "lightgbm": 4.043587526176764,
    "catboost": 4.031132360045697,
    "rf": 4.585932170757167,
    "gb": 4.026917737444303,
    "ridge": 10.5376499782324,
    "linear": 9.150534279328886
  },
  "historical_best_cv_mae": 2.042469801781462,
  "is_new_historical_best": false,
  "features": [
    "pm2_5",
    "pm10",
    "co",
    "no2",
    "so2",
    "month_cos",
    "total_pm",
    "total_gases",
    "no2_o3_ratio",
    "pm2_5_rolling_3h",
    "pm10_rolling_3h",
    "co_rolling_3h",
    "pm2_5_co_interaction",
    "hour_sin",
    "hour_cos"
  ],
  "scaler_needed": false,
  "all_models_saved": [
    "model_xgboost.pkl",
    "model_lightgbm.pkl",
    "model_catboost.pkl",
    "model_rf.pkl",
    "model_gb.pkl",
    "model_ridge.pkl",
    "model_linear.pkl"
  ],
  "all_metrics": {
    "train": {
      "xgboost": {
        "mae": 1.8530461362041217,
        "rmse": 3.3748906061549735,
        "r2": 0.9988546779493785,
        "mape": 1.4873840227392285
      },
      "lightgbm": {
        "mae": 1.73564448168359,
        "rmse": 3.451643591745012,
        "r2": 0.9988019909130468,
        "mape": 1.4112894554594748
      },
      "catboost": {
        "mae": 1.9257720039429862,
        "rmse": 3.0538832818467707,
        "r2": 0.9990621938189684,
        "mape": 1.5783443349742572
      },
      "rf": {
        "mae": 1.1596490928613443,
        "rmse": 3.843868704880666,
        "r2": 0.9985142514607465,
        "mape": 1.1374309650096435
      },
      "gb": {
        "mae": 1.404882488588496,
        "rmse": 2.925478593718645,
        "r2": 0.9991393985546171,
        "mape": 1.2123705934008553
      },
      "ridge": {
        "mae": 8.910486506533598,
        "rmse": 11.77405109993095,
        "r2": 0.9860600872815221,
        "mape": 8.20813827488865
      },
      "linear": {
        "mae": 8.582095843968991,
        "rmse": 11.42557274265197,
        "r2": 0.9868730394166165,
        "mape": 7.764914590250021
      }
    },
    "val": {
      "xgboost": {
        "mae": 2.80241687548215,
        "rmse": 8.953392654840304,
        "r2": 0.9397171114776552,
        "mape": 5.059995797449917
      },
      "lightgbm": {
        "mae": 2.982295554026717,
        "rmse": 10.267702315448146,
        "r2": 0.9207196918268419,
        "mape": 4.892322383639458
      },
      "catboost": {
        "mae": 3.561693045686384,
        "rmse": 10.470217319072484,
        "r2": 0.917561480528215,
        "mape": 6.096664507847869
      },
      "rf": {
        "mae": 4.9874397600110125,
        "rmse": 12.435511124460659,
        "r2": 0.8837090087559741,
        "mape": 8.409102459145924
      },
      "gb": {
        "mae": 2.8226792129000655,
        "rmse": 9.487294453684003,
        "r2": 0.9323132672169615,
        "mape": 4.586784941007075
      },
      "ridge": {
        "mae": 6.709899217005723,
        "rmse": 11.868955147515038,
        "r2": 0.8940639515890291,
        "mape": 10.917740917290084
      },
      "linear": {
        "mae": 6.3756700963015795,
        "rmse": 11.599335593444946,
        "r2": 0.8988222495930608,
        "mape": 10.013666688769295
      }
    },
    "test": {
      "xgboost": {
        "mae": 3.335495612760753,
        "rmse": 5.948649203071767,
        "r2": 0.9739229155603689,
        "mape": 8.937956517666057
      },
      "lightgbm": {
        "mae": 4.043587526176764,
        "rmse": 6.76971540390705,
        "r2": 0.9662275055982976,
        "mape": 9.388588389946088
      },
      "catboost": {
        "mae": 4.031132360045697,
        "rmse": 6.609324198581775,
        "r2": 0.9678088548802222,
        "mape": 9.993606790555322
      },
      "rf": {
        "mae": 4.585932170757167,
        "rmse": 7.422162710463924,
        "r2": 0.9594039987687165,
        "mape": 12.167400124366072
      },
      "gb": {
        "mae": 4.026917737444303,
        "rmse": 7.133368583420663,
        "r2": 0.9625016943395418,
        "mape": 8.41895412693605
      },
      "ridge": {
        "mae": 10.5376499782324,
        "rmse": 13.748168257291747,
        "r2": 0.860712548406402,
        "mape": 22.521057783249024
      },
      "linear": {
        "mae": 9.150534279328886,
        "rmse": 12.271612817969418,
        "r2": 0.8890248849038943,
        "mape": 19.701450241540954
      }
    },
    "cv_mae": {
      "xgboost": 2.662325265962784,
      "lightgbm": 2.4900425063538245,
      "catboost": 3.1146939013064454,
      "rf": 2.103663657622219,
      "gb": 2.3222854765360665,
      "ridge": 10.196147338989157,
      "linear": 9.333098726354393
    }
  }
}