{
  "trained_best_model": "rf",
  "new_test_metrics": {
    "mae": 3.3307408233142333,
    "rmse": 6.475932067749511,
    "r2": 0.9773748209745535,
    "mape": 10.13200634172545
  },
  "cv_mae": {
    "xgboost": 2.6886712027622526,
    "lightgbm": 2.514434661757472,
    "catboost": 3.1335453463983467,
    "rf": 2.2123110643692714,
    "gb": 2.2603334981614887,
    "ridge": 9.865640734390222,
    "linear": 9.283068011481683
  },
  "test_mae_all": {
    "xgboost": 3.43322038800162,
    "lightgbm": 4.029468691017981,
    "catboost": 3.595314863155081,
    "rf": 3.3307408233142333,
    "gb": 4.682920610098888,
    "ridge": 11.26125991481225,
    "linear": 9.617569455399536
  },
  "historical_best_cv_mae": 2.042469801781462,
  "is_new_historical_best": false,
  "features": [
    "pm2_5",
    "pm10",
    "co",
    "no2",
    "so2",
    "month_cos",
    "total_pm",
    "total_gases",
    "no2_o3_ratio",
    "pm2_5_rolling_3h",
    "pm10_rolling_3h",
    "co_rolling_3h",
    "pm2_5_co_interaction",
    "hour_sin",
    "hour_cos"
  ],
  "scaler_needed": false,
  "all_models_saved": [
    "model_xgboost.pkl",
    "model_lightgbm.pkl",
    "model_catboost.pkl",
    "model_rf.pkl",
    "model_gb.pkl",
    "model_ridge.pkl",
    "model_linear.pkl"
  ],
  "all_metrics": {
    "train": {
      "xgboost": {
        "mae": 1.8204631541028804,
        "rmse": 3.3520499472126684,
        "r2": 0.9988414404386471,
        "mape": 1.491236351426623
      },
      "lightgbm": {
        "mae": 1.7261904682741924,
        "rmse": 3.485001997920273,
        "r2": 0.9987477141709384,
        "mape": 1.4092245900269387
      },
      "catboost": {
        "mae": 1.8671099188212261,
        "rmse": 2.97654929285483,
        "r2": 0.9990864684279323,
        "mape": 1.5800201216622698
      },
      "rf": {
        "mae": 1.1786334246232701,
        "rmse": 3.8861108658958736,
        "r2": 0.9984428595881346,
        "mape": 1.1557672660425278
      },
      "gb": {
        "mae": 1.403983398341462,
        "rmse": 3.0113997690973275,
        "r2": 0.9990649513041734,
        "mape": 1.215822670560199
      },
      "ridge": {
        "mae": 8.718470496904885,
        "rmse": 11.591482272767461,
        "r2": 0.986145994553863,
        "mape": 8.11867997594908
      },
      "linear": {
        "mae": 8.41306717188284,
        "rmse": 11.26568924408767,
        "r2": 0.9869138185444976,
        "mape": 7.6982607708582185
      }
    },
    "val": {
      "xgboost": {
        "mae": 2.857097405821221,
        "rmse": 8.970706489941762,
        "r2": 0.9397836036788871,
        "mape": 4.862910930032436
      },
      "lightgbm": {
        "mae": 2.921052004445482,
        "rmse": 10.231130549741145,
        "r2": 0.9216735002335763,
        "mape": 4.633030349004893
      },
      "catboost": {
        "mae": 3.229004956669301,
        "rmse": 9.921459882894943,
        "r2": 0.9263432371577706,
        "mape": 5.476191968559281
      },
      "rf": {
        "mae": 3.519001795821876,
        "rmse": 11.89892754490809,
        "r2": 0.8940558193098466,
        "mape": 6.107294637248117
      },
      "gb": {
        "mae": 2.697812653359084,
        "rmse": 9.538809984788172,
        "r2": 0.9319152476729196,
        "mape": 4.099384572083443
      },
      "ridge": {
        "mae": 6.385112838207269,
        "rmse": 11.59104660227531,
        "r2": 0.8994674333274905,
        "mape": 10.317887603848561
      },
      "linear": {
        "mae": 6.133892282573168,
        "rmse": 11.45547214782112,
        "r2": 0.9018054341808769,
        "mape": 9.555327741184268
      }
    },
    "test": {
      "xgboost": {
        "mae": 3.43322038800162,
        "rmse": 5.802720468196491,
        "r2": 0.9818343578117069,
        "mape": 8.163579526597845
      },
      "lightgbm": {
        "mae": 4.029468691017981,
        "rmse": 6.502500884691206,
        "r2": 0.9771887914269324,
        "mape": 8.575113542500086
      },
      "catboost": {
        "mae": 3.595314863155081,
        "rmse": 6.027921838838602,
        "r2": 0.9803969936610523,
        "mape": 9.207914118269976
      },
      "rf": {
        "mae": 3.3307408233142333,
        "rmse": 6.475932067749511,
        "r2": 0.9773748209745535,
        "mape": 10.13200634172545
      },
      "gb": {
        "mae": 4.682920610098888,
        "rmse": 8.049363246586408,
        "r2": 0.9650449032622779,
        "mape": 7.394261682971114
      },
      "ridge": {
        "mae": 11.26125991481225,
        "rmse": 14.24243055426098,
        "r2": 0.8905651425305352,
        "mape": 22.29516324933372
      },
      "linear": {
        "mae": 9.617569455399536,
        "rmse": 12.572263906044963,
        "r2": 0.914726432375609,
        "mape": 19.43846007647427
      }
    },
    "cv_mae": {
      "xgboost": 2.6886712027622526,
      "lightgbm": 2.514434661757472,
      "catboost": 3.1335453463983467,
      "rf": 2.2123110643692714,
      "gb": 2.2603334981614887,
      "ridge": 9.865640734390222,
      "linear": 9.283068011481683
    }
  }
}