{
  "trained_best_model": "rf",
  "new_test_metrics": {
    "mae": 4.622885231328433,
    "rmse": 7.543150304244947,
    "r2": 0.9579431436940252,
    "mape": 12.38155035098998
  },
  "cv_mae": {
    "xgboost": 2.6752010349191564,
    "lightgbm": 2.418539872671057,
    "catboost": 3.2256446488391104,
    "rf": 2.104496858198181,
    "gb": 2.295808813315344,
    "ridge": 10.197167724614804,
    "linear": 9.338992790373666
  },
  "test_mae_all": {
    "xgboost": 3.335801978118069,
    "lightgbm": 4.010956569266651,
    "catboost": 3.6501282820663956,
    "rf": 4.622885231328433,
    "gb": 3.888747637394271,
    "ridge": 10.512778620417054,
    "linear": 9.126005218319708
  },
  "historical_best_cv_mae": 2.042469801781462,
  "is_new_historical_best": false,
  "features": [
    "pm2_5",
    "pm10",
    "co",
    "no2",
    "so2",
    "month_cos",
    "total_pm",
    "total_gases",
    "no2_o3_ratio",
    "pm2_5_rolling_3h",
    "pm10_rolling_3h",
    "co_rolling_3h",
    "pm2_5_co_interaction",
    "hour_sin",
    "hour_cos"
  ],
  "scaler_needed": false,
  "all_models_saved": [
    "model_xgboost.pkl",
    "model_lightgbm.pkl",
    "model_catboost.pkl",
    "model_rf.pkl",
    "model_gb.pkl",
    "model_ridge.pkl",
    "model_linear.pkl"
  ],
  "all_metrics": {
    "train": {
      "xgboost": {
        "mae": 1.8625899067285865,
        "rmse": 3.4189425815934595,
        "r2": 0.9988247838016661,
        "mape": 1.4971287570872427
      },
      "lightgbm": {
        "mae": 1.9062016466593459,
        "rmse": 3.8613667127952853,
        "r2": 0.9985009495429636,
        "mape": 1.547717780805848
      },
      "catboost": {
        "mae": 1.924503991877021,
        "rmse": 3.032557855022355,
        "r2": 0.9990754032883857,
        "mape": 1.5942072132819372
      },
      "rf": {
        "mae": 1.1568544917641457,
        "rmse": 3.8429681034451035,
        "r2": 0.9985152008370065,
        "mape": 1.1309940671569956
      },
      "gb": {
        "mae": 1.4176963007706174,
        "rmse": 2.977509186911934,
        "r2": 0.9991086662019076,
        "mape": 1.2174947238665845
      },
      "ridge": {
        "mae": 8.901238754334697,
        "rmse": 11.768930269988566,
        "r2": 0.9860745854156283,
        "mape": 8.205928581186491
      },
      "linear": {
        "mae": 8.577229570853998,
        "rmse": 11.42297126380447,
        "r2": 0.9868812540185306,
        "mape": 7.767537902536903
      }
    },
    "val": {
      "xgboost": {
        "mae": 2.7985192956445424,
        "rmse": 8.705641878437918,
        "r2": 0.9437123014700188,
        "mape": 5.104663143919549
      },
      "lightgbm": {
        "mae": 3.1646884345503263,
        "rmse": 10.390059601047527,
        "r2": 0.9198233375089697,
        "mape": 5.0742567783388735
      },
      "catboost": {
        "mae": 3.4552400774950307,
        "rmse": 10.358299384554833,
        "r2": 0.9203127545690502,
        "mape": 5.839078198439412
      },
      "rf": {
        "mae": 4.9838243326790215,
        "rmse": 12.45176019551247,
        "r2": 0.8848474942993969,
        "mape": 8.455221094136538
      },
      "gb": {
        "mae": 2.9895771747727875,
        "rmse": 9.849488189887774,
        "r2": 0.9279491308866381,
        "mape": 4.944043922516441
      },
      "ridge": {
        "mae": 6.777368665121793,
        "rmse": 11.899043121974438,
        "r2": 0.8948435362344407,
        "mape": 10.96705239769276
      },
      "linear": {
        "mae": 6.430366939097422,
        "rmse": 11.623539652266325,
        "r2": 0.8996566261442657,
        "mape": 10.051488428010174
      }
    },
    "test": {
      "xgboost": {
        "mae": 3.335801978118069,
        "rmse": 5.951889655851561,
        "r2": 0.9738156965277253,
        "mape": 8.92741169240187
      },
      "lightgbm": {
        "mae": 4.010956569266651,
        "rmse": 6.701367150248051,
        "r2": 0.9668061132104299,
        "mape": 9.450021946722673
      },
      "catboost": {
        "mae": 3.6501282820663956,
        "rmse": 5.978829852191664,
        "r2": 0.9735781226558647,
        "mape": 9.344701306319891
      },
      "rf": {
        "mae": 4.622885231328433,
        "rmse": 7.543150304244948,
        "r2": 0.9579431436940251,
        "mape": 12.38155035098998
      },
      "gb": {
        "mae": 3.888747637394271,
        "rmse": 6.544062850936126,
        "r2": 0.9683461742633788,
        "mape": 8.60573510856176
      },
      "ridge": {
        "mae": 10.512778620417054,
        "rmse": 13.738697207484112,
        "r2": 0.8604845231878164,
        "mape": 22.496369868551064
      },
      "linear": {
        "mae": 9.126005218319708,
        "rmse": 12.265696552638323,
        "r2": 0.8887972016627653,
        "mape": 19.686742762305787
      }
    },
    "cv_mae": {
      "xgboost": 2.6752010349191564,
      "lightgbm": 2.418539872671057,
      "catboost": 3.2256446488391104,
      "rf": 2.104496858198181,
      "gb": 2.295808813315344,
      "ridge": 10.197167724614804,
      "linear": 9.338992790373666
    }
  }
}