{
  "trained_best_model": "rf",
  "new_test_metrics": {
    "mae": 3.643945967537302,
    "rmse": 6.7508853472756,
    "r2": 0.9686965416173472,
    "mape": 10.58543369146654
  },
  "cv_mae": {
    "xgboost": 2.624465265665969,
    "lightgbm": 2.422364293958426,
    "catboost": 3.2104778855134875,
    "rf": 2.1761088828298742,
    "gb": 2.328694042510435,
    "ridge": 10.20798413667842,
    "linear": 9.414356102370201
  },
  "test_mae_all": {
    "xgboost": 3.2448364105442282,
    "lightgbm": 4.030719680283926,
    "catboost": 3.753038395226846,
    "rf": 3.643945967537302,
    "gb": 3.8199087937702374,
    "ridge": 10.466349807972849,
    "linear": 9.040549885269343
  },
  "historical_best_cv_mae": 2.042469801781462,
  "is_new_historical_best": false,
  "features": [
    "pm2_5",
    "pm10",
    "co",
    "no2",
    "so2",
    "month_cos",
    "total_pm",
    "total_gases",
    "no2_o3_ratio",
    "pm2_5_rolling_3h",
    "pm10_rolling_3h",
    "co_rolling_3h",
    "pm2_5_co_interaction",
    "hour_sin",
    "hour_cos"
  ],
  "scaler_needed": false,
  "all_models_saved": [
    "model_xgboost.pkl",
    "model_lightgbm.pkl",
    "model_catboost.pkl",
    "model_rf.pkl",
    "model_gb.pkl",
    "model_ridge.pkl",
    "model_linear.pkl"
  ],
  "all_metrics": {
    "train": {
      "xgboost": {
        "mae": 1.8281415022049399,
        "rmse": 3.3743908412391446,
        "r2": 0.9988562349858616,
        "mape": 1.4755844248347658
      },
      "lightgbm": {
        "mae": 1.584145109125851,
        "rmse": 3.129718345396101,
        "r2": 0.9990160873325383,
        "mape": 1.3090555850593104
      },
      "catboost": {
        "mae": 1.9168308518859782,
        "rmse": 3.0218202321365526,
        "r2": 0.9990827593571201,
        "mape": 1.603982949140852
      },
      "rf": {
        "mae": 1.1665643963304462,
        "rmse": 3.8712434032766803,
        "r2": 0.9984946170343035,
        "mape": 1.1422658292006886
      },
      "gb": {
        "mae": 1.3950501005151195,
        "rmse": 2.941557517602876,
        "r2": 0.9991308380005335,
        "mape": 1.2040366915282317
      },
      "ridge": {
        "mae": 8.87707859089705,
        "rmse": 11.74955948660233,
        "r2": 0.9861327862588264,
        "mape": 8.21093861755893
      },
      "linear": {
        "mae": 8.55613568814002,
        "rmse": 11.405323778271974,
        "r2": 0.9869334396644717,
        "mape": 7.774272567900797
      }
    },
    "val": {
      "xgboost": {
        "mae": 2.8359273557793605,
        "rmse": 9.026946036018748,
        "r2": 0.9412182754736534,
        "mape": 4.92071074403251
      },
      "lightgbm": {
        "mae": 3.045096604817517,
        "rmse": 9.942164793146405,
        "r2": 0.9286945794749506,
        "mape": 4.871659625002064
      },
      "catboost": {
        "mae": 3.273365120704231,
        "rmse": 9.795264849972124,
        "r2": 0.9307861516395557,
        "mape": 5.603469426299665
      },
      "rf": {
        "mae": 4.105692680154172,
        "rmse": 12.155309218534242,
        "r2": 0.8934158432986553,
        "mape": 6.811000561414078
      },
      "gb": {
        "mae": 2.8066060930814722,
        "rmse": 9.57187044788639,
        "r2": 0.933907184228314,
        "mape": 4.310096015294654
      },
      "ridge": {
        "mae": 6.723126279728406,
        "rmse": 11.957241803819903,
        "r2": 0.8968610622169118,
        "mape": 10.600054298264205
      },
      "linear": {
        "mae": 6.472771542885466,
        "rmse": 11.75673394095939,
        "r2": 0.9002910803034941,
        "mape": 9.869633899784697
      }
    },
    "test": {
      "xgboost": {
        "mae": 3.2448364105442282,
        "rmse": 5.608179332871449,
        "r2": 0.9783969713584885,
        "mape": 8.007657729265937
      },
      "lightgbm": {
        "mae": 4.030719680283926,
        "rmse": 6.512106438078052,
        "r2": 0.9708717873268676,
        "mape": 8.966282213071128
      },
      "catboost": {
        "mae": 3.753038395226846,
        "rmse": 6.169422403215963,
        "r2": 0.9738567323844706,
        "mape": 9.377358765030166
      },
      "rf": {
        "mae": 3.643945967537302,
        "rmse": 6.7508853472756005,
        "r2": 0.9686965416173472,
        "mape": 10.58543369146654
      },
      "gb": {
        "mae": 3.8199087937702374,
        "rmse": 6.845546522054603,
        "r2": 0.9678125102053873,
        "mape": 7.361630812521061
      },
      "ridge": {
        "mae": 10.466349807972849,
        "rmse": 13.662028209558382,
        "r2": 0.8717961074065957,
        "mape": 22.22361709948066
      },
      "linear": {
        "mae": 9.040549885269343,
        "rmse": 12.16680994499449,
        "r2": 0.8983226299559854,
        "mape": 19.40504020127816
      }
    },
    "cv_mae": {
      "xgboost": 2.624465265665969,
      "lightgbm": 2.422364293958426,
      "catboost": 3.2104778855134875,
      "rf": 2.1761088828298742,
      "gb": 2.328694042510435,
      "ridge": 10.20798413667842,
      "linear": 9.414356102370201
    }
  }
}