{
  "trained_best_model": "gb",
  "new_test_metrics": {
    "mae": 5.445842018122628,
    "rmse": 8.826125894874288,
    "r2": 0.9647565140754094,
    "mape": 7.739291079345034
  },
  "cv_mae": {
    "xgboost": 2.697796828312883,
    "lightgbm": 2.428068635935788,
    "catboost": 3.120763064432933,
    "rf": 2.244740904695222,
    "gb": 2.2123138473662687,
    "ridge": 9.809329874525044,
    "linear": 8.92260325727039
  },
  "test_mae_all": {
    "xgboost": 3.601262755672874,
    "lightgbm": 4.414372932682626,
    "catboost": 3.6637454371163414,
    "rf": 3.3053688797323164,
    "gb": 5.445842018122628,
    "ridge": 11.60739730753832,
    "linear": 9.954511198488328
  },
  "historical_best_cv_mae": 2.042469801781462,
  "is_new_historical_best": false,
  "features": [
    "pm2_5",
    "pm10",
    "co",
    "no2",
    "so2",
    "month_cos",
    "total_pm",
    "total_gases",
    "no2_o3_ratio",
    "pm2_5_rolling_3h",
    "pm10_rolling_3h",
    "co_rolling_3h",
    "pm2_5_co_interaction",
    "hour_sin",
    "hour_cos"
  ],
  "scaler_needed": false,
  "all_models_saved": [
    "model_xgboost.pkl",
    "model_lightgbm.pkl",
    "model_catboost.pkl",
    "model_rf.pkl",
    "model_gb.pkl",
    "model_ridge.pkl",
    "model_linear.pkl"
  ],
  "all_metrics": {
    "train": {
      "xgboost": {
        "mae": 1.7828539990165695,
        "rmse": 3.3630087875726624,
        "r2": 0.9987971405501224,
        "mape": 1.4685394447692603
      },
      "lightgbm": {
        "mae": 1.6104568960636938,
        "rmse": 3.274535569137692,
        "r2": 0.9988595971219559,
        "mape": 1.3496505350035208
      },
      "catboost": {
        "mae": 1.8887485104152768,
        "rmse": 3.0169123015054167,
        "r2": 0.9990319801745798,
        "mape": 1.598211563022978
      },
      "rf": {
        "mae": 1.1861075035550723,
        "rmse": 3.895152064668406,
        "r2": 0.998386356049688,
        "mape": 1.170112427928395
      },
      "gb": {
        "mae": 1.390647609518555,
        "rmse": 2.964420181451293,
        "r2": 0.9990653728285944,
        "mape": 1.2036175535576559
      },
      "ridge": {
        "mae": 8.612271804494602,
        "rmse": 11.479834225129627,
        "r2": 0.985983805563835,
        "mape": 8.10797594247385
      },
      "linear": {
        "mae": 8.315485188940041,
        "rmse": 11.15338438234011,
        "r2": 0.9867696230021349,
        "mape": 7.6959227484207915
      }
    },
    "val": {
      "xgboost": {
        "mae": 2.7444928617782245,
        "rmse": 8.967855433976741,
        "r2": 0.9398225100330246,
        "mape": 4.475296523293789
      },
      "lightgbm": {
        "mae": 2.571718793651303,
        "rmse": 10.083851607457193,
        "r2": 0.9239131220858693,
        "mape": 3.7702464137574734
      },
      "catboost": {
        "mae": 3.0335558700508836,
        "rmse": 9.49036143074872,
        "r2": 0.9326058226064174,
        "mape": 4.810378745046612
      },
      "rf": {
        "mae": 3.406988919720104,
        "rmse": 11.86038851305085,
        "r2": 0.8947420995597096,
        "mape": 5.898903954351193
      },
      "gb": {
        "mae": 2.686434122873452,
        "rmse": 9.62842054008968,
        "r2": 0.9306307541190962,
        "mape": 4.008536980670838
      },
      "ridge": {
        "mae": 6.364883927669529,
        "rmse": 11.57998066254833,
        "r2": 0.8996603596039274,
        "mape": 10.296130059525897
      },
      "linear": {
        "mae": 5.984389377829518,
        "rmse": 11.412086392332357,
        "r2": 0.902548848912442,
        "mape": 9.367867069425477
      }
    },
    "test": {
      "xgboost": {
        "mae": 3.601262755672874,
        "rmse": 5.810479516721559,
        "r2": 0.9847256558654472,
        "mape": 7.421871869768484
      },
      "lightgbm": {
        "mae": 4.414372932682626,
        "rmse": 6.958803654906928,
        "r2": 0.9780917449688586,
        "mape": 7.523848844251005
      },
      "catboost": {
        "mae": 3.6637454371163414,
        "rmse": 5.7081691909207635,
        "r2": 0.9852588183992118,
        "mape": 7.9244407044274405
      },
      "rf": {
        "mae": 3.3053688797323164,
        "rmse": 6.417401656214573,
        "r2": 0.9813681033677711,
        "mape": 9.997569767174076
      },
      "gb": {
        "mae": 5.445842018122628,
        "rmse": 8.826125894874288,
        "r2": 0.9647565140754094,
        "mape": 7.739291079345034
      },
      "ridge": {
        "mae": 11.60739730753832,
        "rmse": 14.469309093639572,
        "r2": 0.9052816311678622,
        "mape": 22.34873240067957
      },
      "linear": {
        "mae": 9.954511198488328,
        "rmse": 12.770319803794099,
        "r2": 0.9262194023745812,
        "mape": 19.55056894521515
      }
    },
    "cv_mae": {
      "xgboost": 2.697796828312883,
      "lightgbm": 2.428068635935788,
      "catboost": 3.120763064432933,
      "rf": 2.244740904695222,
      "gb": 2.2123138473662687,
      "ridge": 9.809329874525044,
      "linear": 8.92260325727039
    }
  }
}