{
  "trained_best_model": "rf",
  "new_test_metrics": {
    "mae": 4.671189100826303,
    "rmse": 7.497717825312582,
    "r2": 0.9579437949924661,
    "mape": 12.253011218376155
  },
  "cv_mae": {
    "xgboost": 2.687714453546035,
    "lightgbm": 2.4658599980957443,
    "catboost": 3.1269236367400746,
    "rf": 2.148810811020395,
    "gb": 2.332056667162949,
    "ridge": 10.199309926173193,
    "linear": 9.361431626640117
  },
  "test_mae_all": {
    "xgboost": 3.3915127867128643,
    "lightgbm": 3.7517114416014326,
    "catboost": 4.0078928988329885,
    "rf": 4.671189100826302,
    "gb": 3.946944211193781,
    "ridge": 10.503284552962604,
    "linear": 9.13170491783674
  },
  "historical_best_cv_mae": 2.042469801781462,
  "is_new_historical_best": false,
  "features": [
    "pm2_5",
    "pm10",
    "co",
    "no2",
    "so2",
    "month_cos",
    "total_pm",
    "total_gases",
    "no2_o3_ratio",
    "pm2_5_rolling_3h",
    "pm10_rolling_3h",
    "co_rolling_3h",
    "pm2_5_co_interaction",
    "hour_sin",
    "hour_cos"
  ],
  "scaler_needed": false,
  "all_models_saved": [
    "model_xgboost.pkl",
    "model_lightgbm.pkl",
    "model_catboost.pkl",
    "model_rf.pkl",
    "model_gb.pkl",
    "model_ridge.pkl",
    "model_linear.pkl"
  ],
  "all_metrics": {
    "train": {
      "xgboost": {
        "mae": 1.8471220405912057,
        "rmse": 3.3691715230980925,
        "r2": 0.9988599511106085,
        "mape": 1.4870119785033589
      },
      "lightgbm": {
        "mae": 1.9184685556193566,
        "rmse": 3.863947246426851,
        "r2": 0.9985005236852135,
        "mape": 1.5588138135169411
      },
      "catboost": {
        "mae": 1.940308484055424,
        "rmse": 3.0545247637564503,
        "r2": 0.9990629461829637,
        "mape": 1.5990889089573679
      },
      "rf": {
        "mae": 1.1548294691425223,
        "rmse": 3.83557175337829,
        "r2": 0.9985224660911242,
        "mape": 1.127728286764562
      },
      "gb": {
        "mae": 1.3943765414719689,
        "rmse": 2.9495923439995946,
        "r2": 0.9991262217543401,
        "mape": 1.1930555948537769
      },
      "ridge": {
        "mae": 8.929459537804716,
        "rmse": 11.787753379292708,
        "r2": 0.9860446955547363,
        "mape": 8.219452480036583
      },
      "linear": {
        "mae": 8.599211873408269,
        "rmse": 11.435572158003259,
        "r2": 0.9868661204072273,
        "mape": 7.774067635548086
      }
    },
    "val": {
      "xgboost": {
        "mae": 2.734893609399665,
        "rmse": 8.763086507563445,
        "r2": 0.9419331579473061,
        "mape": 4.796723564394753
      },
      "lightgbm": {
        "mae": 3.0307638815776583,
        "rmse": 10.249478458767953,
        "r2": 0.9205639676908024,
        "mape": 4.8956946176172025
      },
      "catboost": {
        "mae": 3.771354169723081,
        "rmse": 10.200281181087556,
        "r2": 0.9213247200176784,
        "mape": 6.273955904400277
      },
      "rf": {
        "mae": 5.118046907767154,
        "rmse": 12.508087463334778,
        "r2": 0.8816969807516557,
        "mape": 8.591708262023005
      },
      "gb": {
        "mae": 2.89184892143276,
        "rmse": 9.77074475541265,
        "r2": 0.9278112791916672,
        "mape": 4.591204301964122
      },
      "ridge": {
        "mae": 6.657910089069719,
        "rmse": 11.843110159490543,
        "r2": 0.8939414836323186,
        "mape": 10.876907539613931
      },
      "linear": {
        "mae": 6.307366406506873,
        "rmse": 11.56984917241086,
        "r2": 0.8987792841121525,
        "mape": 9.957403281128128
      }
    },
    "test": {
      "xgboost": {
        "mae": 3.3915127867128643,
        "rmse": 6.055149096405225,
        "r2": 0.9725702670187064,
        "mape": 8.635239383797048
      },
      "lightgbm": {
        "mae": 3.7517114416014326,
        "rmse": 6.359049215661488,
        "r2": 0.9697478482811632,
        "mape": 9.020257383993515
      },
      "catboost": {
        "mae": 4.0078928988329885,
        "rmse": 6.583249448801399,
        "r2": 0.9675770504705841,
        "mape": 10.119120924100903
      },
      "rf": {
        "mae": 4.671189100826302,
        "rmse": 7.497717825312581,
        "r2": 0.9579437949924661,
        "mape": 12.253011218376155
      },
      "gb": {
        "mae": 3.946944211193781,
        "rmse": 6.9991177499474295,
        "r2": 0.9633513064748565,
        "mape": 8.099314605447757
      },
      "ridge": {
        "mae": 10.503284552962604,
        "rmse": 13.73727598988833,
        "r2": 0.8588200107480397,
        "mape": 22.527666370726113
      },
      "linear": {
        "mae": 9.13170491783674,
        "rmse": 12.266194207172914,
        "r2": 0.887438059801696,
        "mape": 19.705144426354458
      }
    },
    "cv_mae": {
      "xgboost": 2.687714453546035,
      "lightgbm": 2.4658599980957443,
      "catboost": 3.1269236367400746,
      "rf": 2.148810811020395,
      "gb": 2.332056667162949,
      "ridge": 10.199309926173193,
      "linear": 9.361431626640117
    }
  }
}