{
  "trained_best_model": "rf",
  "new_test_metrics": {
    "mae": 4.728326072917885,
    "rmse": 7.583887460962339,
    "r2": 0.9560680412892812,
    "mape": 12.480058546358661
  },
  "cv_mae": {
    "xgboost": 2.6809479103163034,
    "lightgbm": 2.5052199487445987,
    "catboost": 3.202993522668932,
    "rf": 2.1350368232161845,
    "gb": 2.321515913566013,
    "ridge": 10.21979165728944,
    "linear": 9.380363574955325
  },
  "test_mae_all": {
    "xgboost": 3.9236346969931,
    "lightgbm": 4.078111245339783,
    "catboost": 3.8199186338561395,
    "rf": 4.728326072917884,
    "gb": 4.076008183772294,
    "ridge": 10.461076263439132,
    "linear": 9.108517974850784
  },
  "historical_best_cv_mae": 2.042469801781462,
  "is_new_historical_best": false,
  "features": [
    "pm2_5",
    "pm10",
    "co",
    "no2",
    "so2",
    "month_cos",
    "total_pm",
    "total_gases",
    "no2_o3_ratio",
    "pm2_5_rolling_3h",
    "pm10_rolling_3h",
    "co_rolling_3h",
    "pm2_5_co_interaction",
    "hour_sin",
    "hour_cos"
  ],
  "scaler_needed": false,
  "all_models_saved": [
    "model_xgboost.pkl",
    "model_lightgbm.pkl",
    "model_catboost.pkl",
    "model_rf.pkl",
    "model_gb.pkl",
    "model_ridge.pkl",
    "model_linear.pkl"
  ],
  "all_metrics": {
    "train": {
      "xgboost": {
        "mae": 1.8793766249726973,
        "rmse": 3.4652366678206783,
        "r2": 0.9987933685617902,
        "mape": 1.5042301781152767
      },
      "lightgbm": {
        "mae": 1.6989100432822213,
        "rmse": 3.335473310556498,
        "r2": 0.9988820464130949,
        "mape": 1.3773162347756658
      },
      "catboost": {
        "mae": 1.9253863229309724,
        "rmse": 3.045191454014006,
        "r2": 0.9990681671029648,
        "mape": 1.5754187047946697
      },
      "rf": {
        "mae": 1.1543768691468064,
        "rmse": 3.847115779253276,
        "r2": 0.9985127658569953,
        "mape": 1.1274171881304338
      },
      "gb": {
        "mae": 1.4019279276918097,
        "rmse": 2.9576409600478017,
        "r2": 0.9991209780132806,
        "mape": 1.2024556832546325
      },
      "ridge": {
        "mae": 8.941970958697894,
        "rmse": 11.796599386195359,
        "r2": 0.9860162871975198,
        "mape": 8.227313803883016
      },
      "linear": {
        "mae": 8.60990793722344,
        "rmse": 11.442938062167993,
        "r2": 0.9868421803818812,
        "mape": 7.780115080330092
      }
    },
    "val": {
      "xgboost": {
        "mae": 3.1762390964107428,
        "rmse": 9.528223988426848,
        "r2": 0.9313111884352397,
        "mape": 5.819838099924816
      },
      "lightgbm": {
        "mae": 2.9778251614048843,
        "rmse": 10.19251457060425,
        "r2": 0.9213995977808265,
        "mape": 4.845319474811554
      },
      "catboost": {
        "mae": 3.5979054554967553,
        "rmse": 9.854429013579708,
        "r2": 0.9265274662021062,
        "mape": 6.064934802407099
      },
      "rf": {
        "mae": 5.1635356373428865,
        "rmse": 12.506674018578005,
        "r2": 0.8816561354755545,
        "mape": 8.700725841742633
      },
      "gb": {
        "mae": 2.9304603131749567,
        "rmse": 9.978739159161949,
        "r2": 0.9246621143786717,
        "mape": 4.8294499468449
      },
      "ridge": {
        "mae": 6.695867084322125,
        "rmse": 11.856193491568275,
        "r2": 0.8936462902682827,
        "mape": 10.936061971590041
      },
      "linear": {
        "mae": 6.334223248990093,
        "rmse": 11.580575414859894,
        "r2": 0.8985335736551847,
        "mape": 10.00359751152983
      }
    },
    "test": {
      "xgboost": {
        "mae": 3.9236346969931,
        "rmse": 6.74565653802829,
        "r2": 0.9652427620641476,
        "mape": 10.324020475239285
      },
      "lightgbm": {
        "mae": 4.078111245339783,
        "rmse": 6.936841830043765,
        "r2": 0.9632446644973858,
        "mape": 9.37423746647675
      },
      "catboost": {
        "mae": 3.8199186338561395,
        "rmse": 6.199442371280618,
        "r2": 0.9706436496778212,
        "mape": 9.480136883396991
      },
      "rf": {
        "mae": 4.728326072917884,
        "rmse": 7.583887460962339,
        "r2": 0.9560680412892812,
        "mape": 12.480058546358661
      },
      "gb": {
        "mae": 4.076008183772294,
        "rmse": 7.161708778681488,
        "r2": 0.9608230952006492,
        "mape": 8.4825902117333
      },
      "ridge": {
        "mae": 10.461076263439132,
        "rmse": 13.719419952158466,
        "r2": 0.8562299885406638,
        "mape": 22.527356365913946
      },
      "linear": {
        "mae": 9.108517974850784,
        "rmse": 12.257934415223975,
        "r2": 0.8852292039425335,
        "mape": 19.71100754120534
      }
    },
    "cv_mae": {
      "xgboost": 2.6809479103163034,
      "lightgbm": 2.5052199487445987,
      "catboost": 3.202993522668932,
      "rf": 2.1350368232161845,
      "gb": 2.321515913566013,
      "ridge": 10.21979165728944,
      "linear": 9.380363574955325
    }
  }
}