{
  "trained_best_model": "rf",
  "new_test_metrics": {
    "mae": 3.294316302267803,
    "rmse": 6.417822256728878,
    "r2": 0.978812198391601,
    "mape": 10.024251038506812
  },
  "cv_mae": {
    "xgboost": 2.647952840099596,
    "lightgbm": 2.5156457060498063,
    "catboost": 4.013062292147021,
    "rf": 2.2532288166758336,
    "gb": 2.290965509424125,
    "ridge": 10.078561393617294,
    "linear": 9.43353956638175
  },
  "test_mae_all": {
    "xgboost": 3.4948854971544208,
    "lightgbm": 3.7297888556465373,
    "catboost": 3.7908566236781733,
    "rf": 3.294316302267804,
    "gb": 5.3023646454414,
    "ridge": 11.39059449040194,
    "linear": 9.7358231927681
  },
  "historical_best_cv_mae": 2.042469801781462,
  "is_new_historical_best": false,
  "features": [
    "pm2_5",
    "pm10",
    "co",
    "no2",
    "so2",
    "month_cos",
    "total_pm",
    "total_gases",
    "no2_o3_ratio",
    "pm2_5_rolling_3h",
    "pm10_rolling_3h",
    "co_rolling_3h",
    "pm2_5_co_interaction",
    "hour_sin",
    "hour_cos"
  ],
  "scaler_needed": false,
  "all_models_saved": [
    "model_xgboost.pkl",
    "model_lightgbm.pkl",
    "model_catboost.pkl",
    "model_rf.pkl",
    "model_gb.pkl",
    "model_ridge.pkl",
    "model_linear.pkl"
  ],
  "all_metrics": {
    "train": {
      "xgboost": {
        "mae": 1.8187513346774704,
        "rmse": 3.36514700379715,
        "r2": 0.9988284937990723,
        "mape": 1.4902670203070658
      },
      "lightgbm": {
        "mae": 1.7932886161754629,
        "rmse": 3.6329392409889736,
        "r2": 0.9986346223823035,
        "mape": 1.4709240398894858
      },
      "catboost": {
        "mae": 1.903947391477447,
        "rmse": 3.0269674334984,
        "r2": 0.9990521229524396,
        "mape": 1.599698442702754
      },
      "rf": {
        "mae": 1.177222017499142,
        "rmse": 3.884665319273704,
        "r2": 0.9984388532583994,
        "mape": 1.1525405243953406
      },
      "gb": {
        "mae": 1.3968355189600021,
        "rmse": 2.9487495388131846,
        "r2": 0.9991004769798397,
        "mape": 1.2151033217056768
      },
      "ridge": {
        "mae": 8.71185708493406,
        "rmse": 11.579438359349497,
        "r2": 0.9861288809045601,
        "mape": 8.136160760254576
      },
      "linear": {
        "mae": 8.406508802676607,
        "rmse": 11.255918128827323,
        "r2": 0.9868931490336853,
        "mape": 7.714151796207461
      }
    },
    "val": {
      "xgboost": {
        "mae": 2.794007146739524,
        "rmse": 8.710231471316979,
        "r2": 0.9436144210184664,
        "mape": 4.760757372546056
      },
      "lightgbm": {
        "mae": 2.795180287902657,
        "rmse": 10.354748258892071,
        "r2": 0.9203129515175608,
        "mape": 4.202244836015281
      },
      "catboost": {
        "mae": 3.218435237104742,
        "rmse": 9.860145151537017,
        "r2": 0.9277437750484198,
        "mape": 5.601543182533284
      },
      "rf": {
        "mae": 3.4147860409301782,
        "rmse": 11.845960493862822,
        "r2": 0.895708428559264,
        "mape": 5.9505055115812135
      },
      "gb": {
        "mae": 2.792820321739407,
        "rmse": 9.943066831438776,
        "r2": 0.9265233464394685,
        "mape": 4.391515658618691
      },
      "ridge": {
        "mae": 6.368503669403261,
        "rmse": 11.586086531564053,
        "r2": 0.9002340857077303,
        "mape": 10.353088502576426
      },
      "linear": {
        "mae": 6.070909966033733,
        "rmse": 11.429565289080564,
        "r2": 0.9029114361303113,
        "mape": 9.520072162574596
      }
    },
    "test": {
      "xgboost": {
        "mae": 3.4948854971544208,
        "rmse": 5.8957788344530115,
        "r2": 0.9821189550441436,
        "mape": 8.050522751765085
      },
      "lightgbm": {
        "mae": 3.7297888556465373,
        "rmse": 5.986602874743078,
        "r2": 0.9815637992910903,
        "mape": 7.695294856402037
      },
      "catboost": {
        "mae": 3.7908566236781733,
        "rmse": 6.461365086967422,
        "r2": 0.9785237184359407,
        "mape": 9.599157918931441
      },
      "rf": {
        "mae": 3.294316302267804,
        "rmse": 6.417822256728878,
        "r2": 0.9788121983916012,
        "mape": 10.024251038506812
      },
      "gb": {
        "mae": 5.3023646454414,
        "rmse": 8.935200173544395,
        "r2": 0.9589305297999124,
        "mape": 8.254982628156183
      },
      "ridge": {
        "mae": 11.39059449040194,
        "rmse": 14.339515981217387,
        "r2": 0.894225857713565,
        "mape": 22.331823678069888
      },
      "linear": {
        "mae": 9.7358231927681,
        "rmse": 12.653374166992265,
        "r2": 0.9176386931985558,
        "mape": 19.488932215925228
      }
    },
    "cv_mae": {
      "xgboost": 2.647952840099596,
      "lightgbm": 2.5156457060498063,
      "catboost": 4.013062292147021,
      "rf": 2.2532288166758336,
      "gb": 2.290965509424125,
      "ridge": 10.078561393617294,
      "linear": 9.43353956638175
    }
  }
}