{
  "trained_best_model": "rf",
  "new_test_metrics": {
    "mae": 4.704463929353854,
    "rmse": 7.5632370362498875,
    "r2": 0.9565545578445434,
    "mape": 12.370897045254528
  },
  "cv_mae": {
    "xgboost": 2.668387167421106,
    "lightgbm": 2.486967968688805,
    "catboost": 3.284694084283808,
    "rf": 2.1442816251761143,
    "gb": 2.309239173648384,
    "ridge": 10.209554990177606,
    "linear": 9.370757212027724
  },
  "test_mae_all": {
    "xgboost": 3.313390354695232,
    "lightgbm": 3.8133564480288293,
    "catboost": 4.056831099687903,
    "rf": 4.704463929353856,
    "gb": 4.02423181696995,
    "ridge": 10.472086096076747,
    "linear": 9.11563326317771
  },
  "historical_best_cv_mae": 2.042469801781462,
  "is_new_historical_best": false,
  "features": [
    "pm2_5",
    "pm10",
    "co",
    "no2",
    "so2",
    "month_cos",
    "total_pm",
    "total_gases",
    "no2_o3_ratio",
    "pm2_5_rolling_3h",
    "pm10_rolling_3h",
    "co_rolling_3h",
    "pm2_5_co_interaction",
    "hour_sin",
    "hour_cos"
  ],
  "scaler_needed": false,
  "all_models_saved": [
    "model_xgboost.pkl",
    "model_lightgbm.pkl",
    "model_catboost.pkl",
    "model_rf.pkl",
    "model_gb.pkl",
    "model_ridge.pkl",
    "model_linear.pkl"
  ],
  "all_metrics": {
    "train": {
      "xgboost": {
        "mae": 2.0287611724034837,
        "rmse": 3.787810029736651,
        "r2": 0.998558774347224,
        "mape": 1.62773935125308
      },
      "lightgbm": {
        "mae": 1.6060763661506676,
        "rmse": 3.1718753067058447,
        "r2": 0.9989893801686354,
        "mape": 1.3015865813090977
      },
      "catboost": {
        "mae": 1.9487533915734354,
        "rmse": 3.092928487646506,
        "r2": 0.9990390620134914,
        "mape": 1.60248051802782
      },
      "rf": {
        "mae": 1.1536580194557502,
        "rmse": 3.8355791836095583,
        "r2": 0.9985221937116953,
        "mape": 1.1268630775447093
      },
      "gb": {
        "mae": 1.4008341748064594,
        "rmse": 2.9500481566765746,
        "r2": 0.9991257939348936,
        "mape": 1.2056201737809193
      },
      "ridge": {
        "mae": 8.941168524961569,
        "rmse": 11.796411097323233,
        "r2": 0.9860216663542746,
        "mape": 8.227993203587301
      },
      "linear": {
        "mae": 8.610331910341399,
        "rmse": 11.443295646388659,
        "r2": 0.9868459998909452,
        "mape": 7.781827513914698
      }
    },
    "val": {
      "xgboost": {
        "mae": 2.9174619700810682,
        "rmse": 9.363547520823978,
        "r2": 0.9336899612014186,
        "mape": 5.083135923231867
      },
      "lightgbm": {
        "mae": 2.890307797211104,
        "rmse": 10.20207100736587,
        "r2": 0.9212818048443651,
        "mape": 4.641189281199938
      },
      "catboost": {
        "mae": 3.6082659387974814,
        "rmse": 9.760493357938682,
        "r2": 0.9279486728527547,
        "mape": 6.260320725625299
      },
      "rf": {
        "mae": 5.177848325308104,
        "rmse": 12.519083789662153,
        "r2": 0.8814658372398416,
        "mape": 8.6674519944899
      },
      "gb": {
        "mae": 2.8990485296709005,
        "rmse": 9.88646740441487,
        "r2": 0.9260768062243128,
        "mape": 4.666012822369634
      },
      "ridge": {
        "mae": 6.666933331294351,
        "rmse": 11.847770296741297,
        "r2": 0.8938373635520075,
        "mape": 10.889480159409109
      },
      "linear": {
        "mae": 6.3027751328367625,
        "rmse": 11.570439948831982,
        "r2": 0.898749263833052,
        "mape": 9.953442119455365
      }
    },
    "test": {
      "xgboost": {
        "mae": 3.313390354695232,
        "rmse": 5.867325129744859,
        "r2": 0.9738537681683522,
        "mape": 8.629574593245215
      },
      "lightgbm": {
        "mae": 3.8133564480288293,
        "rmse": 6.565511996112999,
        "r2": 0.9672609557752825,
        "mape": 8.69814329446645
      },
      "catboost": {
        "mae": 4.056831099687903,
        "rmse": 6.749581793884786,
        "r2": 0.9653994878245156,
        "mape": 10.27076070778751
      },
      "rf": {
        "mae": 4.704463929353856,
        "rmse": 7.563237036249888,
        "r2": 0.9565545578445432,
        "mape": 12.37089704525453
      },
      "gb": {
        "mae": 4.02423181696995,
        "rmse": 7.185273407986997,
        "r2": 0.9607883249823445,
        "mape": 8.100793215103899
      },
      "ridge": {
        "mae": 10.472086096076747,
        "rmse": 13.722148093127615,
        "r2": 0.8569878280883804,
        "mape": 22.52750958923338
      },
      "linear": {
        "mae": 9.11563326317771,
        "rmse": 12.260000670244226,
        "r2": 0.8858410971987464,
        "mape": 19.709740572641827
      }
    },
    "cv_mae": {
      "xgboost": 2.668387167421106,
      "lightgbm": 2.486967968688805,
      "catboost": 3.284694084283808,
      "rf": 2.1442816251761143,
      "gb": 2.309239173648384,
      "ridge": 10.209554990177606,
      "linear": 9.370757212027724
    }
  }
}