{
  "trained_best_model": "rf",
  "new_test_metrics": {
    "mae": 3.702887343669371,
    "rmse": 6.776431571752455,
    "r2": 0.9686302740251862,
    "mape": 10.65168322199524
  },
  "cv_mae": {
    "xgboost": 2.6018769243691997,
    "lightgbm": 2.420769318527664,
    "catboost": 3.2341206282253467,
    "rf": 2.1659029614580794,
    "gb": 2.3288389904807647,
    "ridge": 10.212651940823468,
    "linear": 9.420544333448166
  },
  "test_mae_all": {
    "xgboost": 3.3374031812420246,
    "lightgbm": 3.990863461597124,
    "catboost": 3.9298873235758003,
    "rf": 3.7028873436693703,
    "gb": 3.8473465748569144,
    "ridge": 10.463759904325473,
    "linear": 9.034196261225581
  },
  "historical_best_cv_mae": 2.042469801781462,
  "is_new_historical_best": false,
  "features": [
    "pm2_5",
    "pm10",
    "co",
    "no2",
    "so2",
    "month_cos",
    "total_pm",
    "total_gases",
    "no2_o3_ratio",
    "pm2_5_rolling_3h",
    "pm10_rolling_3h",
    "co_rolling_3h",
    "pm2_5_co_interaction",
    "hour_sin",
    "hour_cos"
  ],
  "scaler_needed": false,
  "all_models_saved": [
    "model_xgboost.pkl",
    "model_lightgbm.pkl",
    "model_catboost.pkl",
    "model_rf.pkl",
    "model_gb.pkl",
    "model_ridge.pkl",
    "model_linear.pkl"
  ],
  "all_metrics": {
    "train": {
      "xgboost": {
        "mae": 1.826621160737378,
        "rmse": 3.3480577686217,
        "r2": 0.9988732648538015,
        "mape": 1.4739830162902867
      },
      "lightgbm": {
        "mae": 1.7500028875481553,
        "rmse": 3.475246129570356,
        "r2": 0.9987860324096925,
        "mape": 1.428308861514202
      },
      "catboost": {
        "mae": 1.8944620339498368,
        "rmse": 3.0209771585323786,
        "r2": 0.9990826589271872,
        "mape": 1.5688574862907196
      },
      "rf": {
        "mae": 1.1677842824454374,
        "rmse": 3.872341354301506,
        "r2": 0.9984927571784405,
        "mape": 1.1454077255297064
      },
      "gb": {
        "mae": 1.4133843425411123,
        "rmse": 3.0168748359845297,
        "r2": 0.9990851486340864,
        "mape": 1.21780674036157
      },
      "ridge": {
        "mae": 8.87600604937057,
        "rmse": 11.748258031657384,
        "r2": 0.9861265999774932,
        "mape": 8.211132666449645
      },
      "linear": {
        "mae": 8.554585218771427,
        "rmse": 11.403601936993482,
        "r2": 0.9869286617272978,
        "mape": 7.774082328632731
      }
    },
    "val": {
      "xgboost": {
        "mae": 2.791291280424214,
        "rmse": 8.943563825282423,
        "r2": 0.9423127950604097,
        "mape": 4.932663959970586
      },
      "lightgbm": {
        "mae": 3.097603550366008,
        "rmse": 10.268013067986713,
        "r2": 0.9239619271812293,
        "mape": 4.792204456189633
      },
      "catboost": {
        "mae": 3.3397428301907257,
        "rmse": 9.85038587032733,
        "r2": 0.930021478466398,
        "mape": 5.656937602868165
      },
      "rf": {
        "mae": 4.168042658815393,
        "rmse": 12.168685409067331,
        "r2": 0.8932063074809233,
        "mape": 6.865846991110206
      },
      "gb": {
        "mae": 2.7812967129503043,
        "rmse": 9.745599422084934,
        "r2": 0.9315023947232846,
        "mape": 4.213525994278984
      },
      "ridge": {
        "mae": 6.701206927089893,
        "rmse": 11.943720803388823,
        "r2": 0.8971184351738775,
        "mape": 10.563148159332442
      },
      "linear": {
        "mae": 6.450992532701116,
        "rmse": 11.741871899969295,
        "r2": 0.9005664484312035,
        "mape": 9.832975887323705
      }
    },
    "test": {
      "xgboost": {
        "mae": 3.3374031812420246,
        "rmse": 5.879357086945659,
        "r2": 0.9763860691587893,
        "mape": 8.517801296328182
      },
      "lightgbm": {
        "mae": 3.990863461597124,
        "rmse": 6.58330837067783,
        "r2": 0.9703928224847952,
        "mape": 8.709729645505154
      },
      "catboost": {
        "mae": 3.9298873235758003,
        "rmse": 6.57052846666689,
        "r2": 0.9705076612867172,
        "mape": 9.608717985832337
      },
      "rf": {
        "mae": 3.7028873436693703,
        "rmse": 6.776431571752455,
        "r2": 0.9686302740251862,
        "mape": 10.65168322199524
      },
      "gb": {
        "mae": 3.8473465748569144,
        "rmse": 7.0846829610485855,
        "r2": 0.9657114238355734,
        "mape": 7.091547437911869
      },
      "ridge": {
        "mae": 10.463759904325473,
        "rmse": 13.65715223979486,
        "r2": 0.8725825492474423,
        "mape": 22.21049346578718
      },
      "linear": {
        "mae": 9.034196261225581,
        "rmse": 12.15956178553611,
        "r2": 0.8989946313039248,
        "mape": 19.388329574945224
      }
    },
    "cv_mae": {
      "xgboost": 2.6018769243691997,
      "lightgbm": 2.420769318527664,
      "catboost": 3.2341206282253467,
      "rf": 2.1659029614580794,
      "gb": 2.3288389904807647,
      "ridge": 10.212651940823468,
      "linear": 9.420544333448166
    }
  }
}