{
  "trained_best_model": "rf",
  "new_test_metrics": {
    "mae": 3.3372737595044475,
    "rmse": 6.6049899549580955,
    "r2": 0.9774373035507428,
    "mape": 10.270907613443939
  },
  "cv_mae": {
    "xgboost": 2.727281319978419,
    "lightgbm": 2.4809153316069312,
    "catboost": 3.221150851780977,
    "rf": 2.250618933257571,
    "gb": 2.331496811604853,
    "ridge": 9.99883997311265,
    "linear": 9.37133402291603
  },
  "test_mae_all": {
    "xgboost": 3.573352582444478,
    "lightgbm": 4.284134396040302,
    "catboost": 3.7700469752689267,
    "rf": 3.337273759504447,
    "gb": 5.729586102538594,
    "ridge": 11.39074895001464,
    "linear": 9.73641516683251
  },
  "historical_best_cv_mae": 2.042469801781462,
  "is_new_historical_best": false,
  "features": [
    "pm2_5",
    "pm10",
    "co",
    "no2",
    "so2",
    "month_cos",
    "total_pm",
    "total_gases",
    "no2_o3_ratio",
    "pm2_5_rolling_3h",
    "pm10_rolling_3h",
    "co_rolling_3h",
    "pm2_5_co_interaction",
    "hour_sin",
    "hour_cos"
  ],
  "scaler_needed": false,
  "all_models_saved": [
    "model_xgboost.pkl",
    "model_lightgbm.pkl",
    "model_catboost.pkl",
    "model_rf.pkl",
    "model_gb.pkl",
    "model_ridge.pkl",
    "model_linear.pkl"
  ],
  "all_metrics": {
    "train": {
      "xgboost": {
        "mae": 1.94253695236649,
        "rmse": 3.650475711807582,
        "r2": 0.998621195730516,
        "mape": 1.5882936441834965
      },
      "lightgbm": {
        "mae": 1.5977660023720142,
        "rmse": 3.1811876432670907,
        "r2": 0.9989529142077458,
        "mape": 1.3143366832043228
      },
      "catboost": {
        "mae": 1.845321390295296,
        "rmse": 2.9537832252997664,
        "r2": 0.9990972636452029,
        "mape": 1.5565058120491206
      },
      "rf": {
        "mae": 1.1763122410465825,
        "rmse": 3.887688352871173,
        "r2": 0.998436180659235,
        "mape": 1.1527443164545554
      },
      "gb": {
        "mae": 1.3928740668670023,
        "rmse": 2.9621775073974934,
        "r2": 0.9990921254270899,
        "mape": 1.2110220730981653
      },
      "ridge": {
        "mae": 8.71484544248976,
        "rmse": 11.581810634775337,
        "r2": 0.986121049950186,
        "mape": 8.137402550974624
      },
      "linear": {
        "mae": 8.410030232848515,
        "rmse": 11.258135849438112,
        "r2": 0.9868859552036088,
        "mape": 7.716531327390622
      }
    },
    "val": {
      "xgboost": {
        "mae": 2.970116443285659,
        "rmse": 9.392564779674203,
        "r2": 0.9343699146455496,
        "mape": 5.188486354226363
      },
      "lightgbm": {
        "mae": 2.8220898161244703,
        "rmse": 10.378593438849613,
        "r2": 0.9198669689582791,
        "mape": 4.4800397218085015
      },
      "catboost": {
        "mae": 3.039417027448301,
        "rmse": 8.933756303160225,
        "r2": 0.9406251160148601,
        "mape": 5.535406235120007
      },
      "rf": {
        "mae": 3.447080122788575,
        "rmse": 11.919250612714716,
        "r2": 0.8943103466199067,
        "mape": 6.069039120992762
      },
      "gb": {
        "mae": 2.785003348333005,
        "rmse": 9.952084847110276,
        "r2": 0.9263177785537545,
        "mape": 4.253459583101811
      },
      "ridge": {
        "mae": 6.359784484720636,
        "rmse": 11.583229115686805,
        "r2": 0.9001854473906514,
        "mape": 10.33523902690263
      },
      "linear": {
        "mae": 6.062679967806239,
        "rmse": 11.428277270477937,
        "r2": 0.902838075532855,
        "mape": 9.504240875498764
      }
    },
    "test": {
      "xgboost": {
        "mae": 3.573352582444478,
        "rmse": 6.234019377154771,
        "r2": 0.9799006055462182,
        "mape": 8.817900327092252
      },
      "lightgbm": {
        "mae": 4.284134396040302,
        "rmse": 6.817426620836297,
        "r2": 0.9759625927272143,
        "mape": 8.346932220631771
      },
      "catboost": {
        "mae": 3.7700469752689267,
        "rmse": 6.322589637059041,
        "r2": 0.9793254213190482,
        "mape": 9.369790938025126
      },
      "rf": {
        "mae": 3.337273759504447,
        "rmse": 6.604989954958095,
        "r2": 0.9774373035507428,
        "mape": 10.270907613443935
      },
      "gb": {
        "mae": 5.729586102538594,
        "rmse": 9.921002830712242,
        "r2": 0.9490953067487417,
        "mape": 8.315664291346659
      },
      "ridge": {
        "mae": 11.39074895001464,
        "rmse": 14.33938870106861,
        "r2": 0.8936572339300378,
        "mape": 22.34119456409676
      },
      "linear": {
        "mae": 9.73641516683251,
        "rmse": 12.653948597207199,
        "r2": 0.9171869443638101,
        "mape": 19.498070404121023
      }
    },
    "cv_mae": {
      "xgboost": 2.727281319978419,
      "lightgbm": 2.4809153316069312,
      "catboost": 3.221150851780977,
      "rf": 2.250618933257571,
      "gb": 2.331496811604853,
      "ridge": 9.99883997311265,
      "linear": 9.37133402291603
    }
  }
}