{
  "trained_best_model": "gb",
  "new_test_metrics": {
    "mae": 5.7289384626491,
    "rmse": 9.455478952193092,
    "r2": 0.9594733971735719,
    "mape": 7.673565113828067
  },
  "cv_mae": {
    "xgboost": 2.6790194128824076,
    "lightgbm": 2.433389180626369,
    "catboost": 3.0763461773419474,
    "rf": 2.2384701932145696,
    "gb": 2.1976555300734213,
    "ridge": 9.65492709003031,
    "linear": 8.871230398784212
  },
  "test_mae_all": {
    "xgboost": 3.2670470195558035,
    "lightgbm": 3.708900901086102,
    "catboost": 3.5545013937046495,
    "rf": 3.318289757588862,
    "gb": 5.7289384626491,
    "ridge": 11.57751795232702,
    "linear": 9.930111310297226
  },
  "historical_best_cv_mae": 2.042469801781462,
  "is_new_historical_best": false,
  "features": [
    "pm2_5",
    "pm10",
    "co",
    "no2",
    "so2",
    "month_cos",
    "total_pm",
    "total_gases",
    "no2_o3_ratio",
    "pm2_5_rolling_3h",
    "pm10_rolling_3h",
    "co_rolling_3h",
    "pm2_5_co_interaction",
    "hour_sin",
    "hour_cos"
  ],
  "scaler_needed": false,
  "all_models_saved": [
    "model_xgboost.pkl",
    "model_lightgbm.pkl",
    "model_catboost.pkl",
    "model_rf.pkl",
    "model_gb.pkl",
    "model_ridge.pkl",
    "model_linear.pkl"
  ],
  "all_metrics": {
    "train": {
      "xgboost": {
        "mae": 1.8292462066817112,
        "rmse": 3.386184497029949,
        "r2": 0.9987928254536923,
        "mape": 1.5020231182131392
      },
      "lightgbm": {
        "mae": 1.7758531656181769,
        "rmse": 3.6332491802810956,
        "r2": 0.9986102419318255,
        "mape": 1.485436260653188
      },
      "catboost": {
        "mae": 1.889055503852259,
        "rmse": 3.0111622566228884,
        "r2": 0.9990454094038007,
        "mape": 1.58622364194837
      },
      "rf": {
        "mae": 1.1851258881031788,
        "rmse": 3.8916700038849505,
        "r2": 0.9984055134896235,
        "mape": 1.1673972722121428
      },
      "gb": {
        "mae": 1.3741065036025355,
        "rmse": 2.966095237034965,
        "r2": 0.9990737696266122,
        "mape": 1.1933901625963839
      },
      "ridge": {
        "mae": 8.626658839028732,
        "rmse": 11.500533001065465,
        "r2": 0.9860753344589037,
        "mape": 8.102929227596093
      },
      "linear": {
        "mae": 8.33337282325776,
        "rmse": 11.182889919456457,
        "r2": 0.9868339064903685,
        "mape": 7.694448120573748
      }
    },
    "val": {
      "xgboost": {
        "mae": 2.6339439409508554,
        "rmse": 8.703261074997434,
        "r2": 0.9434863297308704,
        "mape": 4.17711846116482
      },
      "lightgbm": {
        "mae": 2.750529927561857,
        "rmse": 10.09909952223472,
        "r2": 0.9239052324763215,
        "mape": 4.104659566452342
      },
      "catboost": {
        "mae": 2.9301839290677276,
        "rmse": 9.380683101691925,
        "r2": 0.9343464188293849,
        "mape": 4.649349593553017
      },
      "rf": {
        "mae": 3.410445913866084,
        "rmse": 11.833514194674054,
        "r2": 0.8955238975260824,
        "mape": 5.882008697604347
      },
      "gb": {
        "mae": 2.6301016548547,
        "rmse": 9.559761107109974,
        "r2": 0.9318158281777575,
        "mape": 3.7939558591458797
      },
      "ridge": {
        "mae": 6.438298211742035,
        "rmse": 11.595636138375978,
        "r2": 0.89968205000498,
        "mape": 10.434042826820612
      },
      "linear": {
        "mae": 6.038934604225587,
        "rmse": 11.41339760620267,
        "r2": 0.9028104918075093,
        "mape": 9.48007029227453
      }
    },
    "test": {
      "xgboost": {
        "mae": 3.2670470195558035,
        "rmse": 5.2272341576936485,
        "r2": 0.9876144001210964,
        "mape": 6.707254419776822
      },
      "lightgbm": {
        "mae": 3.708900901086102,
        "rmse": 5.880815299961616,
        "r2": 0.9843235321903921,
        "mape": 7.496844145098248
      },
      "catboost": {
        "mae": 3.5545013937046495,
        "rmse": 5.76396277700239,
        "r2": 0.9849403294644618,
        "mape": 7.866211799985849
      },
      "rf": {
        "mae": 3.318289757588862,
        "rmse": 6.378380843816387,
        "r2": 0.9815585939980552,
        "mape": 9.955477371575219
      },
      "gb": {
        "mae": 5.7289384626491,
        "rmse": 9.455478952193092,
        "r2": 0.9594733971735719,
        "mape": 7.673565113828067
      },
      "ridge": {
        "mae": 11.57751795232702,
        "rmse": 14.468049586525167,
        "r2": 0.9051159720347002,
        "mape": 22.299609292252537
      },
      "linear": {
        "mae": 9.930111310297226,
        "rmse": 12.775403049954926,
        "r2": 0.9260186321438256,
        "mape": 19.512688502594607
      }
    },
    "cv_mae": {
      "xgboost": 2.6790194128824076,
      "lightgbm": 2.433389180626369,
      "catboost": 3.0763461773419474,
      "rf": 2.2384701932145696,
      "gb": 2.1976555300734213,
      "ridge": 9.65492709003031,
      "linear": 8.871230398784212
    }
  }
}