{
  "trained_best_model": "rf",
  "new_test_metrics": {
    "mae": 5.498634005792467,
    "rmse": 7.877233854794503,
    "r2": 0.9525268566999454,
    "mape": 13.618354019582638
  },
  "cv_mae": {
    "xgboost": 2.729560495962602,
    "lightgbm": 2.6290409497462144,
    "catboost": 3.4559860732043584,
    "rf": 2.2757081237861874,
    "gb": 2.3886728831358433,
    "ridge": 10.535807159557516,
    "linear": 9.608056751671626
  },
  "test_mae_all": {
    "xgboost": 3.7158456168399217,
    "lightgbm": 3.805921609908413,
    "catboost": 4.924930082491501,
    "rf": 5.498634005792467,
    "gb": 3.9767022955905373,
    "ridge": 10.329481956427149,
    "linear": 8.922452887656528
  },
  "historical_best_cv_mae": 2.042469801781462,
  "is_new_historical_best": false,
  "features": [
    "pm2_5",
    "pm10",
    "co",
    "no2",
    "so2",
    "month_cos",
    "total_pm",
    "total_gases",
    "no2_o3_ratio",
    "pm2_5_rolling_3h",
    "pm10_rolling_3h",
    "co_rolling_3h",
    "pm2_5_co_interaction",
    "hour_sin",
    "hour_cos"
  ],
  "scaler_needed": false,
  "all_models_saved": [
    "model_xgboost.pkl",
    "model_lightgbm.pkl",
    "model_catboost.pkl",
    "model_rf.pkl",
    "model_gb.pkl",
    "model_ridge.pkl",
    "model_linear.pkl"
  ],
  "all_metrics": {
    "train": {
      "xgboost": {
        "mae": 1.8760050086514746,
        "rmse": 3.3775307571078246,
        "r2": 0.9988584178126644,
        "mape": 1.4940846492062168
      },
      "lightgbm": {
        "mae": 1.972140959730137,
        "rmse": 3.9683785126504705,
        "r2": 0.9984240779310435,
        "mape": 1.6075509732273736
      },
      "catboost": {
        "mae": 1.9525376912378503,
        "rmse": 3.0412263206943124,
        "r2": 0.9990744368840226,
        "mape": 1.5939694384770529
      },
      "rf": {
        "mae": 1.160019762153697,
        "rmse": 3.8025204143854685,
        "r2": 0.9985530561870435,
        "mape": 1.1258726334943179
      },
      "gb": {
        "mae": 1.409218404514725,
        "rmse": 2.981684879139491,
        "r2": 0.9991103236533991,
        "mape": 1.1995521605238881
      },
      "ridge": {
        "mae": 9.021555778609482,
        "rmse": 11.872655154393945,
        "r2": 0.9858939874464517,
        "mape": 8.270261316587895
      },
      "linear": {
        "mae": 8.688392136893551,
        "rmse": 11.51745836987509,
        "r2": 0.9867253872427897,
        "mape": 7.824020225711966
      }
    },
    "val": {
      "xgboost": {
        "mae": 3.0941853479707624,
        "rmse": 8.97648130926399,
        "r2": 0.9394290714250702,
        "mape": 5.510068988475919
      },
      "lightgbm": {
        "mae": 2.9058083652638023,
        "rmse": 10.377439532391751,
        "r2": 0.9190471034491133,
        "mape": 4.647374973005891
      },
      "catboost": {
        "mae": 4.729326708307275,
        "rmse": 11.22261551142745,
        "r2": 0.90532394831204,
        "mape": 7.326467583166381
      },
      "rf": {
        "mae": 5.626006065751364,
        "rmse": 12.571262312357824,
        "r2": 0.8812018310934852,
        "mape": 9.464604015390671
      },
      "gb": {
        "mae": 2.957271453960726,
        "rmse": 10.020193691531725,
        "r2": 0.9245248121023375,
        "mape": 4.898135232743077
      },
      "ridge": {
        "mae": 6.916636455004481,
        "rmse": 11.994318867107054,
        "r2": 0.8918558204016476,
        "mape": 11.287094138022939
      },
      "linear": {
        "mae": 6.578068858479483,
        "rmse": 11.722728930237023,
        "r2": 0.8966978369870418,
        "mape": 10.411408312604475
      }
    },
    "test": {
      "xgboost": {
        "mae": 3.7158456168399217,
        "rmse": 6.108063775460922,
        "r2": 0.9714564729541415,
        "mape": 9.388823507003814
      },
      "lightgbm": {
        "mae": 3.805921609908413,
        "rmse": 6.395924828135952,
        "r2": 0.9687026755312291,
        "mape": 8.945167519687422
      },
      "catboost": {
        "mae": 4.924930082491501,
        "rmse": 6.746445753103847,
        "r2": 0.9651782513780555,
        "mape": 10.817866100131504
      },
      "rf": {
        "mae": 5.498634005792467,
        "rmse": 7.877233854794504,
        "r2": 0.9525268566999454,
        "mape": 13.61835401958264
      },
      "gb": {
        "mae": 3.9767022955905373,
        "rmse": 6.75350502805421,
        "r2": 0.9651053404219427,
        "mape": 8.670862276770551
      },
      "ridge": {
        "mae": 10.329481956427149,
        "rmse": 13.707083888229013,
        "r2": 0.8562556934307062,
        "mape": 22.427290162874176
      },
      "linear": {
        "mae": 8.922452887656528,
        "rmse": 12.196343376115967,
        "r2": 0.8861954052150874,
        "mape": 19.53475426556129
      }
    },
    "cv_mae": {
      "xgboost": 2.729560495962602,
      "lightgbm": 2.6290409497462144,
      "catboost": 3.4559860732043584,
      "rf": 2.2757081237861874,
      "gb": 2.3886728831358433,
      "ridge": 10.535807159557516,
      "linear": 9.608056751671626
    }
  }
}