{
  "trained_best_model": "rf",
  "new_test_metrics": {
    "mae": 4.609075160087227,
    "rmse": 7.544855571982989,
    "r2": 0.9580068433050074,
    "mape": 12.338487751517969
  },
  "cv_mae": {
    "xgboost": 2.646346103421863,
    "lightgbm": 2.4337788067848365,
    "catboost": 3.179709704846792,
    "rf": 2.123453721202542,
    "gb": 2.3305447617406356,
    "ridge": 10.19947136353825,
    "linear": 9.34632906889647
  },
  "test_mae_all": {
    "xgboost": 3.367031524048722,
    "lightgbm": 3.790524493247854,
    "catboost": 3.767479322336386,
    "rf": 4.609075160087228,
    "gb": 3.9939970974757477,
    "ridge": 10.526702428478583,
    "linear": 9.135071095560864
  },
  "historical_best_cv_mae": 2.042469801781462,
  "is_new_historical_best": false,
  "features": [
    "pm2_5",
    "pm10",
    "co",
    "no2",
    "so2",
    "month_cos",
    "total_pm",
    "total_gases",
    "no2_o3_ratio",
    "pm2_5_rolling_3h",
    "pm10_rolling_3h",
    "co_rolling_3h",
    "pm2_5_co_interaction",
    "hour_sin",
    "hour_cos"
  ],
  "scaler_needed": false,
  "all_models_saved": [
    "model_xgboost.pkl",
    "model_lightgbm.pkl",
    "model_catboost.pkl",
    "model_rf.pkl",
    "model_gb.pkl",
    "model_ridge.pkl",
    "model_linear.pkl"
  ],
  "all_metrics": {
    "train": {
      "xgboost": {
        "mae": 1.8722866704397083,
        "rmse": 3.3969735556827567,
        "r2": 0.9988402086499844,
        "mape": 1.509938249309236
      },
      "lightgbm": {
        "mae": 1.5455451903497268,
        "rmse": 3.05915335845446,
        "r2": 0.9990594150367518,
        "mape": 1.2640731562523049
      },
      "catboost": {
        "mae": 1.8894706538379251,
        "rmse": 3.0223385504421714,
        "r2": 0.9990819174039096,
        "mape": 1.5533723747004364
      },
      "rf": {
        "mae": 1.1572767406905962,
        "rmse": 3.8446389498616433,
        "r2": 0.9985143836986986,
        "mape": 1.1306977353812144
      },
      "gb": {
        "mae": 1.383193922432656,
        "rmse": 2.88015684048119,
        "r2": 0.9991662654298444,
        "mape": 1.1997772409971301
      },
      "ridge": {
        "mae": 8.898107914125138,
        "rmse": 11.767548632223763,
        "r2": 0.9860822978858957,
        "mape": 8.205521198457093
      },
      "linear": {
        "mae": 8.576627450609058,
        "rmse": 11.422314347991664,
        "r2": 0.9868869490308229,
        "mape": 7.770589864027841
      }
    },
    "val": {
      "xgboost": {
        "mae": 2.7505738985592916,
        "rmse": 8.843855687188057,
        "r2": 0.9422378456805158,
        "mape": 4.911995628499325
      },
      "lightgbm": {
        "mae": 2.764124476711852,
        "rmse": 9.916784360627595,
        "r2": 0.9273723775320554,
        "mape": 4.61864444904792
      },
      "catboost": {
        "mae": 3.3339397598519365,
        "rmse": 10.166900551467585,
        "r2": 0.9236626219821054,
        "mape": 5.6455269869449936
      },
      "rf": {
        "mae": 4.983946509295074,
        "rmse": 12.476676179504178,
        "r2": 0.885037051151284,
        "mape": 8.440804319352122
      },
      "gb": {
        "mae": 2.867827413740776,
        "rmse": 9.627713967507066,
        "r2": 0.93154479954978,
        "mape": 4.586351208993751
      },
      "ridge": {
        "mae": 6.821313462217979,
        "rmse": 11.924206287222532,
        "r2": 0.8949928069759738,
        "mape": 10.999122181998004
      },
      "linear": {
        "mae": 6.467859130040683,
        "rmse": 11.649842262312035,
        "r2": 0.8997694350517921,
        "mape": 10.07516332937886
      }
    },
    "test": {
      "xgboost": {
        "mae": 3.367031524048722,
        "rmse": 5.933020361113692,
        "r2": 0.9740326077224132,
        "mape": 8.724278581376026
      },
      "lightgbm": {
        "mae": 3.790524493247854,
        "rmse": 6.357981084929642,
        "r2": 0.9701794860431643,
        "mape": 8.60052087148504
      },
      "catboost": {
        "mae": 3.767479322336386,
        "rmse": 6.285490784670003,
        "r2": 0.9708556046788022,
        "mape": 9.353731517120897
      },
      "rf": {
        "mae": 4.609075160087228,
        "rmse": 7.544855571982989,
        "r2": 0.9580068433050074,
        "mape": 12.338487751517969
      },
      "gb": {
        "mae": 3.9939970974757477,
        "rmse": 7.257228768907933,
        "r2": 0.9611475609162576,
        "mape": 7.915455695594671
      },
      "ridge": {
        "mae": 10.526702428478583,
        "rmse": 13.753462600284772,
        "r2": 0.8604593432127521,
        "mape": 22.50381882892321
      },
      "linear": {
        "mae": 9.135071095560864,
        "rmse": 12.275940574991303,
        "r2": 0.8888303557117782,
        "mape": 19.696065585616246
      }
    },
    "cv_mae": {
      "xgboost": 2.646346103421863,
      "lightgbm": 2.4337788067848365,
      "catboost": 3.179709704846792,
      "rf": 2.123453721202542,
      "gb": 2.3305447617406356,
      "ridge": 10.19947136353825,
      "linear": 9.34632906889647
    }
  }
}