{
  "trained_best_model": "rf",
  "new_test_metrics": {
    "mae": 3.4410612177188225,
    "rmse": 6.588368276992766,
    "r2": 0.9751121421909946,
    "mape": 10.300829441544193
  },
  "cv_mae": {
    "xgboost": 2.6210763113839284,
    "lightgbm": 2.487716072090158,
    "catboost": 3.3025755368187255,
    "rf": 2.221393038855634,
    "gb": 2.245804296143306,
    "ridge": 9.724037043310783,
    "linear": 9.078683620463352
  },
  "test_mae_all": {
    "xgboost": 3.1922744370051017,
    "lightgbm": 4.224897277685642,
    "catboost": 3.583440832074496,
    "rf": 3.4410612177188225,
    "gb": 4.705879310319741,
    "ridge": 10.891441982743176,
    "linear": 9.34956807522375
  },
  "historical_best_cv_mae": 2.042469801781462,
  "is_new_historical_best": false,
  "features": [
    "pm2_5",
    "pm10",
    "co",
    "no2",
    "so2",
    "month_cos",
    "total_pm",
    "total_gases",
    "no2_o3_ratio",
    "pm2_5_rolling_3h",
    "pm10_rolling_3h",
    "co_rolling_3h",
    "pm2_5_co_interaction",
    "hour_sin",
    "hour_cos"
  ],
  "scaler_needed": false,
  "all_models_saved": [
    "model_xgboost.pkl",
    "model_lightgbm.pkl",
    "model_catboost.pkl",
    "model_rf.pkl",
    "model_gb.pkl",
    "model_ridge.pkl",
    "model_linear.pkl"
  ],
  "all_metrics": {
    "train": {
      "xgboost": {
        "mae": 1.8258862538969136,
        "rmse": 3.4124150682855867,
        "r2": 0.9988146322383763,
        "mape": 1.4878835386732743
      },
      "lightgbm": {
        "mae": 1.6389967260093892,
        "rmse": 3.2609432692220985,
        "r2": 0.9989175299316213,
        "mape": 1.3435085053351852
      },
      "catboost": {
        "mae": 1.9205765079863961,
        "rmse": 3.0235639734052215,
        "r2": 0.9990693899603877,
        "mape": 1.6150790629376535
      },
      "rf": {
        "mae": 1.1754068848399097,
        "rmse": 3.8840187064702967,
        "r2": 0.998464350737933,
        "mape": 1.1517474985108336
      },
      "gb": {
        "mae": 1.3741313928334697,
        "rmse": 2.9333618955360476,
        "r2": 0.9991240875447827,
        "mape": 1.1906982505607642
      },
      "ridge": {
        "mae": 8.770948049082499,
        "rmse": 11.65037778415342,
        "r2": 0.9861831377993853,
        "mape": 8.131419109993345
      },
      "linear": {
        "mae": 8.457809023139456,
        "rmse": 11.314149360595676,
        "r2": 0.9869691356191077,
        "mape": 7.705976433077631
      }
    },
    "val": {
      "xgboost": {
        "mae": 2.6831779044512745,
        "rmse": 8.723156100389907,
        "r2": 0.9433953790284784,
        "mape": 4.673168218193477
      },
      "lightgbm": {
        "mae": 2.86366864002322,
        "rmse": 10.391122316193659,
        "r2": 0.9196789250100035,
        "mape": 4.699840945920805
      },
      "catboost": {
        "mae": 3.236324082918725,
        "rmse": 9.387759829041448,
        "r2": 0.9344415708447802,
        "mape": 5.478849038183594
      },
      "rf": {
        "mae": 3.548477271508454,
        "rmse": 11.917618112982725,
        "r2": 0.8943465877480673,
        "mape": 6.145944620885903
      },
      "gb": {
        "mae": 2.4607294711307537,
        "rmse": 9.530196017560408,
        "r2": 0.9324371027427526,
        "mape": 3.7674140032026697
      },
      "ridge": {
        "mae": 6.5690685383999154,
        "rmse": 11.774602487874674,
        "r2": 0.8968671292615431,
        "mape": 10.42025645546073
      },
      "linear": {
        "mae": 6.317673796035153,
        "rmse": 11.650045945235057,
        "r2": 0.8990375514700627,
        "mape": 9.663305198054875
      }
    },
    "test": {
      "xgboost": {
        "mae": 3.1922744370051017,
        "rmse": 5.3981739560347215,
        "r2": 0.9832919589647247,
        "mape": 7.754390302830541
      },
      "lightgbm": {
        "mae": 4.224897277685642,
        "rmse": 6.840773201464249,
        "r2": 0.9731686721282863,
        "mape": 8.90871587263777
      },
      "catboost": {
        "mae": 3.583440832074496,
        "rmse": 6.009515357504405,
        "r2": 0.97929331004349,
        "mape": 9.034949823469681
      },
      "rf": {
        "mae": 3.4410612177188225,
        "rmse": 6.5883682769927665,
        "r2": 0.9751121421909946,
        "mape": 10.300829441544195
      },
      "gb": {
        "mae": 4.705879310319741,
        "rmse": 8.468015668581764,
        "r2": 0.9588854929145759,
        "mape": 7.202381643485026
      },
      "ridge": {
        "mae": 10.891441982743176,
        "rmse": 13.970701991648843,
        "r2": 0.8880901690362111,
        "mape": 22.12764668194781
      },
      "linear": {
        "mae": 9.34956807522375,
        "rmse": 12.365805869104008,
        "r2": 0.9123248271970109,
        "mape": 19.31531534188108
      }
    },
    "cv_mae": {
      "xgboost": 2.6210763113839284,
      "lightgbm": 2.487716072090158,
      "catboost": 3.3025755368187255,
      "rf": 2.221393038855634,
      "gb": 2.245804296143306,
      "ridge": 9.724037043310783,
      "linear": 9.078683620463352
    }
  }
}