{
  "trained_best_model": "rf",
  "new_test_metrics": {
    "mae": 3.290251099460163,
    "rmse": 6.46161162285546,
    "r2": 0.9784417675012557,
    "mape": 10.069083472675404
  },
  "cv_mae": {
    "xgboost": 2.716064016413082,
    "lightgbm": 2.5384655838049053,
    "catboost": 3.2111191008667803,
    "rf": 2.2564929895827746,
    "gb": 2.351325010014246,
    "ridge": 10.014584697887395,
    "linear": 9.38777260583485
  },
  "test_mae_all": {
    "xgboost": 3.170911727448163,
    "lightgbm": 4.630107648697565,
    "catboost": 3.777057113413601,
    "rf": 3.290251099460161,
    "gb": 5.24408195989352,
    "ridge": 11.394261014824906,
    "linear": 9.738744062574973
  },
  "historical_best_cv_mae": 2.042469801781462,
  "is_new_historical_best": false,
  "features": [
    "pm2_5",
    "pm10",
    "co",
    "no2",
    "so2",
    "month_cos",
    "total_pm",
    "total_gases",
    "no2_o3_ratio",
    "pm2_5_rolling_3h",
    "pm10_rolling_3h",
    "co_rolling_3h",
    "pm2_5_co_interaction",
    "hour_sin",
    "hour_cos"
  ],
  "scaler_needed": false,
  "all_models_saved": [
    "model_xgboost.pkl",
    "model_lightgbm.pkl",
    "model_catboost.pkl",
    "model_rf.pkl",
    "model_gb.pkl",
    "model_ridge.pkl",
    "model_linear.pkl"
  ],
  "all_metrics": {
    "train": {
      "xgboost": {
        "mae": 2.014181478305028,
        "rmse": 3.825309098953608,
        "r2": 0.9984860149946545,
        "mape": 1.6320952907944362
      },
      "lightgbm": {
        "mae": 1.6465643924519702,
        "rmse": 3.292723996296836,
        "r2": 0.9988782420289174,
        "mape": 1.3482917608996916
      },
      "catboost": {
        "mae": 1.8876062639226134,
        "rmse": 2.9936939350813794,
        "r2": 0.9990727362074754,
        "mape": 1.5959841059514832
      },
      "rf": {
        "mae": 1.1786409570989085,
        "rmse": 3.90028440793382,
        "r2": 0.9984260857747558,
        "mape": 1.1537706225802906
      },
      "gb": {
        "mae": 1.4100328262134025,
        "rmse": 2.9778503316101808,
        "r2": 0.9990825250000855,
        "mape": 1.2239797898644502
      },
      "ridge": {
        "mae": 8.714212780696814,
        "rmse": 11.581370013515917,
        "r2": 0.9861225912238423,
        "mape": 8.137734404791546
      },
      "linear": {
        "mae": 8.409162677002152,
        "rmse": 11.257668049644995,
        "r2": 0.9868875035324693,
        "mape": 7.71646026142818
      }
    },
    "val": {
      "xgboost": {
        "mae": 2.904822689213165,
        "rmse": 9.360017655657048,
        "r2": 0.9348530046285903,
        "mape": 4.737303610298011
      },
      "lightgbm": {
        "mae": 2.8031366288312545,
        "rmse": 10.27681894560227,
        "r2": 0.9214658648905951,
        "mape": 4.385863948442618
      },
      "catboost": {
        "mae": 3.1577055978034245,
        "rmse": 9.92206049987165,
        "r2": 0.926794317104034,
        "mape": 5.469394750051936
      },
      "rf": {
        "mae": 3.4161251829708057,
        "rmse": 11.885770891716586,
        "r2": 0.8949500708450174,
        "mape": 5.990662712677552
      },
      "gb": {
        "mae": 2.836670208427791,
        "rmse": 9.931501066724673,
        "r2": 0.9266549444553392,
        "mape": 4.358514633476766
      },
      "ridge": {
        "mae": 6.362116078517022,
        "rmse": 11.584125543202786,
        "r2": 0.9002144706038437,
        "mape": 10.340143496093637
      },
      "linear": {
        "mae": 6.065334576772404,
        "rmse": 11.428925678503157,
        "r2": 0.902870339281476,
        "mape": 9.508928267854602
      }
    },
    "test": {
      "xgboost": {
        "mae": 3.170911727448163,
        "rmse": 5.362446836375615,
        "r2": 0.9851523593359819,
        "mape": 7.648923951540078
      },
      "lightgbm": {
        "mae": 4.630107648697565,
        "rmse": 7.550816927135647,
        "r2": 0.9705612523571112,
        "mape": 8.584337398456473
      },
      "catboost": {
        "mae": 3.777057113413601,
        "rmse": 6.377730258350571,
        "r2": 0.9789978506043809,
        "mape": 9.41225754327061
      },
      "rf": {
        "mae": 3.290251099460161,
        "rmse": 6.46161162285546,
        "r2": 0.9784417675012557,
        "mape": 10.069083472675404
      },
      "gb": {
        "mae": 5.24408195989352,
        "rmse": 8.75955657257358,
        "r2": 0.9603817130833128,
        "mape": 8.15349251271358
      },
      "ridge": {
        "mae": 11.394261014824906,
        "rmse": 14.341070316723329,
        "r2": 0.8938073203950789,
        "mape": 22.340719831346505
      },
      "linear": {
        "mae": 9.738744062574973,
        "rmse": 12.654674014063245,
        "r2": 0.9173137352727565,
        "mape": 19.497358652569307
      }
    },
    "cv_mae": {
      "xgboost": 2.716064016413082,
      "lightgbm": 2.5384655838049053,
      "catboost": 3.2111191008667803,
      "rf": 2.2564929895827746,
      "gb": 2.351325010014246,
      "ridge": 10.014584697887395,
      "linear": 9.38777260583485
    }
  }
}