{
  "trained_best_model": "gb",
  "new_test_metrics": {
    "mae": 7.774325846048537,
    "rmse": 10.801765348415072,
    "r2": 0.9475029855089311,
    "mape": 11.859090356550832
  },
  "cv_mae": {
    "xgboost": 2.652158847293742,
    "lightgbm": 2.460245614315663,
    "catboost": 3.192938667776394,
    "rf": 2.2562565938510937,
    "gb": 2.1845836771358442,
    "ridge": 9.884370113169764,
    "linear": 8.988648840890892
  },
  "test_mae_all": {
    "xgboost": 3.5740137532842313,
    "lightgbm": 4.171533352402847,
    "catboost": 3.547529998471289,
    "rf": 3.319392657657149,
    "gb": 7.774325846048537,
    "ridge": 11.640758027375519,
    "linear": 10.028822505014489
  },
  "historical_best_cv_mae": 2.042469801781462,
  "is_new_historical_best": false,
  "features": [
    "pm2_5",
    "pm10",
    "co",
    "no2",
    "so2",
    "month_cos",
    "total_pm",
    "total_gases",
    "no2_o3_ratio",
    "pm2_5_rolling_3h",
    "pm10_rolling_3h",
    "co_rolling_3h",
    "pm2_5_co_interaction",
    "hour_sin",
    "hour_cos"
  ],
  "scaler_needed": false,
  "all_models_saved": [
    "model_xgboost.pkl",
    "model_lightgbm.pkl",
    "model_catboost.pkl",
    "model_rf.pkl",
    "model_gb.pkl",
    "model_ridge.pkl",
    "model_linear.pkl"
  ],
  "all_metrics": {
    "train": {
      "xgboost": {
        "mae": 1.8025530524605329,
        "rmse": 3.3999971098198314,
        "r2": 0.9987622936868398,
        "mape": 1.495249488311633
      },
      "lightgbm": {
        "mae": 1.6831871746268678,
        "rmse": 3.3849161117194475,
        "r2": 0.9987732492546955,
        "mape": 1.4073482370945123
      },
      "catboost": {
        "mae": 1.8988899979514473,
        "rmse": 3.0240931936449034,
        "r2": 0.9990208463394945,
        "mape": 1.6284255024059169
      },
      "rf": {
        "mae": 1.189415755367198,
        "rmse": 3.895098447029579,
        "r2": 0.9983755835158729,
        "mape": 1.1746408579664642
      },
      "gb": {
        "mae": 1.3983274702828687,
        "rmse": 3.0014097564844797,
        "r2": 0.9990354803268862,
        "mape": 1.2180750682656147
      },
      "ridge": {
        "mae": 8.587412730365086,
        "rmse": 11.460697488492933,
        "r2": 0.9859368500052952,
        "mape": 8.093164546410124
      },
      "linear": {
        "mae": 8.29731659163576,
        "rmse": 11.141492476890253,
        "r2": 0.9867093184230736,
        "mape": 7.688298090566518
      }
    },
    "val": {
      "xgboost": {
        "mae": 2.8372622777337897,
        "rmse": 8.756255034265536,
        "r2": 0.9424657779604576,
        "mape": 4.646782118789881
      },
      "lightgbm": {
        "mae": 3.0900588825263355,
        "rmse": 10.18802259614725,
        "r2": 0.9221122354321984,
        "mape": 4.624741233415171
      },
      "catboost": {
        "mae": 3.054669736816743,
        "rmse": 9.130209443193856,
        "r2": 0.9374465999031533,
        "mape": 5.053738540284616
      },
      "rf": {
        "mae": 3.313072571631139,
        "rmse": 11.850108790951792,
        "r2": 0.8946258425022655,
        "mape": 5.777753174850197
      },
      "gb": {
        "mae": 5.369066208162749,
        "rmse": 10.34907568586041,
        "r2": 0.9196302594027861,
        "mape": 8.257479774262405
      },
      "ridge": {
        "mae": 6.2825674028315035,
        "rmse": 11.520597162340529,
        "r2": 0.900404567365136,
        "mape": 10.149240388858743
      },
      "linear": {
        "mae": 5.94016790964068,
        "rmse": 11.374365212819246,
        "r2": 0.9029168682106393,
        "mape": 9.287987314526916
      }
    },
    "test": {
      "xgboost": {
        "mae": 3.5740137532842313,
        "rmse": 5.506111273260208,
        "r2": 0.9863593490461107,
        "mape": 7.378594949891738
      },
      "lightgbm": {
        "mae": 4.171533352402847,
        "rmse": 6.411135611606079,
        "r2": 0.981506672733887,
        "mape": 8.000195717057663
      },
      "catboost": {
        "mae": 3.547529998471289,
        "rmse": 5.7610481277963626,
        "r2": 0.9850669632092056,
        "mape": 8.558173059233207
      },
      "rf": {
        "mae": 3.319392657657149,
        "rmse": 6.502531478779916,
        "r2": 0.9809756400246561,
        "mape": 10.06556663956822
      },
      "gb": {
        "mae": 7.774325846048537,
        "rmse": 10.801765348415072,
        "r2": 0.9475029855089311,
        "mape": 11.859090356550832
      },
      "ridge": {
        "mae": 11.640758027375519,
        "rmse": 14.461478399858509,
        "r2": 0.9059041402193644,
        "mape": 22.422627611564536
      },
      "linear": {
        "mae": 10.028822505014489,
        "rmse": 12.807068455083169,
        "r2": 0.9262020003411255,
        "mape": 19.695569665364047
      }
    },
    "cv_mae": {
      "xgboost": 2.652158847293742,
      "lightgbm": 2.460245614315663,
      "catboost": 3.192938667776394,
      "rf": 2.2562565938510937,
      "gb": 2.1845836771358442,
      "ridge": 9.884370113169764,
      "linear": 8.988648840890892
    }
  }
}