{
  "trained_best_model": "rf",
  "new_test_metrics": {
    "mae": 3.3652008491319947,
    "rmse": 6.666039576072475,
    "r2": 0.9756281678169257,
    "mape": 10.332737989710765
  },
  "cv_mae": {
    "xgboost": 2.739637403245541,
    "lightgbm": 2.4752525796544758,
    "catboost": 3.2109306938100004,
    "rf": 2.243537820608265,
    "gb": 2.26743612558705,
    "ridge": 9.775154451839445,
    "linear": 9.218442679523983
  },
  "test_mae_all": {
    "xgboost": 2.824403397673037,
    "lightgbm": 3.877311829318673,
    "catboost": 3.6962638995332013,
    "rf": 3.365200849131993,
    "gb": 4.984135521832814,
    "ridge": 11.160650690858226,
    "linear": 9.539502739780314
  },
  "historical_best_cv_mae": 2.042469801781462,
  "is_new_historical_best": false,
  "features": [
    "pm2_5",
    "pm10",
    "co",
    "no2",
    "so2",
    "month_cos",
    "total_pm",
    "total_gases",
    "no2_o3_ratio",
    "pm2_5_rolling_3h",
    "pm10_rolling_3h",
    "co_rolling_3h",
    "pm2_5_co_interaction",
    "hour_sin",
    "hour_cos"
  ],
  "scaler_needed": false,
  "all_models_saved": [
    "model_xgboost.pkl",
    "model_lightgbm.pkl",
    "model_catboost.pkl",
    "model_rf.pkl",
    "model_gb.pkl",
    "model_ridge.pkl",
    "model_linear.pkl"
  ],
  "all_metrics": {
    "train": {
      "xgboost": {
        "mae": 1.9613532248619563,
        "rmse": 3.696729114208679,
        "r2": 0.998595443836394,
        "mape": 1.605732680139842
      },
      "lightgbm": {
        "mae": 1.7132138470680007,
        "rmse": 3.4114546092393065,
        "r2": 0.9988038571501745,
        "mape": 1.3995792551079937
      },
      "catboost": {
        "mae": 1.8477221371974017,
        "rmse": 2.9448258663527853,
        "r2": 0.9991087016707119,
        "mape": 1.556017695020269
      },
      "rf": {
        "mae": 1.182613405060195,
        "rmse": 3.8645608850111386,
        "r2": 0.9984650149080515,
        "mape": 1.1582127637078752
      },
      "gb": {
        "mae": 1.4020043373804418,
        "rmse": 3.004134445109016,
        "r2": 0.999072438778205,
        "mape": 1.2056379054780397
      },
      "ridge": {
        "mae": 8.71652016612761,
        "rmse": 11.59330491632542,
        "r2": 0.9861860343738426,
        "mape": 8.105275266520005
      },
      "linear": {
        "mae": 8.411133335037896,
        "rmse": 11.266708712497179,
        "r2": 0.9869533807943289,
        "mape": 7.686073875592049
      }
    },
    "val": {
      "xgboost": {
        "mae": 2.888238197047961,
        "rmse": 9.176864725602172,
        "r2": 0.9374014836757047,
        "mape": 4.752072870312624
      },
      "lightgbm": {
        "mae": 2.8522372604075716,
        "rmse": 10.28341643185351,
        "r2": 0.9213949901661881,
        "mape": 4.471522975359501
      },
      "catboost": {
        "mae": 3.407277472674654,
        "rmse": 9.911048782842158,
        "r2": 0.9269845766451175,
        "mape": 5.761959657325012
      },
      "rf": {
        "mae": 3.4741431962145537,
        "rmse": 11.933276994755099,
        "r2": 0.8941490346103909,
        "mape": 6.10274322454018
      },
      "gb": {
        "mae": 2.698236566040292,
        "rmse": 9.642031123670147,
        "r2": 0.9308945279135477,
        "mape": 4.048698879348611
      },
      "ridge": {
        "mae": 6.491313028261976,
        "rmse": 11.669947013442444,
        "r2": 0.8987690882365268,
        "mape": 10.388318707495012
      },
      "linear": {
        "mae": 6.248543190123619,
        "rmse": 11.536481301513449,
        "r2": 0.9010713430580408,
        "mape": 9.6399680481381
      }
    },
    "test": {
      "xgboost": {
        "mae": 2.824403397673037,
        "rmse": 4.918095373412662,
        "r2": 0.9867338074488731,
        "mape": 7.219018340006928
      },
      "lightgbm": {
        "mae": 3.877311829318673,
        "rmse": 6.33354151075193,
        "r2": 0.9779988366143333,
        "mape": 8.37989649358043
      },
      "catboost": {
        "mae": 3.6962638995332013,
        "rmse": 6.245373812345682,
        "r2": 0.9786071188045337,
        "mape": 9.375080351179772
      },
      "rf": {
        "mae": 3.365200849131993,
        "rmse": 6.666039576072475,
        "r2": 0.9756281678169257,
        "mape": 10.332737989710765
      },
      "gb": {
        "mae": 4.984135521832814,
        "rmse": 8.81044741380698,
        "r2": 0.9574256201736825,
        "mape": 7.418844283734794
      },
      "ridge": {
        "mae": 11.160650690858226,
        "rmse": 14.175471995637867,
        "r2": 0.8897883611769013,
        "mape": 22.231424406789245
      },
      "linear": {
        "mae": 9.539502739780314,
        "rmse": 12.52063339843646,
        "r2": 0.9140185028560535,
        "mape": 19.391363085507113
      }
    },
    "cv_mae": {
      "xgboost": 2.739637403245541,
      "lightgbm": 2.4752525796544758,
      "catboost": 3.2109306938100004,
      "rf": 2.243537820608265,
      "gb": 2.26743612558705,
      "ridge": 9.775154451839445,
      "linear": 9.218442679523983
    }
  }
}