{
  "trained_best_model": "rf",
  "new_test_metrics": {
    "mae": 4.789216184366249,
    "rmse": 7.535680235982308,
    "r2": 0.9565576696474148,
    "mape": 12.434643235201516
  },
  "cv_mae": {
    "xgboost": 2.698638322908584,
    "lightgbm": 2.467153918160795,
    "catboost": 3.382222105713486,
    "rf": 2.1405103911556123,
    "gb": 2.2926087739407484,
    "ridge": 10.262680921864206,
    "linear": 9.38548494163955
  },
  "test_mae_all": {
    "xgboost": 3.5921657535046894,
    "lightgbm": 4.029588318042492,
    "catboost": 3.847895584682673,
    "rf": 4.789216184366251,
    "gb": 4.358640514404165,
    "ridge": 10.481653607334495,
    "linear": 9.11759446529005
  },
  "historical_best_cv_mae": 2.042469801781462,
  "is_new_historical_best": false,
  "features": [
    "pm2_5",
    "pm10",
    "co",
    "no2",
    "so2",
    "month_cos",
    "total_pm",
    "total_gases",
    "no2_o3_ratio",
    "pm2_5_rolling_3h",
    "pm10_rolling_3h",
    "co_rolling_3h",
    "pm2_5_co_interaction",
    "hour_sin",
    "hour_cos"
  ],
  "scaler_needed": false,
  "all_models_saved": [
    "model_xgboost.pkl",
    "model_lightgbm.pkl",
    "model_catboost.pkl",
    "model_rf.pkl",
    "model_gb.pkl",
    "model_ridge.pkl",
    "model_linear.pkl"
  ],
  "all_metrics": {
    "train": {
      "xgboost": {
        "mae": 1.854058453248205,
        "rmse": 3.363208189499221,
        "r2": 0.9988625571680141,
        "mape": 1.4899492647485348
      },
      "lightgbm": {
        "mae": 1.5714668473145226,
        "rmse": 3.0766223173325478,
        "r2": 0.9990481457650456,
        "mape": 1.2778493665659376
      },
      "catboost": {
        "mae": 1.901203530160164,
        "rmse": 3.023062962991768,
        "r2": 0.9990809979935643,
        "mape": 1.5629790627319937
      },
      "rf": {
        "mae": 1.1571608759802792,
        "rmse": 3.8369446471120527,
        "r2": 0.9985195520518091,
        "mape": 1.1313893811924542
      },
      "gb": {
        "mae": 1.3832106518928131,
        "rmse": 2.932270211284396,
        "r2": 0.9991353704953857,
        "mape": 1.1805032137496632
      },
      "ridge": {
        "mae": 8.95726746403779,
        "rmse": 11.805790968281823,
        "r2": 0.9859843819650406,
        "mape": 8.237065906612
      },
      "linear": {
        "mae": 8.62354684166555,
        "rmse": 11.450493177870861,
        "r2": 0.9868152937259257,
        "mape": 7.788044758928346
      }
    },
    "val": {
      "xgboost": {
        "mae": 2.92877269988735,
        "rmse": 9.246729299461899,
        "r2": 0.9352569380371011,
        "mape": 5.205209441425759
      },
      "lightgbm": {
        "mae": 2.880831949525897,
        "rmse": 10.029799078817911,
        "r2": 0.9238269379574137,
        "mape": 4.695600668685442
      },
      "catboost": {
        "mae": 3.5597987032643004,
        "rmse": 10.369964326556122,
        "r2": 0.9185724304004512,
        "mape": 5.963219135440099
      },
      "rf": {
        "mae": 5.141677061316057,
        "rmse": 12.484608795103535,
        "r2": 0.8819769525597569,
        "mape": 8.649624018164934
      },
      "gb": {
        "mae": 3.0238729062428287,
        "rmse": 9.833670840380284,
        "r2": 0.9267768712298435,
        "mape": 5.1145955313666915
      },
      "ridge": {
        "mae": 6.730176048035696,
        "rmse": 11.869579842303144,
        "r2": 0.893318861968553,
        "mape": 11.00548738883226
      },
      "linear": {
        "mae": 6.354880959502866,
        "rmse": 11.59127210164916,
        "r2": 0.8982629479186199,
        "mape": 10.054295296580518
      }
    },
    "test": {
      "xgboost": {
        "mae": 3.5921657535046894,
        "rmse": 6.263328330302547,
        "r2": 0.9699891326288893,
        "mape": 9.195504057264495
      },
      "lightgbm": {
        "mae": 4.029588318042492,
        "rmse": 6.679200266816754,
        "r2": 0.9658715062400434,
        "mape": 8.982005130793866
      },
      "catboost": {
        "mae": 3.847895584682673,
        "rmse": 6.30309248356053,
        "r2": 0.9696068614741103,
        "mape": 9.635940139027523
      },
      "rf": {
        "mae": 4.789216184366251,
        "rmse": 7.535680235982308,
        "r2": 0.9565576696474148,
        "mape": 12.434643235201516
      },
      "gb": {
        "mae": 4.358640514404165,
        "rmse": 7.498117892115352,
        "r2": 0.956989675458811,
        "mape": 9.401612080454479
      },
      "ridge": {
        "mae": 10.481653607334495,
        "rmse": 13.736508630315624,
        "r2": 0.8556486275822852,
        "mape": 22.578753399555602
      },
      "linear": {
        "mae": 9.11759446529005,
        "rmse": 12.269255272013789,
        "r2": 0.8848392206196602,
        "mape": 19.742936056500216
      }
    },
    "cv_mae": {
      "xgboost": 2.698638322908584,
      "lightgbm": 2.467153918160795,
      "catboost": 3.382222105713486,
      "rf": 2.1405103911556123,
      "gb": 2.2926087739407484,
      "ridge": 10.262680921864206,
      "linear": 9.38548494163955
    }
  }
}