{
  "trained_best_model": "rf",
  "new_test_metrics": {
    "mae": 5.008490881623096,
    "rmse": 7.703459424954472,
    "r2": 0.9544881631355552,
    "mape": 12.820200903879083
  },
  "cv_mae": {
    "xgboost": 2.7227603098650968,
    "lightgbm": 2.475234060802465,
    "catboost": 3.413308763633066,
    "rf": 2.170075589940064,
    "gb": 2.241729196679843,
    "ridge": 10.567770127562444,
    "linear": 9.803579824016797
  },
  "test_mae_all": {
    "xgboost": 3.396258982442075,
    "lightgbm": 3.927274563387798,
    "catboost": 4.110909284401213,
    "rf": 5.008490881623096,
    "gb": 4.149007143834065,
    "ridge": 10.46523483334651,
    "linear": 9.072367488842234
  },
  "historical_best_cv_mae": 2.042469801781462,
  "is_new_historical_best": false,
  "features": [
    "pm2_5",
    "pm10",
    "co",
    "no2",
    "so2",
    "month_cos",
    "total_pm",
    "total_gases",
    "no2_o3_ratio",
    "pm2_5_rolling_3h",
    "pm10_rolling_3h",
    "co_rolling_3h",
    "pm2_5_co_interaction",
    "hour_sin",
    "hour_cos"
  ],
  "scaler_needed": false,
  "all_models_saved": [
    "model_xgboost.pkl",
    "model_lightgbm.pkl",
    "model_catboost.pkl",
    "model_rf.pkl",
    "model_gb.pkl",
    "model_ridge.pkl",
    "model_linear.pkl"
  ],
  "all_metrics": {
    "train": {
      "xgboost": {
        "mae": 1.8576843121124884,
        "rmse": 3.3820504322952427,
        "r2": 0.9988474276909406,
        "mape": 1.4938166565767514
      },
      "lightgbm": {
        "mae": 1.6995968409426874,
        "rmse": 3.3514843945611443,
        "r2": 0.9988681668087249,
        "mape": 1.3661586084064476
      },
      "catboost": {
        "mae": 1.9616215681959424,
        "rmse": 3.064613752734657,
        "r2": 0.9990536331592527,
        "mape": 1.605134378704666
      },
      "rf": {
        "mae": 1.1530504589021575,
        "rmse": 3.835762846938849,
        "r2": 0.9985174425926264,
        "mape": 1.1252518833891856
      },
      "gb": {
        "mae": 1.3990658647146814,
        "rmse": 2.94257781411085,
        "r2": 0.9991275030148332,
        "mape": 1.191283975932706
      },
      "ridge": {
        "mae": 8.971700225195237,
        "rmse": 11.814931721431474,
        "r2": 0.9859340051241852,
        "mape": 8.243636464448647
      },
      "linear": {
        "mae": 8.635988566710742,
        "rmse": 11.457562145661353,
        "r2": 0.9867720524095366,
        "mape": 7.7923736551994445
      }
    },
    "val": {
      "xgboost": {
        "mae": 2.800742214673186,
        "rmse": 9.324185801675894,
        "r2": 0.9344392703699561,
        "mape": 4.962860752487711
      },
      "lightgbm": {
        "mae": 2.863152773967714,
        "rmse": 10.056063557596989,
        "r2": 0.9237433084380134,
        "mape": 4.698873462265656
      },
      "catboost": {
        "mae": 4.047073123729646,
        "rmse": 11.046944934070718,
        "r2": 0.9079748956749323,
        "mape": 6.748501307827398
      },
      "rf": {
        "mae": 5.291477576885944,
        "rmse": 12.560339528117959,
        "r2": 0.8810334961904953,
        "mape": 8.907193063636914
      },
      "gb": {
        "mae": 2.8250636286634747,
        "rmse": 9.893992077834797,
        "r2": 0.9261815270867105,
        "mape": 4.711064927701698
      },
      "ridge": {
        "mae": 6.81658982288451,
        "rmse": 11.900472654191049,
        "r2": 0.8932051373440958,
        "mape": 11.168052151932912
      },
      "linear": {
        "mae": 6.439540303217904,
        "rmse": 11.620261549593625,
        "r2": 0.8981751575732589,
        "mape": 10.208003210915484
      }
    },
    "test": {
      "xgboost": {
        "mae": 3.396258982442075,
        "rmse": 5.985479935841158,
        "r2": 0.9725241761226777,
        "mape": 8.856335515526771
      },
      "lightgbm": {
        "mae": 3.927274563387798,
        "rmse": 6.661822959654183,
        "r2": 0.9659639667582278,
        "mape": 8.723601829394518
      },
      "catboost": {
        "mae": 4.110909284401213,
        "rmse": 6.566630454122637,
        "r2": 0.9669297164880299,
        "mape": 10.169665237942729
      },
      "rf": {
        "mae": 5.008490881623096,
        "rmse": 7.703459424954472,
        "r2": 0.9544881631355552,
        "mape": 12.820200903879083
      },
      "gb": {
        "mae": 4.149007143834065,
        "rmse": 7.411448574635111,
        "r2": 0.9578731521393997,
        "mape": 8.650120497023167
      },
      "ridge": {
        "mae": 10.46523483334651,
        "rmse": 13.744547821369174,
        "r2": 0.8551182515286991,
        "mape": 22.596759435896324
      },
      "linear": {
        "mae": 9.072367488842234,
        "rmse": 12.259062935431523,
        "r2": 0.8847429991479886,
        "mape": 19.71395158705476
      }
    },
    "cv_mae": {
      "xgboost": 2.7227603098650968,
      "lightgbm": 2.475234060802465,
      "catboost": 3.413308763633066,
      "rf": 2.170075589940064,
      "gb": 2.241729196679843,
      "ridge": 10.567770127562444,
      "linear": 9.803579824016797
    }
  }
}