{
  "trained_best_model": "rf",
  "new_test_metrics": {
    "mae": 3.3749927368286805,
    "rmse": 6.718807783433581,
    "r2": 0.975667590356272,
    "mape": 10.42226573228239
  },
  "cv_mae": {
    "xgboost": 2.702111147154567,
    "lightgbm": 2.504944197983423,
    "catboost": 3.2184876586036806,
    "rf": 2.234745874630321,
    "gb": 2.267367957423031,
    "ridge": 9.86782914164595,
    "linear": 9.299976718839128
  },
  "test_mae_all": {
    "xgboost": 3.015791104761578,
    "lightgbm": 3.9688481285568744,
    "catboost": 3.993625352311017,
    "rf": 3.3749927368286805,
    "gb": 5.140431144752078,
    "ridge": 11.262720301697662,
    "linear": 9.618742534645147
  },
  "historical_best_cv_mae": 2.042469801781462,
  "is_new_historical_best": false,
  "features": [
    "pm2_5",
    "pm10",
    "co",
    "no2",
    "so2",
    "month_cos",
    "total_pm",
    "total_gases",
    "no2_o3_ratio",
    "pm2_5_rolling_3h",
    "pm10_rolling_3h",
    "co_rolling_3h",
    "pm2_5_co_interaction",
    "hour_sin",
    "hour_cos"
  ],
  "scaler_needed": false,
  "all_models_saved": [
    "model_xgboost.pkl",
    "model_lightgbm.pkl",
    "model_catboost.pkl",
    "model_rf.pkl",
    "model_gb.pkl",
    "model_ridge.pkl",
    "model_linear.pkl"
  ],
  "all_metrics": {
    "train": {
      "xgboost": {
        "mae": 1.8071952052778928,
        "rmse": 3.3577291351272867,
        "r2": 0.9988366757943539,
        "mape": 1.4680612852189734
      },
      "lightgbm": {
        "mae": 1.652222083255721,
        "rmse": 3.2998101320874587,
        "r2": 0.9988764630753312,
        "mape": 1.348689658282802
      },
      "catboost": {
        "mae": 1.9232625169499344,
        "rmse": 3.048188554308636,
        "r2": 0.9990412770966703,
        "mape": 1.622683876409501
      },
      "rf": {
        "mae": 1.1695550366542884,
        "rmse": 3.8706281023391447,
        "r2": 0.9984541322485343,
        "mape": 1.14482707711679
      },
      "gb": {
        "mae": 1.4172243873514638,
        "rmse": 3.0012925152770147,
        "r2": 0.9990705498606495,
        "mape": 1.2189274474523248
      },
      "ridge": {
        "mae": 8.718620882592909,
        "rmse": 11.591402546532224,
        "r2": 0.9861362275016827,
        "mape": 8.119158332655873
      },
      "linear": {
        "mae": 8.413084031029266,
        "rmse": 11.265707642522834,
        "r2": 0.9869043698908443,
        "mape": 7.698579728675947
      }
    },
    "val": {
      "xgboost": {
        "mae": 2.7844935312663037,
        "rmse": 9.30674105392187,
        "r2": 0.9351887631741371,
        "mape": 4.704401328292127
      },
      "lightgbm": {
        "mae": 2.7507671137478322,
        "rmse": 10.279844104338954,
        "r2": 0.9209270201284853,
        "mape": 4.200665975144592
      },
      "catboost": {
        "mae": 3.378980571184946,
        "rmse": 10.517482257516289,
        "r2": 0.9172289195042069,
        "mape": 5.786937353939614
      },
      "rf": {
        "mae": 3.4997367465742233,
        "rmse": 11.935167558711347,
        "r2": 0.8934110732311078,
        "mape": 6.1811382231149254
      },
      "gb": {
        "mae": 2.7234295611517485,
        "rmse": 9.809638880814324,
        "r2": 0.9279952596477214,
        "mape": 4.077029032437873
      },
      "ridge": {
        "mae": 6.386179105840304,
        "rmse": 11.59174712297175,
        "r2": 0.8994567672187753,
        "mape": 10.319701021882986
      },
      "linear": {
        "mae": 6.1356264870543935,
        "rmse": 11.456267972422904,
        "r2": 0.9017932417055771,
        "mape": 9.557868572212142
      }
    },
    "test": {
      "xgboost": {
        "mae": 3.015791104761578,
        "rmse": 5.343362280592885,
        "r2": 0.9846103080490892,
        "mape": 7.696968253568287
      },
      "lightgbm": {
        "mae": 3.9688481285568744,
        "rmse": 6.46508763829941,
        "r2": 0.9774706055505652,
        "mape": 7.787956840566855
      },
      "catboost": {
        "mae": 3.993625352311017,
        "rmse": 6.5577512209987665,
        "r2": 0.9768201532705769,
        "mape": 9.796875298344968
      },
      "rf": {
        "mae": 3.3749927368286805,
        "rmse": 6.718807783433581,
        "r2": 0.975667590356272,
        "mape": 10.42226573228239
      },
      "gb": {
        "mae": 5.140431144752078,
        "rmse": 8.840256676846757,
        "r2": 0.9578759193196753,
        "mape": 7.777060432469889
      },
      "ridge": {
        "mae": 11.262720301697662,
        "rmse": 14.243000546704074,
        "r2": 0.8906538068193401,
        "mape": 22.294979028130616
      },
      "linear": {
        "mae": 9.618742534645147,
        "rmse": 12.572827260415814,
        "r2": 0.9147947051652835,
        "mape": 19.43856995706814
      }
    },
    "cv_mae": {
      "xgboost": 2.702111147154567,
      "lightgbm": 2.504944197983423,
      "catboost": 3.2184876586036806,
      "rf": 2.234745874630321,
      "gb": 2.267367957423031,
      "ridge": 9.86782914164595,
      "linear": 9.299976718839128
    }
  }
}