{
  "trained_best_model": "rf",
  "new_test_metrics": {
    "mae": 4.990139720660214,
    "rmse": 7.678662953472266,
    "r2": 0.9547811040505035,
    "mape": 12.78490164204521
  },
  "cv_mae": {
    "xgboost": 2.7038166184248054,
    "lightgbm": 2.4803015613604034,
    "catboost": 3.5408967890620673,
    "rf": 2.155344584278084,
    "gb": 2.2418786333690206,
    "ridge": 10.568016690494446,
    "linear": 9.824328050461506
  },
  "test_mae_all": {
    "xgboost": 3.4106765426004495,
    "lightgbm": 4.019762893493672,
    "catboost": 4.095120213612443,
    "rf": 4.990139720660215,
    "gb": 3.8300173782768896,
    "ridge": 10.465287797307388,
    "linear": 9.07304487174988
  },
  "historical_best_cv_mae": 2.042469801781462,
  "is_new_historical_best": false,
  "features": [
    "pm2_5",
    "pm10",
    "co",
    "no2",
    "so2",
    "month_cos",
    "total_pm",
    "total_gases",
    "no2_o3_ratio",
    "pm2_5_rolling_3h",
    "pm10_rolling_3h",
    "co_rolling_3h",
    "pm2_5_co_interaction",
    "hour_sin",
    "hour_cos"
  ],
  "scaler_needed": false,
  "all_models_saved": [
    "model_xgboost.pkl",
    "model_lightgbm.pkl",
    "model_catboost.pkl",
    "model_rf.pkl",
    "model_gb.pkl",
    "model_ridge.pkl",
    "model_linear.pkl"
  ],
  "all_metrics": {
    "train": {
      "xgboost": {
        "mae": 1.9908023424888854,
        "rmse": 3.6900109565391905,
        "r2": 0.998628035232684,
        "mape": 1.5848685960218423
      },
      "lightgbm": {
        "mae": 1.6800416308695367,
        "rmse": 3.315035090932093,
        "r2": 0.9988927035510867,
        "mape": 1.3548415350770993
      },
      "catboost": {
        "mae": 1.9311603051463622,
        "rmse": 3.0618200546025727,
        "r2": 0.9990554021040357,
        "mape": 1.5875330118809385
      },
      "rf": {
        "mae": 1.1557606609935265,
        "rmse": 3.8308953080677326,
        "r2": 0.9985212722789618,
        "mape": 1.1269207597966997
      },
      "gb": {
        "mae": 1.3912883853016285,
        "rmse": 2.985054742973597,
        "r2": 0.999102173856337,
        "mape": 1.1863358567723783
      },
      "ridge": {
        "mae": 8.971452823352756,
        "rmse": 11.814876059335317,
        "r2": 0.9859347975528568,
        "mape": 8.243420017464137
      },
      "linear": {
        "mae": 8.635731617262714,
        "rmse": 11.457526122430842,
        "r2": 0.9867727561684323,
        "mape": 7.792167101909851
      }
    },
    "val": {
      "xgboost": {
        "mae": 2.777294291753203,
        "rmse": 9.393407559609303,
        "r2": 0.9334606557552253,
        "mape": 4.952644544308323
      },
      "lightgbm": {
        "mae": 2.9381437095899527,
        "rmse": 10.29424017089726,
        "r2": 0.9200863848896206,
        "mape": 4.758936866836913
      },
      "catboost": {
        "mae": 3.853906344447941,
        "rmse": 10.210749357869487,
        "r2": 0.9213773973290172,
        "mape": 6.656800794713733
      },
      "rf": {
        "mae": 5.287568146200423,
        "rmse": 12.53147085010904,
        "r2": 0.8815769393469568,
        "mape": 8.887985858971408
      },
      "gb": {
        "mae": 2.6923350373566994,
        "rmse": 9.764341914758687,
        "r2": 0.9281017794441723,
        "mape": 4.4406923849886715
      },
      "ridge": {
        "mae": 6.816116386533164,
        "rmse": 11.900625786097809,
        "r2": 0.8931998695980998,
        "mape": 11.167076780866905
      },
      "linear": {
        "mae": 6.440229463148382,
        "rmse": 11.620484982304854,
        "r2": 0.8981688396859784,
        "mape": 10.208879457123023
      }
    },
    "test": {
      "xgboost": {
        "mae": 3.4106765426004495,
        "rmse": 6.130721630343756,
        "r2": 0.9711748259329027,
        "mape": 8.938831287492198
      },
      "lightgbm": {
        "mae": 4.019762893493672,
        "rmse": 6.709762474246697,
        "r2": 0.9654726667034019,
        "mape": 9.153407522218902
      },
      "catboost": {
        "mae": 4.095120213612443,
        "rmse": 6.7477407068753825,
        "r2": 0.9650807010745186,
        "mape": 10.571480219769857
      },
      "rf": {
        "mae": 4.990139720660215,
        "rmse": 7.678662953472266,
        "r2": 0.9547811040505035,
        "mape": 12.784901642045213
      },
      "gb": {
        "mae": 3.8300173782768896,
        "rmse": 6.99223181336845,
        "r2": 0.9625043937130318,
        "mape": 8.024865290653647
      },
      "ridge": {
        "mae": 10.465287797307388,
        "rmse": 13.744295143683786,
        "r2": 0.8551249197759674,
        "mape": 22.59611014529661
      },
      "linear": {
        "mae": 9.07304487174988,
        "rmse": 12.259151378184677,
        "r2": 0.8847424032176465,
        "mape": 19.714535124193013
      }
    },
    "cv_mae": {
      "xgboost": 2.7038166184248054,
      "lightgbm": 2.4803015613604034,
      "catboost": 3.5408967890620673,
      "rf": 2.155344584278084,
      "gb": 2.2418786333690206,
      "ridge": 10.568016690494446,
      "linear": 9.824328050461506
    }
  }
}