{
  "trained_best_model": "rf",
  "new_test_metrics": {
    "mae": 3.301959337306139,
    "rmse": 6.452408372307825,
    "r2": 0.976663883344785,
    "mape": 10.031448838872926
  },
  "cv_mae": {
    "xgboost": 2.6973614373552355,
    "lightgbm": 2.476162032111728,
    "catboost": 3.2252799274796886,
    "rf": 2.2400456711832257,
    "gb": 2.2970053239819643,
    "ridge": 9.64921338034074,
    "linear": 9.026445669020987
  },
  "test_mae_all": {
    "xgboost": 3.3802538361596994,
    "lightgbm": 4.573991547368558,
    "catboost": 3.853136730389728,
    "rf": 3.3019593373061396,
    "gb": 4.678049613440824,
    "ridge": 11.017222620229639,
    "linear": 9.438192175412496
  },
  "historical_best_cv_mae": 2.042469801781462,
  "is_new_historical_best": false,
  "features": [
    "pm2_5",
    "pm10",
    "co",
    "no2",
    "so2",
    "month_cos",
    "total_pm",
    "total_gases",
    "no2_o3_ratio",
    "pm2_5_rolling_3h",
    "pm10_rolling_3h",
    "co_rolling_3h",
    "pm2_5_co_interaction",
    "hour_sin",
    "hour_cos"
  ],
  "scaler_needed": false,
  "all_models_saved": [
    "model_xgboost.pkl",
    "model_lightgbm.pkl",
    "model_catboost.pkl",
    "model_rf.pkl",
    "model_gb.pkl",
    "model_ridge.pkl",
    "model_linear.pkl"
  ],
  "all_metrics": {
    "train": {
      "xgboost": {
        "mae": 1.851381980587436,
        "rmse": 3.4333842011588485,
        "r2": 0.9987914326296922,
        "mape": 1.4981652820601274
      },
      "lightgbm": {
        "mae": 1.5761545511441597,
        "rmse": 3.170843048562556,
        "r2": 0.9989691973002255,
        "mape": 1.2944060344266508
      },
      "catboost": {
        "mae": 1.8949190814886951,
        "rmse": 3.0499253226240253,
        "r2": 0.999046316063737,
        "mape": 1.5937467202421407
      },
      "rf": {
        "mae": 1.1738886041395864,
        "rmse": 3.8917649319690457,
        "r2": 0.9984471866479893,
        "mape": 1.1475465571451915
      },
      "gb": {
        "mae": 1.3818002291337739,
        "rmse": 2.9692870134890823,
        "r2": 0.999096079130002,
        "mape": 1.1994419370769873
      },
      "ridge": {
        "mae": 8.739554499301775,
        "rmse": 11.616770387172885,
        "r2": 0.9861644360331658,
        "mape": 8.113806227495948
      },
      "linear": {
        "mae": 8.426716777196763,
        "rmse": 11.283316665272343,
        "r2": 0.9869473224506454,
        "mape": 7.687752351552131
      }
    },
    "val": {
      "xgboost": {
        "mae": 2.760462972127139,
        "rmse": 9.191812645266879,
        "r2": 0.9375162319734084,
        "mape": 4.788438926702974
      },
      "lightgbm": {
        "mae": 2.9280391137382793,
        "rmse": 10.271361485973653,
        "r2": 0.9219773113702239,
        "mape": 4.875085447108392
      },
      "catboost": {
        "mae": 3.4545223995636403,
        "rmse": 10.500188400909778,
        "r2": 0.9184621854059274,
        "mape": 5.8375067070002125
      },
      "rf": {
        "mae": 3.389583798172839,
        "rmse": 11.86545399212128,
        "r2": 0.8958801332780892,
        "mape": 5.909812180381481
      },
      "gb": {
        "mae": 2.5630607970810417,
        "rmse": 9.690261738131381,
        "r2": 0.9305558127432327,
        "mape": 3.976222777599972
      },
      "ridge": {
        "mae": 6.574866842100424,
        "rmse": 11.759262951514168,
        "r2": 0.8977354556204906,
        "mape": 10.424745924997103
      },
      "linear": {
        "mae": 6.346196697706706,
        "rmse": 11.64116003659726,
        "r2": 0.8997793065109302,
        "mape": 9.689436014261075
      }
    },
    "test": {
      "xgboost": {
        "mae": 3.3802538361596994,
        "rmse": 5.716824397639707,
        "r2": 0.981681302141541,
        "mape": 8.192020468426852
      },
      "lightgbm": {
        "mae": 4.573991547368558,
        "rmse": 7.521108392334218,
        "r2": 0.9682934790938524,
        "mape": 9.052039556816737
      },
      "catboost": {
        "mae": 3.853136730389728,
        "rmse": 6.421920491649325,
        "r2": 0.9768838904614834,
        "mape": 9.729648101429973
      },
      "rf": {
        "mae": 3.3019593373061396,
        "rmse": 6.452408372307825,
        "r2": 0.976663883344785,
        "mape": 10.031448838872926
      },
      "gb": {
        "mae": 4.678049613440824,
        "rmse": 8.171491772218998,
        "r2": 0.9625727782299544,
        "mape": 7.546227104416939
      },
      "ridge": {
        "mae": 11.017222620229639,
        "rmse": 14.07749028272727,
        "r2": 0.888920128801034,
        "mape": 22.169158472942875
      },
      "linear": {
        "mae": 9.438192175412496,
        "rmse": 12.443240091753317,
        "r2": 0.913213563405938,
        "mape": 19.33635434650819
      }
    },
    "cv_mae": {
      "xgboost": 2.6973614373552355,
      "lightgbm": 2.476162032111728,
      "catboost": 3.2252799274796886,
      "rf": 2.2400456711832257,
      "gb": 2.2970053239819643,
      "ridge": 9.64921338034074,
      "linear": 9.026445669020987
    }
  }
}