{
  "trained_best_model": "rf",
  "new_test_metrics": {
    "mae": 4.826959789132704,
    "rmse": 7.66426663916636,
    "r2": 0.9550352178327096,
    "mape": 12.606829574469838
  },
  "cv_mae": {
    "xgboost": 2.6479687166307304,
    "lightgbm": 2.5084029647639627,
    "catboost": 3.211394682593027,
    "rf": 2.154314343383475,
    "gb": 2.2918622067013574,
    "ridge": 10.239401063783163,
    "linear": 9.397887806404501
  },
  "test_mae_all": {
    "xgboost": 3.4236368345295993,
    "lightgbm": 4.221940327964563,
    "catboost": 4.102927627527295,
    "rf": 4.826959789132702,
    "gb": 4.09813694930513,
    "ridge": 10.468300428898448,
    "linear": 9.11407087568395
  },
  "historical_best_cv_mae": 2.042469801781462,
  "is_new_historical_best": false,
  "features": [
    "pm2_5",
    "pm10",
    "co",
    "no2",
    "so2",
    "month_cos",
    "total_pm",
    "total_gases",
    "no2_o3_ratio",
    "pm2_5_rolling_3h",
    "pm10_rolling_3h",
    "co_rolling_3h",
    "pm2_5_co_interaction",
    "hour_sin",
    "hour_cos"
  ],
  "scaler_needed": false,
  "all_models_saved": [
    "model_xgboost.pkl",
    "model_lightgbm.pkl",
    "model_catboost.pkl",
    "model_rf.pkl",
    "model_gb.pkl",
    "model_ridge.pkl",
    "model_linear.pkl"
  ],
  "all_metrics": {
    "train": {
      "xgboost": {
        "mae": 1.859485992480164,
        "rmse": 3.3809170114842377,
        "r2": 0.9988509608861205,
        "mape": 1.5070804361046222
      },
      "lightgbm": {
        "mae": 1.5606844928149541,
        "rmse": 3.0665967906581826,
        "r2": 0.9990546793499693,
        "mape": 1.2750309951099055
      },
      "catboost": {
        "mae": 1.9248735234488143,
        "rmse": 3.033060213986017,
        "r2": 0.999075242513752,
        "mape": 1.5938291165133778
      },
      "rf": {
        "mae": 1.1516425505368082,
        "rmse": 3.8366865829582757,
        "r2": 0.998520283767788,
        "mape": 1.1220249863322656
      },
      "gb": {
        "mae": 1.3909432511393014,
        "rmse": 2.9626031632138368,
        "r2": 0.9991177071583083,
        "mape": 1.1901521619190094
      },
      "ridge": {
        "mae": 8.951307369142327,
        "rmse": 11.80244198917627,
        "r2": 0.9859973723567491,
        "mape": 8.23356839753691
      },
      "linear": {
        "mae": 8.618512711584948,
        "rmse": 11.447685029038144,
        "r2": 0.9868265012430533,
        "mape": 7.785286570789775
      }
    },
    "val": {
      "xgboost": {
        "mae": 2.820936547022432,
        "rmse": 9.091495870321431,
        "r2": 0.9374616534423744,
        "mape": 5.03956911290638
      },
      "lightgbm": {
        "mae": 2.9790761999567223,
        "rmse": 9.97905818217169,
        "r2": 0.9246549348520917,
        "mape": 4.819683911975974
      },
      "catboost": {
        "mae": 3.707823569616548,
        "rmse": 10.535445064071425,
        "r2": 0.9160189158299046,
        "mape": 6.358911358847156
      },
      "rf": {
        "mae": 5.226058440920075,
        "rmse": 12.568106979767064,
        "r2": 0.8804869194770889,
        "mape": 8.779770990767956
      },
      "gb": {
        "mae": 2.7708913820163463,
        "rmse": 9.666943437617537,
        "r2": 0.9292943599152698,
        "mape": 4.481245796998292
      },
      "ridge": {
        "mae": 6.725286865914146,
        "rmse": 11.865553709560974,
        "r2": 0.8934749560056879,
        "mape": 10.986405199439044
      },
      "linear": {
        "mae": 6.346246994006061,
        "rmse": 11.585126923640699,
        "r2": 0.898450615474289,
        "mape": 10.030422717384111
      }
    },
    "test": {
      "xgboost": {
        "mae": 3.4236368345295993,
        "rmse": 6.111558612407382,
        "r2": 0.9714086115914813,
        "mape": 9.016491656560916
      },
      "lightgbm": {
        "mae": 4.221940327964563,
        "rmse": 7.109400435817195,
        "r2": 0.9613101330734394,
        "mape": 9.311954386508749
      },
      "catboost": {
        "mae": 4.102927627527295,
        "rmse": 6.582631295025858,
        "r2": 0.9668311554218901,
        "mape": 10.173977857101994
      },
      "rf": {
        "mae": 4.826959789132702,
        "rmse": 7.66426663916636,
        "r2": 0.9550352178327096,
        "mape": 12.606829574469838
      },
      "gb": {
        "mae": 4.09813694930513,
        "rmse": 7.666952854412931,
        "r2": 0.9550036932900962,
        "mape": 8.203489083926293
      },
      "ridge": {
        "mae": 10.468300428898448,
        "rmse": 13.728094390656343,
        "r2": 0.855738050686825,
        "mape": 22.55469019604574
      },
      "linear": {
        "mae": 9.11407087568395,
        "rmse": 12.263073660442025,
        "r2": 0.884885519770645,
        "mape": 19.72981092733641
      }
    },
    "cv_mae": {
      "xgboost": 2.6479687166307304,
      "lightgbm": 2.5084029647639627,
      "catboost": 3.211394682593027,
      "rf": 2.154314343383475,
      "gb": 2.2918622067013574,
      "ridge": 10.239401063783163,
      "linear": 9.397887806404501
    }
  }
}