{
  "trained_best_model": "rf",
  "new_test_metrics": {
    "mae": 4.666885245522691,
    "rmse": 7.542331385257908,
    "r2": 0.9571307265829112,
    "mape": 12.319980975661277
  },
  "cv_mae": {
    "xgboost": 2.655117943422202,
    "lightgbm": 2.52835174015764,
    "catboost": 3.2431240135696746,
    "rf": 2.132092720610025,
    "gb": 2.31598063968601,
    "ridge": 10.202114263310344,
    "linear": 9.36706888716959
  },
  "test_mae_all": {
    "xgboost": 3.465267550894265,
    "lightgbm": 3.922317511478363,
    "catboost": 3.9647238581584983,
    "rf": 4.66688524552269,
    "gb": 4.084978690274594,
    "ridge": 10.488227520920105,
    "linear": 9.126369426602976
  },
  "historical_best_cv_mae": 2.042469801781462,
  "is_new_historical_best": false,
  "features": [
    "pm2_5",
    "pm10",
    "co",
    "no2",
    "so2",
    "month_cos",
    "total_pm",
    "total_gases",
    "no2_o3_ratio",
    "pm2_5_rolling_3h",
    "pm10_rolling_3h",
    "co_rolling_3h",
    "pm2_5_co_interaction",
    "hour_sin",
    "hour_cos"
  ],
  "scaler_needed": false,
  "all_models_saved": [
    "model_xgboost.pkl",
    "model_lightgbm.pkl",
    "model_catboost.pkl",
    "model_rf.pkl",
    "model_gb.pkl",
    "model_ridge.pkl",
    "model_linear.pkl"
  ],
  "all_metrics": {
    "train": {
      "xgboost": {
        "mae": 1.8460954095674977,
        "rmse": 3.4056099683164183,
        "r2": 0.9988351920685474,
        "mape": 1.4881918370956255
      },
      "lightgbm": {
        "mae": 1.8672025469620765,
        "rmse": 3.7088322763579606,
        "r2": 0.9986185381692892,
        "mape": 1.5199179585717482
      },
      "catboost": {
        "mae": 1.9459094865655633,
        "rmse": 3.0726727454288927,
        "r2": 0.9990518061831629,
        "mape": 1.6017724282663661
      },
      "rf": {
        "mae": 1.150121651928422,
        "rmse": 3.8288677240173534,
        "r2": 0.9985276697721353,
        "mape": 1.1233345409732693
      },
      "gb": {
        "mae": 1.3861653626653543,
        "rmse": 2.9186437820604345,
        "r2": 0.9991444868520477,
        "mape": 1.1921975832415737
      },
      "ridge": {
        "mae": 8.933892857847644,
        "rmse": 11.79092165734673,
        "r2": 0.986037602110325,
        "mape": 8.222126021512825
      },
      "linear": {
        "mae": 8.603376007258758,
        "rmse": 11.438384310889877,
        "r2": 0.9868600452230883,
        "mape": 7.776517862857969
      }
    },
    "val": {
      "xgboost": {
        "mae": 2.8742867974930157,
        "rmse": 9.086332462629576,
        "r2": 0.9376015351803377,
        "mape": 5.118101613089668
      },
      "lightgbm": {
        "mae": 2.992296462479498,
        "rmse": 10.307013374275838,
        "r2": 0.9197098373896355,
        "mape": 4.8198810622906665
      },
      "catboost": {
        "mae": 3.6768460117577884,
        "rmse": 9.949707839777176,
        "r2": 0.9251800669580615,
        "mape": 6.143186787098742
      },
      "rf": {
        "mae": 5.096709145040897,
        "rmse": 12.492540960826869,
        "r2": 0.882049924692833,
        "mape": 8.572705785379716
      },
      "gb": {
        "mae": 2.976719385003966,
        "rmse": 10.071072171274903,
        "r2": 0.9233436608864504,
        "mape": 5.067024689270017
      },
      "ridge": {
        "mae": 6.662871927967729,
        "rmse": 11.845985608368961,
        "r2": 0.8939430680165206,
        "mape": 10.881071575229173
      },
      "linear": {
        "mae": 6.309833708848906,
        "rmse": 11.571632652430575,
        "r2": 0.8987987364573669,
        "mape": 9.958720115431374
      }
    },
    "test": {
      "xgboost": {
        "mae": 3.465267550894265,
        "rmse": 5.972176640987414,
        "r2": 0.9731217993371085,
        "mape": 8.876752538785802
      },
      "lightgbm": {
        "mae": 3.922317511478363,
        "rmse": 6.603660227389459,
        "r2": 0.967137216747131,
        "mape": 9.262327398463992
      },
      "catboost": {
        "mae": 3.9647238581584983,
        "rmse": 6.353435168827222,
        "r2": 0.9695804974149632,
        "mape": 9.689331098468108
      },
      "rf": {
        "mae": 4.66688524552269,
        "rmse": 7.542331385257908,
        "r2": 0.9571307265829112,
        "mape": 12.319980975661277
      },
      "gb": {
        "mae": 4.084978690274594,
        "rmse": 7.066646088766956,
        "r2": 0.9623676286185088,
        "mape": 8.959565228499738
      },
      "ridge": {
        "mae": 10.488227520920105,
        "rmse": 13.730439899456428,
        "r2": 0.8579295337044046,
        "mape": 22.524250811916584
      },
      "linear": {
        "mae": 9.126369426602976,
        "rmse": 12.265749289154634,
        "r2": 0.8866234937483553,
        "mape": 19.706433135410464
      }
    },
    "cv_mae": {
      "xgboost": 2.655117943422202,
      "lightgbm": 2.52835174015764,
      "catboost": 3.2431240135696746,
      "rf": 2.132092720610025,
      "gb": 2.31598063968601,
      "ridge": 10.202114263310344,
      "linear": 9.36706888716959
    }
  }
}