{
  "trained_best_model": "rf",
  "new_test_metrics": {
    "mae": 3.2836779704337222,
    "rmse": 6.476998333615695,
    "r2": 0.9771993740447394,
    "mape": 10.067905691299664
  },
  "cv_mae": {
    "xgboost": 2.696932528770133,
    "lightgbm": 2.4712857034798077,
    "catboost": 3.1480122940440123,
    "rf": 2.2121747670184844,
    "gb": 2.296254858914753,
    "ridge": 9.816734044506543,
    "linear": 9.279442300484304
  },
  "test_mae_all": {
    "xgboost": 3.391449174323198,
    "lightgbm": 4.08645495203668,
    "catboost": 3.863699064923014,
    "rf": 3.2836779704337222,
    "gb": 5.606254481143379,
    "ridge": 11.202646821559982,
    "linear": 9.571457283897196
  },
  "historical_best_cv_mae": 2.042469801781462,
  "is_new_historical_best": false,
  "features": [
    "pm2_5",
    "pm10",
    "co",
    "no2",
    "so2",
    "month_cos",
    "total_pm",
    "total_gases",
    "no2_o3_ratio",
    "pm2_5_rolling_3h",
    "pm10_rolling_3h",
    "co_rolling_3h",
    "pm2_5_co_interaction",
    "hour_sin",
    "hour_cos"
  ],
  "scaler_needed": false,
  "all_models_saved": [
    "model_xgboost.pkl",
    "model_lightgbm.pkl",
    "model_catboost.pkl",
    "model_rf.pkl",
    "model_gb.pkl",
    "model_ridge.pkl",
    "model_linear.pkl"
  ],
  "all_metrics": {
    "train": {
      "xgboost": {
        "mae": 1.8384238647154867,
        "rmse": 3.3851280887617166,
        "r2": 0.9988215970257509,
        "mape": 1.490964990148968
      },
      "lightgbm": {
        "mae": 1.7327522469580179,
        "rmse": 3.4504632439590033,
        "r2": 0.9987756701783715,
        "mape": 1.4185687487626621
      },
      "catboost": {
        "mae": 1.8953741528318435,
        "rmse": 3.0367620953597543,
        "r2": 0.9990516576243739,
        "mape": 1.5925336508321766
      },
      "rf": {
        "mae": 1.1741994427171756,
        "rmse": 3.894673343053909,
        "r2": 0.998440139742359,
        "mape": 1.1514904527150873
      },
      "gb": {
        "mae": 1.4104493979625632,
        "rmse": 2.9880561373613084,
        "r2": 0.9990818341791856,
        "mape": 1.2241648639218763
      },
      "ridge": {
        "mae": 8.72138020522726,
        "rmse": 11.596039025692372,
        "r2": 0.9861718859245874,
        "mape": 8.113276654651973
      },
      "linear": {
        "mae": 8.41474392709992,
        "rmse": 11.268949488306994,
        "r2": 0.9869409831722781,
        "mape": 7.692446288874811
      }
    },
    "val": {
      "xgboost": {
        "mae": 2.866546487155026,
        "rmse": 9.215401278222776,
        "r2": 0.9365866967100731,
        "mape": 4.910272381726772
      },
      "lightgbm": {
        "mae": 2.981978161478131,
        "rmse": 10.458009789523926,
        "r2": 0.9183323680625632,
        "mape": 4.762489025161448
      },
      "catboost": {
        "mae": 3.440852226238704,
        "rmse": 9.808263510396277,
        "r2": 0.9281649952065373,
        "mape": 5.855387813846219
      },
      "rf": {
        "mae": 3.4652669869894006,
        "rmse": 11.880475780597568,
        "r2": 0.8946051132874487,
        "mape": 6.007865743570622
      },
      "gb": {
        "mae": 2.753649252454599,
        "rmse": 9.749977663563739,
        "r2": 0.9290162210150031,
        "mape": 4.122784059657742
      },
      "ridge": {
        "mae": 6.439180204949025,
        "rmse": 11.625789911397145,
        "r2": 0.8990754513271229,
        "mape": 10.35830165703482
      },
      "linear": {
        "mae": 6.198079075262966,
        "rmse": 11.496728113090098,
        "r2": 0.9013038080405908,
        "mape": 9.607457723976133
      }
    },
    "test": {
      "xgboost": {
        "mae": 3.391449174323198,
        "rmse": 5.823370317347181,
        "r2": 0.9815690374652347,
        "mape": 8.10015229984525
      },
      "lightgbm": {
        "mae": 4.08645495203668,
        "rmse": 6.64937734407566,
        "r2": 0.975969591251164,
        "mape": 8.44056939747275
      },
      "catboost": {
        "mae": 3.863699064923014,
        "rmse": 6.333893462483319,
        "r2": 0.9781957723481062,
        "mape": 9.621290608361454
      },
      "rf": {
        "mae": 3.2836779704337222,
        "rmse": 6.476998333615696,
        "r2": 0.9771993740447394,
        "mape": 10.067905691299666
      },
      "gb": {
        "mae": 5.606254481143379,
        "rmse": 10.143484324582607,
        "r2": 0.9440791808905029,
        "mape": 8.166049044924106
      },
      "ridge": {
        "mae": 11.202646821559982,
        "rmse": 14.202741640435056,
        "r2": 0.8903664257066218,
        "mape": 22.258964000519498
      },
      "linear": {
        "mae": 9.571457283897196,
        "rmse": 12.541243470534,
        "r2": 0.9145168735374429,
        "mape": 19.409331406719225
      }
    },
    "cv_mae": {
      "xgboost": 2.696932528770133,
      "lightgbm": 2.4712857034798077,
      "catboost": 3.1480122940440123,
      "rf": 2.2121747670184844,
      "gb": 2.296254858914753,
      "ridge": 9.816734044506543,
      "linear": 9.279442300484304
    }
  }
}