{
  "trained_best_model": "rf",
  "new_test_metrics": {
    "mae": 4.764199959446227,
    "rmse": 7.618936903394539,
    "r2": 0.9555702648416992,
    "mape": 12.544568460018546
  },
  "cv_mae": {
    "xgboost": 2.6962669059021827,
    "lightgbm": 2.595290793879633,
    "catboost": 3.2599452918911935,
    "rf": 2.1540328042559542,
    "gb": 2.3301799854843988,
    "ridge": 10.239106190368792,
    "linear": 9.403666944635683
  },
  "test_mae_all": {
    "xgboost": 3.526621228924151,
    "lightgbm": 3.728523592130782,
    "catboost": 3.911442137795516,
    "rf": 4.764199959446225,
    "gb": 3.7132620121358593,
    "ridge": 10.467493645360213,
    "linear": 9.113760699981594
  },
  "historical_best_cv_mae": 2.042469801781462,
  "is_new_historical_best": false,
  "features": [
    "pm2_5",
    "pm10",
    "co",
    "no2",
    "so2",
    "month_cos",
    "total_pm",
    "total_gases",
    "no2_o3_ratio",
    "pm2_5_rolling_3h",
    "pm10_rolling_3h",
    "co_rolling_3h",
    "pm2_5_co_interaction",
    "hour_sin",
    "hour_cos"
  ],
  "scaler_needed": false,
  "all_models_saved": [
    "model_xgboost.pkl",
    "model_lightgbm.pkl",
    "model_catboost.pkl",
    "model_rf.pkl",
    "model_gb.pkl",
    "model_ridge.pkl",
    "model_linear.pkl"
  ],
  "all_metrics": {
    "train": {
      "xgboost": {
        "mae": 1.923012645743831,
        "rmse": 3.5323173682514364,
        "r2": 0.99874581037471,
        "mape": 1.540183458239739
      },
      "lightgbm": {
        "mae": 1.9154962307970367,
        "rmse": 3.8680721670603475,
        "r2": 0.9984960517010428,
        "mape": 1.5589708642930804
      },
      "catboost": {
        "mae": 1.9374977502899502,
        "rmse": 3.017920367148438,
        "r2": 0.9990844979470683,
        "mape": 1.5974640081623632
      },
      "rf": {
        "mae": 1.1525892546338206,
        "rmse": 3.835586431044866,
        "r2": 0.9985212072332109,
        "mape": 1.1253074299260442
      },
      "gb": {
        "mae": 1.3865753915806285,
        "rmse": 2.937338599976172,
        "r2": 0.9991327350492073,
        "mape": 1.182657859194568
      },
      "ridge": {
        "mae": 8.950662194606021,
        "rmse": 11.802231478176662,
        "r2": 0.9859985818164109,
        "mape": 8.233221489362354
      },
      "linear": {
        "mae": 8.617978074697051,
        "rmse": 11.447582212909984,
        "r2": 0.9868274058044084,
        "mape": 7.785012482317971
      }
    },
    "val": {
      "xgboost": {
        "mae": 2.8812674452725067,
        "rmse": 9.192949790348449,
        "r2": 0.9360586292810776,
        "mape": 5.148744245826644
      },
      "lightgbm": {
        "mae": 3.029458820251353,
        "rmse": 10.263376471610506,
        "r2": 0.9203010343626076,
        "mape": 4.877884648590411
      },
      "catboost": {
        "mae": 3.533321682177041,
        "rmse": 10.445941332361327,
        "r2": 0.9174404474401348,
        "mape": 6.1368929187478845
      },
      "rf": {
        "mae": 5.133896638163121,
        "rmse": 12.51155778580944,
        "r2": 0.8815609437955438,
        "mape": 8.654026934966929
      },
      "gb": {
        "mae": 2.695268333599233,
        "rmse": 9.686116833699755,
        "r2": 0.9290141851127555,
        "mape": 4.358099558786066
      },
      "ridge": {
        "mae": 6.7247447674577465,
        "rmse": 11.865873537880143,
        "r2": 0.8934700810053084,
        "mape": 10.985167083128992
      },
      "linear": {
        "mae": 6.347682751832342,
        "rmse": 11.58578352100227,
        "r2": 0.8984399315688574,
        "mape": 10.031794470550818
      }
    },
    "test": {
      "xgboost": {
        "mae": 3.526621228924151,
        "rmse": 6.279737437882261,
        "r2": 0.9698166150789043,
        "mape": 9.216372924557842
      },
      "lightgbm": {
        "mae": 3.728523592130782,
        "rmse": 6.355893524946096,
        "r2": 0.969080091719097,
        "mape": 9.019071806637017
      },
      "catboost": {
        "mae": 3.911442137795516,
        "rmse": 6.494144641375239,
        "r2": 0.967720344951102,
        "mape": 9.997649078935764
      },
      "rf": {
        "mae": 4.764199959446225,
        "rmse": 7.618936903394539,
        "r2": 0.9555702648416992,
        "mape": 12.544568460018542
      },
      "gb": {
        "mae": 3.7132620121358593,
        "rmse": 6.738215359833645,
        "r2": 0.9652484047645007,
        "mape": 7.628922045702646
      },
      "ridge": {
        "mae": 10.467493645360213,
        "rmse": 13.727812468028668,
        "r2": 0.8557593582139473,
        "mape": 22.553002055474316
      },
      "linear": {
        "mae": 9.113760699981594,
        "rmse": 12.262972294773823,
        "r2": 0.8848996975831488,
        "mape": 19.72916001799389
      }
    },
    "cv_mae": {
      "xgboost": 2.6962669059021827,
      "lightgbm": 2.595290793879633,
      "catboost": 3.2599452918911935,
      "rf": 2.1540328042559542,
      "gb": 2.3301799854843988,
      "ridge": 10.239106190368792,
      "linear": 9.403666944635683
    }
  }
}