{
  "trained_best_model": "rf",
  "new_test_metrics": {
    "mae": 4.260063761607602,
    "rmse": 7.205661829039303,
    "r2": 0.961244130270099,
    "mape": 11.75699294823592
  },
  "cv_mae": {
    "xgboost": 2.6376514054091245,
    "lightgbm": 2.4481511413342147,
    "catboost": 3.195420122131392,
    "rf": 2.1389036837646325,
    "gb": 2.2879749807526997,
    "ridge": 10.243918022606401,
    "linear": 9.440950561187538
  },
  "test_mae_all": {
    "xgboost": 3.203119366655336,
    "lightgbm": 3.70572938391839,
    "catboost": 3.8833254160485384,
    "rf": 4.260063761607601,
    "gb": 3.670045830121488,
    "ridge": 10.44881071075495,
    "linear": 9.04373491809159
  },
  "historical_best_cv_mae": 2.042469801781462,
  "is_new_historical_best": false,
  "features": [
    "pm2_5",
    "pm10",
    "co",
    "no2",
    "so2",
    "month_cos",
    "total_pm",
    "total_gases",
    "no2_o3_ratio",
    "pm2_5_rolling_3h",
    "pm10_rolling_3h",
    "co_rolling_3h",
    "pm2_5_co_interaction",
    "hour_sin",
    "hour_cos"
  ],
  "scaler_needed": false,
  "all_models_saved": [
    "model_xgboost.pkl",
    "model_lightgbm.pkl",
    "model_catboost.pkl",
    "model_rf.pkl",
    "model_gb.pkl",
    "model_ridge.pkl",
    "model_linear.pkl"
  ],
  "all_metrics": {
    "train": {
      "xgboost": {
        "mae": 1.8363880675677295,
        "rmse": 3.361296242776101,
        "r2": 0.9988658612286183,
        "mape": 1.4710289319896266
      },
      "lightgbm": {
        "mae": 1.7257713190921693,
        "rmse": 3.424431050440695,
        "r2": 0.9988228563346565,
        "mape": 1.4057174152049672
      },
      "catboost": {
        "mae": 1.8900258745833056,
        "rmse": 2.9896555874585227,
        "r2": 0.9991027882820225,
        "mape": 1.5751832355220092
      },
      "rf": {
        "mae": 1.1495978249285135,
        "rmse": 3.8477817297697516,
        "r2": 0.9985138129469523,
        "mape": 1.122950530799363
      },
      "gb": {
        "mae": 1.399630908386196,
        "rmse": 2.966176549738707,
        "r2": 0.9991168253162747,
        "mape": 1.2045800413649808
      },
      "ridge": {
        "mae": 8.896214605248257,
        "rmse": 11.768432707630286,
        "r2": 0.9860975969862057,
        "mape": 8.21269074016314
      },
      "linear": {
        "mae": 8.575593799326692,
        "rmse": 11.422916812783011,
        "r2": 0.9869019499560595,
        "mape": 7.777535949232162
      }
    },
    "val": {
      "xgboost": {
        "mae": 2.8669102072171424,
        "rmse": 8.98000842463321,
        "r2": 0.941646785132123,
        "mape": 5.079328812780323
      },
      "lightgbm": {
        "mae": 3.0627400562186464,
        "rmse": 10.305324810150328,
        "r2": 0.9231516284654928,
        "mape": 4.800911817389944
      },
      "catboost": {
        "mae": 3.389132409277144,
        "rmse": 10.551783194969328,
        "r2": 0.9194319192765835,
        "mape": 5.972753544742731
      },
      "rf": {
        "mae": 4.804017700622052,
        "rmse": 12.45613555067689,
        "r2": 0.887726321778014,
        "mape": 8.042489284272882
      },
      "gb": {
        "mae": 2.7918148230668716,
        "rmse": 9.640596134228534,
        "r2": 0.9327458514350381,
        "mape": 4.23006119517453
      },
      "ridge": {
        "mae": 6.922780419121396,
        "rmse": 12.061543584631927,
        "r2": 0.8947269803188678,
        "mape": 10.970615530059034
      },
      "linear": {
        "mae": 6.609293001391299,
        "rmse": 11.824601158261142,
        "r2": 0.8988224167632791,
        "mape": 10.121822068225441
      }
    },
    "test": {
      "xgboost": {
        "mae": 3.203119366655336,
        "rmse": 5.843377435503287,
        "r2": 0.9745130648889639,
        "mape": 8.755555291458988
      },
      "lightgbm": {
        "mae": 3.70572938391839,
        "rmse": 6.230813598949622,
        "r2": 0.9710212763653102,
        "mape": 8.789273272882273
      },
      "catboost": {
        "mae": 3.8833254160485384,
        "rmse": 6.697288806396404,
        "r2": 0.9665198195824687,
        "mape": 10.200278654284656
      },
      "rf": {
        "mae": 4.260063761607601,
        "rmse": 7.2056618290393,
        "r2": 0.961244130270099,
        "mape": 11.75699294823592
      },
      "gb": {
        "mae": 3.670045830121488,
        "rmse": 6.735839275409698,
        "r2": 0.9661332777005629,
        "mape": 7.176074476180309
      },
      "ridge": {
        "mae": 10.44881071075495,
        "rmse": 13.680586973580635,
        "r2": 0.8602991019946356,
        "mape": 22.392636442458734
      },
      "linear": {
        "mae": 9.04373491809159,
        "rmse": 12.178595555902321,
        "r2": 0.8892906882218214,
        "mape": 19.575212585894654
      }
    },
    "cv_mae": {
      "xgboost": 2.6376514054091245,
      "lightgbm": 2.4481511413342147,
      "catboost": 3.195420122131392,
      "rf": 2.1389036837646325,
      "gb": 2.2879749807526997,
      "ridge": 10.243918022606401,
      "linear": 9.440950561187538
    }
  }
}