{
  "trained_best_model": "rf",
  "new_test_metrics": {
    "mae": 4.8224780252375865,
    "rmse": 7.739808970123526,
    "r2": 0.9547359418182644,
    "mape": 12.665497030752856
  },
  "cv_mae": {
    "xgboost": 2.6385765086881334,
    "lightgbm": 2.446573493108762,
    "catboost": 3.1835759072161505,
    "rf": 2.1268401272305937,
    "gb": 2.331121866924931,
    "ridge": 10.20531518282031,
    "linear": 9.373633333803472
  },
  "test_mae_all": {
    "xgboost": 3.6948264248530975,
    "lightgbm": 3.8963105140165313,
    "catboost": 4.052315324709841,
    "rf": 4.822478025237587,
    "gb": 4.0368370296592,
    "ridge": 10.48356308602694,
    "linear": 9.124046243734572
  },
  "historical_best_cv_mae": 2.042469801781462,
  "is_new_historical_best": false,
  "features": [
    "pm2_5",
    "pm10",
    "co",
    "no2",
    "so2",
    "month_cos",
    "total_pm",
    "total_gases",
    "no2_o3_ratio",
    "pm2_5_rolling_3h",
    "pm10_rolling_3h",
    "co_rolling_3h",
    "pm2_5_co_interaction",
    "hour_sin",
    "hour_cos"
  ],
  "scaler_needed": false,
  "all_models_saved": [
    "model_xgboost.pkl",
    "model_lightgbm.pkl",
    "model_catboost.pkl",
    "model_rf.pkl",
    "model_gb.pkl",
    "model_ridge.pkl",
    "model_linear.pkl"
  ],
  "all_metrics": {
    "train": {
      "xgboost": {
        "mae": 1.8323815610777374,
        "rmse": 3.3697228912969988,
        "r2": 0.9988595353496579,
        "mape": 1.464520036794144
      },
      "lightgbm": {
        "mae": 1.7945778665267134,
        "rmse": 3.5465518508796414,
        "r2": 0.9987367012121793,
        "mape": 1.451113376387797
      },
      "catboost": {
        "mae": 1.92880285503406,
        "rmse": 3.060568918395751,
        "r2": 0.999059198981194,
        "mape": 1.5889484709417683
      },
      "rf": {
        "mae": 1.1497545512553644,
        "rmse": 3.8439116725549995,
        "r2": 0.9985159782999662,
        "mape": 1.122959776044545
      },
      "gb": {
        "mae": 1.3878892218434618,
        "rmse": 2.909433206665996,
        "r2": 0.9991498212713805,
        "mape": 1.182885670019422
      },
      "ridge": {
        "mae": 8.937474188127595,
        "rmse": 11.793765247812834,
        "r2": 0.9860299355371756,
        "mape": 8.225292854024438
      },
      "linear": {
        "mae": 8.606821349854144,
        "rmse": 11.440929314553838,
        "r2": 0.9868533210617165,
        "mape": 7.779343388301073
      }
    },
    "val": {
      "xgboost": {
        "mae": 2.9881138562067457,
        "rmse": 9.173909100336548,
        "r2": 0.936380201478291,
        "mape": 5.480813607405802
      },
      "lightgbm": {
        "mae": 3.0540445891612347,
        "rmse": 10.238717921580617,
        "r2": 0.9207545053287568,
        "mape": 4.945198360984474
      },
      "catboost": {
        "mae": 3.6283637709425247,
        "rmse": 10.054526426976427,
        "r2": 0.9235800649836311,
        "mape": 6.248634418676167
      },
      "rf": {
        "mae": 5.250682471901171,
        "rmse": 12.618759323183244,
        "r2": 0.8796304218479508,
        "mape": 8.833597369172743
      },
      "gb": {
        "mae": 2.8524039578175127,
        "rmse": 9.845973186054344,
        "r2": 0.9267174249253276,
        "mape": 4.63118521436791
      },
      "ridge": {
        "mae": 6.661620808186723,
        "rmse": 11.846126031655515,
        "r2": 0.8939193623013793,
        "mape": 10.880034119688895
      },
      "linear": {
        "mae": 6.304512775294423,
        "rmse": 11.570661286310552,
        "r2": 0.8987955089716534,
        "mape": 9.952643116505975
      }
    },
    "test": {
      "xgboost": {
        "mae": 3.6948264248530975,
        "rmse": 6.674605943428812,
        "r2": 0.9663376627698778,
        "mape": 10.025732414048512
      },
      "lightgbm": {
        "mae": 3.8963105140165313,
        "rmse": 6.4906003490892825,
        "r2": 0.9681680867659415,
        "mape": 9.260244610155777
      },
      "catboost": {
        "mae": 4.052315324709841,
        "rmse": 6.58552319909944,
        "r2": 0.9672302164524862,
        "mape": 10.052970529864423
      },
      "rf": {
        "mae": 4.822478025237587,
        "rmse": 7.739808970123527,
        "r2": 0.9547359418182644,
        "mape": 12.66549703075286
      },
      "gb": {
        "mae": 4.0368370296592,
        "rmse": 7.14766838441826,
        "r2": 0.9613969343631582,
        "mape": 8.079014992375106
      },
      "ridge": {
        "mae": 10.48356308602694,
        "rmse": 13.7282349083889,
        "r2": 0.8575959277935326,
        "mape": 22.527690879025165
      },
      "linear": {
        "mae": 9.124046243734572,
        "rmse": 12.26465194569082,
        "r2": 0.8863410967993836,
        "mape": 19.70955378938702
      }
    },
    "cv_mae": {
      "xgboost": 2.6385765086881334,
      "lightgbm": 2.446573493108762,
      "catboost": 3.1835759072161505,
      "rf": 2.1268401272305937,
      "gb": 2.331121866924931,
      "ridge": 10.20531518282031,
      "linear": 9.373633333803472
    }
  }
}