{
  "trained_best_model": "rf",
  "new_test_metrics": {
    "mae": 4.312682381530766,
    "rmse": 7.219772810489952,
    "r2": 0.9610106938177105,
    "mape": 11.860171325692201
  },
  "cv_mae": {
    "xgboost": 2.6954511914934427,
    "lightgbm": 2.4823311099585004,
    "catboost": 3.2153185933998927,
    "rf": 2.1270896575910934,
    "gb": 2.3286972633016605,
    "ridge": 10.232089028536985,
    "linear": 9.39472854928365
  },
  "test_mae_all": {
    "xgboost": 3.2240451948788977,
    "lightgbm": 4.147665282003573,
    "catboost": 3.868528547227773,
    "rf": 4.312682381530767,
    "gb": 3.8127046799312234,
    "ridge": 10.451778981263514,
    "linear": 9.050730952992275
  },
  "historical_best_cv_mae": 2.042469801781462,
  "is_new_historical_best": false,
  "features": [
    "pm2_5",
    "pm10",
    "co",
    "no2",
    "so2",
    "month_cos",
    "total_pm",
    "total_gases",
    "no2_o3_ratio",
    "pm2_5_rolling_3h",
    "pm10_rolling_3h",
    "co_rolling_3h",
    "pm2_5_co_interaction",
    "hour_sin",
    "hour_cos"
  ],
  "scaler_needed": false,
  "all_models_saved": [
    "model_xgboost.pkl",
    "model_lightgbm.pkl",
    "model_catboost.pkl",
    "model_rf.pkl",
    "model_gb.pkl",
    "model_ridge.pkl",
    "model_linear.pkl"
  ],
  "all_metrics": {
    "train": {
      "xgboost": {
        "mae": 1.8705076193078545,
        "rmse": 3.42410997092817,
        "r2": 0.9988229145431764,
        "mape": 1.504407674284104
      },
      "lightgbm": {
        "mae": 1.5479815875212162,
        "rmse": 3.062942173026049,
        "r2": 0.999058131699586,
        "mape": 1.266214168675349
      },
      "catboost": {
        "mae": 1.8990314970414237,
        "rmse": 3.024748353243958,
        "r2": 0.9990814747843135,
        "mape": 1.5776522679841931
      },
      "rf": {
        "mae": 1.1585964379926772,
        "rmse": 3.8550023685377237,
        "r2": 0.9985080238398072,
        "mape": 1.1332198328206184
      },
      "gb": {
        "mae": 1.4090371116406288,
        "rmse": 2.973206156062473,
        "r2": 0.999112511708898,
        "mape": 1.209670843270603
      },
      "ridge": {
        "mae": 8.896305517448111,
        "rmse": 11.768286084506116,
        "r2": 0.9860960236559148,
        "mape": 8.211212119061383
      },
      "linear": {
        "mae": 8.57591426767589,
        "rmse": 11.422872263222883,
        "r2": 0.9869002434125076,
        "mape": 7.776307335541735
      }
    },
    "val": {
      "xgboost": {
        "mae": 2.8996698431772727,
        "rmse": 9.039106577947269,
        "r2": 0.9409437629295542,
        "mape": 5.170566470431574
      },
      "lightgbm": {
        "mae": 2.9646130129168693,
        "rmse": 10.096577864871064,
        "r2": 0.9263177032321082,
        "mape": 4.8875037504655605
      },
      "catboost": {
        "mae": 3.440430972430062,
        "rmse": 9.847327629460397,
        "r2": 0.9299107307372796,
        "mape": 5.905021751072312
      },
      "rf": {
        "mae": 4.768176045376715,
        "rmse": 12.415132173264949,
        "r2": 0.8885917244390218,
        "mape": 8.002728782861363
      },
      "gb": {
        "mae": 2.9165879363567173,
        "rmse": 9.881827951506548,
        "r2": 0.9294187519204371,
        "mape": 4.564610090378112
      },
      "ridge": {
        "mae": 6.91410780956612,
        "rmse": 12.054487720386081,
        "r2": 0.8949702637564798,
        "mape": 10.975285192422579
      },
      "linear": {
        "mae": 6.596977167661073,
        "rmse": 11.815967140009747,
        "r2": 0.8990855619467807,
        "mape": 10.11968949960757
      }
    },
    "test": {
      "xgboost": {
        "mae": 3.2240451948788977,
        "rmse": 5.824334485267351,
        "r2": 0.9746258758737185,
        "mape": 8.713332514776056
      },
      "lightgbm": {
        "mae": 4.147665282003573,
        "rmse": 7.102045158511293,
        "r2": 0.9622718680117484,
        "mape": 9.365992654699994
      },
      "catboost": {
        "mae": 3.868528547227773,
        "rmse": 6.469293266377037,
        "r2": 0.9686951143339153,
        "mape": 9.804119460553054
      },
      "rf": {
        "mae": 4.312682381530767,
        "rmse": 7.219772810489952,
        "r2": 0.9610106938177105,
        "mape": 11.860171325692205
      },
      "gb": {
        "mae": 3.8127046799312234,
        "rmse": 6.93409969532232,
        "r2": 0.9640351207292879,
        "mape": 7.728408088458763
      },
      "ridge": {
        "mae": 10.451778981263514,
        "rmse": 13.682710096869739,
        "r2": 0.8599630334166211,
        "mape": 22.40724055199557
      },
      "linear": {
        "mae": 9.050730952992275,
        "rmse": 12.184061135757602,
        "r2": 0.8889591997920985,
        "mape": 19.591457001804553
      }
    },
    "cv_mae": {
      "xgboost": 2.6954511914934427,
      "lightgbm": 2.4823311099585004,
      "catboost": 3.2153185933998927,
      "rf": 2.1270896575910934,
      "gb": 2.3286972633016605,
      "ridge": 10.232089028536985,
      "linear": 9.39472854928365
    }
  }
}