{
  "trained_best_model": "rf",
  "new_test_metrics": {
    "mae": 3.6496714977508007,
    "rmse": 6.822505036464555,
    "r2": 0.9679598703330098,
    "mape": 10.628217898002582
  },
  "cv_mae": {
    "xgboost": 2.662417511464098,
    "lightgbm": 2.412870058075484,
    "catboost": 3.25325407183029,
    "rf": 2.169994433779398,
    "gb": 2.3192672428258083,
    "ridge": 10.205959733988252,
    "linear": 9.408524904502634
  },
  "test_mae_all": {
    "xgboost": 3.317818046602475,
    "lightgbm": 3.8151664809286587,
    "catboost": 3.8960670339319012,
    "rf": 3.649671497750799,
    "gb": 3.7890770392717554,
    "ridge": 10.468929993233154,
    "linear": 9.040927627898036
  },
  "historical_best_cv_mae": 2.042469801781462,
  "is_new_historical_best": false,
  "features": [
    "pm2_5",
    "pm10",
    "co",
    "no2",
    "so2",
    "month_cos",
    "total_pm",
    "total_gases",
    "no2_o3_ratio",
    "pm2_5_rolling_3h",
    "pm10_rolling_3h",
    "co_rolling_3h",
    "pm2_5_co_interaction",
    "hour_sin",
    "hour_cos"
  ],
  "scaler_needed": false,
  "all_models_saved": [
    "model_xgboost.pkl",
    "model_lightgbm.pkl",
    "model_catboost.pkl",
    "model_rf.pkl",
    "model_gb.pkl",
    "model_ridge.pkl",
    "model_linear.pkl"
  ],
  "all_metrics": {
    "train": {
      "xgboost": {
        "mae": 1.7886362074250421,
        "rmse": 3.3167203921158857,
        "r2": 0.9988949794267765,
        "mape": 1.4507533341178442
      },
      "lightgbm": {
        "mae": 1.8369873818888494,
        "rmse": 3.667034548118974,
        "r2": 0.9986492261480256,
        "mape": 1.5011719847009248
      },
      "catboost": {
        "mae": 1.924185577887928,
        "rmse": 3.034972033027444,
        "r2": 0.9990747437470303,
        "mape": 1.5994038864383955
      },
      "rf": {
        "mae": 1.1588812972226303,
        "rmse": 3.8728215670786095,
        "r2": 0.9984933665054013,
        "mape": 1.132451631657059
      },
      "gb": {
        "mae": 1.3802779585255638,
        "rmse": 2.9376212173541334,
        "r2": 0.9991331494392758,
        "mape": 1.191001994759051
      },
      "ridge": {
        "mae": 8.877556043806889,
        "rmse": 11.749863553641603,
        "r2": 0.9861318577217641,
        "mape": 8.210838565617912
      },
      "linear": {
        "mae": 8.556581400659136,
        "rmse": 11.405634535479827,
        "r2": 0.9869325289956742,
        "mape": 7.77413211912852
      }
    },
    "val": {
      "xgboost": {
        "mae": 2.765440886423468,
        "rmse": 8.971008539607107,
        "r2": 0.941937986297802,
        "mape": 4.827864038729106
      },
      "lightgbm": {
        "mae": 3.0852012703138385,
        "rmse": 10.354008603815464,
        "r2": 0.9226560056840601,
        "mape": 4.818760126747011
      },
      "catboost": {
        "mae": 3.3698013325181155,
        "rmse": 10.044128620998952,
        "r2": 0.9272163074936164,
        "mape": 5.806932106663989
      },
      "rf": {
        "mae": 4.092455617451229,
        "rmse": 12.17238480926788,
        "r2": 0.89310413633195,
        "mape": 6.77905571691122
      },
      "gb": {
        "mae": 2.801593521995317,
        "rmse": 9.61601614638039,
        "r2": 0.9332886204739954,
        "mape": 4.245678742013374
      },
      "ridge": {
        "mae": 6.730150929931703,
        "rmse": 11.961850726036824,
        "r2": 0.8967699088762742,
        "mape": 10.612476200816321
      },
      "linear": {
        "mae": 6.478708344428143,
        "rmse": 11.760834055934469,
        "r2": 0.9002102813671676,
        "mape": 9.880147130257471
      }
    },
    "test": {
      "xgboost": {
        "mae": 3.317818046602475,
        "rmse": 5.906158013868639,
        "r2": 0.975988645536093,
        "mape": 8.210210884959071
      },
      "lightgbm": {
        "mae": 3.8151664809286587,
        "rmse": 6.35951415764335,
        "r2": 0.972160949929545,
        "mape": 8.848933966569584
      },
      "catboost": {
        "mae": 3.8960670339319012,
        "rmse": 6.397730101073813,
        "r2": 0.9718253607174883,
        "mape": 9.705046566363565
      },
      "rf": {
        "mae": 3.649671497750799,
        "rmse": 6.822505036464554,
        "r2": 0.9679598703330098,
        "mape": 10.62821789800258
      },
      "gb": {
        "mae": 3.7890770392717554,
        "rmse": 6.641820408111725,
        "r2": 0.96963447517369,
        "mape": 7.297666637152446
      },
      "ridge": {
        "mae": 10.468929993233154,
        "rmse": 13.663721927929247,
        "r2": 0.8714877387769655,
        "mape": 22.228502267511235
      },
      "linear": {
        "mae": 9.040927627898036,
        "rmse": 12.167965836178354,
        "r2": 0.8980839698773444,
        "mape": 19.40843539687259
      }
    },
    "cv_mae": {
      "xgboost": 2.662417511464098,
      "lightgbm": 2.412870058075484,
      "catboost": 3.25325407183029,
      "rf": 2.169994433779398,
      "gb": 2.3192672428258083,
      "ridge": 10.205959733988252,
      "linear": 9.408524904502634
    }
  }
}