{
  "trained_best_model": "rf",
  "new_test_metrics": {
    "mae": 3.1671464144739945,
    "rmse": 6.1238148038099345,
    "r2": 0.9817426020616546,
    "mape": 9.532357720234296
  },
  "cv_mae": {
    "xgboost": 2.538347813107962,
    "lightgbm": 2.4574745393038477,
    "catboost": 3.144932353116923,
    "rf": 2.104620979238125,
    "gb": 2.221312821352714,
    "ridge": 9.477727354817478,
    "linear": 8.830556360221319
  },
  "test_mae_all": {
    "xgboost": 2.8991832602551253,
    "lightgbm": 4.153251175951706,
    "catboost": 3.3733209505757955,
    "rf": 3.167146414473995,
    "gb": 5.765793672468423,
    "ridge": 11.425784268984831,
    "linear": 9.79191329777225
  },
  "historical_best_cv_mae": 2.042469801781462,
  "is_new_historical_best": false,
  "features": [
    "pm2_5",
    "pm10",
    "co",
    "no2",
    "so2",
    "month_cos",
    "total_pm",
    "total_gases",
    "no2_o3_ratio",
    "pm2_5_rolling_3h",
    "pm10_rolling_3h",
    "co_rolling_3h",
    "pm2_5_co_interaction",
    "hour_sin",
    "hour_cos"
  ],
  "scaler_needed": false,
  "all_models_saved": [
    "model_xgboost.pkl",
    "model_lightgbm.pkl",
    "model_catboost.pkl",
    "model_rf.pkl",
    "model_gb.pkl",
    "model_ridge.pkl",
    "model_linear.pkl"
  ],
  "all_metrics": {
    "train": {
      "xgboost": {
        "mae": 1.8033998832155191,
        "rmse": 3.3460018574548918,
        "r2": 0.9988380116794233,
        "mape": 1.474574763797553
      },
      "lightgbm": {
        "mae": 1.5860204377561424,
        "rmse": 3.141912958344581,
        "r2": 0.9989754392691131,
        "mape": 1.3127916518092175
      },
      "catboost": {
        "mae": 1.8948171041000088,
        "rmse": 2.995849806272516,
        "r2": 0.9990684857975355,
        "mape": 1.596825793115459
      },
      "rf": {
        "mae": 1.1737828042495673,
        "rmse": 3.8958221845002834,
        "r2": 0.9984247566310993,
        "mape": 1.1486159266897784
      },
      "gb": {
        "mae": 1.4040326603482116,
        "rmse": 2.9989377886189637,
        "r2": 0.9990665644850001,
        "mape": 1.2164970415712275
      },
      "ridge": {
        "mae": 8.685491770580326,
        "rmse": 11.557660691304779,
        "r2": 0.9861359764271757,
        "mape": 8.131298598966849
      },
      "linear": {
        "mae": 8.38707064716096,
        "rmse": 11.23834460593413,
        "r2": 0.9868914668323322,
        "mape": 7.717133950487814
      }
    },
    "val": {
      "xgboost": {
        "mae": 2.6639720098068724,
        "rmse": 8.427939020967605,
        "r2": 0.9471495763434641,
        "mape": 4.40596134208749
      },
      "lightgbm": {
        "mae": 2.753019771628254,
        "rmse": 10.229408739300062,
        "r2": 0.9221413681317603,
        "mape": 4.048478564267981
      },
      "catboost": {
        "mae": 2.9902998690380405,
        "rmse": 9.310775550486264,
        "r2": 0.9354973706049792,
        "mape": 5.010949420881878
      },
      "rf": {
        "mae": 3.313075463906322,
        "rmse": 11.757327423532466,
        "r2": 0.8971455871650478,
        "mape": 5.656043934830632
      },
      "gb": {
        "mae": 2.661433239875265,
        "rmse": 9.657184458781094,
        "r2": 0.9306084230233755,
        "mape": 3.861223179606267
      },
      "ridge": {
        "mae": 6.360437714730233,
        "rmse": 11.577544691160538,
        "r2": 0.900267056734219,
        "mape": 10.338978630370871
      },
      "linear": {
        "mae": 6.037516552365049,
        "rmse": 11.408740416785518,
        "r2": 0.9031541308443563,
        "mape": 9.472748280093144
      }
    },
    "test": {
      "xgboost": {
        "mae": 2.8991832602551253,
        "rmse": 5.0133756083428915,
        "r2": 0.987763554721707,
        "mape": 6.989987532216178
      },
      "lightgbm": {
        "mae": 4.153251175951706,
        "rmse": 6.64495317568501,
        "r2": 0.9785029614672872,
        "mape": 7.45749650683741
      },
      "catboost": {
        "mae": 3.3733209505757955,
        "rmse": 5.671721538302706,
        "r2": 0.984338816229985,
        "mape": 8.43911093730034
      },
      "rf": {
        "mae": 3.167146414473995,
        "rmse": 6.1238148038099345,
        "r2": 0.9817426020616546,
        "mape": 9.532357720234296
      },
      "gb": {
        "mae": 5.765793672468423,
        "rmse": 9.854174806506704,
        "r2": 0.9527245894393572,
        "mape": 7.750121359246548
      },
      "ridge": {
        "mae": 11.425784268984831,
        "rmse": 14.356755596919974,
        "r2": 0.8996523054126115,
        "mape": 22.288732483407816
      },
      "linear": {
        "mae": 9.79191329777225,
        "rmse": 12.69064411038265,
        "r2": 0.9215916860265936,
        "mape": 19.476335204601437
      }
    },
    "cv_mae": {
      "xgboost": 2.538347813107962,
      "lightgbm": 2.4574745393038477,
      "catboost": 3.144932353116923,
      "rf": 2.104620979238125,
      "gb": 2.221312821352714,
      "ridge": 9.477727354817478,
      "linear": 8.830556360221319
    }
  }
}