{
  "trained_best_model": "rf",
  "new_test_metrics": {
    "mae": 3.552667694200972,
    "rmse": 6.672617126768856,
    "r2": 0.9717638335838087,
    "mape": 10.393833645988897
  },
  "cv_mae": {
    "xgboost": 2.5304234637206315,
    "lightgbm": 2.3863202110059443,
    "catboost": 3.234835618136323,
    "rf": 2.129919666321232,
    "gb": 2.26258813011868,
    "ridge": 10.136458311643802,
    "linear": 9.388008357245972
  },
  "test_mae_all": {
    "xgboost": 3.2756338231063604,
    "lightgbm": 3.8220961626721883,
    "catboost": 4.221980245181549,
    "rf": 3.552667694200973,
    "gb": 4.099028831374412,
    "ridge": 10.523587560582028,
    "linear": 9.083720185944813
  },
  "historical_best_cv_mae": 2.042469801781462,
  "is_new_historical_best": false,
  "features": [
    "pm2_5",
    "pm10",
    "co",
    "no2",
    "so2",
    "month_cos",
    "total_pm",
    "total_gases",
    "no2_o3_ratio",
    "pm2_5_rolling_3h",
    "pm10_rolling_3h",
    "co_rolling_3h",
    "pm2_5_co_interaction",
    "hour_sin",
    "hour_cos"
  ],
  "scaler_needed": false,
  "all_models_saved": [
    "model_xgboost.pkl",
    "model_lightgbm.pkl",
    "model_catboost.pkl",
    "model_rf.pkl",
    "model_gb.pkl",
    "model_ridge.pkl",
    "model_linear.pkl"
  ],
  "all_metrics": {
    "train": {
      "xgboost": {
        "mae": 1.9032407452371178,
        "rmse": 3.5070098841919313,
        "r2": 0.998755566383848,
        "mape": 1.5379013937842598
      },
      "lightgbm": {
        "mae": 1.698939807286811,
        "rmse": 3.3608591051187027,
        "r2": 0.9988571259626953,
        "mape": 1.3913741161992357
      },
      "catboost": {
        "mae": 1.8616054514676614,
        "rmse": 2.9474142469709776,
        "r2": 0.9991210177373133,
        "mape": 1.56340005785448
      },
      "rf": {
        "mae": 1.1672946128232626,
        "rmse": 3.875870752902238,
        "r2": 0.9984800254117642,
        "mape": 1.141951633103332
      },
      "gb": {
        "mae": 1.4044160586308025,
        "rmse": 2.9522954756425843,
        "r2": 0.9991181039519856,
        "mape": 1.2117600233425367
      },
      "ridge": {
        "mae": 8.857375521692664,
        "rmse": 11.722872427092664,
        "r2": 0.9860951652418412,
        "mape": 8.212505575146997
      },
      "linear": {
        "mae": 8.53734327436927,
        "rmse": 11.379812356232577,
        "r2": 0.9868970840140256,
        "mape": 7.776768366706599
      }
    },
    "val": {
      "xgboost": {
        "mae": 2.8433786766714158,
        "rmse": 9.130065541913302,
        "r2": 0.9396626893963307,
        "mape": 4.895992976129913
      },
      "lightgbm": {
        "mae": 2.8629185164916877,
        "rmse": 10.175907947575599,
        "r2": 0.9250477805561826,
        "mape": 4.518322030858901
      },
      "catboost": {
        "mae": 3.549536517153539,
        "rmse": 9.507110270031928,
        "r2": 0.9345762821054343,
        "mape": 5.962787421775958
      },
      "rf": {
        "mae": 3.9240542930518445,
        "rmse": 12.070559016414318,
        "r2": 0.894538747293907,
        "mape": 6.521723099078771
      },
      "gb": {
        "mae": 2.7828369638280157,
        "rmse": 9.72352954817134,
        "r2": 0.9315637766913978,
        "mape": 4.33437454232028
      },
      "ridge": {
        "mae": 6.57834999100062,
        "rmse": 11.901930848690544,
        "r2": 0.8974647951374523,
        "mape": 10.331873780027792
      },
      "linear": {
        "mae": 6.3314381682601155,
        "rmse": 11.704177686574784,
        "r2": 0.9008437780412535,
        "mape": 9.615794257476542
      }
    },
    "test": {
      "xgboost": {
        "mae": 3.2756338231063604,
        "rmse": 5.7696415035744915,
        "r2": 0.9788888943389044,
        "mape": 8.435913499788844
      },
      "lightgbm": {
        "mae": 3.8220961626721883,
        "rmse": 6.561363981581383,
        "r2": 0.972697552439383,
        "mape": 8.30342064299581
      },
      "catboost": {
        "mae": 4.221980245181549,
        "rmse": 6.686605214679642,
        "r2": 0.9716453241693855,
        "mape": 9.954521069816838
      },
      "rf": {
        "mae": 3.552667694200973,
        "rmse": 6.672617126768856,
        "r2": 0.9717638335838087,
        "mape": 10.393833645988897
      },
      "gb": {
        "mae": 4.099028831374412,
        "rmse": 7.260115363229485,
        "r2": 0.9665727719283709,
        "mape": 7.604150700434786
      },
      "ridge": {
        "mae": 10.523587560582028,
        "rmse": 13.689053896151114,
        "r2": 0.8811606718399374,
        "mape": 22.140678436474914
      },
      "linear": {
        "mae": 9.083720185944813,
        "rmse": 12.181671656915544,
        "r2": 0.905891879485829,
        "mape": 19.3411486172997
      }
    },
    "cv_mae": {
      "xgboost": 2.5304234637206315,
      "lightgbm": 2.3863202110059443,
      "catboost": 3.234835618136323,
      "rf": 2.129919666321232,
      "gb": 2.26258813011868,
      "ridge": 10.136458311643802,
      "linear": 9.388008357245972
    }
  }
}