{
  "trained_best_model": "rf",
  "new_test_metrics": {
    "mae": 4.7978892986307,
    "rmse": 7.554379256492714,
    "r2": 0.9563289722230149,
    "mape": 12.449662692233577
  },
  "cv_mae": {
    "xgboost": 2.7119107968653253,
    "lightgbm": 2.423479650639886,
    "catboost": 3.3135248840354046,
    "rf": 2.1317169133713763,
    "gb": 2.3245161371552223,
    "ridge": 10.257858252390719,
    "linear": 9.404689759343341
  },
  "test_mae_all": {
    "xgboost": 3.3212858230003106,
    "lightgbm": 4.056295653894328,
    "catboost": 4.1894081422739085,
    "rf": 4.7978892986307,
    "gb": 3.949961565114594,
    "ridge": 10.477912270247726,
    "linear": 9.116927070007403
  },
  "historical_best_cv_mae": 2.042469801781462,
  "is_new_historical_best": false,
  "features": [
    "pm2_5",
    "pm10",
    "co",
    "no2",
    "so2",
    "month_cos",
    "total_pm",
    "total_gases",
    "no2_o3_ratio",
    "pm2_5_rolling_3h",
    "pm10_rolling_3h",
    "co_rolling_3h",
    "pm2_5_co_interaction",
    "hour_sin",
    "hour_cos"
  ],
  "scaler_needed": false,
  "all_models_saved": [
    "model_xgboost.pkl",
    "model_lightgbm.pkl",
    "model_catboost.pkl",
    "model_rf.pkl",
    "model_gb.pkl",
    "model_ridge.pkl",
    "model_linear.pkl"
  ],
  "all_metrics": {
    "train": {
      "xgboost": {
        "mae": 1.9790140372510836,
        "rmse": 3.6665756866200647,
        "r2": 0.9986482638314406,
        "mape": 1.566734265705386
      },
      "lightgbm": {
        "mae": 1.7112762267187183,
        "rmse": 3.3926609709091577,
        "r2": 0.9988426850820176,
        "mape": 1.3846038018507143
      },
      "catboost": {
        "mae": 1.9375507887672399,
        "rmse": 3.0525042586124296,
        "r2": 0.9990631216935846,
        "mape": 1.595951602862265
      },
      "rf": {
        "mae": 1.1494463654828881,
        "rmse": 3.8175174258594984,
        "r2": 0.9985346793086233,
        "mape": 1.1232450173118103
      },
      "gb": {
        "mae": 1.3948447454020776,
        "rmse": 2.98111061139028,
        "r2": 0.9991064336478862,
        "mape": 1.2015994739432403
      },
      "ridge": {
        "mae": 8.955987018462281,
        "rmse": 11.805153539496946,
        "r2": 0.9859875554901747,
        "mape": 8.236297382071834
      },
      "linear": {
        "mae": 8.622675880678539,
        "rmse": 11.450087448631136,
        "r2": 0.98681778978501,
        "mape": 7.787604099928447
      }
    },
    "val": {
      "xgboost": {
        "mae": 2.8890875289429268,
        "rmse": 9.288255594670117,
        "r2": 0.9347005329050259,
        "mape": 5.079882571133488
      },
      "lightgbm": {
        "mae": 2.9446595437544927,
        "rmse": 10.15531635935271,
        "r2": 0.9219400559536052,
        "mape": 4.877936364886521
      },
      "catboost": {
        "mae": 3.895236752756013,
        "rmse": 10.645432490028158,
        "r2": 0.9142235750116001,
        "mape": 6.3980576378263025
      },
      "rf": {
        "mae": 5.184668992516813,
        "rmse": 12.5313863068066,
        "r2": 0.8811389512473515,
        "mape": 8.70047035727879
      },
      "gb": {
        "mae": 2.7516994062331053,
        "rmse": 9.87129193444447,
        "r2": 0.9262453658152181,
        "mape": 4.34297045411422
      },
      "ridge": {
        "mae": 6.72928592676949,
        "rmse": 11.869106435017773,
        "r2": 0.8933705006557072,
        "mape": 11.000318570356725
      },
      "linear": {
        "mae": 6.350553867449869,
        "rmse": 11.589179222019196,
        "r2": 0.8983408019057103,
        "mape": 10.044489071692613
      }
    },
    "test": {
      "xgboost": {
        "mae": 3.3212858230003106,
        "rmse": 6.040174331548863,
        "r2": 0.9720813257500429,
        "mape": 8.793549592804005
      },
      "lightgbm": {
        "mae": 4.056295653894328,
        "rmse": 6.810632492192032,
        "r2": 0.9645047093551898,
        "mape": 9.186826303019362
      },
      "catboost": {
        "mae": 4.1894081422739085,
        "rmse": 6.743113647302883,
        "r2": 0.9652050030167432,
        "mape": 10.349229072509559
      },
      "rf": {
        "mae": 4.7978892986307,
        "rmse": 7.554379256492714,
        "r2": 0.9563289722230149,
        "mape": 12.449662692233575
      },
      "gb": {
        "mae": 3.949961565114594,
        "rmse": 7.300943777567734,
        "r2": 0.9592099861474411,
        "mape": 7.863136716804206
      },
      "ridge": {
        "mae": 10.477912270247726,
        "rmse": 13.734584651456789,
        "r2": 0.855646637197254,
        "mape": 22.572423758646867
      },
      "linear": {
        "mae": 9.116927070007403,
        "rmse": 12.268193086410294,
        "r2": 0.8848253105532345,
        "mape": 19.739933071939575
      }
    },
    "cv_mae": {
      "xgboost": 2.7119107968653253,
      "lightgbm": 2.423479650639886,
      "catboost": 3.3135248840354046,
      "rf": 2.1317169133713763,
      "gb": 2.3245161371552223,
      "ridge": 10.257858252390719,
      "linear": 9.404689759343341
    }
  }
}