{
  "trained_best_model": "rf",
  "new_test_metrics": {
    "mae": 3.3864935727520806,
    "rmse": 6.58886574337448,
    "r2": 0.975559997518087,
    "mape": 10.276338974316012
  },
  "cv_mae": {
    "xgboost": 2.6468197768448385,
    "lightgbm": 2.469579327868304,
    "catboost": 3.2284590903336143,
    "rf": 2.2403651080160105,
    "gb": 2.259283905585799,
    "ridge": 9.685385603855204,
    "linear": 9.045959693857814
  },
  "test_mae_all": {
    "xgboost": 3.403167693591152,
    "lightgbm": 3.6025378220797606,
    "catboost": 3.849996331377159,
    "rf": 3.3864935727520797,
    "gb": 4.427163131061798,
    "ridge": 10.993124228016047,
    "linear": 9.423203489016865
  },
  "historical_best_cv_mae": 2.042469801781462,
  "is_new_historical_best": false,
  "features": [
    "pm2_5",
    "pm10",
    "co",
    "no2",
    "so2",
    "month_cos",
    "total_pm",
    "total_gases",
    "no2_o3_ratio",
    "pm2_5_rolling_3h",
    "pm10_rolling_3h",
    "co_rolling_3h",
    "pm2_5_co_interaction",
    "hour_sin",
    "hour_cos"
  ],
  "scaler_needed": false,
  "all_models_saved": [
    "model_xgboost.pkl",
    "model_lightgbm.pkl",
    "model_catboost.pkl",
    "model_rf.pkl",
    "model_gb.pkl",
    "model_ridge.pkl",
    "model_linear.pkl"
  ],
  "all_metrics": {
    "train": {
      "xgboost": {
        "mae": 1.8182037081970395,
        "rmse": 3.3686634187400655,
        "r2": 0.9988406325491245,
        "mape": 1.4844557964949239
      },
      "lightgbm": {
        "mae": 1.8675458406565384,
        "rmse": 3.816046345837812,
        "r2": 0.998512239090163,
        "mape": 1.5391187128333028
      },
      "catboost": {
        "mae": 1.9066587913799928,
        "rmse": 3.0135139628639696,
        "r2": 0.999072204463884,
        "mape": 1.6024272010497942
      },
      "rf": {
        "mae": 1.1814454683518505,
        "rmse": 3.898341211901418,
        "r2": 0.9984473786250643,
        "mape": 1.1582874133774865
      },
      "gb": {
        "mae": 1.4032835616635466,
        "rmse": 2.9664529448961128,
        "r2": 0.9991009563248903,
        "mape": 1.221078561171948
      },
      "ridge": {
        "mae": 8.747836511570044,
        "rmse": 11.625616500728713,
        "r2": 0.9861917752347683,
        "mape": 8.11508816431142
      },
      "linear": {
        "mae": 8.43457899520303,
        "rmse": 11.291993428812832,
        "r2": 0.9869729195250354,
        "mape": 7.6895598277814985
      }
    },
    "val": {
      "xgboost": {
        "mae": 2.793031788307782,
        "rmse": 9.218639298266025,
        "r2": 0.936944804650105,
        "mape": 4.908583824546882
      },
      "lightgbm": {
        "mae": 2.8657874839850384,
        "rmse": 10.46261004611712,
        "r2": 0.9187791914704558,
        "mape": 4.646752879061797
      },
      "catboost": {
        "mae": 3.4190607884282547,
        "rmse": 10.56468539538357,
        "r2": 0.9171866471708124,
        "mape": 5.746731651654635
      },
      "rf": {
        "mae": 3.4324028697049846,
        "rmse": 11.88653432042131,
        "r2": 0.8951670691082145,
        "mape": 6.024013213056767
      },
      "gb": {
        "mae": 2.6103742356473862,
        "rmse": 9.873456134776461,
        "r2": 0.9276688062626529,
        "mape": 4.173690171458968
      },
      "ridge": {
        "mae": 6.55552947121465,
        "rmse": 11.748939850234997,
        "r2": 0.8975800424855793,
        "mape": 10.409757061938752
      },
      "linear": {
        "mae": 6.322653855551162,
        "rmse": 11.629547932244078,
        "r2": 0.8996510352204103,
        "mape": 9.671193555702812
      }
    },
    "test": {
      "xgboost": {
        "mae": 3.403167693591152,
        "rmse": 5.702743916999394,
        "r2": 0.9816917148090257,
        "mape": 8.4073240620162
      },
      "lightgbm": {
        "mae": 3.6025378220797606,
        "rmse": 6.021228246408766,
        "r2": 0.9795896660971111,
        "mape": 8.50198494042358
      },
      "catboost": {
        "mae": 3.849996331377159,
        "rmse": 6.475590227391291,
        "r2": 0.9763931170334792,
        "mape": 9.787344463976902
      },
      "rf": {
        "mae": 3.3864935727520797,
        "rmse": 6.588865743374483,
        "r2": 0.975559997518087,
        "mape": 10.276338974316014
      },
      "gb": {
        "mae": 4.427163131061798,
        "rmse": 7.525728731968532,
        "r2": 0.9681156880966327,
        "mape": 7.809370118558362
      },
      "ridge": {
        "mae": 10.993124228016047,
        "rmse": 14.056601626315066,
        "r2": 0.8887652193781034,
        "mape": 22.151620687232096
      },
      "linear": {
        "mae": 9.423203489016865,
        "rmse": 12.430488374980568,
        "r2": 0.9130126075575665,
        "mape": 19.32542515980769
      }
    },
    "cv_mae": {
      "xgboost": 2.6468197768448385,
      "lightgbm": 2.469579327868304,
      "catboost": 3.2284590903336143,
      "rf": 2.2403651080160105,
      "gb": 2.259283905585799,
      "ridge": 9.685385603855204,
      "linear": 9.045959693857814
    }
  }
}