{
  "trained_best_model": "rf",
  "new_test_metrics": {
    "mae": 4.689621537280098,
    "rmse": 7.571311658642907,
    "r2": 0.957535274159977,
    "mape": 12.413540937386097
  },
  "cv_mae": {
    "xgboost": 2.7043665622778366,
    "lightgbm": 2.4766585879599203,
    "catboost": 3.1285873221403784,
    "rf": 2.14599423224063,
    "gb": 2.313953557754869,
    "ridge": 10.193726613339328,
    "linear": 9.354853202361896
  },
  "test_mae_all": {
    "xgboost": 3.389644661983648,
    "lightgbm": 3.9935970240569887,
    "catboost": 3.7216768370204796,
    "rf": 4.689621537280098,
    "gb": 3.7644341791488922,
    "ridge": 10.52987198077701,
    "linear": 9.145535523785737
  },
  "historical_best_cv_mae": 2.042469801781462,
  "is_new_historical_best": false,
  "features": [
    "pm2_5",
    "pm10",
    "co",
    "no2",
    "so2",
    "month_cos",
    "total_pm",
    "total_gases",
    "no2_o3_ratio",
    "pm2_5_rolling_3h",
    "pm10_rolling_3h",
    "co_rolling_3h",
    "pm2_5_co_interaction",
    "hour_sin",
    "hour_cos"
  ],
  "scaler_needed": false,
  "all_models_saved": [
    "model_xgboost.pkl",
    "model_lightgbm.pkl",
    "model_catboost.pkl",
    "model_rf.pkl",
    "model_gb.pkl",
    "model_ridge.pkl",
    "model_linear.pkl"
  ],
  "all_metrics": {
    "train": {
      "xgboost": {
        "mae": 1.8505962596403098,
        "rmse": 3.3910346108860048,
        "r2": 0.9988449773927371,
        "mape": 1.4943286332530132
      },
      "lightgbm": {
        "mae": 1.7047041788669832,
        "rmse": 3.400527984434172,
        "r2": 0.9988385012514117,
        "mape": 1.3839209987133685
      },
      "catboost": {
        "mae": 1.9235306473216236,
        "rmse": 3.0412162188277208,
        "r2": 0.99907098947199,
        "mape": 1.5857421942217533
      },
      "rf": {
        "mae": 1.1561839007188255,
        "rmse": 3.8286320764530952,
        "r2": 0.9985276423846539,
        "mape": 1.131273962522038
      },
      "gb": {
        "mae": 1.3942806349870656,
        "rmse": 2.9705692711644196,
        "r2": 0.9991136496750553,
        "mape": 1.1948992109398335
      },
      "ridge": {
        "mae": 8.922569860728583,
        "rmse": 11.781843600532326,
        "r2": 0.9860571181729189,
        "mape": 8.215405062320471
      },
      "linear": {
        "mae": 8.591741549352914,
        "rmse": 11.43099278019286,
        "r2": 0.9868751623287556,
        "mape": 7.768672942806712
      }
    },
    "val": {
      "xgboost": {
        "mae": 2.797803221227916,
        "rmse": 8.797493633945544,
        "r2": 0.9413730807458349,
        "mape": 4.991937113976808
      },
      "lightgbm": {
        "mae": 2.9794984296772387,
        "rmse": 10.25504269299319,
        "r2": 0.9203374697660048,
        "mape": 4.590589572319352
      },
      "catboost": {
        "mae": 3.2540725745490535,
        "rmse": 9.40571379817685,
        "r2": 0.932986443026185,
        "mape": 5.710361979088665
      },
      "rf": {
        "mae": 5.090708935442367,
        "rmse": 12.494751864759284,
        "r2": 0.8817409400310775,
        "mape": 8.59776934884744
      },
      "gb": {
        "mae": 2.754439045856156,
        "rmse": 9.669603838551613,
        "r2": 0.9291733804822905,
        "mape": 4.457077847578208
      },
      "ridge": {
        "mae": 6.640932291533165,
        "rmse": 11.833837171385255,
        "r2": 0.8939207771435036,
        "mape": 10.8657557326318
      },
      "linear": {
        "mae": 6.305610917925642,
        "rmse": 11.56672896387324,
        "r2": 0.8986554802162398,
        "mape": 9.959009062664567
      }
    },
    "test": {
      "xgboost": {
        "mae": 3.389644661983648,
        "rmse": 5.872277198605005,
        "r2": 0.9744553960403303,
        "mape": 8.716629326137252
      },
      "lightgbm": {
        "mae": 3.9935970240569887,
        "rmse": 6.4970211584713775,
        "r2": 0.9687309533902474,
        "mape": 8.61942179538092
      },
      "catboost": {
        "mae": 3.7216768370204796,
        "rmse": 6.350172226508426,
        "r2": 0.9701284962360368,
        "mape": 9.716312702279192
      },
      "rf": {
        "mae": 4.689621537280098,
        "rmse": 7.571311658642907,
        "r2": 0.957535274159977,
        "mape": 12.4135409373861
      },
      "gb": {
        "mae": 3.7644341791488922,
        "rmse": 6.6127978243177505,
        "r2": 0.9676065974693084,
        "mape": 7.782899296831715
      },
      "ridge": {
        "mae": 10.52987198077701,
        "rmse": 13.74582152689751,
        "r2": 0.8600324118081204,
        "mape": 22.53322662188334
      },
      "linear": {
        "mae": 9.145535523785737,
        "rmse": 12.268718479502617,
        "r2": 0.8884975320563943,
        "mape": 19.705212839411935
      }
    },
    "cv_mae": {
      "xgboost": 2.7043665622778366,
      "lightgbm": 2.4766585879599203,
      "catboost": 3.1285873221403784,
      "rf": 2.14599423224063,
      "gb": 2.313953557754869,
      "ridge": 10.193726613339328,
      "linear": 9.354853202361896
    }
  }
}