{
  "trained_best_model": "gb",
  "new_test_metrics": {
    "mae": 4.936765691888259,
    "rmse": 8.194583835152063,
    "r2": 0.969575978988998,
    "mape": 6.707435052067067
  },
  "cv_mae": {
    "xgboost": 2.6748117398375864,
    "lightgbm": 2.4678188897383264,
    "catboost": 3.1696403185254973,
    "rf": 2.229725078172849,
    "gb": 2.2086172745728434,
    "ridge": 9.752760791281592,
    "linear": 8.881830027743527
  },
  "test_mae_all": {
    "xgboost": 3.456535988561437,
    "lightgbm": 3.9707506805743993,
    "catboost": 3.904283572046731,
    "rf": 3.2121468610855017,
    "gb": 4.936765691888259,
    "ridge": 11.584263422670215,
    "linear": 9.919157507398433
  },
  "historical_best_cv_mae": 2.042469801781462,
  "is_new_historical_best": false,
  "features": [
    "pm2_5",
    "pm10",
    "co",
    "no2",
    "so2",
    "month_cos",
    "total_pm",
    "total_gases",
    "no2_o3_ratio",
    "pm2_5_rolling_3h",
    "pm10_rolling_3h",
    "co_rolling_3h",
    "pm2_5_co_interaction",
    "hour_sin",
    "hour_cos"
  ],
  "scaler_needed": false,
  "all_models_saved": [
    "model_xgboost.pkl",
    "model_lightgbm.pkl",
    "model_catboost.pkl",
    "model_rf.pkl",
    "model_gb.pkl",
    "model_ridge.pkl",
    "model_linear.pkl"
  ],
  "all_metrics": {
    "train": {
      "xgboost": {
        "mae": 1.8058465472717187,
        "rmse": 3.3762963687276746,
        "r2": 0.9987892881575477,
        "mape": 1.4895327242331091
      },
      "lightgbm": {
        "mae": 1.6355182460322417,
        "rmse": 3.2762038032885874,
        "r2": 0.9988600088301085,
        "mape": 1.3619405568579783
      },
      "catboost": {
        "mae": 1.8815580975508461,
        "rmse": 3.0102072654231415,
        "r2": 0.9990376069759171,
        "mape": 1.5908318347004038
      },
      "rf": {
        "mae": 1.1774559365836996,
        "rmse": 3.8777171491923093,
        "r2": 0.9984029742385326,
        "mape": 1.1615026911790616
      },
      "gb": {
        "mae": 1.3779457088079585,
        "rmse": 2.930726276369657,
        "r2": 0.9990877577480687,
        "mape": 1.207618228941217
      },
      "ridge": {
        "mae": 8.612008303878842,
        "rmse": 11.480466446843488,
        "r2": 0.9860015891960046,
        "mape": 8.105263530824164
      },
      "linear": {
        "mae": 8.31388755233785,
        "rmse": 11.15277808577032,
        "r2": 0.9867893012639054,
        "mape": 7.691572733794729
      }
    },
    "val": {
      "xgboost": {
        "mae": 2.6843079410187185,
        "rmse": 8.998579472362279,
        "r2": 0.939474919935101,
        "mape": 4.2854290947128195
      },
      "lightgbm": {
        "mae": 2.553977918223075,
        "rmse": 9.8233449291122,
        "r2": 0.927871608536989,
        "mape": 3.760270050638249
      },
      "catboost": {
        "mae": 3.012244534814365,
        "rmse": 9.772443045377063,
        "r2": 0.9286171710198218,
        "mape": 5.027593151679843
      },
      "rf": {
        "mae": 3.3532402776021497,
        "rmse": 11.799720752524328,
        "r2": 0.8959287145852897,
        "mape": 5.741601129341617
      },
      "gb": {
        "mae": 2.5963954365801496,
        "rmse": 9.728878082621696,
        "r2": 0.929252193120754,
        "mape": 3.675219501711313
      },
      "ridge": {
        "mae": 6.406885835306154,
        "rmse": 11.601339295433249,
        "r2": 0.8993986713720736,
        "mape": 10.36993090848021
      },
      "linear": {
        "mae": 6.022303483494956,
        "rmse": 11.428862249993296,
        "r2": 0.9023677144729974,
        "mape": 9.43515489354817
      }
    },
    "test": {
      "xgboost": {
        "mae": 3.456535988561437,
        "rmse": 5.595983197404467,
        "r2": 0.9858121819394942,
        "mape": 7.101461381486068
      },
      "lightgbm": {
        "mae": 3.9707506805743993,
        "rmse": 6.3290385053301055,
        "r2": 0.9818516025068651,
        "mape": 7.011452470102395
      },
      "catboost": {
        "mae": 3.904283572046731,
        "rmse": 6.426305877837309,
        "r2": 0.9812894913826838,
        "mape": 8.776931009460554
      },
      "rf": {
        "mae": 3.2121468610855017,
        "rmse": 6.231826221840254,
        "r2": 0.9824048296632286,
        "mape": 9.692831162689007
      },
      "gb": {
        "mae": 4.936765691888259,
        "rmse": 8.194583835152063,
        "r2": 0.969575978988998,
        "mape": 6.707435052067067
      },
      "ridge": {
        "mae": 11.584263422670215,
        "rmse": 14.462755068257295,
        "r2": 0.9052313116769631,
        "mape": 22.31417772783607
      },
      "linear": {
        "mae": 9.919157507398433,
        "rmse": 12.749940753791257,
        "r2": 0.9263489164733629,
        "mape": 19.495699862586694
      }
    },
    "cv_mae": {
      "xgboost": 2.6748117398375864,
      "lightgbm": 2.4678188897383264,
      "catboost": 3.1696403185254973,
      "rf": 2.229725078172849,
      "gb": 2.2086172745728434,
      "ridge": 9.752760791281592,
      "linear": 8.881830027743527
    }
  }
}