{
  "trained_best_model": "rf",
  "new_test_metrics": {
    "mae": 3.5965613152204265,
    "rmse": 6.754674940865107,
    "r2": 0.9728231937806114,
    "mape": 10.499195981830542
  },
  "cv_mae": {
    "xgboost": 2.653546902904772,
    "lightgbm": 2.4151386953056466,
    "catboost": 3.1857758906745715,
    "rf": 2.1153258574474116,
    "gb": 2.230278805060368,
    "ridge": 9.808717246003543,
    "linear": 9.161547596581869
  },
  "test_mae_all": {
    "xgboost": 3.257860998352312,
    "lightgbm": 3.965490329982983,
    "catboost": 3.8796996356977242,
    "rf": 3.5965613152204274,
    "gb": 4.728876257643857,
    "ridge": 10.739411844274542,
    "linear": 9.254539181949475
  },
  "historical_best_cv_mae": 2.042469801781462,
  "is_new_historical_best": false,
  "features": [
    "pm2_5",
    "pm10",
    "co",
    "no2",
    "so2",
    "month_cos",
    "total_pm",
    "total_gases",
    "no2_o3_ratio",
    "pm2_5_rolling_3h",
    "pm10_rolling_3h",
    "co_rolling_3h",
    "pm2_5_co_interaction",
    "hour_sin",
    "hour_cos"
  ],
  "scaler_needed": false,
  "all_models_saved": [
    "model_xgboost.pkl",
    "model_lightgbm.pkl",
    "model_catboost.pkl",
    "model_rf.pkl",
    "model_gb.pkl",
    "model_ridge.pkl",
    "model_linear.pkl"
  ],
  "all_metrics": {
    "train": {
      "xgboost": {
        "mae": 1.8301973453317681,
        "rmse": 3.420734882677393,
        "r2": 0.9988143722616036,
        "mape": 1.4859068836369755
      },
      "lightgbm": {
        "mae": 1.795086160892722,
        "rmse": 3.5762741339706974,
        "r2": 0.9987041010982787,
        "mape": 1.473376029377161
      },
      "catboost": {
        "mae": 1.8984402994634704,
        "rmse": 3.006105345235385,
        "r2": 0.99908437443449,
        "mape": 1.5940756891734513
      },
      "rf": {
        "mae": 1.167423053690999,
        "rmse": 3.8640881975030403,
        "r2": 0.9984871231415545,
        "mape": 1.142079615133102
      },
      "gb": {
        "mae": 1.3988996078802398,
        "rmse": 2.9718620247564487,
        "r2": 0.9991051158756653,
        "mape": 1.2060719921512035
      },
      "ridge": {
        "mae": 8.80129752424231,
        "rmse": 11.67515056808273,
        "r2": 0.9861887019066513,
        "mape": 8.15642511092078
      },
      "linear": {
        "mae": 8.48609324123385,
        "rmse": 11.337529898857808,
        "r2": 0.9869759393681918,
        "mape": 7.7280602171779345
      }
    },
    "val": {
      "xgboost": {
        "mae": 2.7237005255538036,
        "rmse": 8.897509344172374,
        "r2": 0.9409866959165613,
        "mape": 4.763482862037647
      },
      "lightgbm": {
        "mae": 2.860204797972846,
        "rmse": 10.321885473817472,
        "r2": 0.9205797778501095,
        "mape": 4.570956946626489
      },
      "catboost": {
        "mae": 3.4391925576517015,
        "rmse": 9.710500350077234,
        "r2": 0.929709563237666,
        "mape": 5.729390643154756
      },
      "rf": {
        "mae": 3.9640482133054187,
        "rmse": 12.139477637255217,
        "r2": 0.8901467211116254,
        "mape": 6.621086301978313
      },
      "gb": {
        "mae": 2.5828201538265416,
        "rmse": 9.882829696456598,
        "r2": 0.9271925788578728,
        "mape": 4.059980570419651
      },
      "ridge": {
        "mae": 6.526592058582566,
        "rmse": 11.783075368059045,
        "r2": 0.8965023863086681,
        "mape": 10.377106408501174
      },
      "linear": {
        "mae": 6.262234893039437,
        "rmse": 11.643196747119493,
        "r2": 0.8989450717896177,
        "mape": 9.60834597779785
      }
    },
    "test": {
      "xgboost": {
        "mae": 3.257860998352312,
        "rmse": 5.516334864609332,
        "r2": 0.9818744683821977,
        "mape": 7.966811352344859
      },
      "lightgbm": {
        "mae": 3.965490329982983,
        "rmse": 6.429368477934039,
        "r2": 0.9753778403559002,
        "mape": 8.396971347620257
      },
      "catboost": {
        "mae": 3.8796996356977242,
        "rmse": 6.103027489688346,
        "r2": 0.9778139410871771,
        "mape": 9.234244548972892
      },
      "rf": {
        "mae": 3.5965613152204274,
        "rmse": 6.754674940865109,
        "r2": 0.9728231937806114,
        "mape": 10.499195981830544
      },
      "gb": {
        "mae": 4.728876257643857,
        "rmse": 8.365858006866373,
        "r2": 0.9583120549493246,
        "mape": 8.002224916154097
      },
      "ridge": {
        "mae": 10.739411844274542,
        "rmse": 13.838268494220054,
        "r2": 0.8859348397597595,
        "mape": 22.101662848793772
      },
      "linear": {
        "mae": 9.254539181949475,
        "rmse": 12.28271669399034,
        "r2": 0.9101375243051761,
        "mape": 19.32740595448554
      }
    },
    "cv_mae": {
      "xgboost": 2.653546902904772,
      "lightgbm": 2.4151386953056466,
      "catboost": 3.1857758906745715,
      "rf": 2.1153258574474116,
      "gb": 2.230278805060368,
      "ridge": 9.808717246003543,
      "linear": 9.161547596581869
    }
  }
}