{
  "trained_best_model": "rf",
  "new_test_metrics": {
    "mae": 3.3657084574931937,
    "rmse": 6.666030815610224,
    "r2": 0.97758814801399,
    "mape": 10.332955034049112
  },
  "cv_mae": {
    "xgboost": 2.7228968476595945,
    "lightgbm": 2.4706040346444005,
    "catboost": 3.160018386547887,
    "rf": 2.251332260583146,
    "gb": 2.3519589328039725,
    "ridge": 9.880700978026578,
    "linear": 9.195760935446389
  },
  "test_mae_all": {
    "xgboost": 3.4379384872066483,
    "lightgbm": 3.835062462195539,
    "catboost": 3.5273689375872395,
    "rf": 3.3657084574931937,
    "gb": 5.209791220816843,
    "ridge": 11.40373934031032,
    "linear": 9.749459344087095
  },
  "historical_best_cv_mae": 2.042469801781462,
  "is_new_historical_best": false,
  "features": [
    "pm2_5",
    "pm10",
    "co",
    "no2",
    "so2",
    "month_cos",
    "total_pm",
    "total_gases",
    "no2_o3_ratio",
    "pm2_5_rolling_3h",
    "pm10_rolling_3h",
    "co_rolling_3h",
    "pm2_5_co_interaction",
    "hour_sin",
    "hour_cos"
  ],
  "scaler_needed": false,
  "all_models_saved": [
    "model_xgboost.pkl",
    "model_lightgbm.pkl",
    "model_catboost.pkl",
    "model_rf.pkl",
    "model_gb.pkl",
    "model_ridge.pkl",
    "model_linear.pkl"
  ],
  "all_metrics": {
    "train": {
      "xgboost": {
        "mae": 1.8772203405931427,
        "rmse": 3.513287551928152,
        "r2": 0.9987236355342507,
        "mape": 1.5299702878354953
      },
      "lightgbm": {
        "mae": 1.640169582583233,
        "rmse": 3.293533820622356,
        "r2": 0.9988783133115543,
        "mape": 1.3444096089408475
      },
      "catboost": {
        "mae": 1.8856698567758943,
        "rmse": 3.015920533288661,
        "r2": 0.9990594387136282,
        "mape": 1.589811564252521
      },
      "rf": {
        "mae": 1.1787176446226906,
        "rmse": 3.890667623770544,
        "r2": 0.9984347072526507,
        "mape": 1.1569600934260489
      },
      "gb": {
        "mae": 1.4030420071449061,
        "rmse": 2.9602823997109335,
        "r2": 0.9990938218270701,
        "mape": 1.2204970869445073
      },
      "ridge": {
        "mae": 8.703671797418286,
        "rmse": 11.571816978010977,
        "r2": 0.986153167992998,
        "mape": 8.13713921802352
      },
      "linear": {
        "mae": 8.400279211008316,
        "rmse": 11.250180004089144,
        "r2": 0.9869122119412375,
        "mape": 7.717234015078878
      }
    },
    "val": {
      "xgboost": {
        "mae": 2.857166902115356,
        "rmse": 9.392466379673419,
        "r2": 0.9345210935751518,
        "mape": 4.922718465631105
      },
      "lightgbm": {
        "mae": 2.7861716111106536,
        "rmse": 10.209056598783787,
        "r2": 0.9226405555411255,
        "mape": 4.295178698618828
      },
      "catboost": {
        "mae": 3.120991480970601,
        "rmse": 9.741147177363734,
        "r2": 0.929569247364939,
        "mape": 5.4289579175586615
      },
      "rf": {
        "mae": 3.4238114392867116,
        "rmse": 11.917096522028801,
        "r2": 0.8945897039612143,
        "mape": 6.054178808277593
      },
      "gb": {
        "mae": 2.7158338341117827,
        "rmse": 9.904096189595803,
        "r2": 0.9271932209491748,
        "mape": 4.0764617391116875
      },
      "ridge": {
        "mae": 6.354762110971657,
        "rmse": 11.584805200900286,
        "r2": 0.9003861810482736,
        "mape": 10.349646185768492
      },
      "linear": {
        "mae": 6.046131503201225,
        "rmse": 11.420399220733689,
        "r2": 0.9031934616622438,
        "mape": 9.502805957281458
      }
    },
    "test": {
      "xgboost": {
        "mae": 3.4379384872066483,
        "rmse": 5.798643989733311,
        "r2": 0.9830411654440363,
        "mape": 8.218713114891054
      },
      "lightgbm": {
        "mae": 3.835062462195539,
        "rmse": 6.101386846598636,
        "r2": 0.9812241228692531,
        "mape": 7.799256379083586
      },
      "catboost": {
        "mae": 3.5273689375872395,
        "rmse": 6.168351575112749,
        "r2": 0.9808097183067646,
        "mape": 9.142702564240707
      },
      "rf": {
        "mae": 3.3657084574931937,
        "rmse": 6.666030815610224,
        "r2": 0.97758814801399,
        "mape": 10.332955034049112
      },
      "gb": {
        "mae": 5.209791220816843,
        "rmse": 8.850511896816439,
        "r2": 0.9604924687738969,
        "mape": 7.606988697841718
      },
      "ridge": {
        "mae": 11.40373934031032,
        "rmse": 14.349068037159245,
        "r2": 0.8961538257973684,
        "mape": 22.324401422294144
      },
      "linear": {
        "mae": 9.749459344087095,
        "rmse": 12.665803750649054,
        "r2": 0.9190888039914733,
        "mape": 19.487833642682627
      }
    },
    "cv_mae": {
      "xgboost": 2.7228968476595945,
      "lightgbm": 2.4706040346444005,
      "catboost": 3.160018386547887,
      "rf": 2.251332260583146,
      "gb": 2.3519589328039725,
      "ridge": 9.880700978026578,
      "linear": 9.195760935446389
    }
  }
}