{
  "trained_best_model": "gb",
  "new_test_metrics": {
    "mae": 7.595457755250754,
    "rmse": 11.087953933261613,
    "r2": 0.9447432096002744,
    "mape": 11.017180922516188
  },
  "cv_mae": {
    "xgboost": 2.613858638024377,
    "lightgbm": 2.4249564692231993,
    "catboost": 3.1260672676393915,
    "rf": 2.2452909259809593,
    "gb": 2.1665470825140263,
    "ridge": 9.935529621581544,
    "linear": 9.038984547798815
  },
  "test_mae_all": {
    "xgboost": 3.3044612356667513,
    "lightgbm": 4.180138472534462,
    "catboost": 3.6410493907061503,
    "rf": 3.1999647057394296,
    "gb": 7.595457755250754,
    "ridge": 11.655137520358087,
    "linear": 10.051502080124333
  },
  "historical_best_cv_mae": 2.042469801781462,
  "is_new_historical_best": false,
  "features": [
    "pm2_5",
    "pm10",
    "co",
    "no2",
    "so2",
    "month_cos",
    "total_pm",
    "total_gases",
    "no2_o3_ratio",
    "pm2_5_rolling_3h",
    "pm10_rolling_3h",
    "co_rolling_3h",
    "pm2_5_co_interaction",
    "hour_sin",
    "hour_cos"
  ],
  "scaler_needed": false,
  "all_models_saved": [
    "model_xgboost.pkl",
    "model_lightgbm.pkl",
    "model_catboost.pkl",
    "model_rf.pkl",
    "model_gb.pkl",
    "model_ridge.pkl",
    "model_linear.pkl"
  ],
  "all_metrics": {
    "train": {
      "xgboost": {
        "mae": 1.7915491701649904,
        "rmse": 3.33848358171179,
        "r2": 0.9988023011899148,
        "mape": 1.4926087289955374
      },
      "lightgbm": {
        "mae": 1.8332276588549132,
        "rmse": 3.7346436106502447,
        "r2": 0.9985011869797967,
        "mape": 1.5434908974454746
      },
      "catboost": {
        "mae": 1.863234035361474,
        "rmse": 2.9671327513513037,
        "r2": 0.9990539304093253,
        "mape": 1.5970317746770843
      },
      "rf": {
        "mae": 1.1850548663913005,
        "rmse": 3.8967143006613103,
        "r2": 0.9983682776609858,
        "mape": 1.1711357268492515
      },
      "gb": {
        "mae": 1.3988565800958708,
        "rmse": 2.9995875569626396,
        "r2": 0.9990331208050542,
        "mape": 1.2227428793516637
      },
      "ridge": {
        "mae": 8.583643496317194,
        "rmse": 11.457427621165678,
        "r2": 0.9858933668203163,
        "mape": 8.091453978633476
      },
      "linear": {
        "mae": 8.294721602627995,
        "rmse": 11.139229358470452,
        "r2": 0.9866660316167776,
        "mape": 7.688035627057253
      }
    },
    "val": {
      "xgboost": {
        "mae": 2.955772582798788,
        "rmse": 8.917187245155615,
        "r2": 0.9403270611106068,
        "mape": 4.936090624262639
      },
      "lightgbm": {
        "mae": 3.0910299761161992,
        "rmse": 10.168993694680617,
        "r2": 0.9223971607337318,
        "mape": 4.715334335642347
      },
      "catboost": {
        "mae": 2.984881842039861,
        "rmse": 8.963185800171301,
        "r2": 0.9397098376580082,
        "mape": 4.93794346859993
      },
      "rf": {
        "mae": 3.2651575380789315,
        "rmse": 11.801814753655862,
        "r2": 0.8954752248427142,
        "mape": 5.632643162185342
      },
      "gb": {
        "mae": 4.394584223784421,
        "rmse": 10.012228462883876,
        "r2": 0.9247713692977604,
        "mape": 6.757607819120934
      },
      "ridge": {
        "mae": 6.280290650445751,
        "rmse": 11.519001057693151,
        "r2": 0.9004247761595913,
        "mape": 10.142871657249767
      },
      "linear": {
        "mae": 5.939673900618477,
        "rmse": 11.37496873580962,
        "r2": 0.9028993631326225,
        "mape": 9.284820093126871
      }
    },
    "test": {
      "xgboost": {
        "mae": 3.3044612356667513,
        "rmse": 5.337591407467418,
        "r2": 0.9871951799264886,
        "mape": 7.664853018922496
      },
      "lightgbm": {
        "mae": 4.180138472534462,
        "rmse": 6.264955455121655,
        "r2": 0.9823591785520284,
        "mape": 7.899700465055981
      },
      "catboost": {
        "mae": 3.6410493907061503,
        "rmse": 5.902737664509287,
        "r2": 0.9843400708094202,
        "mape": 8.599689972419249
      },
      "rf": {
        "mae": 3.1999647057394296,
        "rmse": 6.256551496262422,
        "r2": 0.9824064744359002,
        "mape": 9.71241125215796
      },
      "gb": {
        "mae": 7.595457755250754,
        "rmse": 11.087953933261613,
        "r2": 0.9447432096002744,
        "mape": 11.017180922516188
      },
      "ridge": {
        "mae": 11.655137520358087,
        "rmse": 14.470921652239886,
        "r2": 0.9058814530316124,
        "mape": 22.456448443895123
      },
      "linear": {
        "mae": 10.051502080124333,
        "rmse": 12.826086210367308,
        "r2": 0.9260614143558885,
        "mape": 19.744544264760876
      }
    },
    "cv_mae": {
      "xgboost": 2.613858638024377,
      "lightgbm": 2.4249564692231993,
      "catboost": 3.1260672676393915,
      "rf": 2.2452909259809593,
      "gb": 2.1665470825140263,
      "ridge": 9.935529621581544,
      "linear": 9.038984547798815
    }
  }
}