{
  "trained_best_model": "rf",
  "new_test_metrics": {
    "mae": 4.7429678934116986,
    "rmse": 7.683141033470934,
    "r2": 0.9549507311801146,
    "mape": 12.644657464531555
  },
  "cv_mae": {
    "xgboost": 2.6601658143642597,
    "lightgbm": 2.5276667550752405,
    "catboost": 3.184424018240765,
    "rf": 2.1435229157897076,
    "gb": 2.2792397748156157,
    "ridge": 10.219565528510383,
    "linear": 9.380159215913556
  },
  "test_mae_all": {
    "xgboost": 3.3657231100955807,
    "lightgbm": 3.6255051276094994,
    "catboost": 3.8860311652522053,
    "rf": 4.742967893411698,
    "gb": 3.998318764658954,
    "ridge": 10.460384208771103,
    "linear": 9.107534342882332
  },
  "historical_best_cv_mae": 2.042469801781462,
  "is_new_historical_best": false,
  "features": [
    "pm2_5",
    "pm10",
    "co",
    "no2",
    "so2",
    "month_cos",
    "total_pm",
    "total_gases",
    "no2_o3_ratio",
    "pm2_5_rolling_3h",
    "pm10_rolling_3h",
    "co_rolling_3h",
    "pm2_5_co_interaction",
    "hour_sin",
    "hour_cos"
  ],
  "scaler_needed": false,
  "all_models_saved": [
    "model_xgboost.pkl",
    "model_lightgbm.pkl",
    "model_catboost.pkl",
    "model_rf.pkl",
    "model_gb.pkl",
    "model_ridge.pkl",
    "model_linear.pkl"
  ],
  "all_metrics": {
    "train": {
      "xgboost": {
        "mae": 1.8375422643510952,
        "rmse": 3.3532420576117015,
        "r2": 0.9988702503564403,
        "mape": 1.4737881454889679
      },
      "lightgbm": {
        "mae": 1.9154092095937936,
        "rmse": 3.8711256328722743,
        "r2": 0.998494339920235,
        "mape": 1.550979804808243
      },
      "catboost": {
        "mae": 1.951449312271182,
        "rmse": 3.0773021545925907,
        "r2": 0.9990485352883887,
        "mape": 1.5968100010859232
      },
      "rf": {
        "mae": 1.1487408836186621,
        "rmse": 3.841654844548115,
        "r2": 0.9985171777655693,
        "mape": 1.119146043715406
      },
      "gb": {
        "mae": 1.4101191767259778,
        "rmse": 2.9443851795174094,
        "r2": 0.9991289528785365,
        "mape": 1.2096815380948762
      },
      "ridge": {
        "mae": 8.94207476136,
        "rmse": 11.79680420434287,
        "r2": 0.9860176185301817,
        "mape": 8.227876718246446
      },
      "linear": {
        "mae": 8.610440933528425,
        "rmse": 11.443336622982377,
        "r2": 0.9868429734556624,
        "mape": 7.78106136564713
      }
    },
    "val": {
      "xgboost": {
        "mae": 2.8481720876475993,
        "rmse": 9.19643863250895,
        "r2": 0.9360141896176308,
        "mape": 5.006289856164434
      },
      "lightgbm": {
        "mae": 3.0425919404862123,
        "rmse": 10.475428705449042,
        "r2": 0.9169790055397108,
        "mape": 4.9009436661119965
      },
      "catboost": {
        "mae": 3.38534645158387,
        "rmse": 9.825594917430003,
        "r2": 0.9269597869823372,
        "mape": 5.848234424998845
      },
      "rf": {
        "mae": 5.107151110290575,
        "rmse": 12.511696217900752,
        "r2": 0.8815659167156029,
        "mape": 8.678281794088656
      },
      "gb": {
        "mae": 2.872073436966434,
        "rmse": 9.837652088099283,
        "r2": 0.9267804189832295,
        "mape": 4.769805963298575
      },
      "ridge": {
        "mae": 6.686196016566981,
        "rmse": 11.853287579673587,
        "r2": 0.8937027662373078,
        "mape": 10.91998039317794
      },
      "linear": {
        "mae": 6.323013543936851,
        "rmse": 11.576479312546521,
        "r2": 0.898609487014656,
        "mape": 9.985040736836076
      }
    },
    "test": {
      "xgboost": {
        "mae": 3.3657231100955807,
        "rmse": 5.910688743132276,
        "r2": 0.9733383934024654,
        "mape": 8.74601575878903
      },
      "lightgbm": {
        "mae": 3.6255051276094994,
        "rmse": 6.222563371971174,
        "r2": 0.9704505914619661,
        "mape": 8.97789974986402
      },
      "catboost": {
        "mae": 3.8860311652522053,
        "rmse": 6.606531816424688,
        "r2": 0.9666913372257435,
        "mape": 9.934885262461497
      },
      "rf": {
        "mae": 4.742967893411698,
        "rmse": 7.683141033470933,
        "r2": 0.9549507311801146,
        "mape": 12.644657464531555
      },
      "gb": {
        "mae": 3.998318764658954,
        "rmse": 7.0565447866291695,
        "r2": 0.9619990599196515,
        "mape": 8.668380879333492
      },
      "ridge": {
        "mae": 10.460384208771103,
        "rmse": 13.718305081211888,
        "r2": 0.8563812806694482,
        "mape": 22.52407349451864
      },
      "linear": {
        "mae": 9.107534342882332,
        "rmse": 12.256871948797748,
        "r2": 0.8853512210302168,
        "mape": 19.707663414276606
      }
    },
    "cv_mae": {
      "xgboost": 2.6601658143642597,
      "lightgbm": 2.5276667550752405,
      "catboost": 3.184424018240765,
      "rf": 2.1435229157897076,
      "gb": 2.2792397748156157,
      "ridge": 10.219565528510383,
      "linear": 9.380159215913556
    }
  }
}