{
  "trained_best_model": "rf",
  "new_test_metrics": {
    "mae": 3.2304616321718336,
    "rmse": 6.278283919506814,
    "r2": 0.9818028943675083,
    "mape": 9.755066467659182
  },
  "cv_mae": {
    "xgboost": 2.723155933536895,
    "lightgbm": 2.4567419820495813,
    "catboost": 3.2716719039464146,
    "rf": 2.173980980853631,
    "gb": 2.299474736463603,
    "ridge": 9.571289964038865,
    "linear": 8.814846165371957
  },
  "test_mae_all": {
    "xgboost": 3.519403399414411,
    "lightgbm": 3.046782626843384,
    "catboost": 3.512005107037717,
    "rf": 3.2304616321718322,
    "gb": 5.851484042525692,
    "ridge": 11.514404080329768,
    "linear": 9.886303986258435
  },
  "historical_best_cv_mae": 2.042469801781462,
  "is_new_historical_best": false,
  "features": [
    "pm2_5",
    "pm10",
    "co",
    "no2",
    "so2",
    "month_cos",
    "total_pm",
    "total_gases",
    "no2_o3_ratio",
    "pm2_5_rolling_3h",
    "pm10_rolling_3h",
    "co_rolling_3h",
    "pm2_5_co_interaction",
    "hour_sin",
    "hour_cos"
  ],
  "scaler_needed": false,
  "all_models_saved": [
    "model_xgboost.pkl",
    "model_lightgbm.pkl",
    "model_catboost.pkl",
    "model_rf.pkl",
    "model_gb.pkl",
    "model_ridge.pkl",
    "model_linear.pkl"
  ],
  "all_metrics": {
    "train": {
      "xgboost": {
        "mae": 1.8012369772381667,
        "rmse": 3.371810221407779,
        "r2": 0.998810062647163,
        "mape": 1.4789378290514965
      },
      "lightgbm": {
        "mae": 1.9341614516987338,
        "rmse": 4.035598416348856,
        "r2": 0.9982954343293585,
        "mape": 1.6087121236221393
      },
      "catboost": {
        "mae": 1.884262737288604,
        "rmse": 3.0294740630616652,
        "r2": 0.9990394226785753,
        "mape": 1.5805797303438462
      },
      "rf": {
        "mae": 1.1828526068948035,
        "rmse": 3.8796087782370887,
        "r2": 0.9984246621112723,
        "mape": 1.1614062247951351
      },
      "gb": {
        "mae": 1.3884499220323332,
        "rmse": 2.9648723799394237,
        "r2": 0.999079953324436,
        "mape": 1.2086099325534432
      },
      "ridge": {
        "mae": 8.64981542045774,
        "rmse": 11.52811561806471,
        "r2": 0.9860904045608551,
        "mape": 8.116789457665497
      },
      "linear": {
        "mae": 8.355705139886007,
        "rmse": 11.21049372366662,
        "r2": 0.9868463182041035,
        "mape": 7.706894205171287
      }
    },
    "val": {
      "xgboost": {
        "mae": 2.7563851739717946,
        "rmse": 9.214745224359659,
        "r2": 0.936700535624522,
        "mape": 4.502576422123843
      },
      "lightgbm": {
        "mae": 2.8718055761840398,
        "rmse": 10.285583168583056,
        "r2": 0.9211337463025735,
        "mape": 4.230296562834568
      },
      "catboost": {
        "mae": 3.059681284353696,
        "rmse": 9.515053311210274,
        "r2": 0.9325074521886294,
        "mape": 4.975399704308352
      },
      "rf": {
        "mae": 3.3571598834206897,
        "rmse": 11.809959518122957,
        "r2": 0.8960246983621248,
        "mape": 5.784151462273689
      },
      "gb": {
        "mae": 2.642533031357062,
        "rmse": 9.690905234187571,
        "r2": 0.929989679721996,
        "mape": 3.858976456562148
      },
      "ridge": {
        "mae": 6.4186612855404785,
        "rmse": 11.59128304230007,
        "r2": 0.8998395210379078,
        "mape": 10.412045743343262
      },
      "linear": {
        "mae": 6.049443179885279,
        "rmse": 11.414997163584344,
        "r2": 0.9028629328175021,
        "mape": 9.49168296810448
      }
    },
    "test": {
      "xgboost": {
        "mae": 3.519403399414411,
        "rmse": 5.702127917589496,
        "r2": 0.9849895288454664,
        "mape": 7.424625095498732
      },
      "lightgbm": {
        "mae": 3.046782626843384,
        "rmse": 5.022982096949645,
        "r2": 0.9883522062135659,
        "mape": 7.1450763131678725
      },
      "catboost": {
        "mae": 3.512005107037717,
        "rmse": 5.858805750580057,
        "r2": 0.9841533082140371,
        "mape": 8.628068200473624
      },
      "rf": {
        "mae": 3.2304616321718322,
        "rmse": 6.278283919506814,
        "r2": 0.9818028943675083,
        "mape": 9.755066467659184
      },
      "gb": {
        "mae": 5.851484042525692,
        "rmse": 10.100118343221638,
        "r2": 0.9529051587092706,
        "mape": 7.742162703048293
      },
      "ridge": {
        "mae": 11.514404080329768,
        "rmse": 14.423031232887988,
        "r2": 0.9039641243244723,
        "mape": 22.29539920605758
      },
      "linear": {
        "mae": 9.886303986258435,
        "rmse": 12.747736549989076,
        "r2": 0.9249783568577072,
        "mape": 19.506569562981
      }
    },
    "cv_mae": {
      "xgboost": 2.723155933536895,
      "lightgbm": 2.4567419820495813,
      "catboost": 3.2716719039464146,
      "rf": 2.173980980853631,
      "gb": 2.299474736463603,
      "ridge": 9.571289964038865,
      "linear": 8.814846165371957
    }
  }
}