{
  "trained_best_model": "rf",
  "new_test_metrics": {
    "mae": 5.356012376933053,
    "rmse": 7.904809395575611,
    "r2": 0.9520513184491483,
    "mape": 13.427150477215402
  },
  "cv_mae": {
    "xgboost": 2.7796356701337657,
    "lightgbm": 2.5196334210844755,
    "catboost": 3.657175979371876,
    "rf": 2.138811498533743,
    "gb": 2.237391455315481,
    "ridge": 10.667448797583308,
    "linear": 9.974873635845377
  },
  "test_mae_all": {
    "xgboost": 3.7578018422473685,
    "lightgbm": 4.031336366599819,
    "catboost": 4.658363154001601,
    "rf": 5.356012376933053,
    "gb": 3.861482314477064,
    "ridge": 10.402205462205634,
    "linear": 8.97790640569626
  },
  "historical_best_cv_mae": 2.042469801781462,
  "is_new_historical_best": false,
  "features": [
    "pm2_5",
    "pm10",
    "co",
    "no2",
    "so2",
    "month_cos",
    "total_pm",
    "total_gases",
    "no2_o3_ratio",
    "pm2_5_rolling_3h",
    "pm10_rolling_3h",
    "co_rolling_3h",
    "pm2_5_co_interaction",
    "hour_sin",
    "hour_cos"
  ],
  "scaler_needed": false,
  "all_models_saved": [
    "model_xgboost.pkl",
    "model_lightgbm.pkl",
    "model_catboost.pkl",
    "model_rf.pkl",
    "model_gb.pkl",
    "model_ridge.pkl",
    "model_linear.pkl"
  ],
  "all_metrics": {
    "train": {
      "xgboost": {
        "mae": 1.8581150923378702,
        "rmse": 3.4167870753451384,
        "r2": 0.998828204692478,
        "mape": 1.4819503855693683
      },
      "lightgbm": {
        "mae": 1.64022195940897,
        "rmse": 3.23306651051975,
        "r2": 0.9989508316006738,
        "mape": 1.324806566110119
      },
      "catboost": {
        "mae": 1.953376192787303,
        "rmse": 3.065744335611895,
        "r2": 0.99905661755078,
        "mape": 1.6034905722657724
      },
      "rf": {
        "mae": 1.1575930435255852,
        "rmse": 3.8158349734692485,
        "r2": 0.9985385125458466,
        "mape": 1.131091698068989
      },
      "gb": {
        "mae": 1.3965431790150065,
        "rmse": 2.93986477876888,
        "r2": 0.9991324977024999,
        "mape": 1.1920210350496712
      },
      "ridge": {
        "mae": 9.000765608308587,
        "rmse": 11.835568382425947,
        "r2": 0.9859397137882567,
        "mape": 8.26226994876259
      },
      "linear": {
        "mae": 8.662280971036687,
        "rmse": 11.475257366126492,
        "r2": 0.9867827594966208,
        "mape": 7.808764187853974
      }
    },
    "val": {
      "xgboost": {
        "mae": 3.017848733353288,
        "rmse": 9.267232892537558,
        "r2": 0.9353538447328711,
        "mape": 5.45226816330794
      },
      "lightgbm": {
        "mae": 2.8030436074066074,
        "rmse": 10.110880205331089,
        "r2": 0.923047900003674,
        "mape": 4.519693450808563
      },
      "catboost": {
        "mae": 4.407050228997094,
        "rmse": 10.531049544410562,
        "r2": 0.9165193430130849,
        "mape": 7.008481242061117
      },
      "rf": {
        "mae": 5.569925505761369,
        "rmse": 12.65096628895938,
        "r2": 0.8795269395007848,
        "mape": 9.393668567031751
      },
      "gb": {
        "mae": 2.7964697211670546,
        "rmse": 9.668212142485,
        "r2": 0.9296385324881998,
        "mape": 4.447238724237194
      },
      "ridge": {
        "mae": 6.829238836552264,
        "rmse": 11.930353434603342,
        "r2": 0.8928606108640705,
        "mape": 11.190605302024391
      },
      "linear": {
        "mae": 6.483523005556103,
        "rmse": 11.658292169473466,
        "r2": 0.8976913353105146,
        "mape": 10.27604625717014
      }
    },
    "test": {
      "xgboost": {
        "mae": 3.7578018422473685,
        "rmse": 6.495566091738357,
        "r2": 0.967623650697376,
        "mape": 9.800066003714827
      },
      "lightgbm": {
        "mae": 4.031336366599819,
        "rmse": 6.958916873724869,
        "r2": 0.9628398753285653,
        "mape": 9.031207155566687
      },
      "catboost": {
        "mae": 4.658363154001601,
        "rmse": 7.238097822944694,
        "r2": 0.959798453375912,
        "mape": 10.894989635262476
      },
      "rf": {
        "mae": 5.356012376933053,
        "rmse": 7.904809395575611,
        "r2": 0.9520513184491483,
        "mape": 13.427150477215399
      },
      "gb": {
        "mae": 3.861482314477064,
        "rmse": 6.888909534562828,
        "r2": 0.9635837830164071,
        "mape": 7.910925995879249
      },
      "ridge": {
        "mae": 10.402205462205634,
        "rmse": 13.732733679921706,
        "r2": 0.8552868954752683,
        "mape": 22.515859104655338
      },
      "linear": {
        "mae": 8.97790640569626,
        "rmse": 12.216296229512864,
        "r2": 0.8854822054889984,
        "mape": 19.585111728787236
      }
    },
    "cv_mae": {
      "xgboost": 2.7796356701337657,
      "lightgbm": 2.5196334210844755,
      "catboost": 3.657175979371876,
      "rf": 2.138811498533743,
      "gb": 2.237391455315481,
      "ridge": 10.667448797583308,
      "linear": 9.974873635845377
    }
  }
}