{
  "trained_best_model": "rf",
  "new_test_metrics": {
    "mae": 3.261260675064817,
    "rmse": 6.348443308502599,
    "r2": 0.9806520561551256,
    "mape": 9.879395839656974
  },
  "cv_mae": {
    "xgboost": 2.655683283796516,
    "lightgbm": 2.4042341091096935,
    "catboost": 3.1557168286684374,
    "rf": 2.1777790116994593,
    "gb": 2.2306051586066538,
    "ridge": 9.390217166099115,
    "linear": 8.78248238392582
  },
  "test_mae_all": {
    "xgboost": 3.4518530493285957,
    "lightgbm": 4.500787276938101,
    "catboost": 3.6611257150986187,
    "rf": 3.2612606750648165,
    "gb": 5.416642562836215,
    "ridge": 11.45945920413195,
    "linear": 9.818994963874108
  },
  "historical_best_cv_mae": 2.042469801781462,
  "is_new_historical_best": false,
  "features": [
    "pm2_5",
    "pm10",
    "co",
    "no2",
    "so2",
    "month_cos",
    "total_pm",
    "total_gases",
    "no2_o3_ratio",
    "pm2_5_rolling_3h",
    "pm10_rolling_3h",
    "co_rolling_3h",
    "pm2_5_co_interaction",
    "hour_sin",
    "hour_cos"
  ],
  "scaler_needed": false,
  "all_models_saved": [
    "model_xgboost.pkl",
    "model_lightgbm.pkl",
    "model_catboost.pkl",
    "model_rf.pkl",
    "model_gb.pkl",
    "model_ridge.pkl",
    "model_linear.pkl"
  ],
  "all_metrics": {
    "train": {
      "xgboost": {
        "mae": 1.8274672003408234,
        "rmse": 3.3965476931802243,
        "r2": 0.9988010008935627,
        "mape": 1.494216662372344
      },
      "lightgbm": {
        "mae": 1.583781245932077,
        "rmse": 3.194008456139462,
        "r2": 0.9989397322584901,
        "mape": 1.314108430440103
      },
      "catboost": {
        "mae": 1.8615773147757015,
        "rmse": 3.001449164659501,
        "r2": 0.9990637207267886,
        "mape": 1.5835599053223994
      },
      "rf": {
        "mae": 1.1837047878447082,
        "rmse": 3.8911562987859294,
        "r2": 0.9984263767028612,
        "mape": 1.1616752644959265
      },
      "gb": {
        "mae": 1.4058334363029341,
        "rmse": 2.9738487721788593,
        "r2": 0.9990808610200259,
        "mape": 1.2291792711467724
      },
      "ridge": {
        "mae": 8.67969786861625,
        "rmse": 11.554983754051895,
        "r2": 0.9861234308728625,
        "mape": 8.128987633717143
      },
      "linear": {
        "mae": 8.382048987749569,
        "rmse": 11.236373460379781,
        "r2": 0.9868781292497002,
        "mape": 7.71558008075375
      }
    },
    "val": {
      "xgboost": {
        "mae": 2.7315373507808878,
        "rmse": 8.743563802625713,
        "r2": 0.9430469245749827,
        "mape": 4.443258756680684
      },
      "lightgbm": {
        "mae": 2.65452098463208,
        "rmse": 10.151893912983391,
        "r2": 0.9232224313187138,
        "mape": 4.059810395241669
      },
      "catboost": {
        "mae": 2.8944731010555156,
        "rmse": 9.283799399169306,
        "r2": 0.9357916204933981,
        "mape": 4.872683358638115
      },
      "rf": {
        "mae": 3.3820088514213276,
        "rmse": 11.821852877547276,
        "r2": 0.8958854768844552,
        "mape": 5.841524120609538
      },
      "gb": {
        "mae": 2.685038737130529,
        "rmse": 9.807139172176488,
        "r2": 0.9283485653664597,
        "mape": 3.993025910289689
      },
      "ridge": {
        "mae": 6.3703238712453025,
        "rmse": 11.575624954763851,
        "r2": 0.9001773468914576,
        "mape": 10.343324229569854
      },
      "linear": {
        "mae": 6.040078554079814,
        "rmse": 11.40651974366035,
        "r2": 0.9030726081513469,
        "mape": 9.46989662263786
      }
    },
    "test": {
      "xgboost": {
        "mae": 3.4518530493285957,
        "rmse": 5.703686021573613,
        "r2": 0.9843824988191336,
        "mape": 7.292452706347522
      },
      "lightgbm": {
        "mae": 4.500787276938101,
        "rmse": 7.435300306690987,
        "r2": 0.9734602177704603,
        "mape": 7.671892466816511
      },
      "catboost": {
        "mae": 3.6611257150986187,
        "rmse": 5.846999689129224,
        "r2": 0.9835878125593197,
        "mape": 8.430757508741316
      },
      "rf": {
        "mae": 3.2612606750648165,
        "rmse": 6.3484433085026,
        "r2": 0.9806520561551256,
        "mape": 9.879395839656976
      },
      "gb": {
        "mae": 5.416642562836215,
        "rmse": 8.98726837363124,
        "r2": 0.9612246480893822,
        "mape": 8.013848536780705
      },
      "ridge": {
        "mae": 11.45945920413195,
        "rmse": 14.384105967910003,
        "r2": 0.9006732845176928,
        "mape": 22.293422379398802
      },
      "linear": {
        "mae": 9.818994963874108,
        "rmse": 12.709124019912657,
        "r2": 0.9224589705921563,
        "mape": 19.482955400804894
      }
    },
    "cv_mae": {
      "xgboost": 2.655683283796516,
      "lightgbm": 2.4042341091096935,
      "catboost": 3.1557168286684374,
      "rf": 2.1777790116994593,
      "gb": 2.2306051586066538,
      "ridge": 9.390217166099115,
      "linear": 8.78248238392582
    }
  }
}