{
  "trained_best_model": "xgboost",
  "new_test_metrics": {
    "mae": 3.6671928721385743,
    "rmse": 6.1807215822337875,
    "r2": 0.9708534632225088,
    "mape": 9.19675703289954
  },
  "cv_mae": {
    "xgboost": 2.1144693796415384,
    "lightgbm": 2.31938206267973,
    "catboost": 3.6242741191723615,
    "rf": 2.303071360412317,
    "gb": 2.357149566631092,
    "ridge": 10.692006920420686,
    "linear": 9.668048497345719
  },
  "test_mae_all": {
    "xgboost": 3.6671928721385743,
    "lightgbm": 3.817206920867465,
    "catboost": 4.403734410286837,
    "rf": 5.504983563705037,
    "gb": 4.099859775200299,
    "ridge": 10.204782093772064,
    "linear": 8.794800342120633
  },
  "historical_best_cv_mae": 2.0564814707537686,
  "is_new_historical_best": false,
  "features": [
    "pm2_5",
    "pm10",
    "co",
    "no2",
    "so2",
    "month_cos",
    "total_pm",
    "total_gases",
    "no2_o3_ratio",
    "pm2_5_rolling_3h",
    "pm10_rolling_3h",
    "co_rolling_3h",
    "pm2_5_co_interaction",
    "hour_sin",
    "hour_cos"
  ],
  "scaler_needed": false,
  "all_models_saved": [
    "model_xgboost.pkl",
    "model_lightgbm.pkl",
    "model_catboost.pkl",
    "model_rf.pkl",
    "model_gb.pkl",
    "model_ridge.pkl",
    "model_linear.pkl"
  ],
  "all_metrics": {
    "train": {
      "xgboost": {
        "mae": 1.127956965664828,
        "rmse": 1.9518589890420504,
        "r2": 0.999618872650657,
        "mape": 0.9548982823577745
      },
      "lightgbm": {
        "mae": 0.9773388393534884,
        "rmse": 1.8908612717112352,
        "r2": 0.9996423217188435,
        "mape": 0.8122650695368552
      },
      "catboost": {
        "mae": 1.9263482900244788,
        "rmse": 3.058097795245841,
        "r2": 0.99906443067151,
        "mape": 1.574997237948807
      },
      "rf": {
        "mae": 1.153299399046956,
        "rmse": 3.805003657673313,
        "r2": 0.9985516170845077,
        "mape": 1.1260898072315526
      },
      "gb": {
        "mae": 1.406025002378446,
        "rmse": 2.961860449196451,
        "r2": 0.9991223882661521,
        "mape": 1.1995158138378508
      },
      "ridge": {
        "mae": 8.992672226531178,
        "rmse": 11.849980573301291,
        "r2": 0.9859521936121874,
        "mape": 8.247440199411693
      },
      "linear": {
        "mae": 8.671589334395684,
        "rmse": 11.50489727165572,
        "r2": 0.9867584529934602,
        "mape": 7.811363218236327
      }
    },
    "val": {
      "xgboost": {
        "mae": 2.958905215677061,
        "rmse": 8.602408377787798,
        "r2": 0.9534095176839676,
        "mape": 5.269895637585935
      },
      "lightgbm": {
        "mae": 2.9607203121701837,
        "rmse": 9.242202827645588,
        "r2": 0.9462215742078811,
        "mape": 4.885580473051131
      },
      "catboost": {
        "mae": 4.214987887443794,
        "rmse": 10.736714939863461,
        "r2": 0.9274228449410785,
        "mape": 6.672965663271321
      },
      "rf": {
        "mae": 5.541802735993163,
        "rmse": 12.543864938896172,
        "r2": 0.9009350936226757,
        "mape": 9.316764373749246
      },
      "gb": {
        "mae": 2.8980953045534426,
        "rmse": 9.912712151782674,
        "r2": 0.9381354176580607,
        "mape": 4.837142123018036
      },
      "ridge": {
        "mae": 7.159460218716265,
        "rmse": 12.245371063439169,
        "r2": 0.9055936961897526,
        "mape": 11.355030826809012
      },
      "linear": {
        "mae": 6.757329934093918,
        "rmse": 11.897756990277538,
        "r2": 0.9108775158113892,
        "mape": 10.468433821090695
      }
    },
    "test": {
      "xgboost": {
        "mae": 3.6671928721385743,
        "rmse": 6.1807215822337875,
        "r2": 0.9708534632225088,
        "mape": 9.19675703289954
      },
      "lightgbm": {
        "mae": 3.817206920867465,
        "rmse": 5.71339012686546,
        "r2": 0.9750944373609457,
        "mape": 9.091209114273292
      },
      "catboost": {
        "mae": 4.403734410286837,
        "rmse": 6.577512319266901,
        "r2": 0.9669910326817964,
        "mape": 10.029554472872604
      },
      "rf": {
        "mae": 5.504983563705037,
        "rmse": 7.862906234978307,
        "r2": 0.9528290317491719,
        "mape": 13.62009488325783
      },
      "gb": {
        "mae": 4.099859775200299,
        "rmse": 7.387171474505491,
        "r2": 0.9583643875191495,
        "mape": 8.70349293563024
      },
      "ridge": {
        "mae": 10.204782093772064,
        "rmse": 13.630188926431948,
        "r2": 0.8582534985609354,
        "mape": 22.28191616786328
      },
      "linear": {
        "mae": 8.794800342120633,
        "rmse": 12.105831507677824,
        "r2": 0.8881855717729656,
        "mape": 19.39201374541966
      }
    },
    "cv_mae": {
      "xgboost": 2.1144693796415384,
      "lightgbm": 2.31938206267973,
      "catboost": 3.6242741191723615,
      "rf": 2.303071360412317,
      "gb": 2.357149566631092,
      "ridge": 10.692006920420686,
      "linear": 9.668048497345719
    }
  }
}