{
  "trained_best_model": "rf",
  "new_test_metrics": {
    "mae": 3.2080068687884156,
    "rmse": 6.183063326725808,
    "r2": 0.9824846979240914,
    "mape": 9.639847891457324
  },
  "cv_mae": {
    "xgboost": 2.7077309968653487,
    "lightgbm": 2.454987211496649,
    "catboost": 3.1927523138627283,
    "rf": 2.2036040350240005,
    "gb": 2.238196313261534,
    "ridge": 9.635393070436683,
    "linear": 8.869056167057053
  },
  "test_mae_all": {
    "xgboost": 3.6474180333114385,
    "lightgbm": 4.471064309209952,
    "catboost": 3.494785820379196,
    "rf": 3.208006868788417,
    "gb": 6.043568184651682,
    "ridge": 11.56269438457873,
    "linear": 9.917930914750936
  },
  "historical_best_cv_mae": 2.042469801781462,
  "is_new_historical_best": false,
  "features": [
    "pm2_5",
    "pm10",
    "co",
    "no2",
    "so2",
    "month_cos",
    "total_pm",
    "total_gases",
    "no2_o3_ratio",
    "pm2_5_rolling_3h",
    "pm10_rolling_3h",
    "co_rolling_3h",
    "pm2_5_co_interaction",
    "hour_sin",
    "hour_cos"
  ],
  "scaler_needed": false,
  "all_models_saved": [
    "model_xgboost.pkl",
    "model_lightgbm.pkl",
    "model_catboost.pkl",
    "model_rf.pkl",
    "model_gb.pkl",
    "model_ridge.pkl",
    "model_linear.pkl"
  ],
  "all_metrics": {
    "train": {
      "xgboost": {
        "mae": 1.8251293781763265,
        "rmse": 3.362014734302963,
        "r2": 0.9988151517265054,
        "mape": 1.4961490263061616
      },
      "lightgbm": {
        "mae": 1.5884274021560156,
        "rmse": 3.193196067375996,
        "r2": 0.9989311551066327,
        "mape": 1.3115495727124689
      },
      "catboost": {
        "mae": 1.8598459116754449,
        "rmse": 2.952951213193747,
        "r2": 0.9990859371488505,
        "mape": 1.5685038845328796
      },
      "rf": {
        "mae": 1.1781872312051376,
        "rmse": 3.887295382051688,
        "r2": 0.9984159875162035,
        "mape": 1.157792399491491
      },
      "gb": {
        "mae": 1.3917375663248757,
        "rmse": 2.9824596227581064,
        "r2": 0.9990675776804064,
        "mape": 1.2072573891747362
      },
      "ridge": {
        "mae": 8.646746356381025,
        "rmse": 11.525858590512273,
        "r2": 0.986074522718345,
        "mape": 8.114690315941083
      },
      "linear": {
        "mae": 8.35278256687331,
        "rmse": 11.208028839981207,
        "r2": 0.9868319339960456,
        "mape": 7.704879192242061
      }
    },
    "val": {
      "xgboost": {
        "mae": 2.82194758767951,
        "rmse": 9.134464565476703,
        "r2": 0.9377553755650743,
        "mape": 4.749828301678683
      },
      "lightgbm": {
        "mae": 2.6210892345752352,
        "rmse": 9.878640965221578,
        "r2": 0.9272002206480185,
        "mape": 3.916070791718219
      },
      "catboost": {
        "mae": 2.9772682024501083,
        "rmse": 9.64568078774464,
        "r2": 0.9305932944390833,
        "mape": 4.756387582972509
      },
      "rf": {
        "mae": 3.3688030021890545,
        "rmse": 11.795536937653614,
        "r2": 0.8962062770267273,
        "mape": 5.7557828835055185
      },
      "gb": {
        "mae": 2.604031849649541,
        "rmse": 9.643713349365926,
        "r2": 0.9306216054505717,
        "mape": 3.764326706593154
      },
      "ridge": {
        "mae": 6.428426010459376,
        "rmse": 11.592228763436013,
        "r2": 0.8997534244184316,
        "mape": 10.421791296779185
      },
      "linear": {
        "mae": 6.053625447523029,
        "rmse": 11.41543543807618,
        "r2": 0.9027878329790252,
        "mape": 9.495911320418076
      }
    },
    "test": {
      "xgboost": {
        "mae": 3.6474180333114385,
        "rmse": 5.879603141332563,
        "r2": 0.9841617837220151,
        "mape": 7.97596564263238
      },
      "lightgbm": {
        "mae": 4.471064309209952,
        "rmse": 7.177181113632642,
        "r2": 0.9763996711835484,
        "mape": 7.759046389392979
      },
      "catboost": {
        "mae": 3.494785820379196,
        "rmse": 5.646945259880316,
        "r2": 0.9853904311901781,
        "mape": 8.080309457933978
      },
      "rf": {
        "mae": 3.208006868788417,
        "rmse": 6.183063326725809,
        "r2": 0.9824846979240914,
        "mape": 9.639847891457325
      },
      "gb": {
        "mae": 6.043568184651682,
        "rmse": 10.224714649967249,
        "r2": 0.9521025231866151,
        "mape": 7.785282663205473
      },
      "ridge": {
        "mae": 11.56269438457873,
        "rmse": 14.449558111608713,
        "r2": 0.9043424233322507,
        "mape": 22.31715645617659
      },
      "linear": {
        "mae": 9.917930914750936,
        "rmse": 12.767566535588838,
        "r2": 0.9253161836771036,
        "mape": 19.51965876621259
      }
    },
    "cv_mae": {
      "xgboost": 2.7077309968653487,
      "lightgbm": 2.454987211496649,
      "catboost": 3.1927523138627283,
      "rf": 2.2036040350240005,
      "gb": 2.238196313261534,
      "ridge": 9.635393070436683,
      "linear": 8.869056167057053
    }
  }
}