{
  "trained_best_model": "rf",
  "new_test_metrics": {
    "mae": 3.6758997573194505,
    "rmse": 6.849517861786266,
    "r2": 0.9719968711482923,
    "mape": 10.704861435317058
  },
  "cv_mae": {
    "xgboost": 2.581116817048851,
    "lightgbm": 2.4272925543664647,
    "catboost": 3.1956163836942237,
    "rf": 2.126685325177526,
    "gb": 2.223976825735419,
    "ridge": 9.822522419014412,
    "linear": 9.17094698854984
  },
  "test_mae_all": {
    "xgboost": 3.39567852591652,
    "lightgbm": 3.9540377772580895,
    "catboost": 4.038913413891993,
    "rf": 3.6758997573194505,
    "gb": 4.558434771174344,
    "ridge": 10.7123902658977,
    "linear": 9.238346138972496
  },
  "historical_best_cv_mae": 2.042469801781462,
  "is_new_historical_best": false,
  "features": [
    "pm2_5",
    "pm10",
    "co",
    "no2",
    "so2",
    "month_cos",
    "total_pm",
    "total_gases",
    "no2_o3_ratio",
    "pm2_5_rolling_3h",
    "pm10_rolling_3h",
    "co_rolling_3h",
    "pm2_5_co_interaction",
    "hour_sin",
    "hour_cos"
  ],
  "scaler_needed": false,
  "all_models_saved": [
    "model_xgboost.pkl",
    "model_lightgbm.pkl",
    "model_catboost.pkl",
    "model_rf.pkl",
    "model_gb.pkl",
    "model_ridge.pkl",
    "model_linear.pkl"
  ],
  "all_metrics": {
    "train": {
      "xgboost": {
        "mae": 1.8212405955643725,
        "rmse": 3.3714454727911884,
        "r2": 0.9988486837947158,
        "mape": 1.4814013258018754
      },
      "lightgbm": {
        "mae": 1.6524137460873385,
        "rmse": 3.2675322126651167,
        "r2": 0.9989185608374082,
        "mape": 1.3568566795489936
      },
      "catboost": {
        "mae": 1.8912675970293895,
        "rmse": 2.988076843170862,
        "r2": 0.9990956305961886,
        "mape": 1.587495559576103
      },
      "rf": {
        "mae": 1.172081329202432,
        "rmse": 3.865617955840543,
        "r2": 0.9984864380643743,
        "mape": 1.1510995424691661
      },
      "gb": {
        "mae": 1.4075629499891948,
        "rmse": 3.0154744169057244,
        "r2": 0.9990789703020402,
        "mape": 1.2091174234101976
      },
      "ridge": {
        "mae": 8.802996645926653,
        "rmse": 11.675583736587205,
        "r2": 0.9861923572076458,
        "mape": 8.157073548026526
      },
      "linear": {
        "mae": 8.487993693551953,
        "rmse": 11.338028748126016,
        "r2": 0.9869792066905794,
        "mape": 7.729137275113028
      }
    },
    "val": {
      "xgboost": {
        "mae": 2.7541388637943354,
        "rmse": 9.118179227781157,
        "r2": 0.9381193205534217,
        "mape": 4.870321720400026
      },
      "lightgbm": {
        "mae": 2.830422629287323,
        "rmse": 10.305264130174589,
        "r2": 0.9209581530766002,
        "mape": 4.5324652971392245
      },
      "catboost": {
        "mae": 3.385218108486135,
        "rmse": 9.191485361848532,
        "r2": 0.9371203342588043,
        "mape": 5.964873196206226
      },
      "rf": {
        "mae": 4.000173542496196,
        "rmse": 12.14028038999194,
        "r2": 0.8903026189734423,
        "mape": 6.727642082730677
      },
      "gb": {
        "mae": 2.6032627777233124,
        "rmse": 9.882065008073534,
        "r2": 0.9273167668528943,
        "mape": 4.153622407115738
      },
      "ridge": {
        "mae": 6.525163008820651,
        "rmse": 11.78537077031691,
        "r2": 0.8966226667573283,
        "mape": 10.372293742978329
      },
      "linear": {
        "mae": 6.257672921196931,
        "rmse": 11.641424528347057,
        "r2": 0.8991325414439983,
        "mape": 9.601436037019644
      }
    },
    "test": {
      "xgboost": {
        "mae": 3.39567852591652,
        "rmse": 5.6801940758673775,
        "r2": 0.9807419237116488,
        "mape": 8.313358029757545
      },
      "lightgbm": {
        "mae": 3.9540377772580895,
        "rmse": 6.29513256823383,
        "r2": 0.9763464508734732,
        "mape": 8.39792814183189
      },
      "catboost": {
        "mae": 4.038913413891993,
        "rmse": 6.57019628266232,
        "r2": 0.9742342231004992,
        "mape": 9.930820713370379
      },
      "rf": {
        "mae": 3.6758997573194505,
        "rmse": 6.849517861786265,
        "r2": 0.9719968711482923,
        "mape": 10.704861435317058
      },
      "gb": {
        "mae": 4.558434771174344,
        "rmse": 7.796075419157841,
        "r2": 0.9637223942035853,
        "mape": 7.896030031082776
      },
      "ridge": {
        "mae": 10.7123902658977,
        "rmse": 13.825207478234974,
        "r2": 0.885914652695974,
        "mape": 22.086477255987575
      },
      "linear": {
        "mae": 9.238346138972496,
        "rmse": 12.276521979676483,
        "r2": 0.9100425274251859,
        "mape": 19.32131188697491
      }
    },
    "cv_mae": {
      "xgboost": 2.581116817048851,
      "lightgbm": 2.4272925543664647,
      "catboost": 3.1956163836942237,
      "rf": 2.126685325177526,
      "gb": 2.223976825735419,
      "ridge": 9.822522419014412,
      "linear": 9.17094698854984
    }
  }
}