{
  "trained_best_model": "rf",
  "new_test_metrics": {
    "mae": 4.670619733441979,
    "rmse": 7.571802148547619,
    "r2": 0.9576161078415579,
    "mape": 12.408500059724743
  },
  "cv_mae": {
    "xgboost": 2.705598828190693,
    "lightgbm": 2.5035383727375686,
    "catboost": 3.2723632460775205,
    "rf": 2.1360786340457323,
    "gb": 2.289967960592864,
    "ridge": 10.20673043270957,
    "linear": 9.36401910309501
  },
  "test_mae_all": {
    "xgboost": 3.163397287540191,
    "lightgbm": 3.943625958247169,
    "catboost": 4.012907252476834,
    "rf": 4.670619733441979,
    "gb": 3.524172458013853,
    "ridge": 10.511852501441723,
    "linear": 9.116257336826791
  },
  "historical_best_cv_mae": 2.042469801781462,
  "is_new_historical_best": false,
  "features": [
    "pm2_5",
    "pm10",
    "co",
    "no2",
    "so2",
    "month_cos",
    "total_pm",
    "total_gases",
    "no2_o3_ratio",
    "pm2_5_rolling_3h",
    "pm10_rolling_3h",
    "co_rolling_3h",
    "pm2_5_co_interaction",
    "hour_sin",
    "hour_cos"
  ],
  "scaler_needed": false,
  "all_models_saved": [
    "model_xgboost.pkl",
    "model_lightgbm.pkl",
    "model_catboost.pkl",
    "model_rf.pkl",
    "model_gb.pkl",
    "model_ridge.pkl",
    "model_linear.pkl"
  ],
  "all_metrics": {
    "train": {
      "xgboost": {
        "mae": 1.835714953908404,
        "rmse": 3.3833839503019574,
        "r2": 0.9988495797684723,
        "mape": 1.4804097676118684
      },
      "lightgbm": {
        "mae": 1.654754306760288,
        "rmse": 3.2591860319065518,
        "r2": 0.9989324892876635,
        "mape": 1.3503603220233227
      },
      "catboost": {
        "mae": 1.9367532824888885,
        "rmse": 3.0670225116807375,
        "r2": 0.9990546603615434,
        "mape": 1.6043994461292268
      },
      "rf": {
        "mae": 1.151497169739726,
        "rmse": 3.8404886155502793,
        "r2": 0.9985177314121135,
        "mape": 1.1259539024809548
      },
      "gb": {
        "mae": 1.4082722783250485,
        "rmse": 2.9643195371801077,
        "r2": 0.9991169120193901,
        "mape": 1.1996775012891199
      },
      "ridge": {
        "mae": 8.89725414375563,
        "rmse": 11.767287983320484,
        "r2": 0.9860842471979548,
        "mape": 8.205709481803236
      },
      "linear": {
        "mae": 8.57513823129759,
        "rmse": 11.421812331196717,
        "r2": 0.9868893573179739,
        "mape": 7.770323510046858
      }
    },
    "val": {
      "xgboost": {
        "mae": 2.7104458983086017,
        "rmse": 8.79917768717627,
        "r2": 0.9428785538534269,
        "mape": 4.6102396505962355
      },
      "lightgbm": {
        "mae": 2.9118043607964714,
        "rmse": 10.022372699604425,
        "r2": 0.9258935318156034,
        "mape": 4.7252653396609094
      },
      "catboost": {
        "mae": 3.5420913058756947,
        "rmse": 10.143311027738939,
        "r2": 0.924094280078841,
        "mape": 6.098751201240106
      },
      "rf": {
        "mae": 5.0544823316868674,
        "rmse": 12.49193790854759,
        "r2": 0.8848736721760447,
        "mape": 8.549907647363048
      },
      "gb": {
        "mae": 2.7555397849776697,
        "rmse": 9.639027636422412,
        "r2": 0.9314541021611931,
        "mape": 4.290409353933355
      },
      "ridge": {
        "mae": 6.823995991622601,
        "rmse": 11.924565417765532,
        "r2": 0.8950940455649464,
        "mape": 10.990277422354808
      },
      "linear": {
        "mae": 6.475409290723923,
        "rmse": 11.652268785798729,
        "r2": 0.8998303845470565,
        "mape": 10.072877175552499
      }
    },
    "test": {
      "xgboost": {
        "mae": 3.163397287540191,
        "rmse": 5.423748049187068,
        "r2": 0.9782529008173585,
        "mape": 7.995798377300272
      },
      "lightgbm": {
        "mae": 3.943625958247169,
        "rmse": 6.609884222553616,
        "r2": 0.9677009293538806,
        "mape": 9.082403742356325
      },
      "catboost": {
        "mae": 4.012907252476834,
        "rmse": 6.521479451115054,
        "r2": 0.9685591280616959,
        "mape": 9.875472668587514
      },
      "rf": {
        "mae": 4.670619733441979,
        "rmse": 7.571802148547619,
        "r2": 0.9576161078415579,
        "mape": 12.408500059724743
      },
      "gb": {
        "mae": 3.524172458013853,
        "rmse": 6.3256204271715495,
        "r2": 0.970419291087466,
        "mape": 7.295206899498496
      },
      "ridge": {
        "mae": 10.511852501441723,
        "rmse": 13.73769165826984,
        "r2": 0.8604821258691999,
        "mape": 22.490886837770464
      },
      "linear": {
        "mae": 9.116257336826791,
        "rmse": 12.259130159430043,
        "r2": 0.8888980622645448,
        "mape": 19.679829185795718
      }
    },
    "cv_mae": {
      "xgboost": 2.705598828190693,
      "lightgbm": 2.5035383727375686,
      "catboost": 3.2723632460775205,
      "rf": 2.1360786340457323,
      "gb": 2.289967960592864,
      "ridge": 10.20673043270957,
      "linear": 9.36401910309501
    }
  }
}