{
  "trained_best_model": "rf",
  "new_test_metrics": {
    "mae": 4.083178397742208,
    "rmse": 7.086971487552422,
    "r2": 0.9631539663909905,
    "mape": 11.509609835332961
  },
  "cv_mae": {
    "xgboost": 2.656306660198652,
    "lightgbm": 2.517675477656691,
    "catboost": 3.260170810767687,
    "rf": 2.1656745214505824,
    "gb": 2.302402508663797,
    "ridge": 10.179522966766019,
    "linear": 9.349194580916818
  },
  "test_mae_all": {
    "xgboost": 3.0399445276627697,
    "lightgbm": 4.153961236503114,
    "catboost": 3.6964165171879957,
    "rf": 4.083178397742208,
    "gb": 3.7369010007357732,
    "ridge": 10.454898654619976,
    "linear": 9.036497707008214
  },
  "historical_best_cv_mae": 2.042469801781462,
  "is_new_historical_best": false,
  "features": [
    "pm2_5",
    "pm10",
    "co",
    "no2",
    "so2",
    "month_cos",
    "total_pm",
    "total_gases",
    "no2_o3_ratio",
    "pm2_5_rolling_3h",
    "pm10_rolling_3h",
    "co_rolling_3h",
    "pm2_5_co_interaction",
    "hour_sin",
    "hour_cos"
  ],
  "scaler_needed": false,
  "all_models_saved": [
    "model_xgboost.pkl",
    "model_lightgbm.pkl",
    "model_catboost.pkl",
    "model_rf.pkl",
    "model_gb.pkl",
    "model_ridge.pkl",
    "model_linear.pkl"
  ],
  "all_metrics": {
    "train": {
      "xgboost": {
        "mae": 1.842302387707854,
        "rmse": 3.4051698383365876,
        "r2": 0.9988336226775977,
        "mape": 1.484204088482474
      },
      "lightgbm": {
        "mae": 1.5367476334613996,
        "rmse": 3.059330251566435,
        "r2": 0.9990585132038706,
        "mape": 1.2593695049671256
      },
      "catboost": {
        "mae": 1.8763316520065858,
        "rmse": 3.000260917685909,
        "r2": 0.9990945185432388,
        "mape": 1.5524154986185497
      },
      "rf": {
        "mae": 1.1635823355815618,
        "rmse": 3.8564617347796366,
        "r2": 0.9985039725430871,
        "mape": 1.1393473025633911
      },
      "gb": {
        "mae": 1.3958525730410398,
        "rmse": 2.96628105805229,
        "r2": 0.9991149127018285,
        "mape": 1.2043534049154738
      },
      "ridge": {
        "mae": 8.898540411035688,
        "rmse": 11.769706358633602,
        "r2": 0.9860654558176563,
        "mape": 8.22028273201086
      },
      "linear": {
        "mae": 8.575907461648965,
        "rmse": 11.422789007091525,
        "r2": 0.9868748032849722,
        "mape": 7.782553062526941
      }
    },
    "val": {
      "xgboost": {
        "mae": 2.7859716045257708,
        "rmse": 9.068275144331812,
        "r2": 0.9404968856680281,
        "mape": 4.823461599255244
      },
      "lightgbm": {
        "mae": 3.0398638637628164,
        "rmse": 10.046225382253073,
        "r2": 0.9269708655160463,
        "mape": 5.024767295660673
      },
      "catboost": {
        "mae": 3.4225859495403066,
        "rmse": 10.063776689825762,
        "r2": 0.9267154707977217,
        "mape": 5.649985013530853
      },
      "rf": {
        "mae": 4.494268300877369,
        "rmse": 12.269911702056643,
        "r2": 0.8910635560929484,
        "mape": 7.534906133549679
      },
      "gb": {
        "mae": 2.899393814264885,
        "rmse": 9.955986045422168,
        "r2": 0.9282769288215039,
        "mape": 4.519652445468998
      },
      "ridge": {
        "mae": 6.855307577378283,
        "rmse": 12.028080714064082,
        "r2": 0.895315354468474,
        "mape": 10.840242926261286
      },
      "linear": {
        "mae": 6.568590569122682,
        "rmse": 11.805022162691454,
        "r2": 0.8991620674613551,
        "mape": 10.040028274715935
      }
    },
    "test": {
      "xgboost": {
        "mae": 3.0399445276627697,
        "rmse": 5.4899340360769004,
        "r2": 0.977889242300593,
        "mape": 8.034320005052116
      },
      "lightgbm": {
        "mae": 4.153961236503114,
        "rmse": 7.059813984865673,
        "r2": 0.9634358156983192,
        "mape": 9.374080390768043
      },
      "catboost": {
        "mae": 3.6964165171879957,
        "rmse": 6.152207659139443,
        "r2": 0.9722328475310639,
        "mape": 9.353505401513058
      },
      "rf": {
        "mae": 4.083178397742208,
        "rmse": 7.086971487552423,
        "r2": 0.9631539663909905,
        "mape": 11.509609835332961
      },
      "gb": {
        "mae": 3.7369010007357732,
        "rmse": 6.591302843196468,
        "r2": 0.9681278100392121,
        "mape": 7.543157593071389
      },
      "ridge": {
        "mae": 10.454898654619976,
        "rmse": 13.680521607423698,
        "r2": 0.862698688497606,
        "mape": 22.34938220932426
      },
      "linear": {
        "mae": 9.036497707008214,
        "rmse": 12.17285765704447,
        "r2": 0.8912937635483924,
        "mape": 19.520315565759503
      }
    },
    "cv_mae": {
      "xgboost": 2.656306660198652,
      "lightgbm": 2.517675477656691,
      "catboost": 3.260170810767687,
      "rf": 2.1656745214505824,
      "gb": 2.302402508663797,
      "ridge": 10.179522966766019,
      "linear": 9.349194580916818
    }
  }
}