{
  "trained_best_model": "rf",
  "new_test_metrics": {
    "mae": 3.3576331003740627,
    "rmse": 6.521773189691123,
    "r2": 0.9774513647119053,
    "mape": 10.206131936067397
  },
  "cv_mae": {
    "xgboost": 2.7121705030975045,
    "lightgbm": 2.4984141514021863,
    "catboost": 3.221950669711963,
    "rf": 2.237088443800075,
    "gb": 2.2750757971648765,
    "ridge": 9.922518851603641,
    "linear": 9.331413026531468
  },
  "test_mae_all": {
    "xgboost": 3.4379652211057308,
    "lightgbm": 3.557059388471348,
    "catboost": 3.852634583780371,
    "rf": 3.3576331003740636,
    "gb": 5.020018889660299,
    "ridge": 11.26529782331619,
    "linear": 9.623250777429746
  },
  "historical_best_cv_mae": 2.042469801781462,
  "is_new_historical_best": false,
  "features": [
    "pm2_5",
    "pm10",
    "co",
    "no2",
    "so2",
    "month_cos",
    "total_pm",
    "total_gases",
    "no2_o3_ratio",
    "pm2_5_rolling_3h",
    "pm10_rolling_3h",
    "co_rolling_3h",
    "pm2_5_co_interaction",
    "hour_sin",
    "hour_cos"
  ],
  "scaler_needed": false,
  "all_models_saved": [
    "model_xgboost.pkl",
    "model_lightgbm.pkl",
    "model_catboost.pkl",
    "model_rf.pkl",
    "model_gb.pkl",
    "model_ridge.pkl",
    "model_linear.pkl"
  ],
  "all_metrics": {
    "train": {
      "xgboost": {
        "mae": 1.824926030456981,
        "rmse": 3.378092794801572,
        "r2": 0.998820958455065,
        "mape": 1.4900490735107752
      },
      "lightgbm": {
        "mae": 1.7715759866922585,
        "rmse": 3.5979661599902526,
        "r2": 0.9986624805493977,
        "mape": 1.4549594654145812
      },
      "catboost": {
        "mae": 1.87351493612214,
        "rmse": 3.0213430861599835,
        "r2": 0.9990568385407083,
        "mape": 1.5698772562381342
      },
      "rf": {
        "mae": 1.177774524353571,
        "rmse": 3.881273832395808,
        "r2": 0.9984435523209897,
        "mape": 1.1590127502243002
      },
      "gb": {
        "mae": 1.3997456470864456,
        "rmse": 2.9733787542407315,
        "r2": 0.999086546539233,
        "mape": 1.2119752856433665
      },
      "ridge": {
        "mae": 8.718305641101496,
        "rmse": 11.589307927912287,
        "r2": 0.9861228282891321,
        "mape": 8.1246137293047
      },
      "linear": {
        "mae": 8.41233871458333,
        "rmse": 11.263957953196682,
        "r2": 0.9868910472240215,
        "mape": 7.702276297416358
      }
    },
    "val": {
      "xgboost": {
        "mae": 2.9148864876734066,
        "rmse": 9.44190350124321,
        "r2": 0.9333385574742884,
        "mape": 5.0222464015554875
      },
      "lightgbm": {
        "mae": 2.8965722970762933,
        "rmse": 10.3560345985359,
        "r2": 0.9198058704570953,
        "mape": 4.530560972066391
      },
      "catboost": {
        "mae": 3.3688708575346835,
        "rmse": 9.788084350662684,
        "r2": 0.9283607552039495,
        "mape": 5.736620420303367
      },
      "rf": {
        "mae": 3.500509458360588,
        "rmse": 11.889196709455971,
        "r2": 0.8943034972933604,
        "mape": 6.099131035686941
      },
      "gb": {
        "mae": 2.7344266759454476,
        "rmse": 9.694911676227404,
        "r2": 0.9297181303598032,
        "mape": 4.171266741168823
      },
      "ridge": {
        "mae": 6.390531224456511,
        "rmse": 11.594567621832367,
        "r2": 0.8994771697074593,
        "mape": 10.333418698202816
      },
      "linear": {
        "mae": 6.135981966180609,
        "rmse": 11.455882377894374,
        "r2": 0.9018675403996079,
        "mape": 9.563732003090767
      }
    },
    "test": {
      "xgboost": {
        "mae": 3.4379652211057308,
        "rmse": 5.8595796533054285,
        "r2": 0.9817978870664666,
        "mape": 8.399044478382336
      },
      "lightgbm": {
        "mae": 3.557059388471348,
        "rmse": 5.78772670691185,
        "r2": 0.982241555939352,
        "mape": 7.844599496501527
      },
      "catboost": {
        "mae": 3.852634583780371,
        "rmse": 6.458197631900937,
        "r2": 0.9778888392440765,
        "mape": 9.558057504065463
      },
      "rf": {
        "mae": 3.3576331003740636,
        "rmse": 6.521773189691124,
        "r2": 0.9774513647119053,
        "mape": 10.206131936067397
      },
      "gb": {
        "mae": 5.020018889660299,
        "rmse": 8.616210841194428,
        "r2": 0.960643042713318,
        "mape": 7.835202097674479
      },
      "ridge": {
        "mae": 11.26529782331619,
        "rmse": 14.244404071044764,
        "r2": 0.8924333979972728,
        "mape": 22.28482259616624
      },
      "linear": {
        "mae": 9.623250777429746,
        "rmse": 12.574109623973124,
        "r2": 0.9161808283423147,
        "mape": 19.43197250601995
      }
    },
    "cv_mae": {
      "xgboost": 2.7121705030975045,
      "lightgbm": 2.4984141514021863,
      "catboost": 3.221950669711963,
      "rf": 2.237088443800075,
      "gb": 2.2750757971648765,
      "ridge": 9.922518851603641,
      "linear": 9.331413026531468
    }
  }
}