{
  "trained_best_model": "rf",
  "new_test_metrics": {
    "mae": 4.7029761914564,
    "rmse": 7.650540914711775,
    "r2": 0.9569518946417344,
    "mape": 12.534628948025231
  },
  "cv_mae": {
    "xgboost": 2.6529541127602414,
    "lightgbm": 2.5233056451569413,
    "catboost": 3.17158841205223,
    "rf": 2.1465991399603745,
    "gb": 2.333776579693064,
    "ridge": 10.182841205237725,
    "linear": 9.337822632068432
  },
  "test_mae_all": {
    "xgboost": 3.312479576948876,
    "lightgbm": 4.0947261708473315,
    "catboost": 3.960173975663834,
    "rf": 4.7029761914564,
    "gb": 4.14202063811128,
    "ridge": 10.562740761980125,
    "linear": 9.16615599558378
  },
  "historical_best_cv_mae": 2.042469801781462,
  "is_new_historical_best": false,
  "features": [
    "pm2_5",
    "pm10",
    "co",
    "no2",
    "so2",
    "month_cos",
    "total_pm",
    "total_gases",
    "no2_o3_ratio",
    "pm2_5_rolling_3h",
    "pm10_rolling_3h",
    "co_rolling_3h",
    "pm2_5_co_interaction",
    "hour_sin",
    "hour_cos"
  ],
  "scaler_needed": false,
  "all_models_saved": [
    "model_xgboost.pkl",
    "model_lightgbm.pkl",
    "model_catboost.pkl",
    "model_rf.pkl",
    "model_gb.pkl",
    "model_ridge.pkl",
    "model_linear.pkl"
  ],
  "all_metrics": {
    "train": {
      "xgboost": {
        "mae": 1.876738594313968,
        "rmse": 3.4703683412620396,
        "r2": 0.9987907307662425,
        "mape": 1.5108193587073824
      },
      "lightgbm": {
        "mae": 1.5227918873035804,
        "rmse": 3.0286894830602193,
        "r2": 0.9990789539230639,
        "mape": 1.2518267882549063
      },
      "catboost": {
        "mae": 1.944487878298494,
        "rmse": 3.0654224212336696,
        "r2": 0.999056476943501,
        "mape": 1.5911909060645328
      },
      "rf": {
        "mae": 1.1590005146199132,
        "rmse": 3.85026454378819,
        "r2": 0.9985114857448948,
        "mape": 1.1324459980977823
      },
      "gb": {
        "mae": 1.3880437222855357,
        "rmse": 2.9452567626539703,
        "r2": 0.9991289999462698,
        "mape": 1.189543292295171
      },
      "ridge": {
        "mae": 8.912842741910072,
        "rmse": 11.77501144422976,
        "r2": 0.986078227457077,
        "mape": 8.208421631491941
      },
      "linear": {
        "mae": 8.584087691215533,
        "rmse": 11.426230596493104,
        "r2": 0.9868907505663841,
        "mape": 7.764132325720147
      }
    },
    "val": {
      "xgboost": {
        "mae": 2.830780882813615,
        "rmse": 9.077803612650516,
        "r2": 0.9376096356392818,
        "mape": 5.137910398417256
      },
      "lightgbm": {
        "mae": 2.896037257221704,
        "rmse": 10.176280025842443,
        "r2": 0.9215967520701791,
        "mape": 4.754118069864602
      },
      "catboost": {
        "mae": 3.369373290329883,
        "rmse": 9.986233508219776,
        "r2": 0.9244978376729233,
        "mape": 5.769931749612715
      },
      "rf": {
        "mae": 5.096109741961505,
        "rmse": 12.54109558247226,
        "r2": 0.8809232668094062,
        "mape": 8.651232051816429
      },
      "gb": {
        "mae": 2.7914565217934264,
        "rmse": 9.686979240979285,
        "r2": 0.9289551349107772,
        "mape": 4.632379505569219
      },
      "ridge": {
        "mae": 6.639573570961384,
        "rmse": 11.832361795430327,
        "r2": 0.8940017154482746,
        "mape": 10.863610488014475
      },
      "linear": {
        "mae": 6.31683635855577,
        "rmse": 11.567835790997476,
        "r2": 0.8986881639866552,
        "mape": 9.971816146256064
      }
    },
    "test": {
      "xgboost": {
        "mae": 3.312479576948876,
        "rmse": 5.98247885985855,
        "r2": 0.9736771988460159,
        "mape": 8.98689520067558
      },
      "lightgbm": {
        "mae": 4.0947261708473315,
        "rmse": 6.787923867478173,
        "r2": 0.9661121759781708,
        "mape": 9.38394767783333
      },
      "catboost": {
        "mae": 3.960173975663834,
        "rmse": 6.57364836345056,
        "r2": 0.9682178922197507,
        "mape": 9.81404181529266
      },
      "rf": {
        "mae": 4.7029761914564,
        "rmse": 7.650540914711776,
        "r2": 0.9569518946417344,
        "mape": 12.534628948025231
      },
      "gb": {
        "mae": 4.14202063811128,
        "rmse": 7.500720757308138,
        "r2": 0.9586214037994323,
        "mape": 8.531325454089474
      },
      "ridge": {
        "mae": 10.562740761980125,
        "rmse": 13.763507560803976,
        "r2": 0.8606753344037154,
        "mape": 22.54552130225181
      },
      "linear": {
        "mae": 9.16615599558378,
        "rmse": 12.28320488429076,
        "r2": 0.8890331776574584,
        "mape": 19.715382577188738
      }
    },
    "cv_mae": {
      "xgboost": 2.6529541127602414,
      "lightgbm": 2.5233056451569413,
      "catboost": 3.17158841205223,
      "rf": 2.1465991399603745,
      "gb": 2.333776579693064,
      "ridge": 10.182841205237725,
      "linear": 9.337822632068432
    }
  }
}