{
  "trained_best_model": "rf",
  "new_test_metrics": {
    "mae": 4.624748258115357,
    "rmse": 7.511676469538456,
    "r2": 0.9584809752616896,
    "mape": 12.308927085938272
  },
  "cv_mae": {
    "xgboost": 2.6355879964660525,
    "lightgbm": 2.4571898427418994,
    "catboost": 3.2275483345376004,
    "rf": 2.154587773584325,
    "gb": 2.3208940525481694,
    "ridge": 10.18363866641727,
    "linear": 9.33584464430589
  },
  "test_mae_all": {
    "xgboost": 3.7227089608446846,
    "lightgbm": 3.8632336872477957,
    "catboost": 4.32750912155494,
    "rf": 4.624748258115357,
    "gb": 4.019834510609955,
    "ridge": 10.560631682036302,
    "linear": 9.166905355844545
  },
  "historical_best_cv_mae": 2.042469801781462,
  "is_new_historical_best": false,
  "features": [
    "pm2_5",
    "pm10",
    "co",
    "no2",
    "so2",
    "month_cos",
    "total_pm",
    "total_gases",
    "no2_o3_ratio",
    "pm2_5_rolling_3h",
    "pm10_rolling_3h",
    "co_rolling_3h",
    "pm2_5_co_interaction",
    "hour_sin",
    "hour_cos"
  ],
  "scaler_needed": false,
  "all_models_saved": [
    "model_xgboost.pkl",
    "model_lightgbm.pkl",
    "model_catboost.pkl",
    "model_rf.pkl",
    "model_gb.pkl",
    "model_ridge.pkl",
    "model_linear.pkl"
  ],
  "all_metrics": {
    "train": {
      "xgboost": {
        "mae": 1.8669598432280856,
        "rmse": 3.424123956065124,
        "r2": 0.9988226816130399,
        "mape": 1.5009354554295113
      },
      "lightgbm": {
        "mae": 1.7244860975923755,
        "rmse": 3.4393275981281954,
        "r2": 0.9988122034493284,
        "mape": 1.397921739985995
      },
      "catboost": {
        "mae": 1.9206139918089085,
        "rmse": 3.03120519285275,
        "r2": 0.9990773740976764,
        "mape": 1.5932507302567616
      },
      "rf": {
        "mae": 1.1571538842892357,
        "rmse": 3.84459515475962,
        "r2": 0.9985157871097147,
        "mape": 1.1285939210956686
      },
      "gb": {
        "mae": 1.3927296749568696,
        "rmse": 2.9562288220793156,
        "r2": 0.9991224516291618,
        "mape": 1.1974774325483037
      },
      "ridge": {
        "mae": 8.913099561513517,
        "rmse": 11.775104441751783,
        "r2": 0.9860772666261239,
        "mape": 8.208486605802841
      },
      "linear": {
        "mae": 8.58455419027526,
        "rmse": 11.426348673629155,
        "r2": 0.9868897819407577,
        "mape": 7.764339847963725
      }
    },
    "val": {
      "xgboost": {
        "mae": 2.7848174495784117,
        "rmse": 8.834383675456905,
        "r2": 0.9409058206829028,
        "mape": 5.098640004496863
      },
      "lightgbm": {
        "mae": 2.997472520718311,
        "rmse": 10.28654589908567,
        "r2": 0.9198817731789811,
        "mape": 4.797325113470649
      },
      "catboost": {
        "mae": 3.8242433686889816,
        "rmse": 10.8013224200269,
        "r2": 0.9116623071698979,
        "mape": 6.807322639483923
      },
      "rf": {
        "mae": 5.008329584466585,
        "rmse": 12.47122948916406,
        "r2": 0.882236491967246,
        "mape": 8.466241224928075
      },
      "gb": {
        "mae": 2.8966504839019054,
        "rmse": 9.78944059667633,
        "r2": 0.9274382174340061,
        "mape": 4.636040847447419
      },
      "ridge": {
        "mae": 6.6411242768482355,
        "rmse": 11.832359302129841,
        "r2": 0.8939929154891714,
        "mape": 10.866199038826862
      },
      "linear": {
        "mae": 6.316405767867015,
        "rmse": 11.567666380491795,
        "r2": 0.8986826780372056,
        "mape": 9.972041660865955
      }
    },
    "test": {
      "xgboost": {
        "mae": 3.7227089608446846,
        "rmse": 6.518282065906839,
        "r2": 0.9687363489804288,
        "mape": 9.602811838550435
      },
      "lightgbm": {
        "mae": 3.8632336872477957,
        "rmse": 6.4639731574877315,
        "r2": 0.9692551425821945,
        "mape": 8.910662053460285
      },
      "catboost": {
        "mae": 4.32750912155494,
        "rmse": 7.098588790187565,
        "r2": 0.9629219033184161,
        "mape": 11.20240437185139
      },
      "rf": {
        "mae": 4.624748258115357,
        "rmse": 7.511676469538456,
        "r2": 0.9584809752616896,
        "mape": 12.308927085938272
      },
      "gb": {
        "mae": 4.019834510609955,
        "rmse": 7.032741095215853,
        "r2": 0.9636065980818422,
        "mape": 8.089947624289055
      },
      "ridge": {
        "mae": 10.560631682036302,
        "rmse": 13.763552729456956,
        "r2": 0.8606090760718096,
        "mape": 22.544150866611027
      },
      "linear": {
        "mae": 9.166905355844545,
        "rmse": 12.28379042874757,
        "r2": 0.8889705492171825,
        "mape": 19.71646789377392
      }
    },
    "cv_mae": {
      "xgboost": 2.6355879964660525,
      "lightgbm": 2.4571898427418994,
      "catboost": 3.2275483345376004,
      "rf": 2.154587773584325,
      "gb": 2.3208940525481694,
      "ridge": 10.18363866641727,
      "linear": 9.33584464430589
    }
  }
}