{
  "trained_best_model": "xgboost",
  "new_test_metrics": {
    "mae": 3.4192183474161144,
    "rmse": 5.593379623556274,
    "r2": 0.9761034621496788,
    "mape": 8.45868453453813
  },
  "cv_mae": {
    "xgboost": 2.113357656669243,
    "lightgbm": 2.3326815358201842,
    "catboost": 3.4382781108324316,
    "rf": 2.283120884392546,
    "gb": 2.408057417775554,
    "ridge": 10.67430763972326,
    "linear": 9.684489495309903
  },
  "test_mae_all": {
    "xgboost": 3.4192183474161144,
    "lightgbm": 3.2912062364236463,
    "catboost": 4.96081827212055,
    "rf": 5.556604916954006,
    "gb": 4.049456114190349,
    "ridge": 10.233445245552659,
    "linear": 8.826829542092566
  },
  "historical_best_cv_mae": 2.0564814707537686,
  "is_new_historical_best": false,
  "features": [
    "pm2_5",
    "pm10",
    "co",
    "no2",
    "so2",
    "month_cos",
    "total_pm",
    "total_gases",
    "no2_o3_ratio",
    "pm2_5_rolling_3h",
    "pm10_rolling_3h",
    "co_rolling_3h",
    "pm2_5_co_interaction",
    "hour_sin",
    "hour_cos"
  ],
  "scaler_needed": false,
  "all_models_saved": [
    "model_xgboost.pkl",
    "model_lightgbm.pkl",
    "model_catboost.pkl",
    "model_rf.pkl",
    "model_gb.pkl",
    "model_ridge.pkl",
    "model_linear.pkl"
  ],
  "all_metrics": {
    "train": {
      "xgboost": {
        "mae": 1.1411936261338187,
        "rmse": 1.9930078986449395,
        "r2": 0.9996026265448534,
        "mape": 0.9630137318298515
      },
      "lightgbm": {
        "mae": 0.9762718381087607,
        "rmse": 1.9045620907575196,
        "r2": 0.9996371132726084,
        "mape": 0.8073645357678615
      },
      "catboost": {
        "mae": 1.9465682350456965,
        "rmse": 3.072465104126752,
        "r2": 0.9990556027129271,
        "mape": 1.5896894793410605
      },
      "rf": {
        "mae": 1.1519131498584392,
        "rmse": 3.79657215744696,
        "r2": 0.9985580037542484,
        "mape": 1.1248503600330342
      },
      "gb": {
        "mae": 1.4013736228680582,
        "rmse": 2.966542527489332,
        "r2": 0.9991195960750379,
        "mape": 1.182979889219839
      },
      "ridge": {
        "mae": 8.997957859481378,
        "rmse": 11.853352119346345,
        "r2": 0.985943953522727,
        "mape": 8.249708103349871
      },
      "linear": {
        "mae": 8.676221097129543,
        "rmse": 11.508123400234705,
        "r2": 0.9867507945974233,
        "mape": 7.812596616086866
      }
    },
    "val": {
      "xgboost": {
        "mae": 2.9093438348813687,
        "rmse": 8.371980252066813,
        "r2": 0.9551543822544342,
        "mape": 5.284146897223329
      },
      "lightgbm": {
        "mae": 2.840622953424111,
        "rmse": 9.300336286013877,
        "r2": 0.9446572258868348,
        "mape": 4.6382541646632465
      },
      "catboost": {
        "mae": 4.493677205234313,
        "rmse": 10.482505750472658,
        "r2": 0.9296937654127269,
        "mape": 6.928623341547152
      },
      "rf": {
        "mae": 5.644948121953718,
        "rmse": 12.587192076713652,
        "r2": 0.8986272240558634,
        "mape": 9.454914049644291
      },
      "gb": {
        "mae": 2.841119135677627,
        "rmse": 9.863953309194029,
        "r2": 0.9377462329829029,
        "mape": 4.5863097184666275
      },
      "ridge": {
        "mae": 7.10230376709151,
        "rmse": 12.185158794124634,
        "r2": 0.9049994747143162,
        "mape": 11.341517655870778
      },
      "linear": {
        "mae": 6.704957187046275,
        "rmse": 11.841955004945639,
        "r2": 0.9102756267275591,
        "mape": 10.457629556993641
      }
    },
    "test": {
      "xgboost": {
        "mae": 3.4192183474161144,
        "rmse": 5.593379623556274,
        "r2": 0.9761034621496788,
        "mape": 8.45868453453813
      },
      "lightgbm": {
        "mae": 3.2912062364236463,
        "rmse": 5.090438300494758,
        "r2": 0.9802076779752383,
        "mape": 7.917944737731286
      },
      "catboost": {
        "mae": 4.96081827212055,
        "rmse": 6.694712846004255,
        "r2": 0.9657665790779046,
        "mape": 10.607801265880603
      },
      "rf": {
        "mae": 5.556604916954006,
        "rmse": 7.880236625880999,
        "r2": 0.9525687129076809,
        "mape": 13.65382794441324
      },
      "gb": {
        "mae": 4.049456114190349,
        "rmse": 7.627300324738247,
        "r2": 0.9555647030535398,
        "mape": 8.37370479775471
      },
      "ridge": {
        "mae": 10.233445245552659,
        "rmse": 13.652874461931109,
        "r2": 0.8576247215479257,
        "mape": 22.29789990787485
      },
      "linear": {
        "mae": 8.826829542092566,
        "rmse": 12.131747142966333,
        "r2": 0.8875827149824644,
        "mape": 19.411269310186103
      }
    },
    "cv_mae": {
      "xgboost": 2.113357656669243,
      "lightgbm": 2.3326815358201842,
      "catboost": 3.4382781108324316,
      "rf": 2.283120884392546,
      "gb": 2.408057417775554,
      "ridge": 10.67430763972326,
      "linear": 9.684489495309903
    }
  }
}