{
  "trained_best_model": "rf",
  "new_test_metrics": {
    "mae": 3.3360759469158165,
    "rmse": 6.630296786292909,
    "r2": 0.9772331826183753,
    "mape": 10.291861271140373
  },
  "cv_mae": {
    "xgboost": 2.7420445518717607,
    "lightgbm": 2.56281021862529,
    "catboost": 3.183959258299068,
    "rf": 2.219236944546411,
    "gb": 2.3384757096674016,
    "ridge": 9.97995873854089,
    "linear": 9.361459836551175
  },
  "test_mae_all": {
    "xgboost": 3.040750725565215,
    "lightgbm": 3.832661013952207,
    "catboost": 3.7933978734194382,
    "rf": 3.3360759469158165,
    "gb": 5.668157085198105,
    "ridge": 11.38181208321885,
    "linear": 9.728576775955274
  },
  "historical_best_cv_mae": 2.042469801781462,
  "is_new_historical_best": false,
  "features": [
    "pm2_5",
    "pm10",
    "co",
    "no2",
    "so2",
    "month_cos",
    "total_pm",
    "total_gases",
    "no2_o3_ratio",
    "pm2_5_rolling_3h",
    "pm10_rolling_3h",
    "co_rolling_3h",
    "pm2_5_co_interaction",
    "hour_sin",
    "hour_cos"
  ],
  "scaler_needed": false,
  "all_models_saved": [
    "model_xgboost.pkl",
    "model_lightgbm.pkl",
    "model_catboost.pkl",
    "model_rf.pkl",
    "model_gb.pkl",
    "model_ridge.pkl",
    "model_linear.pkl"
  ],
  "all_metrics": {
    "train": {
      "xgboost": {
        "mae": 1.9046405711674799,
        "rmse": 3.552583474800048,
        "r2": 0.9986941064058967,
        "mape": 1.5589350858287772
      },
      "lightgbm": {
        "mae": 1.7322697541366445,
        "rmse": 3.474068787177424,
        "r2": 0.9987511909553337,
        "mape": 1.420401963327448
      },
      "catboost": {
        "mae": 1.8960388341677978,
        "rmse": 3.0254305780147894,
        "r2": 0.9990529048930555,
        "mape": 1.595091521275568
      },
      "rf": {
        "mae": 1.1804039313067325,
        "rmse": 3.892682699747796,
        "r2": 0.9984321041203381,
        "mape": 1.1585589813605788
      },
      "gb": {
        "mae": 1.4028570863697327,
        "rmse": 2.971339605556193,
        "r2": 0.9990864679418079,
        "mape": 1.2163248101971667
      },
      "ridge": {
        "mae": 8.714792740284764,
        "rmse": 11.58196492412689,
        "r2": 0.986120184296709,
        "mape": 8.136337566597879
      },
      "linear": {
        "mae": 8.409920797746592,
        "rmse": 11.258232738396881,
        "r2": 0.9868852609446533,
        "mape": 7.715519396299363
      }
    },
    "val": {
      "xgboost": {
        "mae": 2.820201194449647,
        "rmse": 9.270739049203284,
        "r2": 0.936033438018709,
        "mape": 4.612380623118899
      },
      "lightgbm": {
        "mae": 2.8295665892600996,
        "rmse": 10.244173190418126,
        "r2": 0.921895128914711,
        "mape": 4.179220483771241
      },
      "catboost": {
        "mae": 3.3060022476799373,
        "rmse": 10.010178281048626,
        "r2": 0.9254224829138973,
        "mape": 5.662595626920208
      },
      "rf": {
        "mae": 3.4405287683471317,
        "rmse": 11.944521576582668,
        "r2": 0.8938153318284048,
        "mape": 6.088416236758287
      },
      "gb": {
        "mae": 2.812943411909395,
        "rmse": 9.814171191369336,
        "r2": 0.928314461154377,
        "mape": 4.326003282161295
      },
      "ridge": {
        "mae": 6.359997734811217,
        "rmse": 11.582823036366575,
        "r2": 0.9001488346068407,
        "mape": 10.333584189218243
      },
      "linear": {
        "mae": 6.064740424880295,
        "rmse": 11.42842801048269,
        "r2": 0.9027930560984729,
        "mape": 9.50571112047911
      }
    },
    "test": {
      "xgboost": {
        "mae": 3.040750725565215,
        "rmse": 5.150651226348462,
        "r2": 0.9862608244688368,
        "mape": 7.460406081755537
      },
      "lightgbm": {
        "mae": 3.832661013952207,
        "rmse": 6.135602860438689,
        "r2": 0.9805037597092928,
        "mape": 7.791043020426443
      },
      "catboost": {
        "mae": 3.7933978734194382,
        "rmse": 6.384583188344644,
        "r2": 0.9788893557891639,
        "mape": 9.48554900030046
      },
      "rf": {
        "mae": 3.3360759469158165,
        "rmse": 6.630296786292908,
        "r2": 0.9772331826183753,
        "mape": 10.291861271140375
      },
      "gb": {
        "mae": 5.668157085198105,
        "rmse": 9.720942301237546,
        "r2": 0.9510612224148542,
        "mape": 8.334513790952142
      },
      "ridge": {
        "mae": 11.38181208321885,
        "rmse": 14.332150380433132,
        "r2": 0.8936202172368344,
        "mape": 22.336810411405576
      },
      "linear": {
        "mae": 9.728576775955274,
        "rmse": 12.648419880642114,
        "r2": 0.9171468671492002,
        "mape": 19.49325821872868
      }
    },
    "cv_mae": {
      "xgboost": 2.7420445518717607,
      "lightgbm": 2.56281021862529,
      "catboost": 3.183959258299068,
      "rf": 2.219236944546411,
      "gb": 2.3384757096674016,
      "ridge": 9.97995873854089,
      "linear": 9.361459836551175
    }
  }
}