{
  "trained_best_model": "rf",
  "new_test_metrics": {
    "mae": 4.73609261752121,
    "rmse": 7.684191513026076,
    "r2": 0.9563027328621412,
    "mape": 12.590434273048803
  },
  "cv_mae": {
    "xgboost": 2.704307752486078,
    "lightgbm": 2.487338025239363,
    "catboost": 3.194082792016442,
    "rf": 2.126601122471709,
    "gb": 2.346197745239974,
    "ridge": 10.19472935176652,
    "linear": 9.364541930265169
  },
  "test_mae_all": {
    "xgboost": 3.393694604174387,
    "lightgbm": 3.8692430825786936,
    "catboost": 3.823801101156173,
    "rf": 4.736092617521212,
    "gb": 3.5316197160260816,
    "ridge": 10.533518520377529,
    "linear": 9.148532856026211
  },
  "historical_best_cv_mae": 2.042469801781462,
  "is_new_historical_best": false,
  "features": [
    "pm2_5",
    "pm10",
    "co",
    "no2",
    "so2",
    "month_cos",
    "total_pm",
    "total_gases",
    "no2_o3_ratio",
    "pm2_5_rolling_3h",
    "pm10_rolling_3h",
    "co_rolling_3h",
    "pm2_5_co_interaction",
    "hour_sin",
    "hour_cos"
  ],
  "scaler_needed": false,
  "all_models_saved": [
    "model_xgboost.pkl",
    "model_lightgbm.pkl",
    "model_catboost.pkl",
    "model_rf.pkl",
    "model_gb.pkl",
    "model_ridge.pkl",
    "model_linear.pkl"
  ],
  "all_metrics": {
    "train": {
      "xgboost": {
        "mae": 1.830084610669658,
        "rmse": 3.370479787617449,
        "r2": 0.9988589498133573,
        "mape": 1.4670710153126747
      },
      "lightgbm": {
        "mae": 1.8987656248285443,
        "rmse": 3.8204022988157043,
        "r2": 0.9985339813756011,
        "mape": 1.5394176658064225
      },
      "catboost": {
        "mae": 1.9211457585787242,
        "rmse": 3.043795650173712,
        "r2": 0.9990694230815114,
        "mape": 1.5810659514596637
      },
      "rf": {
        "mae": 1.1525434660919511,
        "rmse": 3.832880940252328,
        "r2": 0.9985243887745169,
        "mape": 1.127744221598351
      },
      "gb": {
        "mae": 1.3954169624801334,
        "rmse": 3.004021767120221,
        "r2": 0.9990935842512325,
        "mape": 1.1884274509554746
      },
      "ridge": {
        "mae": 8.92221051243124,
        "rmse": 11.781696403312754,
        "r2": 0.9860576189793874,
        "mape": 8.2152780972027
      },
      "linear": {
        "mae": 8.591167410523159,
        "rmse": 11.430758532125356,
        "r2": 0.986875843712505,
        "mape": 7.76838821107742
      }
    },
    "val": {
      "xgboost": {
        "mae": 2.7584529685103187,
        "rmse": 8.931116744811895,
        "r2": 0.939577550558912,
        "mape": 4.992264723619781
      },
      "lightgbm": {
        "mae": 3.047020534664612,
        "rmse": 10.263888499606834,
        "r2": 0.9201985752406577,
        "mape": 4.850669510580299
      },
      "catboost": {
        "mae": 3.5190555937961356,
        "rmse": 9.984885588896553,
        "r2": 0.9244780873875784,
        "mape": 5.892756436315184
      },
      "rf": {
        "mae": 5.133593055254193,
        "rmse": 12.566459250911121,
        "r2": 0.880377562163618,
        "mape": 8.704645957233618
      },
      "gb": {
        "mae": 2.649858758550418,
        "rmse": 9.54075109560346,
        "r2": 0.9310471968988606,
        "mape": 4.122773048205502
      },
      "ridge": {
        "mae": 6.640484748149773,
        "rmse": 11.833595173087778,
        "r2": 0.8939232487860735,
        "mape": 10.865218031990572
      },
      "linear": {
        "mae": 6.305230288806403,
        "rmse": 11.56642808018394,
        "r2": 0.8986589691274735,
        "mape": 9.958343446098485
      }
    },
    "test": {
      "xgboost": {
        "mae": 3.393694604174387,
        "rmse": 5.901309582288653,
        "r2": 0.974227608924255,
        "mape": 8.862707160899243
      },
      "lightgbm": {
        "mae": 3.8692430825786936,
        "rmse": 6.450116557557162,
        "r2": 0.9692111802174339,
        "mape": 9.12180724894057
      },
      "catboost": {
        "mae": 3.823801101156173,
        "rmse": 6.274373652553598,
        "r2": 0.9708660968052909,
        "mape": 9.60310942271733
      },
      "rf": {
        "mae": 4.736092617521212,
        "rmse": 7.684191513026078,
        "r2": 0.9563027328621412,
        "mape": 12.590434273048807
      },
      "gb": {
        "mae": 3.5316197160260816,
        "rmse": 6.3313872731166185,
        "r2": 0.9703342266720112,
        "mape": 7.162912665958594
      },
      "ridge": {
        "mae": 10.533518520377529,
        "rmse": 13.747613600476306,
        "r2": 0.8601338725980797,
        "mape": 22.535869991581805
      },
      "linear": {
        "mae": 9.148532856026211,
        "rmse": 12.270073524730147,
        "r2": 0.8885827983751089,
        "mape": 19.707129373050385
      }
    },
    "cv_mae": {
      "xgboost": 2.704307752486078,
      "lightgbm": 2.487338025239363,
      "catboost": 3.194082792016442,
      "rf": 2.126601122471709,
      "gb": 2.346197745239974,
      "ridge": 10.19472935176652,
      "linear": 9.364541930265169
    }
  }
}