{
  "trained_best_model": "xgboost",
  "new_test_metrics": {
    "mae": 3.4507004409985944,
    "rmse": 5.708538279623431,
    "r2": 0.9751376877318187,
    "mape": 8.847279775321349
  },
  "cv_mae": {
    "xgboost": 2.10281912771923,
    "lightgbm": 2.3360505872010378,
    "catboost": 3.414290674557325,
    "rf": 2.285720448198142,
    "gb": 2.4021601571988773,
    "ridge": 10.749723621515248,
    "linear": 9.723609084732969
  },
  "test_mae_all": {
    "xgboost": 3.4507004409985944,
    "lightgbm": 4.364197868324358,
    "catboost": 4.3343466721554185,
    "rf": 5.54783109755851,
    "gb": 4.125383055972275,
    "ridge": 10.187736848822784,
    "linear": 8.776588672134945
  },
  "historical_best_cv_mae": 2.0564814707537686,
  "is_new_historical_best": false,
  "features": [
    "pm2_5",
    "pm10",
    "co",
    "no2",
    "so2",
    "month_cos",
    "total_pm",
    "total_gases",
    "no2_o3_ratio",
    "pm2_5_rolling_3h",
    "pm10_rolling_3h",
    "co_rolling_3h",
    "pm2_5_co_interaction",
    "hour_sin",
    "hour_cos"
  ],
  "scaler_needed": false,
  "all_models_saved": [
    "model_xgboost.pkl",
    "model_lightgbm.pkl",
    "model_catboost.pkl",
    "model_rf.pkl",
    "model_gb.pkl",
    "model_ridge.pkl",
    "model_linear.pkl"
  ],
  "all_metrics": {
    "train": {
      "xgboost": {
        "mae": 1.1303744681582915,
        "rmse": 1.958430964694602,
        "r2": 0.9996163023609878,
        "mape": 0.956792613994281
      },
      "lightgbm": {
        "mae": 0.9806338065129376,
        "rmse": 1.8915123018566566,
        "r2": 0.9996420759071363,
        "mape": 0.8195442402033728
      },
      "catboost": {
        "mae": 1.9584970237306458,
        "rmse": 3.06519248432207,
        "r2": 0.999060086047194,
        "mape": 1.5974656260199294
      },
      "rf": {
        "mae": 1.1557111479662678,
        "rmse": 3.79751432660608,
        "r2": 0.9985573152716911,
        "mape": 1.1294082395081018
      },
      "gb": {
        "mae": 1.4467665525852982,
        "rmse": 3.0599565880478794,
        "r2": 0.9990632943864849,
        "mape": 1.2341546780190373
      },
      "ridge": {
        "mae": 8.989000973319351,
        "rmse": 11.849020311932877,
        "r2": 0.9859544910596746,
        "mape": 8.245298703443844
      },
      "linear": {
        "mae": 8.66780044310763,
        "rmse": 11.50333094899854,
        "r2": 0.9867620778813598,
        "mape": 7.809700723753725
      }
    },
    "val": {
      "xgboost": {
        "mae": 2.949764264773016,
        "rmse": 8.390612118078451,
        "r2": 0.9561940238013086,
        "mape": 5.288661332657036
      },
      "lightgbm": {
        "mae": 3.37113362387638,
        "rmse": 9.197937742762662,
        "r2": 0.9473586517001883,
        "mape": 5.346638030475691
      },
      "catboost": {
        "mae": 4.0048388080319794,
        "rmse": 10.280529656299258,
        "r2": 0.9342376910044231,
        "mape": 6.390515090533691
      },
      "rf": {
        "mae": 5.63793359349508,
        "rmse": 12.590678707747795,
        "r2": 0.9013619776598484,
        "mape": 9.432925730367202
      },
      "gb": {
        "mae": 3.1964005721702113,
        "rmse": 9.823574474275924,
        "r2": 0.939953851375396,
        "mape": 5.199532018148139
      },
      "ridge": {
        "mae": 7.227560274798356,
        "rmse": 12.318040853120204,
        "r2": 0.9055875314225059,
        "mape": 11.377982073110742
      },
      "linear": {
        "mae": 6.821901300224095,
        "rmse": 11.967380595362624,
        "r2": 0.9108863404221906,
        "mape": 10.48983097688638
      }
    },
    "test": {
      "xgboost": {
        "mae": 3.4507004409985944,
        "rmse": 5.708538279623431,
        "r2": 0.9751376877318187,
        "mape": 8.847279775321349
      },
      "lightgbm": {
        "mae": 4.364197868324358,
        "rmse": 6.282396445788726,
        "r2": 0.9698878088197996,
        "mape": 10.329963310394003
      },
      "catboost": {
        "mae": 4.3343466721554185,
        "rmse": 6.440051128165866,
        "r2": 0.9683575347283836,
        "mape": 10.14042975978649
      },
      "rf": {
        "mae": 5.54783109755851,
        "rmse": 7.867225158606927,
        "r2": 0.9527790368351263,
        "mape": 13.595017734077345
      },
      "gb": {
        "mae": 4.125383055972275,
        "rmse": 6.821711903709133,
        "r2": 0.9644959063846825,
        "mape": 8.796016658567675
      },
      "ridge": {
        "mae": 10.187736848822784,
        "rmse": 13.625731033740813,
        "r2": 0.8583517199991684,
        "mape": 22.275395480759283
      },
      "linear": {
        "mae": 8.776588672134945,
        "rmse": 12.095623877111663,
        "r2": 0.8883784037561996,
        "mape": 19.381948976533362
      }
    },
    "cv_mae": {
      "xgboost": 2.10281912771923,
      "lightgbm": 2.3360505872010378,
      "catboost": 3.414290674557325,
      "rf": 2.285720448198142,
      "gb": 2.4021601571988773,
      "ridge": 10.749723621515248,
      "linear": 9.723609084732969
    }
  }
}