{
  "trained_best_model": "rf",
  "new_test_metrics": {
    "mae": 3.619051590959589,
    "rmse": 6.8765957758401965,
    "r2": 0.9691562966488038,
    "mape": 10.699167531553654
  },
  "cv_mae": {
    "xgboost": 2.593049694367351,
    "lightgbm": 2.406104676086109,
    "catboost": 3.2974976610792424,
    "rf": 2.1795640140809773,
    "gb": 2.203524092235734,
    "ridge": 10.230974067534017,
    "linear": 9.479232721643585
  },
  "test_mae_all": {
    "xgboost": 3.430397477197579,
    "lightgbm": 3.907954727430872,
    "catboost": 3.935438029436876,
    "rf": 3.6190515909595913,
    "gb": 3.6758234144721538,
    "ridge": 10.50316675052291,
    "linear": 9.051204159077823
  },
  "historical_best_cv_mae": 2.042469801781462,
  "is_new_historical_best": false,
  "features": [
    "pm2_5",
    "pm10",
    "co",
    "no2",
    "so2",
    "month_cos",
    "total_pm",
    "total_gases",
    "no2_o3_ratio",
    "pm2_5_rolling_3h",
    "pm10_rolling_3h",
    "co_rolling_3h",
    "pm2_5_co_interaction",
    "hour_sin",
    "hour_cos"
  ],
  "scaler_needed": false,
  "all_models_saved": [
    "model_xgboost.pkl",
    "model_lightgbm.pkl",
    "model_catboost.pkl",
    "model_rf.pkl",
    "model_gb.pkl",
    "model_ridge.pkl",
    "model_linear.pkl"
  ],
  "all_metrics": {
    "train": {
      "xgboost": {
        "mae": 1.919041332200082,
        "rmse": 3.5583181186241535,
        "r2": 0.9987185177178033,
        "mape": 1.5555282887464639
      },
      "lightgbm": {
        "mae": 1.7938925848536607,
        "rmse": 3.624535022690266,
        "r2": 0.99867037962047,
        "mape": 1.4681723094711914
      },
      "catboost": {
        "mae": 1.888478771213071,
        "rmse": 2.9712336861436754,
        "r2": 0.9991064956270129,
        "mape": 1.591132537081435
      },
      "rf": {
        "mae": 1.1580192815365293,
        "rmse": 3.8809842073720024,
        "r2": 0.9984755723655484,
        "mape": 1.1334720787145596
      },
      "gb": {
        "mae": 1.4047940191588706,
        "rmse": 2.9844424264424982,
        "r2": 0.9990985337487137,
        "mape": 1.2160670869167463
      },
      "ridge": {
        "mae": 8.857969663764491,
        "rmse": 11.723111350876602,
        "r2": 0.9860905857271955,
        "mape": 8.211227249260835
      },
      "linear": {
        "mae": 8.538447880838,
        "rmse": 11.380112704648548,
        "r2": 0.9868926110077083,
        "mape": 7.775369477169908
      }
    },
    "val": {
      "xgboost": {
        "mae": 2.9823506259482744,
        "rmse": 9.306199753103591,
        "r2": 0.9372222594364996,
        "mape": 5.1759629026910385
      },
      "lightgbm": {
        "mae": 3.066676309466925,
        "rmse": 10.32823619935861,
        "r2": 0.9226761867534118,
        "mape": 4.7857496510713045
      },
      "catboost": {
        "mae": 3.385969690507675,
        "rmse": 9.98278358443648,
        "r2": 0.9277622429461873,
        "mape": 5.6869248307427975
      },
      "rf": {
        "mae": 3.9931529949843565,
        "rmse": 12.135541259418558,
        "r2": 0.8932472078891601,
        "mape": 6.7006250612330485
      },
      "gb": {
        "mae": 2.766754475354794,
        "rmse": 9.607861727552809,
        "r2": 0.9330863948956941,
        "mape": 4.205127353884667
      },
      "ridge": {
        "mae": 6.588902244680979,
        "rmse": 11.901277765154877,
        "r2": 0.8973289217012445,
        "mape": 10.344627010807276
      },
      "linear": {
        "mae": 6.358783855530921,
        "rmse": 11.709469344717473,
        "r2": 0.900611675699575,
        "mape": 9.653268837418254
      }
    },
    "test": {
      "xgboost": {
        "mae": 3.430397477197579,
        "rmse": 6.064408580699966,
        "r2": 0.9760118678671353,
        "mape": 8.723517248070403
      },
      "lightgbm": {
        "mae": 3.907954727430872,
        "rmse": 6.48470360483319,
        "r2": 0.9725716434380397,
        "mape": 8.797157532999059
      },
      "catboost": {
        "mae": 3.935438029436876,
        "rmse": 6.420509302440151,
        "r2": 0.9731120009368471,
        "mape": 9.772567807750136
      },
      "rf": {
        "mae": 3.6190515909595913,
        "rmse": 6.876595775840199,
        "r2": 0.9691562966488038,
        "mape": 10.699167531553657
      },
      "gb": {
        "mae": 3.6758234144721538,
        "rmse": 6.525525175303163,
        "r2": 0.9722252304493227,
        "mape": 6.963426129554754
      },
      "ridge": {
        "mae": 10.50316675052291,
        "rmse": 13.669395876439758,
        "r2": 0.8781240068724533,
        "mape": 22.153568128388585
      },
      "linear": {
        "mae": 9.051204159077823,
        "rmse": 12.162092977990962,
        "r2": 0.9035202512770433,
        "mape": 19.338131193812647
      }
    },
    "cv_mae": {
      "xgboost": 2.593049694367351,
      "lightgbm": 2.406104676086109,
      "catboost": 3.2974976610792424,
      "rf": 2.1795640140809773,
      "gb": 2.203524092235734,
      "ridge": 10.230974067534017,
      "linear": 9.479232721643585
    }
  }
}