{
  "trained_best_model": "rf",
  "new_test_metrics": {
    "mae": 5.4965001075819995,
    "rmse": 7.848474149103786,
    "r2": 0.9528434629098427,
    "mape": 13.596263524266933
  },
  "cv_mae": {
    "xgboost": 2.777393307844487,
    "lightgbm": 2.5955639133208135,
    "catboost": 3.5790761821830763,
    "rf": 2.2276872765816984,
    "gb": 2.3328452622231084,
    "ridge": 10.53076610648103,
    "linear": 9.59348416649368
  },
  "test_mae_all": {
    "xgboost": 4.026519682880135,
    "lightgbm": 4.367886936378642,
    "catboost": 5.184666364274277,
    "rf": 5.4965001075819995,
    "gb": 4.2343920196057,
    "ridge": 10.279874947400673,
    "linear": 8.881034127578683
  },
  "historical_best_cv_mae": 2.042469801781462,
  "is_new_historical_best": false,
  "features": [
    "pm2_5",
    "pm10",
    "co",
    "no2",
    "so2",
    "month_cos",
    "total_pm",
    "total_gases",
    "no2_o3_ratio",
    "pm2_5_rolling_3h",
    "pm10_rolling_3h",
    "co_rolling_3h",
    "pm2_5_co_interaction",
    "hour_sin",
    "hour_cos"
  ],
  "scaler_needed": false,
  "all_models_saved": [
    "model_xgboost.pkl",
    "model_lightgbm.pkl",
    "model_catboost.pkl",
    "model_rf.pkl",
    "model_gb.pkl",
    "model_ridge.pkl",
    "model_linear.pkl"
  ],
  "all_metrics": {
    "train": {
      "xgboost": {
        "mae": 1.8455413663146236,
        "rmse": 3.37978103417479,
        "r2": 0.998856997385856,
        "mape": 1.4800222688783315
      },
      "lightgbm": {
        "mae": 1.8497630757513037,
        "rmse": 3.6447487698557555,
        "r2": 0.9986707542186807,
        "mape": 1.4931535623140046
      },
      "catboost": {
        "mae": 1.9027371337632428,
        "rmse": 3.038158943233657,
        "r2": 0.9990763847913664,
        "mape": 1.5445268696121168
      },
      "rf": {
        "mae": 1.1610295335065026,
        "rmse": 3.7975627011973883,
        "r2": 0.9985569545794879,
        "mape": 1.1313347009564578
      },
      "gb": {
        "mae": 1.4189530326879858,
        "rmse": 2.982478912177834,
        "r2": 0.9991099285765632,
        "mape": 1.2051211230644567
      },
      "ridge": {
        "mae": 9.00483313828086,
        "rmse": 11.854112878150017,
        "r2": 0.9859392589105113,
        "mape": 8.250862649837213
      },
      "linear": {
        "mae": 8.675383022052705,
        "rmse": 11.503793772808805,
        "r2": 0.9867580400610958,
        "mape": 7.809887801237343
      }
    },
    "val": {
      "xgboost": {
        "mae": 3.0128639081841735,
        "rmse": 9.053889341938675,
        "r2": 0.9388792853271862,
        "mape": 5.525952390963503
      },
      "lightgbm": {
        "mae": 3.0519649126132187,
        "rmse": 10.258815187442488,
        "r2": 0.9215284065508829,
        "mape": 4.971387333736318
      },
      "catboost": {
        "mae": 4.757669545092937,
        "rmse": 10.293074040249127,
        "r2": 0.9210034267112126,
        "mape": 7.447344048308222
      },
      "rf": {
        "mae": 5.6123112591079085,
        "rmse": 12.568867315702024,
        "r2": 0.8822094790452173,
        "mape": 9.440247881935036
      },
      "gb": {
        "mae": 3.17438442448528,
        "rmse": 10.040378423176332,
        "r2": 0.9248345567504774,
        "mape": 5.05542925275506
      },
      "ridge": {
        "mae": 7.007101466831641,
        "rmse": 12.118270391696603,
        "r2": 0.8905037271391424,
        "mape": 11.3224525235988
      },
      "linear": {
        "mae": 6.6535992185407595,
        "rmse": 11.809573172469749,
        "r2": 0.8960112250032571,
        "mape": 10.444779310646682
      }
    },
    "test": {
      "xgboost": {
        "mae": 4.026519682880135,
        "rmse": 6.752750588488778,
        "r2": 0.965091365587654,
        "mape": 10.213483810598293
      },
      "lightgbm": {
        "mae": 4.367886936378642,
        "rmse": 7.246301951023109,
        "r2": 0.959802013952235,
        "mape": 9.575021532757715
      },
      "catboost": {
        "mae": 5.184666364274277,
        "rmse": 6.839624978601831,
        "r2": 0.9641873861003692,
        "mape": 11.099753134867422
      },
      "rf": {
        "mae": 5.4965001075819995,
        "rmse": 7.848474149103786,
        "r2": 0.9528434629098427,
        "mape": 13.596263524266933
      },
      "gb": {
        "mae": 4.2343920196057,
        "rmse": 7.089464351482661,
        "r2": 0.9615232583526764,
        "mape": 8.704866130559065
      },
      "ridge": {
        "mae": 10.279874947400673,
        "rmse": 13.672284728025936,
        "r2": 0.8568953883961834,
        "mape": 22.354870538769074
      },
      "linear": {
        "mae": 8.881034127578683,
        "rmse": 12.169203999267644,
        "r2": 0.886630616716928,
        "mape": 19.481810121449453
      }
    },
    "cv_mae": {
      "xgboost": 2.777393307844487,
      "lightgbm": 2.5955639133208135,
      "catboost": 3.5790761821830763,
      "rf": 2.2276872765816984,
      "gb": 2.3328452622231084,
      "ridge": 10.53076610648103,
      "linear": 9.59348416649368
    }
  }
}