{
  "trained_best_model": "rf",
  "new_test_metrics": {
    "mae": 3.3866095665851854,
    "rmse": 6.584141758594406,
    "r2": 0.9761878256718186,
    "mape": 10.285045071169005
  },
  "cv_mae": {
    "xgboost": 2.704499462299384,
    "lightgbm": 2.46600566116551,
    "catboost": 3.1158446889547653,
    "rf": 2.2564234203295923,
    "gb": 2.333424511120012,
    "ridge": 9.72405627778014,
    "linear": 9.159867251859486
  },
  "test_mae_all": {
    "xgboost": 3.325126748622399,
    "lightgbm": 3.7952828840920887,
    "catboost": 3.6344986992524477,
    "rf": 3.386609566585185,
    "gb": 4.999903578036955,
    "ridge": 11.155100363923781,
    "linear": 9.54644451757305
  },
  "historical_best_cv_mae": 2.042469801781462,
  "is_new_historical_best": false,
  "features": [
    "pm2_5",
    "pm10",
    "co",
    "no2",
    "so2",
    "month_cos",
    "total_pm",
    "total_gases",
    "no2_o3_ratio",
    "pm2_5_rolling_3h",
    "pm10_rolling_3h",
    "co_rolling_3h",
    "pm2_5_co_interaction",
    "hour_sin",
    "hour_cos"
  ],
  "scaler_needed": false,
  "all_models_saved": [
    "model_xgboost.pkl",
    "model_lightgbm.pkl",
    "model_catboost.pkl",
    "model_rf.pkl",
    "model_gb.pkl",
    "model_ridge.pkl",
    "model_linear.pkl"
  ],
  "all_metrics": {
    "train": {
      "xgboost": {
        "mae": 1.8505848522522212,
        "rmse": 3.454887050681265,
        "r2": 0.9987731739096313,
        "mape": 1.5106993058388034
      },
      "lightgbm": {
        "mae": 1.5380564984840066,
        "rmse": 3.070468390260707,
        "r2": 0.9990309982586772,
        "mape": 1.267087802740433
      },
      "catboost": {
        "mae": 1.9122298808422442,
        "rmse": 3.029373678254359,
        "r2": 0.9990567626465084,
        "mape": 1.5921411598141861
      },
      "rf": {
        "mae": 1.1756852944752871,
        "rmse": 3.887080416854715,
        "r2": 0.9984470325718726,
        "mape": 1.1551652558177183
      },
      "gb": {
        "mae": 1.394238692396183,
        "rmse": 2.9746835691761295,
        "r2": 0.9990905122682712,
        "mape": 1.2027378876533266
      },
      "ridge": {
        "mae": 8.719198646612462,
        "rmse": 11.59554000105273,
        "r2": 0.9861803433610364,
        "mape": 8.106508310773883
      },
      "linear": {
        "mae": 8.412986120665082,
        "rmse": 11.26807813503391,
        "r2": 0.9869498652649131,
        "mape": 7.686270881921953
      }
    },
    "val": {
      "xgboost": {
        "mae": 2.7733260028438482,
        "rmse": 8.880673295298497,
        "r2": 0.9414129704989835,
        "mape": 4.680591275298219
      },
      "lightgbm": {
        "mae": 2.722240087633598,
        "rmse": 10.143478879128786,
        "r2": 0.9235665345844495,
        "mape": 4.11911603393774
      },
      "catboost": {
        "mae": 3.453986932429118,
        "rmse": 11.042513023858772,
        "r2": 0.9094172435294893,
        "mape": 5.713089480018578
      },
      "rf": {
        "mae": 3.502566071501183,
        "rmse": 11.898748169292533,
        "r2": 0.8948250684539932,
        "mape": 6.111893506973999
      },
      "gb": {
        "mae": 2.687637121350854,
        "rmse": 9.745760487342274,
        "r2": 0.9294428289237214,
        "mape": 4.140360755992437
      },
      "ridge": {
        "mae": 6.495170084470926,
        "rmse": 11.6781747724934,
        "r2": 0.8986882929606327,
        "mape": 10.385750751602798
      },
      "linear": {
        "mae": 6.251912578305955,
        "rmse": 11.543958964122623,
        "r2": 0.9010036367487987,
        "mape": 9.637111575400453
      }
    },
    "test": {
      "xgboost": {
        "mae": 3.325126748622399,
        "rmse": 5.43844683336601,
        "r2": 0.9837538491244748,
        "mape": 7.570841522022908
      },
      "lightgbm": {
        "mae": 3.7952828840920887,
        "rmse": 6.174281519792008,
        "r2": 0.9790601501734872,
        "mape": 7.44406345842185
      },
      "catboost": {
        "mae": 3.6344986992524477,
        "rmse": 6.056467618601135,
        "r2": 0.9798516490512135,
        "mape": 9.272926795661334
      },
      "rf": {
        "mae": 3.386609566585185,
        "rmse": 6.584141758594406,
        "r2": 0.9761878256718186,
        "mape": 10.285045071169005
      },
      "gb": {
        "mae": 4.999903578036955,
        "rmse": 8.58939569329863,
        "r2": 0.9594747289746405,
        "mape": 7.79378064880189
      },
      "ridge": {
        "mae": 11.155100363923781,
        "rmse": 14.176134834042973,
        "r2": 0.8896133945589222,
        "mape": 22.234933508318743
      },
      "linear": {
        "mae": 9.54644451757305,
        "rmse": 12.52796400104179,
        "r2": 0.9137891948150259,
        "mape": 19.40284882747263
      }
    },
    "cv_mae": {
      "xgboost": 2.704499462299384,
      "lightgbm": 2.46600566116551,
      "catboost": 3.1158446889547653,
      "rf": 2.2564234203295923,
      "gb": 2.333424511120012,
      "ridge": 9.72405627778014,
      "linear": 9.159867251859486
    }
  }
}