{
  "trained_best_model": "gb",
  "new_test_metrics": {
    "mae": 5.778779793243988,
    "rmse": 9.71380725620904,
    "r2": 0.9573467355654103,
    "mape": 7.7083201093494935
  },
  "cv_mae": {
    "xgboost": 2.6210713780322887,
    "lightgbm": 2.419021824349697,
    "catboost": 3.028250675422137,
    "rf": 2.243057833392331,
    "gb": 2.17066703669994,
    "ridge": 9.83533888754549,
    "linear": 8.947914241770832
  },
  "test_mae_all": {
    "xgboost": 3.292728085592708,
    "lightgbm": 3.9375832241756723,
    "catboost": 3.572594987350783,
    "rf": 3.236110150564949,
    "gb": 5.778779793243988,
    "ridge": 11.610683067382528,
    "linear": 9.964471382048778
  },
  "historical_best_cv_mae": 2.042469801781462,
  "is_new_historical_best": false,
  "features": [
    "pm2_5",
    "pm10",
    "co",
    "no2",
    "so2",
    "month_cos",
    "total_pm",
    "total_gases",
    "no2_o3_ratio",
    "pm2_5_rolling_3h",
    "pm10_rolling_3h",
    "co_rolling_3h",
    "pm2_5_co_interaction",
    "hour_sin",
    "hour_cos"
  ],
  "scaler_needed": false,
  "all_models_saved": [
    "model_xgboost.pkl",
    "model_lightgbm.pkl",
    "model_catboost.pkl",
    "model_rf.pkl",
    "model_gb.pkl",
    "model_ridge.pkl",
    "model_linear.pkl"
  ],
  "all_metrics": {
    "train": {
      "xgboost": {
        "mae": 1.7774868795316514,
        "rmse": 3.37318413886692,
        "r2": 0.9987888820628736,
        "mape": 1.4742395143786926
      },
      "lightgbm": {
        "mae": 1.499503877595362,
        "rmse": 3.0707636599485135,
        "r2": 0.998996311098185,
        "mape": 1.2593059742672152
      },
      "catboost": {
        "mae": 1.8870849319364982,
        "rmse": 3.0024426266591036,
        "r2": 0.999040476155265,
        "mape": 1.6021105237606124
      },
      "rf": {
        "mae": 1.1819539151224585,
        "rmse": 3.892491107818475,
        "r2": 0.998387270257673,
        "mape": 1.1638781773542672
      },
      "gb": {
        "mae": 1.3797636678539853,
        "rmse": 2.9673018903926502,
        "r2": 0.9990628053437165,
        "mape": 1.2089982175401361
      },
      "ridge": {
        "mae": 8.60286766451603,
        "rmse": 11.470946988833367,
        "r2": 0.9859942979669724,
        "mape": 8.102406212352435
      },
      "linear": {
        "mae": 8.307421294540688,
        "rmse": 11.146695126168519,
        "r2": 0.9867749116229917,
        "mape": 7.691801647380503
      }
    },
    "val": {
      "xgboost": {
        "mae": 2.6644226426947606,
        "rmse": 9.003966599160087,
        "r2": 0.9391961182047005,
        "mape": 4.240168124009969
      },
      "lightgbm": {
        "mae": 2.4646321024090874,
        "rmse": 9.658715890486548,
        "r2": 0.9300315362357909,
        "mape": 3.674245519875716
      },
      "catboost": {
        "mae": 3.041364223017133,
        "rmse": 9.728999364468866,
        "r2": 0.9290095538565246,
        "mape": 4.904787862316053
      },
      "rf": {
        "mae": 3.3400669917948633,
        "rmse": 11.825757112618039,
        "r2": 0.8951130479704656,
        "mape": 5.755134446076679
      },
      "gb": {
        "mae": 2.64544601435062,
        "rmse": 9.590444451817245,
        "r2": 0.9310171673399904,
        "mape": 3.888130792042082
      },
      "ridge": {
        "mae": 6.314159590935579,
        "rmse": 11.549807355685163,
        "r2": 0.8999509345034012,
        "mape": 10.20590023523455
      },
      "linear": {
        "mae": 5.968135276650648,
        "rmse": 11.397258524223348,
        "r2": 0.9025763594237667,
        "mape": 9.333712149249038
      }
    },
    "test": {
      "xgboost": {
        "mae": 3.292728085592708,
        "rmse": 5.285391036335098,
        "r2": 0.987372203946642,
        "mape": 6.98101961428473
      },
      "lightgbm": {
        "mae": 3.9375832241756723,
        "rmse": 6.348151344164127,
        "r2": 0.9817833776247611,
        "mape": 6.678729555415368
      },
      "catboost": {
        "mae": 3.572594987350783,
        "rmse": 5.843855800205179,
        "r2": 0.9845626662541656,
        "mape": 8.462244435372416
      },
      "rf": {
        "mae": 3.236110150564949,
        "rmse": 6.353917923903224,
        "r2": 0.9817502670980082,
        "mape": 9.83071394504706
      },
      "gb": {
        "mae": 5.778779793243988,
        "rmse": 9.71380725620904,
        "r2": 0.9573467355654103,
        "mape": 7.7083201093494935
      },
      "ridge": {
        "mae": 11.610683067382528,
        "rmse": 14.456668754522616,
        "r2": 0.9055265507643662,
        "mape": 22.353431185884496
      },
      "linear": {
        "mae": 9.964471382048778,
        "rmse": 12.77000420438911,
        "r2": 0.9262850811146226,
        "mape": 19.569329247435853
      }
    },
    "cv_mae": {
      "xgboost": 2.6210713780322887,
      "lightgbm": 2.419021824349697,
      "catboost": 3.028250675422137,
      "rf": 2.243057833392331,
      "gb": 2.17066703669994,
      "ridge": 9.83533888754549,
      "linear": 8.947914241770832
    }
  }
}