{
  "trained_best_model": "rf",
  "new_test_metrics": {
    "mae": 3.3101416113827917,
    "rmse": 6.426092530694177,
    "r2": 0.977326067408752,
    "mape": 10.02088674857805
  },
  "cv_mae": {
    "xgboost": 2.696439220853981,
    "lightgbm": 2.4782293782359783,
    "catboost": 3.2306479174107308,
    "rf": 2.284607966566046,
    "gb": 2.341782537886086,
    "ridge": 9.646156741319057,
    "linear": 9.041329289066528
  },
  "test_mae_all": {
    "xgboost": 3.1577228616885895,
    "lightgbm": 3.667533395409889,
    "catboost": 3.9723874571246,
    "rf": 3.3101416113827917,
    "gb": 5.044109757200837,
    "ridge": 11.124978502950693,
    "linear": 9.51235209235916
  },
  "historical_best_cv_mae": 2.042469801781462,
  "is_new_historical_best": false,
  "features": [
    "pm2_5",
    "pm10",
    "co",
    "no2",
    "so2",
    "month_cos",
    "total_pm",
    "total_gases",
    "no2_o3_ratio",
    "pm2_5_rolling_3h",
    "pm10_rolling_3h",
    "co_rolling_3h",
    "pm2_5_co_interaction",
    "hour_sin",
    "hour_cos"
  ],
  "scaler_needed": false,
  "all_models_saved": [
    "model_xgboost.pkl",
    "model_lightgbm.pkl",
    "model_catboost.pkl",
    "model_rf.pkl",
    "model_gb.pkl",
    "model_ridge.pkl",
    "model_linear.pkl"
  ],
  "all_metrics": {
    "train": {
      "xgboost": {
        "mae": 1.8486008569452395,
        "rmse": 3.4126073790631106,
        "r2": 0.9988029930699976,
        "mape": 1.5143326276436007
      },
      "lightgbm": {
        "mae": 1.793363801092867,
        "rmse": 3.661784435977396,
        "r2": 0.9986218085143521,
        "mape": 1.4769129631208981
      },
      "catboost": {
        "mae": 1.8706584335295928,
        "rmse": 2.992591452278648,
        "r2": 0.9990795104213985,
        "mape": 1.574410300153994
      },
      "rf": {
        "mae": 1.1748524674548357,
        "rmse": 3.888095665672538,
        "r2": 0.9984461900509679,
        "mape": 1.1503873346809204
      },
      "gb": {
        "mae": 1.3936328172982593,
        "rmse": 2.9739782940830493,
        "r2": 0.9990909252344696,
        "mape": 1.211628726099937
      },
      "ridge": {
        "mae": 8.72148144354151,
        "rmse": 11.599619887862056,
        "r2": 0.9861703391611416,
        "mape": 8.104733048498508
      },
      "linear": {
        "mae": 8.413624444764618,
        "rmse": 11.270100370797271,
        "r2": 0.9869449186785479,
        "mape": 7.6829749365874
      }
    },
    "val": {
      "xgboost": {
        "mae": 2.6901420001025613,
        "rmse": 9.06681246046356,
        "r2": 0.9392844403376351,
        "mape": 4.52768402126661
      },
      "lightgbm": {
        "mae": 2.806044025450831,
        "rmse": 10.279490591969154,
        "r2": 0.9219570056928761,
        "mape": 4.385452375470495
      },
      "catboost": {
        "mae": 3.5689760744695143,
        "rmse": 10.238952475808103,
        "r2": 0.9225713314200402,
        "mape": 5.971739345918584
      },
      "rf": {
        "mae": 3.4205792559331063,
        "rmse": 11.861222431578462,
        "r2": 0.8960918440562847,
        "mape": 5.940214152085324
      },
      "gb": {
        "mae": 2.619524764345713,
        "rmse": 9.591482619379802,
        "r2": 0.9320542611920135,
        "mape": 4.010683631610012
      },
      "ridge": {
        "mae": 6.55775657023996,
        "rmse": 11.729158364495598,
        "r2": 0.8983928108760252,
        "mape": 10.420102311892812
      },
      "linear": {
        "mae": 6.313511371977691,
        "rmse": 11.598700163023542,
        "r2": 0.9006405038953682,
        "mape": 9.671019196371859
      }
    },
    "test": {
      "xgboost": {
        "mae": 3.1577228616885895,
        "rmse": 5.317610388867122,
        "r2": 0.9844737730475687,
        "mape": 7.611648061537298
      },
      "lightgbm": {
        "mae": 3.667533395409889,
        "rmse": 5.984397937416095,
        "r2": 0.9803359110166087,
        "mape": 7.975055481116177
      },
      "catboost": {
        "mae": 3.9723874571246,
        "rmse": 6.374919804830018,
        "r2": 0.9776857469778565,
        "mape": 9.713311641262564
      },
      "rf": {
        "mae": 3.3101416113827917,
        "rmse": 6.426092530694176,
        "r2": 0.977326067408752,
        "mape": 10.02088674857805
      },
      "gb": {
        "mae": 5.044109757200837,
        "rmse": 8.832063065209935,
        "r2": 0.9571690976020976,
        "mape": 7.735631236225895
      },
      "ridge": {
        "mae": 11.124978502950693,
        "rmse": 14.169556770119678,
        "r2": 0.8897584190520733,
        "mape": 22.202398983292554
      },
      "linear": {
        "mae": 9.51235209235916,
        "rmse": 12.507954987211704,
        "r2": 0.9140975558216939,
        "mape": 19.35677324608346
      }
    },
    "cv_mae": {
      "xgboost": 2.696439220853981,
      "lightgbm": 2.4782293782359783,
      "catboost": 3.2306479174107308,
      "rf": 2.284607966566046,
      "gb": 2.341782537886086,
      "ridge": 9.646156741319057,
      "linear": 9.041329289066528
    }
  }
}