{
  "trained_best_model": "rf",
  "new_test_metrics": {
    "mae": 5.0542397159419865,
    "rmse": 7.822525499319933,
    "r2": 0.9530676093861574,
    "mape": 12.960472761815629
  },
  "cv_mae": {
    "xgboost": 2.7363705763844828,
    "lightgbm": 2.4917434102371576,
    "catboost": 3.5076693042727003,
    "rf": 2.138034463182882,
    "gb": 2.224038177105062,
    "ridge": 10.462707425937845,
    "linear": 9.652306497736825
  },
  "test_mae_all": {
    "xgboost": 3.4308129097017512,
    "lightgbm": 4.091271615668402,
    "catboost": 3.9230158615048163,
    "rf": 5.054239715941985,
    "gb": 3.901555620004511,
    "ridge": 10.476124282973915,
    "linear": 9.08776997750795
  },
  "historical_best_cv_mae": 2.042469801781462,
  "is_new_historical_best": false,
  "features": [
    "pm2_5",
    "pm10",
    "co",
    "no2",
    "so2",
    "month_cos",
    "total_pm",
    "total_gases",
    "no2_o3_ratio",
    "pm2_5_rolling_3h",
    "pm10_rolling_3h",
    "co_rolling_3h",
    "pm2_5_co_interaction",
    "hour_sin",
    "hour_cos"
  ],
  "scaler_needed": false,
  "all_models_saved": [
    "model_xgboost.pkl",
    "model_lightgbm.pkl",
    "model_catboost.pkl",
    "model_rf.pkl",
    "model_gb.pkl",
    "model_ridge.pkl",
    "model_linear.pkl"
  ],
  "all_metrics": {
    "train": {
      "xgboost": {
        "mae": 1.9151346593298169,
        "rmse": 3.5907015301419025,
        "r2": 0.998701265659499,
        "mape": 1.5320977417928658
      },
      "lightgbm": {
        "mae": 1.5499949564283837,
        "rmse": 3.0631297289000647,
        "r2": 0.9990548679486972,
        "mape": 1.2646337222428075
      },
      "catboost": {
        "mae": 1.9496943918932057,
        "rmse": 3.0493557719688953,
        "r2": 0.9990633487770456,
        "mape": 1.5997728130636328
      },
      "rf": {
        "mae": 1.1591674665851475,
        "rmse": 3.8482205339016664,
        "r2": 0.9985082995668993,
        "mape": 1.1305185274247782
      },
      "gb": {
        "mae": 1.4024827614654367,
        "rmse": 2.988807114726237,
        "r2": 0.9991001761764137,
        "mape": 1.187302512043188
      },
      "ridge": {
        "mae": 8.970891776648912,
        "rmse": 11.814725688859685,
        "r2": 0.9859392335044658,
        "mape": 8.243242034419314
      },
      "linear": {
        "mae": 8.634492811059593,
        "rmse": 11.457170915774077,
        "r2": 0.986777411140914,
        "mape": 7.791458740244196
      }
    },
    "val": {
      "xgboost": {
        "mae": 2.907400207432438,
        "rmse": 9.379336084201777,
        "r2": 0.9336461215251975,
        "mape": 5.215697812580878
      },
      "lightgbm": {
        "mae": 2.8174159416976523,
        "rmse": 10.022974904035685,
        "r2": 0.924226839328082,
        "mape": 4.64225284077334
      },
      "catboost": {
        "mae": 3.583586078286408,
        "rmse": 9.837584597579664,
        "r2": 0.9270039975193247,
        "mape": 6.065930171781478
      },
      "rf": {
        "mae": 5.3383709780391575,
        "rmse": 12.618410616044907,
        "r2": 0.8799032019887598,
        "mape": 9.015775792329551
      },
      "gb": {
        "mae": 2.8419132491805508,
        "rmse": 10.101110788567913,
        "r2": 0.9230408280795852,
        "mape": 4.710153009024283
      },
      "ridge": {
        "mae": 6.809094750680648,
        "rmse": 11.900117563204399,
        "r2": 0.8931868750936894,
        "mape": 11.155499022628376
      },
      "linear": {
        "mae": 6.436673279905146,
        "rmse": 11.620791987501786,
        "r2": 0.8981423688298802,
        "mape": 10.203314221179685
      }
    },
    "test": {
      "xgboost": {
        "mae": 3.4308129097017512,
        "rmse": 6.07923470325655,
        "r2": 0.9716549959780043,
        "mape": 9.158225720079367
      },
      "lightgbm": {
        "mae": 4.091271615668402,
        "rmse": 6.8978147654431385,
        "r2": 0.9635076562805598,
        "mape": 9.075021709735102
      },
      "catboost": {
        "mae": 3.9230158615048163,
        "rmse": 6.33363457048739,
        "r2": 0.9692330315316136,
        "mape": 9.634370286124765
      },
      "rf": {
        "mae": 5.054239715941985,
        "rmse": 7.822525499319932,
        "r2": 0.9530676093861574,
        "mape": 12.960472761815623
      },
      "gb": {
        "mae": 3.901555620004511,
        "rmse": 6.702223822101798,
        "r2": 0.9655478320417222,
        "mape": 8.517514162239586
      },
      "ridge": {
        "mae": 10.476124282973915,
        "rmse": 13.747325967600043,
        "r2": 0.8550510203322265,
        "mape": 22.60886231759551
      },
      "linear": {
        "mae": 9.08776997750795,
        "rmse": 12.264304542913855,
        "r2": 0.8846375278747535,
        "mape": 19.73335723272908
      }
    },
    "cv_mae": {
      "xgboost": 2.7363705763844828,
      "lightgbm": 2.4917434102371576,
      "catboost": 3.5076693042727003,
      "rf": 2.138034463182882,
      "gb": 2.224038177105062,
      "ridge": 10.462707425937845,
      "linear": 9.652306497736825
    }
  }
}