{
  "trained_best_model": "rf",
  "new_test_metrics": {
    "mae": 4.144258768304699,
    "rmse": 6.9892687930991935,
    "r2": 0.9636465001576586,
    "mape": 11.481188493714114
  },
  "cv_mae": {
    "xgboost": 2.6348548900357898,
    "lightgbm": 2.463412863652849,
    "catboost": 3.2143834083305363,
    "rf": 2.1499447528049473,
    "gb": 2.299240951272753,
    "ridge": 10.229757430490434,
    "linear": 9.412237387150293
  },
  "test_mae_all": {
    "xgboost": 3.062160033200165,
    "lightgbm": 4.188474486977977,
    "catboost": 3.4234255274432037,
    "rf": 4.144258768304698,
    "gb": 3.409411248875507,
    "ridge": 10.44915822895467,
    "linear": 9.034321795602061
  },
  "historical_best_cv_mae": 2.042469801781462,
  "is_new_historical_best": false,
  "features": [
    "pm2_5",
    "pm10",
    "co",
    "no2",
    "so2",
    "month_cos",
    "total_pm",
    "total_gases",
    "no2_o3_ratio",
    "pm2_5_rolling_3h",
    "pm10_rolling_3h",
    "co_rolling_3h",
    "pm2_5_co_interaction",
    "hour_sin",
    "hour_cos"
  ],
  "scaler_needed": false,
  "all_models_saved": [
    "model_xgboost.pkl",
    "model_lightgbm.pkl",
    "model_catboost.pkl",
    "model_rf.pkl",
    "model_gb.pkl",
    "model_ridge.pkl",
    "model_linear.pkl"
  ],
  "all_metrics": {
    "train": {
      "xgboost": {
        "mae": 1.85161926010739,
        "rmse": 3.38457212273183,
        "r2": 0.9988499170837164,
        "mape": 1.4957427441252105
      },
      "lightgbm": {
        "mae": 1.5248797620742842,
        "rmse": 3.05793888923903,
        "r2": 0.999061186749866,
        "mape": 1.2434071950225218
      },
      "catboost": {
        "mae": 1.9449692393006621,
        "rmse": 3.0961422621367354,
        "r2": 0.9990375826994988,
        "mape": 1.610028094181028
      },
      "rf": {
        "mae": 1.1567831326192295,
        "rmse": 3.8499687818907486,
        "r2": 0.9985118866176611,
        "mape": 1.128921328518166
      },
      "gb": {
        "mae": 1.3985052666987807,
        "rmse": 2.950073489179065,
        "r2": 0.9991262498246631,
        "mape": 1.2062130688470547
      },
      "ridge": {
        "mae": 8.898726737143626,
        "rmse": 11.770043142422185,
        "r2": 0.9860915825968466,
        "mape": 8.217519779535122
      },
      "linear": {
        "mae": 8.578518679615426,
        "rmse": 11.424468988583486,
        "r2": 0.9868963087236513,
        "mape": 7.782466628773149
      }
    },
    "val": {
      "xgboost": {
        "mae": 2.788850651484102,
        "rmse": 8.998987659383948,
        "r2": 0.9413696964426111,
        "mape": 4.8208221363850985
      },
      "lightgbm": {
        "mae": 3.0459419573519724,
        "rmse": 10.053226439974868,
        "r2": 0.9268278594746009,
        "mape": 4.900526291862893
      },
      "catboost": {
        "mae": 3.2681465090456943,
        "rmse": 9.893835555801035,
        "r2": 0.9291297106832221,
        "mape": 5.527950342783275
      },
      "rf": {
        "mae": 4.589643206913991,
        "rmse": 12.295899922975813,
        "r2": 0.8905399934603646,
        "mape": 7.6658432570365145
      },
      "gb": {
        "mae": 2.7711825579077427,
        "rmse": 9.721060309381135,
        "r2": 0.9315833027462506,
        "mape": 4.174806293644189
      },
      "ridge": {
        "mae": 6.893162509517686,
        "rmse": 12.04542619967015,
        "r2": 0.89495408399948,
        "mape": 10.91374647081473
      },
      "linear": {
        "mae": 6.584834897460753,
        "rmse": 11.811474082156002,
        "r2": 0.8989949628110976,
        "mape": 10.074351296071995
      }
    },
    "test": {
      "xgboost": {
        "mae": 3.062160033200165,
        "rmse": 5.491654890958001,
        "r2": 0.9775565707060281,
        "mape": 8.031717622632376
      },
      "lightgbm": {
        "mae": 4.188474486977977,
        "rmse": 7.119613296409906,
        "r2": 0.9622779268430934,
        "mape": 8.988393589948023
      },
      "catboost": {
        "mae": 3.4234255274432037,
        "rmse": 5.765367774845081,
        "r2": 0.9752635840726539,
        "mape": 8.916733720680723
      },
      "rf": {
        "mae": 4.144258768304698,
        "rmse": 6.989268793099193,
        "r2": 0.9636465001576586,
        "mape": 11.481188493714114
      },
      "gb": {
        "mae": 3.409411248875507,
        "rmse": 5.988384484277652,
        "r2": 0.9733128562498954,
        "mape": 7.027939585956042
      },
      "ridge": {
        "mae": 10.44915822895467,
        "rmse": 13.679580477251886,
        "r2": 0.8607393879646272,
        "mape": 22.3713251047008
      },
      "linear": {
        "mae": 9.034321795602061,
        "rmse": 12.1733515477863,
        "r2": 0.889718397048767,
        "mape": 19.54644989213271
      }
    },
    "cv_mae": {
      "xgboost": 2.6348548900357898,
      "lightgbm": 2.463412863652849,
      "catboost": 3.2143834083305363,
      "rf": 2.1499447528049473,
      "gb": 2.299240951272753,
      "ridge": 10.229757430490434,
      "linear": 9.412237387150293
    }
  }
}