{
  "trained_best_model": "rf",
  "new_test_metrics": {
    "mae": 3.430969385782353,
    "rmse": 6.690905889059931,
    "r2": 0.97517307015617,
    "mape": 10.45184505237841
  },
  "cv_mae": {
    "xgboost": 2.665737031910518,
    "lightgbm": 2.482759522742838,
    "catboost": 3.140055460045857,
    "rf": 2.276564675883618,
    "gb": 2.3067195644464817,
    "ridge": 9.654865749267241,
    "linear": 9.029030534633396
  },
  "test_mae_all": {
    "xgboost": 3.1684881305558537,
    "lightgbm": 4.186521870051094,
    "catboost": 4.126008628080571,
    "rf": 3.4309693857823524,
    "gb": 5.326443075987425,
    "ridge": 11.06066137549505,
    "linear": 9.47226982314258
  },
  "historical_best_cv_mae": 2.042469801781462,
  "is_new_historical_best": false,
  "features": [
    "pm2_5",
    "pm10",
    "co",
    "no2",
    "so2",
    "month_cos",
    "total_pm",
    "total_gases",
    "no2_o3_ratio",
    "pm2_5_rolling_3h",
    "pm10_rolling_3h",
    "co_rolling_3h",
    "pm2_5_co_interaction",
    "hour_sin",
    "hour_cos"
  ],
  "scaler_needed": false,
  "all_models_saved": [
    "model_xgboost.pkl",
    "model_lightgbm.pkl",
    "model_catboost.pkl",
    "model_rf.pkl",
    "model_gb.pkl",
    "model_ridge.pkl",
    "model_linear.pkl"
  ],
  "all_metrics": {
    "train": {
      "xgboost": {
        "mae": 1.8636175158439083,
        "rmse": 3.4523911256749473,
        "r2": 0.9987751045186457,
        "mape": 1.5202522416366453
      },
      "lightgbm": {
        "mae": 1.5849938839462445,
        "rmse": 3.1625329582239203,
        "r2": 0.9989721513501749,
        "mape": 1.306441563768857
      },
      "catboost": {
        "mae": 1.89806389700667,
        "rmse": 2.9950323555071914,
        "r2": 0.9990781461235337,
        "mape": 1.5883758452084153
      },
      "rf": {
        "mae": 1.177625531600455,
        "rmse": 3.882987433626971,
        "r2": 0.9984505020019704,
        "mape": 1.1536525697524933
      },
      "gb": {
        "mae": 1.4075024611720224,
        "rmse": 2.976256067473952,
        "r2": 0.9990896683614106,
        "mape": 1.2227299385663082
      },
      "ridge": {
        "mae": 8.733437360195268,
        "rmse": 11.612148473455328,
        "r2": 0.9861425216243365,
        "mape": 8.111364937912144
      },
      "linear": {
        "mae": 8.422575212914502,
        "rmse": 11.279961683498506,
        "r2": 0.9869240184788147,
        "mape": 7.687032512814857
      }
    },
    "val": {
      "xgboost": {
        "mae": 2.7174611527081494,
        "rmse": 9.343987969862642,
        "r2": 0.9356138421486503,
        "mape": 4.586426665372686
      },
      "lightgbm": {
        "mae": 2.8254028743318824,
        "rmse": 10.230693420085212,
        "r2": 0.9228140756050904,
        "mape": 4.387462053273362
      },
      "catboost": {
        "mae": 3.4764269432860826,
        "rmse": 9.77349383355305,
        "r2": 0.9295586524764385,
        "mape": 5.9836870358205285
      },
      "rf": {
        "mae": 3.4929801275498242,
        "rmse": 11.944289935865433,
        "r2": 0.8947920296016666,
        "mape": 6.163062306841196
      },
      "gb": {
        "mae": 2.7782112118337183,
        "rmse": 9.833132452832716,
        "r2": 0.9286963524089362,
        "mape": 4.476873752988865
      },
      "ridge": {
        "mae": 6.591913498787315,
        "rmse": 11.760889990267588,
        "r2": 0.8979980806068079,
        "mape": 10.44139792164504
      },
      "linear": {
        "mae": 6.356894028262822,
        "rmse": 11.638459362886664,
        "r2": 0.9001107027390067,
        "mape": 9.700765443516636
      }
    },
    "test": {
      "xgboost": {
        "mae": 3.1684881305558537,
        "rmse": 5.388725690522489,
        "r2": 0.9838963127443066,
        "mape": 7.732420908369927
      },
      "lightgbm": {
        "mae": 4.186521870051094,
        "rmse": 6.785398076882913,
        "r2": 0.9744668828984002,
        "mape": 8.162960729006134
      },
      "catboost": {
        "mae": 4.126008628080571,
        "rmse": 6.8940755518576795,
        "r2": 0.9736424371167567,
        "mape": 10.28763982501409
      },
      "rf": {
        "mae": 3.4309693857823524,
        "rmse": 6.690905889059931,
        "r2": 0.97517307015617,
        "mape": 10.45184505237841
      },
      "gb": {
        "mae": 5.326443075987425,
        "rmse": 9.204500969503929,
        "r2": 0.9530156016549152,
        "mape": 8.532889868257683
      },
      "ridge": {
        "mae": 11.06066137549505,
        "rmse": 14.11436281905871,
        "r2": 0.8895220191058645,
        "mape": 22.187498604021975
      },
      "linear": {
        "mae": 9.47226982314258,
        "rmse": 12.472556127955418,
        "r2": 0.913729143791791,
        "mape": 19.351448111062293
      }
    },
    "cv_mae": {
      "xgboost": 2.665737031910518,
      "lightgbm": 2.482759522742838,
      "catboost": 3.140055460045857,
      "rf": 2.276564675883618,
      "gb": 2.3067195644464817,
      "ridge": 9.654865749267241,
      "linear": 9.029030534633396
    }
  }
}