{
  "trained_best_model": "rf",
  "new_test_metrics": {
    "mae": 4.748877604559616,
    "rmse": 7.681815076064992,
    "r2": 0.956697238123607,
    "mape": 12.598956813418937
  },
  "cv_mae": {
    "xgboost": 2.673848669123043,
    "lightgbm": 2.452480783555328,
    "catboost": 3.248812182280367,
    "rf": 2.1466709894567995,
    "gb": 2.3043425711359875,
    "ridge": 10.184124778117505,
    "linear": 9.33780850240744
  },
  "test_mae_all": {
    "xgboost": 3.0726484442913584,
    "lightgbm": 4.143484365031241,
    "catboost": 3.7005736724263976,
    "rf": 4.748877604559615,
    "gb": 3.7121474118788136,
    "ridge": 10.566314864845925,
    "linear": 9.173762283705443
  },
  "historical_best_cv_mae": 2.042469801781462,
  "is_new_historical_best": false,
  "features": [
    "pm2_5",
    "pm10",
    "co",
    "no2",
    "so2",
    "month_cos",
    "total_pm",
    "total_gases",
    "no2_o3_ratio",
    "pm2_5_rolling_3h",
    "pm10_rolling_3h",
    "co_rolling_3h",
    "pm2_5_co_interaction",
    "hour_sin",
    "hour_cos"
  ],
  "scaler_needed": false,
  "all_models_saved": [
    "model_xgboost.pkl",
    "model_lightgbm.pkl",
    "model_catboost.pkl",
    "model_rf.pkl",
    "model_gb.pkl",
    "model_ridge.pkl",
    "model_linear.pkl"
  ],
  "all_metrics": {
    "train": {
      "xgboost": {
        "mae": 1.8704054744431806,
        "rmse": 3.4394944363818487,
        "r2": 0.9988120358282878,
        "mape": 1.5043811526247346
      },
      "lightgbm": {
        "mae": 1.7610360726422285,
        "rmse": 3.55407591818436,
        "r2": 0.9987315670323876,
        "mape": 1.423374856958481
      },
      "catboost": {
        "mae": 1.9133854056083375,
        "rmse": 3.061726603979117,
        "r2": 0.9990586590840066,
        "mape": 1.579830623620554
      },
      "rf": {
        "mae": 1.155118181971721,
        "rmse": 3.833216327716782,
        "r2": 0.9985244946825512,
        "mape": 1.1300179561552472
      },
      "gb": {
        "mae": 1.418143180345482,
        "rmse": 2.98231909062608,
        "r2": 0.9991068542472443,
        "mape": 1.2141118799457706
      },
      "ridge": {
        "mae": 8.913898513063744,
        "rmse": 11.775481751026401,
        "r2": 0.9860757604018293,
        "mape": 8.209060794017558
      },
      "linear": {
        "mae": 8.585239292256956,
        "rmse": 11.426648494783198,
        "r2": 0.9868885157998057,
        "mape": 7.764800109652631
      }
    },
    "val": {
      "xgboost": {
        "mae": 2.846388091779735,
        "rmse": 9.24866103279817,
        "r2": 0.9352312071042996,
        "mape": 4.928374421876291
      },
      "lightgbm": {
        "mae": 3.0788668696366353,
        "rmse": 10.384660764569125,
        "r2": 0.9183431343401052,
        "mape": 4.91785564055958
      },
      "catboost": {
        "mae": 3.510529191846038,
        "rmse": 10.002450483073174,
        "r2": 0.9242433262262091,
        "mape": 5.911343397206532
      },
      "rf": {
        "mae": 5.1566884522647385,
        "rmse": 12.551988453985498,
        "r2": 0.8807020062969539,
        "mape": 8.72327912775252
      },
      "gb": {
        "mae": 2.789035346902564,
        "rmse": 9.8137766713141,
        "r2": 0.9270743314666545,
        "mape": 4.4239838443527875
      },
      "ridge": {
        "mae": 6.641805143673896,
        "rmse": 11.8329117551909,
        "r2": 0.8939791384013355,
        "mape": 10.866885436058874
      },
      "linear": {
        "mae": 6.3154460793936105,
        "rmse": 11.567910476899746,
        "r2": 0.8986746959117448,
        "mape": 9.97078497464585
      }
    },
    "test": {
      "xgboost": {
        "mae": 3.0726484442913584,
        "rmse": 5.532737427640754,
        "r2": 0.9775369863846137,
        "mape": 8.185525494962931
      },
      "lightgbm": {
        "mae": 4.143484365031241,
        "rmse": 6.902483276804898,
        "r2": 0.965037810162125,
        "mape": 9.373828634108037
      },
      "catboost": {
        "mae": 3.7005736724263976,
        "rmse": 6.013301725098997,
        "r2": 0.973465317727489,
        "mape": 9.329662966463875
      },
      "rf": {
        "mae": 4.748877604559615,
        "rmse": 7.681815076064992,
        "r2": 0.956697238123607,
        "mape": 12.598956813418937
      },
      "gb": {
        "mae": 3.7121474118788136,
        "rmse": 6.514517988623687,
        "r2": 0.9688575715250545,
        "mape": 7.765788053892562
      },
      "ridge": {
        "mae": 10.566314864845925,
        "rmse": 13.770239835350353,
        "r2": 0.860853941396174,
        "mape": 22.546607723364147
      },
      "linear": {
        "mae": 9.173762283705443,
        "rmse": 12.289330932281397,
        "r2": 0.8891733058430394,
        "mape": 19.72008957878055
      }
    },
    "cv_mae": {
      "xgboost": 2.673848669123043,
      "lightgbm": 2.452480783555328,
      "catboost": 3.248812182280367,
      "rf": 2.1466709894567995,
      "gb": 2.3043425711359875,
      "ridge": 10.184124778117505,
      "linear": 9.33780850240744
    }
  }
}