{
  "trained_best_model": "rf",
  "new_test_metrics": {
    "mae": 3.3332470872925666,
    "rmse": 6.613059752044174,
    "r2": 0.9763705572409458,
    "mape": 10.266102123007805
  },
  "cv_mae": {
    "xgboost": 2.664539283782302,
    "lightgbm": 2.5783088472319924,
    "catboost": 3.201787001940855,
    "rf": 2.2207462815283816,
    "gb": 2.305140290654357,
    "ridge": 9.852740786317955,
    "linear": 9.293359398363254
  },
  "test_mae_all": {
    "xgboost": 3.6357479128109746,
    "lightgbm": 3.586428939454493,
    "catboost": 3.544214453438768,
    "rf": 3.333247087292566,
    "gb": 5.875480370304519,
    "ridge": 11.251928466419828,
    "linear": 9.609314561682067
  },
  "historical_best_cv_mae": 2.042469801781462,
  "is_new_historical_best": false,
  "features": [
    "pm2_5",
    "pm10",
    "co",
    "no2",
    "so2",
    "month_cos",
    "total_pm",
    "total_gases",
    "no2_o3_ratio",
    "pm2_5_rolling_3h",
    "pm10_rolling_3h",
    "co_rolling_3h",
    "pm2_5_co_interaction",
    "hour_sin",
    "hour_cos"
  ],
  "scaler_needed": false,
  "all_models_saved": [
    "model_xgboost.pkl",
    "model_lightgbm.pkl",
    "model_catboost.pkl",
    "model_rf.pkl",
    "model_gb.pkl",
    "model_ridge.pkl",
    "model_linear.pkl"
  ],
  "all_metrics": {
    "train": {
      "xgboost": {
        "mae": 1.8576762251657983,
        "rmse": 3.4243801642261453,
        "r2": 0.9987928230267655,
        "mape": 1.5124727746554094
      },
      "lightgbm": {
        "mae": 1.7834610102184556,
        "rmse": 3.6113280497269336,
        "r2": 0.9986574178168883,
        "mape": 1.465217393137496
      },
      "catboost": {
        "mae": 1.8636268748633766,
        "rmse": 2.9617443295770767,
        "r2": 0.9990969701037453,
        "mape": 1.5728014637727223
      },
      "rf": {
        "mae": 1.1748488949141995,
        "rmse": 3.888770832202273,
        "r2": 0.9984432040304605,
        "mape": 1.149843419032887
      },
      "gb": {
        "mae": 1.3959972892961703,
        "rmse": 2.9812896082363745,
        "r2": 0.9990850121443557,
        "mape": 1.2134486555484363
      },
      "ridge": {
        "mae": 8.721585275555569,
        "rmse": 11.59340712650696,
        "r2": 0.986163406828729,
        "mape": 8.119086804835911
      },
      "linear": {
        "mae": 8.415961074927559,
        "rmse": 11.26736723503056,
        "r2": 0.9869307129702647,
        "mape": 7.698761558275802
      }
    },
    "val": {
      "xgboost": {
        "mae": 2.8747161860879697,
        "rmse": 9.050536294279787,
        "r2": 0.9387061219662973,
        "mape": 4.9306731025184805
      },
      "lightgbm": {
        "mae": 2.941876273450158,
        "rmse": 10.311646246095037,
        "r2": 0.9204345575126892,
        "mape": 4.395845131737552
      },
      "catboost": {
        "mae": 3.1863294291036266,
        "rmse": 10.194830889150811,
        "r2": 0.9222270587729011,
        "mape": 5.299894839794804
      },
      "rf": {
        "mae": 3.483507667083035,
        "rmse": 11.911152614079665,
        "r2": 0.8938362991583719,
        "mape": 6.114973632768826
      },
      "gb": {
        "mae": 2.844203905255141,
        "rmse": 9.971322907950231,
        "r2": 0.9255998121209938,
        "mape": 4.517061093705557
      },
      "ridge": {
        "mae": 6.384426744502636,
        "rmse": 11.590160044578468,
        "r2": 0.8994811902941162,
        "mape": 10.315425475021723
      },
      "linear": {
        "mae": 6.133122560071052,
        "rmse": 11.454706726314612,
        "r2": 0.9018169723701458,
        "mape": 9.552962938220768
      }
    },
    "test": {
      "xgboost": {
        "mae": 3.6357479128109746,
        "rmse": 6.073540152634414,
        "r2": 0.9800688480348033,
        "mape": 8.423477559121872
      },
      "lightgbm": {
        "mae": 3.586428939454493,
        "rmse": 5.762976885311318,
        "r2": 0.9820550463134329,
        "mape": 7.491622293867557
      },
      "catboost": {
        "mae": 3.544214453438768,
        "rmse": 5.747068164490994,
        "r2": 0.9821539837993633,
        "mape": 8.5645675956973
      },
      "rf": {
        "mae": 3.333247087292566,
        "rmse": 6.6130597520441725,
        "r2": 0.9763705572409458,
        "mape": 10.266102123007805
      },
      "gb": {
        "mae": 5.875480370304519,
        "rmse": 10.25483773050486,
        "r2": 0.9431793533805353,
        "mape": 8.946263008367309
      },
      "ridge": {
        "mae": 11.251928466419828,
        "rmse": 14.23512747082742,
        "r2": 0.8905107937346486,
        "mape": 22.28975365278581
      },
      "linear": {
        "mae": 9.609314561682067,
        "rmse": 12.566080497688347,
        "r2": 0.9146805079165884,
        "mape": 19.432874660710088
      }
    },
    "cv_mae": {
      "xgboost": 2.664539283782302,
      "lightgbm": 2.5783088472319924,
      "catboost": 3.201787001940855,
      "rf": 2.2207462815283816,
      "gb": 2.305140290654357,
      "ridge": 9.852740786317955,
      "linear": 9.293359398363254
    }
  }
}