{
  "trained_best_model": "rf",
  "new_test_metrics": {
    "mae": 3.4475237398368526,
    "rmse": 6.573927277093723,
    "r2": 0.9750793738910959,
    "mape": 10.305658801054108
  },
  "cv_mae": {
    "xgboost": 2.679670243533857,
    "lightgbm": 2.467828066280151,
    "catboost": 3.182683245871589,
    "rf": 2.2066863558891763,
    "gb": 2.3072925785121825,
    "ridge": 9.72586389274919,
    "linear": 9.087807348202528
  },
  "test_mae_all": {
    "xgboost": 3.1995894852446423,
    "lightgbm": 4.321754445658706,
    "catboost": 4.089761542042036,
    "rf": 3.4475237398368535,
    "gb": 4.798718279063388,
    "ridge": 10.855987534948031,
    "linear": 9.322954462726202
  },
  "historical_best_cv_mae": 2.042469801781462,
  "is_new_historical_best": false,
  "features": [
    "pm2_5",
    "pm10",
    "co",
    "no2",
    "so2",
    "month_cos",
    "total_pm",
    "total_gases",
    "no2_o3_ratio",
    "pm2_5_rolling_3h",
    "pm10_rolling_3h",
    "co_rolling_3h",
    "pm2_5_co_interaction",
    "hour_sin",
    "hour_cos"
  ],
  "scaler_needed": false,
  "all_models_saved": [
    "model_xgboost.pkl",
    "model_lightgbm.pkl",
    "model_catboost.pkl",
    "model_rf.pkl",
    "model_gb.pkl",
    "model_ridge.pkl",
    "model_linear.pkl"
  ],
  "all_metrics": {
    "train": {
      "xgboost": {
        "mae": 1.8331067394137148,
        "rmse": 3.3845319479111358,
        "r2": 0.9988356906281496,
        "mape": 1.4870604237317828
      },
      "lightgbm": {
        "mae": 1.5906625429101093,
        "rmse": 3.188271723442199,
        "r2": 0.9989668061502849,
        "mape": 1.3031432062396253
      },
      "catboost": {
        "mae": 1.8711607017947605,
        "rmse": 2.9714080483750482,
        "r2": 0.9991025799916374,
        "mape": 1.560647950368108
      },
      "rf": {
        "mae": 1.1782468728996152,
        "rmse": 3.8795530260820486,
        "r2": 0.9984702004042663,
        "mape": 1.155953215199435
      },
      "gb": {
        "mae": 1.4113335055300853,
        "rmse": 2.9932319788394866,
        "r2": 0.9990893491227665,
        "mape": 1.2226828910258438
      },
      "ridge": {
        "mae": 8.77499243007675,
        "rmse": 11.653752779250713,
        "r2": 0.9861960696608006,
        "mape": 8.13445045723274
      },
      "linear": {
        "mae": 8.462023628935984,
        "rmse": 11.317655044424827,
        "r2": 0.9869808070675998,
        "mape": 7.709431482656873
      }
    },
    "val": {
      "xgboost": {
        "mae": 2.694944222768148,
        "rmse": 8.997973994958269,
        "r2": 0.9397004082931858,
        "mape": 4.83060454754235
      },
      "lightgbm": {
        "mae": 2.829066525387577,
        "rmse": 10.170119978862392,
        "r2": 0.9229669564605358,
        "mape": 4.582131175543896
      },
      "catboost": {
        "mae": 3.304109376098119,
        "rmse": 10.300094559007304,
        "r2": 0.9209854033286593,
        "mape": 5.598141429792635
      },
      "rf": {
        "mae": 3.61103606865555,
        "rmse": 11.935038948091739,
        "r2": 0.8939104553549849,
        "mape": 6.218188480054853
      },
      "gb": {
        "mae": 2.5343460401366564,
        "rmse": 9.723568780578283,
        "r2": 0.9295831999903378,
        "mape": 3.9518282720197826
      },
      "ridge": {
        "mae": 6.5541268499659395,
        "rmse": 11.771758411347468,
        "r2": 0.8967933728319838,
        "mape": 10.406586101513756
      },
      "linear": {
        "mae": 6.304437600007171,
        "rmse": 11.645798497653432,
        "r2": 0.8989902149326416,
        "mape": 9.653195222920301
      }
    },
    "test": {
      "xgboost": {
        "mae": 3.1995894852446423,
        "rmse": 5.644428154485674,
        "r2": 0.981628312167201,
        "mape": 8.270023671176217
      },
      "lightgbm": {
        "mae": 4.321754445658706,
        "rmse": 7.066230913943023,
        "r2": 0.9712071397513953,
        "mape": 8.776277227384064
      },
      "catboost": {
        "mae": 4.089761542042036,
        "rmse": 6.599465708667045,
        "r2": 0.9748853742046135,
        "mape": 9.70071751684495
      },
      "rf": {
        "mae": 3.4475237398368535,
        "rmse": 6.5739272770937225,
        "r2": 0.9750793738910959,
        "mape": 10.305658801054108
      },
      "gb": {
        "mae": 4.798718279063388,
        "rmse": 8.53836054978777,
        "r2": 0.9579604423027549,
        "mape": 7.556120704412174
      },
      "ridge": {
        "mae": 10.855987534948031,
        "rmse": 13.935105783348021,
        "r2": 0.8880227756492005,
        "mape": 22.114495680163813
      },
      "linear": {
        "mae": 9.322954462726202,
        "rmse": 12.341225820879341,
        "r2": 0.9121734634261416,
        "mape": 19.309408239309906
      }
    },
    "cv_mae": {
      "xgboost": 2.679670243533857,
      "lightgbm": 2.467828066280151,
      "catboost": 3.182683245871589,
      "rf": 2.2066863558891763,
      "gb": 2.3072925785121825,
      "ridge": 9.72586389274919,
      "linear": 9.087807348202528
    }
  }
}