{
  "trained_best_model": "rf",
  "new_test_metrics": {
    "mae": 5.475164104109798,
    "rmse": 7.8641428494322945,
    "r2": 0.9526692897639488,
    "mape": 13.509262615029732
  },
  "cv_mae": {
    "xgboost": 2.876835360219101,
    "lightgbm": 2.631703435068369,
    "catboost": 3.543408831190124,
    "rf": 2.3010002574514425,
    "gb": 2.435719692849092,
    "ridge": 10.53782647895504,
    "linear": 9.60242378463522
  },
  "test_mae_all": {
    "xgboost": 3.5566124528348873,
    "lightgbm": 4.31991379849661,
    "catboost": 3.8219309387467395,
    "rf": 5.475164104109799,
    "gb": 4.359224083595442,
    "ridge": 10.33746617174842,
    "linear": 8.92686861536173
  },
  "historical_best_cv_mae": 2.042469801781462,
  "is_new_historical_best": false,
  "features": [
    "pm2_5",
    "pm10",
    "co",
    "no2",
    "so2",
    "month_cos",
    "total_pm",
    "total_gases",
    "no2_o3_ratio",
    "pm2_5_rolling_3h",
    "pm10_rolling_3h",
    "co_rolling_3h",
    "pm2_5_co_interaction",
    "hour_sin",
    "hour_cos"
  ],
  "scaler_needed": false,
  "all_models_saved": [
    "model_xgboost.pkl",
    "model_lightgbm.pkl",
    "model_catboost.pkl",
    "model_rf.pkl",
    "model_gb.pkl",
    "model_ridge.pkl",
    "model_linear.pkl"
  ],
  "all_metrics": {
    "train": {
      "xgboost": {
        "mae": 1.9651060225678982,
        "rmse": 3.613852109805363,
        "r2": 0.9986930900200515,
        "mape": 1.5680267065427005
      },
      "lightgbm": {
        "mae": 1.6571751684821747,
        "rmse": 3.207439480321157,
        "r2": 0.9989705106366996,
        "mape": 1.339154068200469
      },
      "catboost": {
        "mae": 1.9595243740876895,
        "rmse": 3.0984253022163744,
        "r2": 0.9990393017853668,
        "mape": 1.5794109692664975
      },
      "rf": {
        "mae": 1.1580092012729233,
        "rmse": 3.8051987237341094,
        "r2": 0.9985510292872106,
        "mape": 1.1266474265212278
      },
      "gb": {
        "mae": 1.4342530557051882,
        "rmse": 3.0141272266277377,
        "r2": 0.9990908656176654,
        "mape": 1.2190536413052866
      },
      "ridge": {
        "mae": 9.02517870197214,
        "rmse": 11.874920612745594,
        "r2": 0.985888721848909,
        "mape": 8.274951166251505
      },
      "linear": {
        "mae": 8.691643917645909,
        "rmse": 11.519289549521075,
        "r2": 0.9867212769725354,
        "mape": 7.8278582762756805
      }
    },
    "val": {
      "xgboost": {
        "mae": 2.8858583637568502,
        "rmse": 9.391771602729328,
        "r2": 0.9336255296213828,
        "mape": 5.101691940671445
      },
      "lightgbm": {
        "mae": 3.203377559914251,
        "rmse": 9.963969471489047,
        "r2": 0.9252913652143289,
        "mape": 4.999988481949179
      },
      "catboost": {
        "mae": 3.5426701657786848,
        "rmse": 10.290699672316956,
        "r2": 0.9203114671058243,
        "mape": 5.751468129010144
      },
      "rf": {
        "mae": 5.63753396850686,
        "rmse": 12.594277985370809,
        "r2": 0.8806417139792315,
        "mape": 9.43532506657121
      },
      "gb": {
        "mae": 3.258012682773568,
        "rmse": 10.006639922555348,
        "r2": 0.9246501193533186,
        "mape": 5.399361152313251
      },
      "ridge": {
        "mae": 6.899599215726603,
        "rmse": 11.975924590433502,
        "r2": 0.8920744851336475,
        "mape": 11.27993985874389
      },
      "linear": {
        "mae": 6.564368730404795,
        "rmse": 11.708928287610526,
        "r2": 0.8968331154027546,
        "mape": 10.405221073612353
      }
    },
    "test": {
      "xgboost": {
        "mae": 3.5566124528348873,
        "rmse": 6.207674727233059,
        "r2": 0.9705084133001489,
        "mape": 9.084161706335095
      },
      "lightgbm": {
        "mae": 4.31991379849661,
        "rmse": 6.638037267116943,
        "r2": 0.9662775121690431,
        "mape": 9.060327035927566
      },
      "catboost": {
        "mae": 3.8219309387467395,
        "rmse": 6.09844105326541,
        "r2": 0.9715371820695612,
        "mape": 9.157980518070028
      },
      "rf": {
        "mae": 5.475164104109799,
        "rmse": 7.864142849432296,
        "r2": 0.9526692897639488,
        "mape": 13.509262615029732
      },
      "gb": {
        "mae": 4.359224083595442,
        "rmse": 7.39330151059927,
        "r2": 0.9581671869607594,
        "mape": 9.388762099867224
      },
      "ridge": {
        "mae": 10.33746617174842,
        "rmse": 13.712158166447274,
        "r2": 0.8561029594181624,
        "mape": 22.443115121706974
      },
      "linear": {
        "mae": 8.92686861536173,
        "rmse": 12.19902806731559,
        "r2": 0.88610866199646,
        "mape": 19.54451462315506
      }
    },
    "cv_mae": {
      "xgboost": 2.876835360219101,
      "lightgbm": 2.631703435068369,
      "catboost": 3.543408831190124,
      "rf": 2.3010002574514425,
      "gb": 2.435719692849092,
      "ridge": 10.53782647895504,
      "linear": 9.60242378463522
    }
  }
}