{
  "trained_best_model": "rf",
  "new_test_metrics": {
    "mae": 3.251948863911944,
    "rmse": 6.470157777375589,
    "r2": 0.9779790734287603,
    "mape": 10.037800407597707
  },
  "cv_mae": {
    "xgboost": 2.7077331333944246,
    "lightgbm": 2.534148072791727,
    "catboost": 3.2237971454527887,
    "rf": 2.2224354683236123,
    "gb": 2.3314556330718688,
    "ridge": 9.935280633058188,
    "linear": 9.331596287545358
  },
  "test_mae_all": {
    "xgboost": 3.127542624698046,
    "lightgbm": 3.9301407006798614,
    "catboost": 3.6778225327650658,
    "rf": 3.251948863911944,
    "gb": 5.433942075321001,
    "ridge": 11.286371720723086,
    "linear": 9.644527141530373
  },
  "historical_best_cv_mae": 2.042469801781462,
  "is_new_historical_best": false,
  "features": [
    "pm2_5",
    "pm10",
    "co",
    "no2",
    "so2",
    "month_cos",
    "total_pm",
    "total_gases",
    "no2_o3_ratio",
    "pm2_5_rolling_3h",
    "pm10_rolling_3h",
    "co_rolling_3h",
    "pm2_5_co_interaction",
    "hour_sin",
    "hour_cos"
  ],
  "scaler_needed": false,
  "all_models_saved": [
    "model_xgboost.pkl",
    "model_lightgbm.pkl",
    "model_catboost.pkl",
    "model_rf.pkl",
    "model_gb.pkl",
    "model_ridge.pkl",
    "model_linear.pkl"
  ],
  "all_metrics": {
    "train": {
      "xgboost": {
        "mae": 1.8138452232544982,
        "rmse": 3.402221049396118,
        "r2": 0.9988036060578838,
        "mape": 1.4893155456743497
      },
      "lightgbm": {
        "mae": 1.631935171118608,
        "rmse": 3.2856977707555095,
        "r2": 0.9988841537014801,
        "mape": 1.3327675170624627
      },
      "catboost": {
        "mae": 1.870444506182342,
        "rmse": 2.9945963066554198,
        "r2": 0.9990731152855054,
        "mape": 1.576274461376623
      },
      "rf": {
        "mae": 1.1721325479917615,
        "rmse": 3.8730557669000794,
        "r2": 0.9984495539765026,
        "mape": 1.1467167709253285
      },
      "gb": {
        "mae": 1.39002650147452,
        "rmse": 2.9347824727147893,
        "r2": 0.9991097725443617,
        "mape": 1.2173416966483563
      },
      "ridge": {
        "mae": 8.714637243507383,
        "rmse": 11.585767687469954,
        "r2": 0.9861260928764825,
        "mape": 8.125091010771163
      },
      "linear": {
        "mae": 8.409442759448934,
        "rmse": 11.26102631883839,
        "r2": 0.9868929457222837,
        "mape": 7.7039660156063645
      }
    },
    "val": {
      "xgboost": {
        "mae": 2.8873053424434576,
        "rmse": 9.284832678274574,
        "r2": 0.9356545778344045,
        "mape": 4.8862489359397
      },
      "lightgbm": {
        "mae": 2.9313290995916863,
        "rmse": 10.319039770565533,
        "r2": 0.9205217925163369,
        "mape": 4.57481638694493
      },
      "catboost": {
        "mae": 3.0529297930716024,
        "rmse": 9.063058176304127,
        "r2": 0.9386917348990548,
        "mape": 5.371781449164352
      },
      "rf": {
        "mae": 3.4448913705198296,
        "rmse": 11.896198247176455,
        "r2": 0.8943703411667528,
        "mape": 5.999475406227843
      },
      "gb": {
        "mae": 2.7317627111176237,
        "rmse": 9.743668736868285,
        "r2": 0.9291378194628548,
        "mape": 4.068844096623484
      },
      "ridge": {
        "mae": 6.391378002923338,
        "rmse": 11.595110673455371,
        "r2": 0.899649558474356,
        "mape": 10.34497520525491
      },
      "linear": {
        "mae": 6.118010176375792,
        "rmse": 11.450108465691665,
        "r2": 0.9021437221390978,
        "mape": 9.547398312669106
      }
    },
    "test": {
      "xgboost": {
        "mae": 3.127542624698046,
        "rmse": 5.508076912467243,
        "r2": 0.9840409939949133,
        "mape": 7.845670027907073
      },
      "lightgbm": {
        "mae": 3.9301407006798614,
        "rmse": 6.235366925730993,
        "r2": 0.9795482782085612,
        "mape": 8.08396539860314
      },
      "catboost": {
        "mae": 3.6778225327650658,
        "rmse": 6.147221598105915,
        "r2": 0.9801224165945273,
        "mape": 9.17854268196382
      },
      "rf": {
        "mae": 3.251948863911944,
        "rmse": 6.470157777375589,
        "r2": 0.9779790734287603,
        "mape": 10.037800407597707
      },
      "gb": {
        "mae": 5.433942075321001,
        "rmse": 9.640350107682334,
        "r2": 0.9511132170322907,
        "mape": 7.798153850576862
      },
      "ridge": {
        "mae": 11.286371720723086,
        "rmse": 14.261719487410398,
        "r2": 0.8930084137303154,
        "mape": 22.283904889486664
      },
      "linear": {
        "mae": 9.644527141530373,
        "rmse": 12.58769014306549,
        "r2": 0.916651472057335,
        "mape": 19.439995880819456
      }
    },
    "cv_mae": {
      "xgboost": 2.7077331333944246,
      "lightgbm": 2.534148072791727,
      "catboost": 3.2237971454527887,
      "rf": 2.2224354683236123,
      "gb": 2.3314556330718688,
      "ridge": 9.935280633058188,
      "linear": 9.331596287545358
    }
  }
}