{
  "trained_best_model": "rf",
  "new_test_metrics": {
    "mae": 5.591465422371087,
    "rmse": 7.7793403121028515,
    "r2": 0.9537538964827355,
    "mape": 13.526641130637207
  },
  "cv_mae": {
    "xgboost": 2.7864468221795073,
    "lightgbm": 2.612538567870686,
    "catboost": 3.4006239031654757,
    "rf": 2.2509689362781726,
    "gb": 2.3882381118628295,
    "ridge": 10.56471285508741,
    "linear": 9.596137134525776
  },
  "test_mae_all": {
    "xgboost": 3.835386342090819,
    "lightgbm": 3.9400475870656924,
    "catboost": 4.788857480818921,
    "rf": 5.591465422371085,
    "gb": 4.210416394785239,
    "ridge": 10.265305558111955,
    "linear": 8.865683694115237
  },
  "historical_best_cv_mae": 2.042469801781462,
  "is_new_historical_best": false,
  "features": [
    "pm2_5",
    "pm10",
    "co",
    "no2",
    "so2",
    "month_cos",
    "total_pm",
    "total_gases",
    "no2_o3_ratio",
    "pm2_5_rolling_3h",
    "pm10_rolling_3h",
    "co_rolling_3h",
    "pm2_5_co_interaction",
    "hour_sin",
    "hour_cos"
  ],
  "scaler_needed": false,
  "all_models_saved": [
    "model_xgboost.pkl",
    "model_lightgbm.pkl",
    "model_catboost.pkl",
    "model_rf.pkl",
    "model_gb.pkl",
    "model_ridge.pkl",
    "model_linear.pkl"
  ],
  "all_metrics": {
    "train": {
      "xgboost": {
        "mae": 1.8681692537418473,
        "rmse": 3.40864300186614,
        "r2": 0.9988383845351345,
        "mape": 1.4838294604231106
      },
      "lightgbm": {
        "mae": 1.9685107847166408,
        "rmse": 3.9771230938800297,
        "r2": 0.9984186157328221,
        "mape": 1.6053090257999627
      },
      "catboost": {
        "mae": 1.9834939681341162,
        "rmse": 3.0732958963562678,
        "r2": 0.9990557041081957,
        "mape": 1.6276169239267002
      },
      "rf": {
        "mae": 1.163106902333864,
        "rmse": 3.792736642252376,
        "r2": 0.9985618482201327,
        "mape": 1.1370427775356855
      },
      "gb": {
        "mae": 1.411434295774241,
        "rmse": 2.9727882810014363,
        "r2": 0.9991164577766176,
        "mape": 1.1981455947610642
      },
      "ridge": {
        "mae": 8.998403193116957,
        "rmse": 11.851117872280902,
        "r2": 0.9859583551786412,
        "mape": 8.246315019286236
      },
      "linear": {
        "mae": 8.673849843694311,
        "rmse": 11.504697024608783,
        "r2": 0.9867672618046319,
        "mape": 7.809949669006542
      }
    },
    "val": {
      "xgboost": {
        "mae": 3.0572959690877837,
        "rmse": 9.312143683648756,
        "r2": 0.9374800621549395,
        "mape": 5.453419653868148
      },
      "lightgbm": {
        "mae": 2.9615061442335295,
        "rmse": 10.285214618591477,
        "r2": 0.9237313748572566,
        "mape": 4.727532179735904
      },
      "catboost": {
        "mae": 4.615959429896751,
        "rmse": 10.76340859617814,
        "r2": 0.9164745440593367,
        "mape": 7.142507718309066
      },
      "rf": {
        "mae": 5.774892547869139,
        "rmse": 12.588053648985715,
        "r2": 0.8857552185690748,
        "mape": 9.584322253203997
      },
      "gb": {
        "mae": 3.0316809898044594,
        "rmse": 10.210764940493696,
        "r2": 0.9248315218206935,
        "mape": 4.8690549170311765
      },
      "ridge": {
        "mae": 7.051996063530939,
        "rmse": 12.162466625416075,
        "r2": 0.8933495913432401,
        "mape": 11.326766254643644
      },
      "linear": {
        "mae": 6.676479532445552,
        "rmse": 11.830800057447622,
        "r2": 0.8990869272668853,
        "mape": 10.448196265547958
      }
    },
    "test": {
      "xgboost": {
        "mae": 3.835386342090819,
        "rmse": 6.433453209590527,
        "r2": 0.9683715506995277,
        "mape": 9.70804927848363
      },
      "lightgbm": {
        "mae": 3.9400475870656924,
        "rmse": 6.634984585801843,
        "r2": 0.9663589577275089,
        "mape": 9.297814267158728
      },
      "catboost": {
        "mae": 4.788857480818921,
        "rmse": 6.550541521201013,
        "r2": 0.9672098039116293,
        "mape": 10.561942675485666
      },
      "rf": {
        "mae": 5.591465422371085,
        "rmse": 7.779340312102851,
        "r2": 0.9537538964827355,
        "mape": 13.526641130637207
      },
      "gb": {
        "mae": 4.210416394785239,
        "rmse": 7.039598825093033,
        "r2": 0.9621308613980359,
        "mape": 8.777063758582253
      },
      "ridge": {
        "mae": 10.265305558111955,
        "rmse": 13.667250918931732,
        "r2": 0.857257946020183,
        "mape": 22.34180700792145
      },
      "linear": {
        "mae": 8.865683694115237,
        "rmse": 12.161362320187214,
        "r2": 0.8869803231615278,
        "mape": 19.47461499975472
      }
    },
    "cv_mae": {
      "xgboost": 2.7864468221795073,
      "lightgbm": 2.612538567870686,
      "catboost": 3.4006239031654757,
      "rf": 2.2509689362781726,
      "gb": 2.3882381118628295,
      "ridge": 10.56471285508741,
      "linear": 9.596137134525776
    }
  }
}