{
  "trained_best_model": "rf",
  "new_test_metrics": {
    "mae": 4.701751409125642,
    "rmse": 7.615321162564098,
    "r2": 0.9563482921810048,
    "mape": 12.471695825787402
  },
  "cv_mae": {
    "xgboost": 2.6368201141954635,
    "lightgbm": 2.466113095179883,
    "catboost": 3.212894969204485,
    "rf": 2.1360934892533083,
    "gb": 2.3026327450305204,
    "ridge": 10.202010953698123,
    "linear": 9.367724996075895
  },
  "test_mae_all": {
    "xgboost": 3.4640576546270396,
    "lightgbm": 4.1650648593327535,
    "catboost": 4.049082245245756,
    "rf": 4.701751409125642,
    "gb": 4.178373668498532,
    "ridge": 10.492548173706293,
    "linear": 9.129199141066938
  },
  "historical_best_cv_mae": 2.042469801781462,
  "is_new_historical_best": false,
  "features": [
    "pm2_5",
    "pm10",
    "co",
    "no2",
    "so2",
    "month_cos",
    "total_pm",
    "total_gases",
    "no2_o3_ratio",
    "pm2_5_rolling_3h",
    "pm10_rolling_3h",
    "co_rolling_3h",
    "pm2_5_co_interaction",
    "hour_sin",
    "hour_cos"
  ],
  "scaler_needed": false,
  "all_models_saved": [
    "model_xgboost.pkl",
    "model_lightgbm.pkl",
    "model_catboost.pkl",
    "model_rf.pkl",
    "model_gb.pkl",
    "model_ridge.pkl",
    "model_linear.pkl"
  ],
  "all_metrics": {
    "train": {
      "xgboost": {
        "mae": 1.8928305743491813,
        "rmse": 3.5315039498766465,
        "r2": 0.9987475145975679,
        "mape": 1.5202265634737084
      },
      "lightgbm": {
        "mae": 1.7047211565288316,
        "rmse": 3.3225000078628537,
        "r2": 0.9988913785900314,
        "mape": 1.3895267901407171
      },
      "catboost": {
        "mae": 1.8696769374540947,
        "rmse": 2.971884024518148,
        "r2": 0.9991130135302474,
        "mape": 1.5430450074381425
      },
      "rf": {
        "mae": 1.153057226996952,
        "rmse": 3.8253916759275133,
        "r2": 0.9985303798523576,
        "mape": 1.126276739291489
      },
      "gb": {
        "mae": 1.3761414223445558,
        "rmse": 2.9443617995080933,
        "r2": 0.9991293659878696,
        "mape": 1.1809601453850638
      },
      "ridge": {
        "mae": 8.932254926542923,
        "rmse": 11.789723805273315,
        "r2": 0.9860407995872448,
        "mape": 8.220757247073884
      },
      "linear": {
        "mae": 8.601956152110878,
        "rmse": 11.437334061023225,
        "r2": 0.9868627975527315,
        "mape": 7.775461387359719
      }
    },
    "val": {
      "xgboost": {
        "mae": 2.8092633817838206,
        "rmse": 9.202599181389507,
        "r2": 0.9359975545644851,
        "mape": 5.108163579000817
      },
      "lightgbm": {
        "mae": 2.9686387221059034,
        "rmse": 10.07922975916344,
        "r2": 0.923223157963157,
        "mape": 4.753705085137818
      },
      "catboost": {
        "mae": 3.4377205718050865,
        "rmse": 9.558930913208318,
        "r2": 0.9309451478062069,
        "mape": 6.06721821477883
      },
      "rf": {
        "mae": 5.0819853599248095,
        "rmse": 12.506612692517315,
        "r2": 0.8817897989579729,
        "mape": 8.6113048946519
      },
      "gb": {
        "mae": 2.851770626393486,
        "rmse": 10.11717202436835,
        "r2": 0.9226440322984684,
        "mape": 4.67356206296655
      },
      "ridge": {
        "mae": 6.663795103461527,
        "rmse": 11.84599601340803,
        "r2": 0.8939480352519368,
        "mape": 10.88221975466266
      },
      "linear": {
        "mae": 6.311340530683547,
        "rmse": 11.571865717166247,
        "r2": 0.8987995776078617,
        "mape": 9.9607038023259
      }
    },
    "test": {
      "xgboost": {
        "mae": 3.4640576546270396,
        "rmse": 6.165463978223617,
        "r2": 0.9713874659995237,
        "mape": 9.223228630479795
      },
      "lightgbm": {
        "mae": 4.1650648593327535,
        "rmse": 7.043365746936713,
        "r2": 0.9626590576105353,
        "mape": 9.052833243581029
      },
      "catboost": {
        "mae": 4.049082245245756,
        "rmse": 6.788058820472109,
        "r2": 0.9653170534831318,
        "mape": 10.210474484641468
      },
      "rf": {
        "mae": 4.701751409125642,
        "rmse": 7.615321162564099,
        "r2": 0.9563482921810048,
        "mape": 12.471695825787405
      },
      "gb": {
        "mae": 4.178373668498532,
        "rmse": 7.4898581572999365,
        "r2": 0.9577747744039704,
        "mape": 8.66490550706358
      },
      "ridge": {
        "mae": 10.492548173706293,
        "rmse": 13.733557150048997,
        "r2": 0.8580318671752255,
        "mape": 22.524734558877643
      },
      "linear": {
        "mae": 9.129199141066938,
        "rmse": 12.267832594356918,
        "r2": 0.8867181130959577,
        "mape": 19.706599015083032
      }
    },
    "cv_mae": {
      "xgboost": 2.6368201141954635,
      "lightgbm": 2.466113095179883,
      "catboost": 3.212894969204485,
      "rf": 2.1360934892533083,
      "gb": 2.3026327450305204,
      "ridge": 10.202010953698123,
      "linear": 9.367724996075895
    }
  }
}