{
  "trained_best_model": "rf",
  "new_test_metrics": {
    "mae": 5.510398373385174,
    "rmse": 7.886764702434761,
    "r2": 0.9524326060193193,
    "mape": 13.616133450157689
  },
  "cv_mae": {
    "xgboost": 2.754771587573386,
    "lightgbm": 2.626786560187662,
    "catboost": 3.5417721617777467,
    "rf": 2.266347632331758,
    "gb": 2.376826651341136,
    "ridge": 10.53553048167609,
    "linear": 9.592803415449088
  },
  "test_mae_all": {
    "xgboost": 3.5493205289527796,
    "lightgbm": 4.386280624202362,
    "catboost": 4.208694642435575,
    "rf": 5.510398373385176,
    "gb": 4.025196438830107,
    "ridge": 10.314477204510416,
    "linear": 8.911221406186849
  },
  "historical_best_cv_mae": 2.042469801781462,
  "is_new_historical_best": false,
  "features": [
    "pm2_5",
    "pm10",
    "co",
    "no2",
    "so2",
    "month_cos",
    "total_pm",
    "total_gases",
    "no2_o3_ratio",
    "pm2_5_rolling_3h",
    "pm10_rolling_3h",
    "co_rolling_3h",
    "pm2_5_co_interaction",
    "hour_sin",
    "hour_cos"
  ],
  "scaler_needed": false,
  "all_models_saved": [
    "model_xgboost.pkl",
    "model_lightgbm.pkl",
    "model_catboost.pkl",
    "model_rf.pkl",
    "model_gb.pkl",
    "model_ridge.pkl",
    "model_linear.pkl"
  ],
  "all_metrics": {
    "train": {
      "xgboost": {
        "mae": 2.0026555594788293,
        "rmse": 3.6422033986337645,
        "r2": 0.9986724958520328,
        "mape": 1.5901026301867638
      },
      "lightgbm": {
        "mae": 1.5864397186619537,
        "rmse": 3.0970641267896077,
        "r2": 0.9990401400044119,
        "mape": 1.2950008039442005
      },
      "catboost": {
        "mae": 1.9896833809551908,
        "rmse": 3.083698402794814,
        "r2": 0.9990484068922004,
        "mape": 1.6098218307741436
      },
      "rf": {
        "mae": 1.1586061386213278,
        "rmse": 3.8151374846536785,
        "r2": 0.9985434416663649,
        "mape": 1.1304769608215959
      },
      "gb": {
        "mae": 1.415702418841866,
        "rmse": 2.981306404814924,
        "r2": 0.99911055167338,
        "mape": 1.1944515076783855
      },
      "ridge": {
        "mae": 9.015421767020985,
        "rmse": 11.866460878642156,
        "r2": 0.9859087370291285,
        "mape": 8.262744833215766
      },
      "linear": {
        "mae": 8.683544855126827,
        "rmse": 11.512678038547309,
        "r2": 0.9867364366794977,
        "mape": 7.818502819883141
      }
    },
    "val": {
      "xgboost": {
        "mae": 2.891883691151937,
        "rmse": 9.46972361510191,
        "r2": 0.9327719825362902,
        "mape": 5.231330365564812
      },
      "lightgbm": {
        "mae": 3.1161769588782056,
        "rmse": 9.906167561317732,
        "r2": 0.9264323241403064,
        "mape": 4.953899322050454
      },
      "catboost": {
        "mae": 3.880047110187894,
        "rmse": 10.896091450569797,
        "r2": 0.9109944320433365,
        "mape": 6.098813074552492
      },
      "rf": {
        "mae": 5.6476228633318915,
        "rmse": 12.590229691486702,
        "r2": 0.8811653741356887,
        "mape": 9.494011392781978
      },
      "gb": {
        "mae": 2.974584732769963,
        "rmse": 10.039207935418533,
        "r2": 0.9244430191554498,
        "mape": 5.082208221587433
      },
      "ridge": {
        "mae": 6.951813166814236,
        "rmse": 12.036104218291781,
        "r2": 0.8913955612118356,
        "mape": 11.302806070237741
      },
      "linear": {
        "mae": 6.607757686710796,
        "rmse": 11.753491118764835,
        "r2": 0.8964358455784162,
        "mape": 10.426103411679007
      }
    },
    "test": {
      "xgboost": {
        "mae": 3.5493205289527796,
        "rmse": 6.479715031960712,
        "r2": 0.9678912496020101,
        "mape": 9.579129503025227
      },
      "lightgbm": {
        "mae": 4.386280624202362,
        "rmse": 6.932837200885099,
        "r2": 0.963243547032808,
        "mape": 9.382634533683586
      },
      "catboost": {
        "mae": 4.208694642435575,
        "rmse": 6.391830343548561,
        "r2": 0.9687563280652892,
        "mape": 9.913806828364482
      },
      "rf": {
        "mae": 5.510398373385176,
        "rmse": 7.886764702434762,
        "r2": 0.9524326060193193,
        "mape": 13.616133450157689
      },
      "gb": {
        "mae": 4.025196438830107,
        "rmse": 6.996529235657333,
        "r2": 0.9625650810500198,
        "mape": 8.846588931992317
      },
      "ridge": {
        "mae": 10.314477204510416,
        "rmse": 13.69788968272117,
        "r2": 0.8565108974664645,
        "mape": 22.402156260000876
      },
      "linear": {
        "mae": 8.911221406186849,
        "rmse": 12.189322968442253,
        "r2": 0.8863758207177758,
        "mape": 19.517861611520445
      }
    },
    "cv_mae": {
      "xgboost": 2.754771587573386,
      "lightgbm": 2.626786560187662,
      "catboost": 3.5417721617777467,
      "rf": 2.266347632331758,
      "gb": 2.376826651341136,
      "ridge": 10.53553048167609,
      "linear": 9.592803415449088
    }
  }
}