{
  "trained_best_model": "rf",
  "new_test_metrics": {
    "mae": 3.643265513315595,
    "rmse": 6.897662283289258,
    "r2": 0.9711750409753374,
    "mape": 10.721082914336336
  },
  "cv_mae": {
    "xgboost": 2.5791695365233895,
    "lightgbm": 2.3853657129292043,
    "catboost": 3.231574000838228,
    "rf": 2.0895273918896553,
    "gb": 2.2238468623734957,
    "ridge": 9.92507518420908,
    "linear": 9.224001830184124
  },
  "test_mae_all": {
    "xgboost": 3.5181920110073985,
    "lightgbm": 3.5045358364121033,
    "catboost": 3.971693842101884,
    "rf": 3.643265513315596,
    "gb": 4.714226215527385,
    "ridge": 10.633532298859716,
    "linear": 9.169335052775132
  },
  "historical_best_cv_mae": 2.042469801781462,
  "is_new_historical_best": false,
  "features": [
    "pm2_5",
    "pm10",
    "co",
    "no2",
    "so2",
    "month_cos",
    "total_pm",
    "total_gases",
    "no2_o3_ratio",
    "pm2_5_rolling_3h",
    "pm10_rolling_3h",
    "co_rolling_3h",
    "pm2_5_co_interaction",
    "hour_sin",
    "hour_cos"
  ],
  "scaler_needed": false,
  "all_models_saved": [
    "model_xgboost.pkl",
    "model_lightgbm.pkl",
    "model_catboost.pkl",
    "model_rf.pkl",
    "model_gb.pkl",
    "model_ridge.pkl",
    "model_linear.pkl"
  ],
  "all_metrics": {
    "train": {
      "xgboost": {
        "mae": 1.8244405452208199,
        "rmse": 3.3502429844811834,
        "r2": 0.9988640033947286,
        "mape": 1.4729628941047785
      },
      "lightgbm": {
        "mae": 1.9522479036852325,
        "rmse": 4.009129204439209,
        "r2": 0.99837323610053,
        "mape": 1.6131174451468377
      },
      "catboost": {
        "mae": 1.890844673382115,
        "rmse": 2.984828695797084,
        "r2": 0.9990982975632531,
        "mape": 1.5907302064978195
      },
      "rf": {
        "mae": 1.171578598782081,
        "rmse": 3.8812113066895892,
        "r2": 0.9984753891839188,
        "mape": 1.1487720441817413
      },
      "gb": {
        "mae": 1.3842642432439765,
        "rmse": 2.9606989290323336,
        "r2": 0.9991128176077111,
        "mape": 1.199936374617541
      },
      "ridge": {
        "mae": 8.815970662937428,
        "rmse": 11.685457408955912,
        "r2": 0.9861797514278091,
        "mape": 8.16895644531912
      },
      "linear": {
        "mae": 8.497885413338903,
        "rmse": 11.346637889256673,
        "r2": 0.9869695680908988,
        "mape": 7.737691757590075
      }
    },
    "val": {
      "xgboost": {
        "mae": 2.659285893723301,
        "rmse": 8.984819335271817,
        "r2": 0.9400865813258867,
        "mape": 4.609980397858709
      },
      "lightgbm": {
        "mae": 2.870792002993678,
        "rmse": 10.360954005206171,
        "r2": 0.9203281512106625,
        "mape": 4.466983941394542
      },
      "catboost": {
        "mae": 3.177755424672029,
        "rmse": 9.442669514243416,
        "r2": 0.9338248425073075,
        "mape": 5.538111054865088
      },
      "rf": {
        "mae": 3.9736762992661188,
        "rmse": 12.163242313206654,
        "r2": 0.8901995497360439,
        "mape": 6.713070218838803
      },
      "gb": {
        "mae": 2.5443352228405645,
        "rmse": 9.87112038560574,
        "r2": 0.9276833498532294,
        "mape": 3.9429297338982505
      },
      "ridge": {
        "mae": 6.515164688584725,
        "rmse": 11.788340654935814,
        "r2": 0.8968638872904312,
        "mape": 10.35049324541473
      },
      "linear": {
        "mae": 6.2692959393106005,
        "rmse": 11.64009716527262,
        "r2": 0.8994415397670491,
        "mape": 9.60604941460653
      }
    },
    "test": {
      "xgboost": {
        "mae": 3.5181920110073985,
        "rmse": 6.000064155927965,
        "r2": 0.9781889470156533,
        "mape": 8.229362725244943
      },
      "lightgbm": {
        "mae": 3.5045358364121033,
        "rmse": 5.815941190987935,
        "r2": 0.9795070322140425,
        "mape": 8.238086033927102
      },
      "catboost": {
        "mae": 3.971693842101884,
        "rmse": 6.447395738954832,
        "r2": 0.9748154903010788,
        "mape": 9.588428607777429
      },
      "rf": {
        "mae": 3.643265513315596,
        "rmse": 6.897662283289259,
        "r2": 0.9711750409753374,
        "mape": 10.721082914336337
      },
      "gb": {
        "mae": 4.714226215527385,
        "rmse": 8.631195438610902,
        "r2": 0.9548656964235936,
        "mape": 7.542874001480632
      },
      "ridge": {
        "mae": 10.633532298859716,
        "rmse": 13.758197008782595,
        "r2": 0.8853199450187158,
        "mape": 22.067693365696073
      },
      "linear": {
        "mae": 9.169335052775132,
        "rmse": 12.227371683771397,
        "r2": 0.9094202594414834,
        "mape": 19.295591096669177
      }
    },
    "cv_mae": {
      "xgboost": 2.5791695365233895,
      "lightgbm": 2.3853657129292043,
      "catboost": 3.231574000838228,
      "rf": 2.0895273918896553,
      "gb": 2.2238468623734957,
      "ridge": 9.92507518420908,
      "linear": 9.224001830184124
    }
  }
}