{
  "trained_best_model": "rf",
  "new_test_metrics": {
    "mae": 4.241782459431782,
    "rmse": 7.125872015701607,
    "r2": 0.9620795086083931,
    "mape": 11.67353798259463
  },
  "cv_mae": {
    "xgboost": 2.704006569072925,
    "lightgbm": 2.460728398817065,
    "catboost": 3.2319076622665683,
    "rf": 2.1422612450032394,
    "gb": 2.275288225936781,
    "ridge": 10.24201519023419,
    "linear": 9.423609550268562
  },
  "test_mae_all": {
    "xgboost": 3.0734496471715214,
    "lightgbm": 3.920852871241674,
    "catboost": 3.7890368146016815,
    "rf": 4.241782459431783,
    "gb": 3.8006593080987057,
    "ridge": 10.451010049672984,
    "linear": 9.047674194597255
  },
  "historical_best_cv_mae": 2.042469801781462,
  "is_new_historical_best": false,
  "features": [
    "pm2_5",
    "pm10",
    "co",
    "no2",
    "so2",
    "month_cos",
    "total_pm",
    "total_gases",
    "no2_o3_ratio",
    "pm2_5_rolling_3h",
    "pm10_rolling_3h",
    "co_rolling_3h",
    "pm2_5_co_interaction",
    "hour_sin",
    "hour_cos"
  ],
  "scaler_needed": false,
  "all_models_saved": [
    "model_xgboost.pkl",
    "model_lightgbm.pkl",
    "model_catboost.pkl",
    "model_rf.pkl",
    "model_gb.pkl",
    "model_ridge.pkl",
    "model_linear.pkl"
  ],
  "all_metrics": {
    "train": {
      "xgboost": {
        "mae": 1.850217539114806,
        "rmse": 3.3886334199789117,
        "r2": 0.9988472792736162,
        "mape": 1.4922536015202077
      },
      "lightgbm": {
        "mae": 1.781933764139917,
        "rmse": 3.5535214257681806,
        "r2": 0.9987323691519187,
        "mape": 1.4495495834398795
      },
      "catboost": {
        "mae": 1.9190785511250994,
        "rmse": 3.006357796038563,
        "r2": 0.99909268883584,
        "mape": 1.5881181619803915
      },
      "rf": {
        "mae": 1.154945598427025,
        "rmse": 3.8460542233036588,
        "r2": 0.9985150708655067,
        "mape": 1.128042629567851
      },
      "gb": {
        "mae": 1.4018909422001369,
        "rmse": 2.9493937585514516,
        "r2": 0.9991267462961332,
        "mape": 1.1935221237627287
      },
      "ridge": {
        "mae": 8.896082381051876,
        "rmse": 11.76826435045349,
        "r2": 0.9860972807298838,
        "mape": 8.212032787564128
      },
      "linear": {
        "mae": 8.575640032386584,
        "rmse": 11.422837766402518,
        "r2": 0.98690145850917,
        "mape": 7.776970874165092
      }
    },
    "val": {
      "xgboost": {
        "mae": 2.8123653707983287,
        "rmse": 8.926410069665483,
        "r2": 0.9423631029866308,
        "mape": 4.847406044925091
      },
      "lightgbm": {
        "mae": 3.052618936902396,
        "rmse": 10.257903451741086,
        "r2": 0.9238860714829475,
        "mape": 4.948029136491416
      },
      "catboost": {
        "mae": 3.3095873629365844,
        "rmse": 9.81775409206131,
        "r2": 0.930277777283476,
        "mape": 5.6428623599951475
      },
      "rf": {
        "mae": 4.7546529989918875,
        "rmse": 12.391534386653564,
        "r2": 0.8889299169607374,
        "mape": 7.9276460639965975
      },
      "gb": {
        "mae": 2.962777265283744,
        "rmse": 9.855780323603549,
        "r2": 0.9297366335900914,
        "mape": 4.6049479059340594
      },
      "ridge": {
        "mae": 6.923526753400256,
        "rmse": 12.061994923313772,
        "r2": 0.8947589417516985,
        "mape": 10.975565819857108
      },
      "linear": {
        "mae": 6.609668607016198,
        "rmse": 11.824810891349887,
        "r2": 0.8988571162856371,
        "mape": 10.126154079605275
      }
    },
    "test": {
      "xgboost": {
        "mae": 3.0734496471715214,
        "rmse": 5.609013231626197,
        "r2": 0.9765052488397827,
        "mape": 8.26989507829359
      },
      "lightgbm": {
        "mae": 3.920852871241674,
        "rmse": 6.805767151868317,
        "r2": 0.9654098780374898,
        "mape": 9.294149656452683
      },
      "catboost": {
        "mae": 3.7890368146016815,
        "rmse": 6.3926534081141595,
        "r2": 0.9694817069990754,
        "mape": 9.545013207046111
      },
      "rf": {
        "mae": 4.241782459431783,
        "rmse": 7.125872015701609,
        "r2": 0.962079508608393,
        "mape": 11.673537982594633
      },
      "gb": {
        "mae": 3.8006593080987057,
        "rmse": 6.6379989454796275,
        "r2": 0.9670942132571072,
        "mape": 7.708198622093857
      },
      "ridge": {
        "mae": 10.451010049672984,
        "rmse": 13.682395473224414,
        "r2": 0.8601951626144664,
        "mape": 22.39812890466514
      },
      "linear": {
        "mae": 9.047674194597255,
        "rmse": 12.181214731927776,
        "r2": 0.8891899581898879,
        "mape": 19.58215374437687
      }
    },
    "cv_mae": {
      "xgboost": 2.704006569072925,
      "lightgbm": 2.460728398817065,
      "catboost": 3.2319076622665683,
      "rf": 2.1422612450032394,
      "gb": 2.275288225936781,
      "ridge": 10.24201519023419,
      "linear": 9.423609550268562
    }
  }
}