{
  "trained_best_model": "rf",
  "new_test_metrics": {
    "mae": 3.4897258255805106,
    "rmse": 6.812842094443008,
    "r2": 0.9734589312452431,
    "mape": 10.61189326316608
  },
  "cv_mae": {
    "xgboost": 2.683150554216538,
    "lightgbm": 2.4523966434158835,
    "catboost": 3.1573115101246003,
    "rf": 2.2169949968686176,
    "gb": 2.295291296999582,
    "ridge": 9.729095608893582,
    "linear": 9.085723485287568
  },
  "test_mae_all": {
    "xgboost": 3.213950582441692,
    "lightgbm": 3.5639574111270873,
    "catboost": 3.7573870941594976,
    "rf": 3.4897258255805097,
    "gb": 4.438003674392951,
    "ridge": 10.907292384033475,
    "linear": 9.360891695566078
  },
  "historical_best_cv_mae": 2.042469801781462,
  "is_new_historical_best": false,
  "features": [
    "pm2_5",
    "pm10",
    "co",
    "no2",
    "so2",
    "month_cos",
    "total_pm",
    "total_gases",
    "no2_o3_ratio",
    "pm2_5_rolling_3h",
    "pm10_rolling_3h",
    "co_rolling_3h",
    "pm2_5_co_interaction",
    "hour_sin",
    "hour_cos"
  ],
  "scaler_needed": false,
  "all_models_saved": [
    "model_xgboost.pkl",
    "model_lightgbm.pkl",
    "model_catboost.pkl",
    "model_rf.pkl",
    "model_gb.pkl",
    "model_ridge.pkl",
    "model_linear.pkl"
  ],
  "all_metrics": {
    "train": {
      "xgboost": {
        "mae": 1.8663811731867284,
        "rmse": 3.420729233779971,
        "r2": 0.9988076420548737,
        "mape": 1.511017559228238
      },
      "lightgbm": {
        "mae": 1.9456580870958653,
        "rmse": 3.9778484322074164,
        "r2": 0.998387626268933,
        "mape": 1.6083874082319878
      },
      "catboost": {
        "mae": 1.8838019801871195,
        "rmse": 2.978292022678752,
        "r2": 0.9990961345039223,
        "mape": 1.5855655858989803
      },
      "rf": {
        "mae": 1.1721421691283407,
        "rmse": 3.87609054861871,
        "r2": 0.9984690638452621,
        "mape": 1.1476328509055245
      },
      "gb": {
        "mae": 1.3771853402841467,
        "rmse": 2.9214542601127507,
        "r2": 0.9991303040776057,
        "mape": 1.193870211723137
      },
      "ridge": {
        "mae": 8.77053958128583,
        "rmse": 11.64998366939293,
        "r2": 0.9861700730953004,
        "mape": 8.131414243426645
      },
      "linear": {
        "mae": 8.457216096810251,
        "rmse": 11.313850250075433,
        "r2": 0.9869566212965846,
        "mape": 7.705791899997211
      }
    },
    "val": {
      "xgboost": {
        "mae": 2.6432069556353843,
        "rmse": 9.071370304864022,
        "r2": 0.938788245197506,
        "mape": 4.5300018791633345
      },
      "lightgbm": {
        "mae": 2.9329760169200783,
        "rmse": 10.542677647727166,
        "r2": 0.9173218226630363,
        "mape": 4.725021976893835
      },
      "catboost": {
        "mae": 3.355739165251694,
        "rmse": 10.229848450199968,
        "r2": 0.9221555887707344,
        "mape": 5.5808991821457035
      },
      "rf": {
        "mae": 3.544300298545784,
        "rmse": 11.974113947412729,
        "r2": 0.8933463281897205,
        "mape": 6.2652609468785645
      },
      "gb": {
        "mae": 2.478934923059773,
        "rmse": 9.558827673580819,
        "r2": 0.9320329684098287,
        "mape": 3.7817665252500445
      },
      "ridge": {
        "mae": 6.570747453246519,
        "rmse": 11.77463322641323,
        "r2": 0.8968702857682792,
        "mape": 10.422027489639365
      },
      "linear": {
        "mae": 6.319019149085786,
        "rmse": 11.6504235991548,
        "r2": 0.899034623097675,
        "mape": 9.664040397660873
      }
    },
    "test": {
      "xgboost": {
        "mae": 3.213950582441692,
        "rmse": 5.48383686937909,
        "r2": 0.9828038662247816,
        "mape": 7.669733725112601
      },
      "lightgbm": {
        "mae": 3.5639574111270873,
        "rmse": 6.0098952255143345,
        "r2": 0.9793464094894231,
        "mape": 8.832748426231742
      },
      "catboost": {
        "mae": 3.7573870941594976,
        "rmse": 6.1438471855863925,
        "r2": 0.9784154712685078,
        "mape": 9.270899394233584
      },
      "rf": {
        "mae": 3.4897258255805097,
        "rmse": 6.812842094443008,
        "r2": 0.9734589312452431,
        "mape": 10.611893263166076
      },
      "gb": {
        "mae": 4.438003674392951,
        "rmse": 7.593373992117705,
        "r2": 0.9670290590396722,
        "mape": 7.260529068457296
      },
      "ridge": {
        "mae": 10.907292384033475,
        "rmse": 13.984328636580356,
        "r2": 0.8881734301249644,
        "mape": 22.13542737221299
      },
      "linear": {
        "mae": 9.360891695566078,
        "rmse": 12.375031870041662,
        "r2": 0.9124301888964816,
        "mape": 19.31948567618043
      }
    },
    "cv_mae": {
      "xgboost": 2.683150554216538,
      "lightgbm": 2.4523966434158835,
      "catboost": 3.1573115101246003,
      "rf": 2.2169949968686176,
      "gb": 2.295291296999582,
      "ridge": 9.729095608893582,
      "linear": 9.085723485287568
    }
  }
}