{
  "trained_best_model": "rf",
  "new_test_metrics": {
    "mae": 3.2387465374621827,
    "rmse": 6.344163548606079,
    "r2": 0.9804493803787963,
    "mape": 9.836240344406264
  },
  "cv_mae": {
    "xgboost": 2.5704711955120887,
    "lightgbm": 2.5159297464732604,
    "catboost": 3.1749260070263983,
    "rf": 2.104215885399561,
    "gb": 2.219904740239958,
    "ridge": 9.441499374260179,
    "linear": 8.819651423534378
  },
  "test_mae_all": {
    "xgboost": 3.266633073749624,
    "lightgbm": 4.31433406912641,
    "catboost": 3.469854287099545,
    "rf": 3.238746537462184,
    "gb": 5.575262698778558,
    "ridge": 11.436710344286965,
    "linear": 9.79954688358096
  },
  "historical_best_cv_mae": 2.042469801781462,
  "is_new_historical_best": false,
  "features": [
    "pm2_5",
    "pm10",
    "co",
    "no2",
    "so2",
    "month_cos",
    "total_pm",
    "total_gases",
    "no2_o3_ratio",
    "pm2_5_rolling_3h",
    "pm10_rolling_3h",
    "co_rolling_3h",
    "pm2_5_co_interaction",
    "hour_sin",
    "hour_cos"
  ],
  "scaler_needed": false,
  "all_models_saved": [
    "model_xgboost.pkl",
    "model_lightgbm.pkl",
    "model_catboost.pkl",
    "model_rf.pkl",
    "model_gb.pkl",
    "model_ridge.pkl",
    "model_linear.pkl"
  ],
  "all_metrics": {
    "train": {
      "xgboost": {
        "mae": 1.7925469802239324,
        "rmse": 3.349317856634858,
        "r2": 0.9988358107024142,
        "mape": 1.473162755791135
      },
      "lightgbm": {
        "mae": 1.7205469070086508,
        "rmse": 3.4467448533945024,
        "r2": 0.998767096332936,
        "mape": 1.4118253185981453
      },
      "catboost": {
        "mae": 1.8870625015209341,
        "rmse": 3.034461949669803,
        "r2": 0.9990444041282591,
        "mape": 1.5878137525570792
      },
      "rf": {
        "mae": 1.1789770314676982,
        "rmse": 3.9076636063428176,
        "r2": 0.9984153067317881,
        "mape": 1.1539849374484328
      },
      "gb": {
        "mae": 1.407205615951792,
        "rmse": 2.994765690233045,
        "r2": 0.9990692424437713,
        "mape": 1.2222863866837037
      },
      "ridge": {
        "mae": 8.683981900254917,
        "rmse": 11.557041363346327,
        "r2": 0.9861386921807487,
        "mape": 8.1305129976788
      },
      "linear": {
        "mae": 8.385643569351508,
        "rmse": 11.237816459485654,
        "r2": 0.9868938618269978,
        "mape": 7.716460646840743
      }
    },
    "val": {
      "xgboost": {
        "mae": 2.733686680118787,
        "rmse": 8.990691961532084,
        "r2": 0.9398408985258655,
        "mape": 4.427781338804104
      },
      "lightgbm": {
        "mae": 2.7171517820924445,
        "rmse": 10.246996987712711,
        "r2": 0.9218537177069526,
        "mape": 3.970083241620918
      },
      "catboost": {
        "mae": 3.0944749891397394,
        "rmse": 9.915116680786138,
        "r2": 0.9268337555928151,
        "mape": 4.967209305686296
      },
      "rf": {
        "mae": 3.339847495691523,
        "rmse": 11.831169271369768,
        "r2": 0.89582333729873,
        "mape": 5.77309999699361
      },
      "gb": {
        "mae": 2.6817192760042863,
        "rmse": 9.818837816379622,
        "r2": 0.928247790681554,
        "mape": 3.875392112408464
      },
      "ridge": {
        "mae": 6.365392426883215,
        "rmse": 11.577492586145414,
        "r2": 0.9002428282308739,
        "mape": 10.344063682495948
      },
      "linear": {
        "mae": 6.040867076121583,
        "rmse": 11.408525762550862,
        "r2": 0.9031333769502269,
        "mape": 9.476274123634518
      }
    },
    "test": {
      "xgboost": {
        "mae": 3.266633073749624,
        "rmse": 5.369254991093547,
        "r2": 0.9859963952434745,
        "mape": 7.403282257089028
      },
      "lightgbm": {
        "mae": 4.31433406912641,
        "rmse": 6.965161887699566,
        "r2": 0.9764346325805157,
        "mape": 7.578825149590831
      },
      "catboost": {
        "mae": 3.469854287099545,
        "rmse": 5.556892388386907,
        "r2": 0.9850005353550694,
        "mape": 8.102279687011626
      },
      "rf": {
        "mae": 3.238746537462184,
        "rmse": 6.344163548606079,
        "r2": 0.9804493803787963,
        "mape": 9.836240344406264
      },
      "gb": {
        "mae": 5.575262698778558,
        "rmse": 9.413027989339144,
        "r2": 0.9569601761090121,
        "mape": 7.795002446772603
      },
      "ridge": {
        "mae": 11.436710344286965,
        "rmse": 14.364271400791845,
        "r2": 0.8997743249937016,
        "mape": 22.291945737939187
      },
      "linear": {
        "mae": 9.79954688358096,
        "rmse": 12.694546927681271,
        "r2": 0.9217208328590519,
        "mape": 19.478711786961572
      }
    },
    "cv_mae": {
      "xgboost": 2.5704711955120887,
      "lightgbm": 2.5159297464732604,
      "catboost": 3.1749260070263983,
      "rf": 2.104215885399561,
      "gb": 2.219904740239958,
      "ridge": 9.441499374260179,
      "linear": 8.819651423534378
    }
  }
}