{
  "trained_best_model": "rf",
  "new_test_metrics": {
    "mae": 4.862933718283227,
    "rmse": 7.734983365603914,
    "r2": 0.9542026876769987,
    "mape": 12.768006910272906
  },
  "cv_mae": {
    "xgboost": 2.709925729934483,
    "lightgbm": 2.445097710566524,
    "catboost": 3.4611232513494166,
    "rf": 2.1313345847952148,
    "gb": 2.281755869263004,
    "ridge": 10.25331080036813,
    "linear": 9.40445011192174
  },
  "test_mae_all": {
    "xgboost": 3.512017848386234,
    "lightgbm": 4.131516085389275,
    "catboost": 4.439569332547071,
    "rf": 4.862933718283227,
    "gb": 3.9920555272911065,
    "ridge": 10.47169287145981,
    "linear": 9.113414117988182
  },
  "historical_best_cv_mae": 2.042469801781462,
  "is_new_historical_best": false,
  "features": [
    "pm2_5",
    "pm10",
    "co",
    "no2",
    "so2",
    "month_cos",
    "total_pm",
    "total_gases",
    "no2_o3_ratio",
    "pm2_5_rolling_3h",
    "pm10_rolling_3h",
    "co_rolling_3h",
    "pm2_5_co_interaction",
    "hour_sin",
    "hour_cos"
  ],
  "scaler_needed": false,
  "all_models_saved": [
    "model_xgboost.pkl",
    "model_lightgbm.pkl",
    "model_catboost.pkl",
    "model_rf.pkl",
    "model_gb.pkl",
    "model_ridge.pkl",
    "model_linear.pkl"
  ],
  "all_metrics": {
    "train": {
      "xgboost": {
        "mae": 1.8762024808225488,
        "rmse": 3.4469922413031417,
        "r2": 0.9988054573332882,
        "mape": 1.5071536043705518
      },
      "lightgbm": {
        "mae": 1.7014398030281597,
        "rmse": 3.344590097973603,
        "r2": 0.9988753772772941,
        "mape": 1.3699909260907834
      },
      "catboost": {
        "mae": 1.918943900222875,
        "rmse": 3.02619678688054,
        "r2": 0.999079305844289,
        "mape": 1.583178652262946
      },
      "rf": {
        "mae": 1.1568664640010586,
        "rmse": 3.830919242198901,
        "r2": 0.998524541330357,
        "mape": 1.1307736039253853
      },
      "gb": {
        "mae": 1.396834111161894,
        "rmse": 2.957510161570446,
        "r2": 0.9991206261522706,
        "mape": 1.1928104589145563
      },
      "ridge": {
        "mae": 8.954560150545257,
        "rmse": 11.804404073286433,
        "r2": 0.9859909337419929,
        "mape": 8.235377587855481
      },
      "linear": {
        "mae": 8.62154988816065,
        "rmse": 11.449487111104323,
        "r2": 0.986820676453555,
        "mape": 7.786887884882108
      }
    },
    "val": {
      "xgboost": {
        "mae": 2.9718602345958693,
        "rmse": 9.131682644465904,
        "r2": 0.9369030133180052,
        "mape": 5.509853938531227
      },
      "lightgbm": {
        "mae": 2.956108044114094,
        "rmse": 10.21067660702281,
        "r2": 0.921111074265089,
        "mape": 4.812975203465937
      },
      "catboost": {
        "mae": 4.1386762385324305,
        "rmse": 10.869398021932529,
        "r2": 0.9106040211947919,
        "mape": 6.9571230239395945
      },
      "rf": {
        "mae": 5.19069572146168,
        "rmse": 12.563641679642656,
        "r2": 0.8805632210398973,
        "mape": 8.806459381365517
      },
      "gb": {
        "mae": 2.870400268797139,
        "rmse": 9.94952677317072,
        "r2": 0.9250948204649313,
        "mape": 4.850292674878192
      },
      "ridge": {
        "mae": 6.729717373926386,
        "rmse": 11.86922501213097,
        "r2": 0.8934013448901376,
        "mape": 10.997347529698887
      },
      "linear": {
        "mae": 6.348078501504486,
        "rmse": 11.588090470213906,
        "r2": 0.8983913330721588,
        "mape": 10.03784694802794
      }
    },
    "test": {
      "xgboost": {
        "mae": 3.512017848386234,
        "rmse": 6.147722411818609,
        "r2": 0.9710699141384934,
        "mape": 9.414609740358443
      },
      "lightgbm": {
        "mae": 4.131516085389275,
        "rmse": 6.975949938020982,
        "r2": 0.9627498578825746,
        "mape": 9.350760128231583
      },
      "catboost": {
        "mae": 4.439569332547071,
        "rmse": 6.987966029341728,
        "r2": 0.9626214204337992,
        "mape": 10.950224820498795
      },
      "rf": {
        "mae": 4.862933718283227,
        "rmse": 7.734983365603911,
        "r2": 0.9542026876769987,
        "mape": 12.768006910272906
      },
      "gb": {
        "mae": 3.9920555272911065,
        "rmse": 7.055007131672232,
        "r2": 0.9619007753373072,
        "mape": 8.59000533145567
      },
      "ridge": {
        "mae": 10.47169287145981,
        "rmse": 13.730952976893347,
        "r2": 0.8556813083003051,
        "mape": 22.561359451021417
      },
      "linear": {
        "mae": 9.113414117988182,
        "rmse": 12.26455677794962,
        "r2": 0.8848603408019633,
        "mape": 19.731600128865242
      }
    },
    "cv_mae": {
      "xgboost": 2.709925729934483,
      "lightgbm": 2.445097710566524,
      "catboost": 3.4611232513494166,
      "rf": 2.1313345847952148,
      "gb": 2.281755869263004,
      "ridge": 10.25331080036813,
      "linear": 9.40445011192174
    }
  }
}