{
  "trained_best_model": "rf",
  "new_test_metrics": {
    "mae": 3.421345012040932,
    "rmse": 6.634045520665625,
    "r2": 0.9750590672247934,
    "mape": 10.366504842865302
  },
  "cv_mae": {
    "xgboost": 2.632701527769085,
    "lightgbm": 2.456342220220555,
    "catboost": 3.2365862385062436,
    "rf": 2.2508105031697285,
    "gb": 2.2824649271155297,
    "ridge": 9.723615067031016,
    "linear": 9.06870979997463
  },
  "test_mae_all": {
    "xgboost": 3.1656522748133598,
    "lightgbm": 4.175138815766723,
    "catboost": 3.6490434314079634,
    "rf": 3.421345012040932,
    "gb": 4.868187085629538,
    "ridge": 10.955662597128189,
    "linear": 9.394716882193308
  },
  "historical_best_cv_mae": 2.042469801781462,
  "is_new_historical_best": false,
  "features": [
    "pm2_5",
    "pm10",
    "co",
    "no2",
    "so2",
    "month_cos",
    "total_pm",
    "total_gases",
    "no2_o3_ratio",
    "pm2_5_rolling_3h",
    "pm10_rolling_3h",
    "co_rolling_3h",
    "pm2_5_co_interaction",
    "hour_sin",
    "hour_cos"
  ],
  "scaler_needed": false,
  "all_models_saved": [
    "model_xgboost.pkl",
    "model_lightgbm.pkl",
    "model_catboost.pkl",
    "model_rf.pkl",
    "model_gb.pkl",
    "model_ridge.pkl",
    "model_linear.pkl"
  ],
  "all_metrics": {
    "train": {
      "xgboost": {
        "mae": 1.8389349694510184,
        "rmse": 3.3745608502686544,
        "r2": 0.9988363764755992,
        "mape": 1.4999277558009911
      },
      "lightgbm": {
        "mae": 1.5854627171579037,
        "rmse": 3.1459472801669093,
        "r2": 0.9989886980470711,
        "mape": 1.2985693029088048
      },
      "catboost": {
        "mae": 1.9035966067931547,
        "rmse": 3.0359618625937026,
        "r2": 0.9990581741885484,
        "mape": 1.6146720441485247
      },
      "rf": {
        "mae": 1.1774152110058298,
        "rmse": 3.8823333721970896,
        "r2": 0.9984598478897537,
        "mape": 1.1529530829769445
      },
      "gb": {
        "mae": 1.3972958209251871,
        "rmse": 2.9754771886268983,
        "r2": 0.9990953278617918,
        "mape": 1.202751720909176
      },
      "ridge": {
        "mae": 8.757104911534531,
        "rmse": 11.634882347757353,
        "r2": 0.9861674592870703,
        "mape": 8.122798274030396
      },
      "linear": {
        "mae": 8.44259087967861,
        "rmse": 11.299530349107423,
        "r2": 0.9869533578366866,
        "mape": 7.695233971624879
      }
    },
    "val": {
      "xgboost": {
        "mae": 2.6253867432407048,
        "rmse": 9.028739525497299,
        "r2": 0.9394962618279336,
        "mape": 4.478132755376498
      },
      "lightgbm": {
        "mae": 2.8170795838646896,
        "rmse": 10.275223826065945,
        "r2": 0.9216370924046762,
        "mape": 4.5474095961351475
      },
      "catboost": {
        "mae": 3.344451482679002,
        "rmse": 10.58396016870419,
        "r2": 0.9168572560292922,
        "mape": 5.688590195568853
      },
      "rf": {
        "mae": 3.5135579763389164,
        "rmse": 11.936989842352991,
        "r2": 0.894240933557107,
        "mape": 6.152138479318676
      },
      "gb": {
        "mae": 2.5639661820328388,
        "rmse": 9.632201764341323,
        "r2": 0.9311380840154732,
        "mape": 4.132964358220235
      },
      "ridge": {
        "mae": 6.563041435098849,
        "rmse": 11.757886677301386,
        "r2": 0.8973907530793199,
        "mape": 10.414345525373845
      },
      "linear": {
        "mae": 6.323114942328642,
        "rmse": 11.63592807268676,
        "r2": 0.8995083410109229,
        "mape": 9.66715576403273
      }
    },
    "test": {
      "xgboost": {
        "mae": 3.1656522748133598,
        "rmse": 5.425102300808109,
        "r2": 0.983320936521916,
        "mape": 7.738504081788738
      },
      "lightgbm": {
        "mae": 4.175138815766723,
        "rmse": 6.679668586290263,
        "r2": 0.9747148445393152,
        "mape": 8.628969957233942
      },
      "catboost": {
        "mae": 3.6490434314079634,
        "rmse": 6.240622457996038,
        "r2": 0.9779295282225013,
        "mape": 9.519296831055792
      },
      "rf": {
        "mae": 3.421345012040932,
        "rmse": 6.634045520665625,
        "r2": 0.9750590672247934,
        "mape": 10.366504842865302
      },
      "gb": {
        "mae": 4.868187085629538,
        "rmse": 8.554265391977294,
        "r2": 0.9585312220519276,
        "mape": 8.036135843806584
      },
      "ridge": {
        "mae": 10.955662597128189,
        "rmse": 14.025259615772342,
        "r2": 0.8885249654768834,
        "mape": 22.146403748724662
      },
      "linear": {
        "mae": 9.394716882193308,
        "rmse": 12.405159543371047,
        "r2": 0.9127911608281482,
        "mape": 19.32010390126372
      }
    },
    "cv_mae": {
      "xgboost": 2.632701527769085,
      "lightgbm": 2.456342220220555,
      "catboost": 3.2365862385062436,
      "rf": 2.2508105031697285,
      "gb": 2.2824649271155297,
      "ridge": 9.723615067031016,
      "linear": 9.06870979997463
    }
  }
}