{
  "trained_best_model": "rf",
  "new_test_metrics": {
    "mae": 5.299442525589837,
    "rmse": 7.856877672875,
    "r2": 0.9526317709757781,
    "mape": 13.310733223844023
  },
  "cv_mae": {
    "xgboost": 2.791384982876115,
    "lightgbm": 2.485367592039668,
    "catboost": 3.617700201534815,
    "rf": 2.137613433888972,
    "gb": 2.2039317896514197,
    "ridge": 10.678964259268152,
    "linear": 10.019203914439752
  },
  "test_mae_all": {
    "xgboost": 3.6224252975616236,
    "lightgbm": 4.030876235172183,
    "catboost": 4.281968518260024,
    "rf": 5.299442525589839,
    "gb": 3.9090377233886366,
    "ridge": 10.40763399599256,
    "linear": 8.985697081368501
  },
  "historical_best_cv_mae": 2.042469801781462,
  "is_new_historical_best": false,
  "features": [
    "pm2_5",
    "pm10",
    "co",
    "no2",
    "so2",
    "month_cos",
    "total_pm",
    "total_gases",
    "no2_o3_ratio",
    "pm2_5_rolling_3h",
    "pm10_rolling_3h",
    "co_rolling_3h",
    "pm2_5_co_interaction",
    "hour_sin",
    "hour_cos"
  ],
  "scaler_needed": false,
  "all_models_saved": [
    "model_xgboost.pkl",
    "model_lightgbm.pkl",
    "model_catboost.pkl",
    "model_rf.pkl",
    "model_gb.pkl",
    "model_ridge.pkl",
    "model_linear.pkl"
  ],
  "all_metrics": {
    "train": {
      "xgboost": {
        "mae": 1.8552521713714698,
        "rmse": 3.3823192600000134,
        "r2": 0.9988519325848575,
        "mape": 1.4814321574521976
      },
      "lightgbm": {
        "mae": 1.6502590704457103,
        "rmse": 3.2119353458963755,
        "r2": 0.9989646867245507,
        "mape": 1.3309303504063372
      },
      "catboost": {
        "mae": 1.9291929006414033,
        "rmse": 3.0097102434673513,
        "r2": 0.9990909504286993,
        "mape": 1.5829555012170162
      },
      "rf": {
        "mae": 1.158002600415392,
        "rmse": 3.818888614257497,
        "r2": 0.9985364344561687,
        "mape": 1.1314414931902632
      },
      "gb": {
        "mae": 1.3899198412573657,
        "rmse": 2.955923762036589,
        "r2": 0.9991231513230543,
        "mape": 1.1836057186542666
      },
      "ridge": {
        "mae": 8.998240969278958,
        "rmse": 11.833846122630776,
        "r2": 0.9859463210151542,
        "mape": 8.26031466888011
      },
      "linear": {
        "mae": 8.66074447200809,
        "rmse": 11.474108141705718,
        "r2": 0.986787771652279,
        "mape": 7.807914882910804
      }
    },
    "val": {
      "xgboost": {
        "mae": 2.84894076874267,
        "rmse": 9.041070314030843,
        "r2": 0.9384608248863322,
        "mape": 4.9502621595807845
      },
      "lightgbm": {
        "mae": 2.9195194340802693,
        "rmse": 10.19246369034131,
        "r2": 0.9217885526462685,
        "mape": 4.784616448687302
      },
      "catboost": {
        "mae": 3.855448928879206,
        "rmse": 10.647942849570377,
        "r2": 0.9146421632956415,
        "mape": 6.540808863864507
      },
      "rf": {
        "mae": 5.531699423112481,
        "rmse": 12.634692254059432,
        "r2": 0.8798174780275738,
        "mape": 9.342629452293409
      },
      "gb": {
        "mae": 2.843125946288376,
        "rmse": 9.790901401337742,
        "r2": 0.9278298960252432,
        "mape": 4.788600227690489
      },
      "ridge": {
        "mae": 6.829682144063992,
        "rmse": 11.928976914369635,
        "r2": 0.8928682070978919,
        "mape": 11.191138171392117
      },
      "linear": {
        "mae": 6.477910937370071,
        "rmse": 11.65455333418579,
        "r2": 0.8977405990649495,
        "mape": 10.266983769062552
      }
    },
    "test": {
      "xgboost": {
        "mae": 3.6224252975616236,
        "rmse": 6.075403683519043,
        "r2": 0.9716771178519086,
        "mape": 8.741857788538116
      },
      "lightgbm": {
        "mae": 4.030876235172183,
        "rmse": 6.667461223300181,
        "r2": 0.9658879230955609,
        "mape": 9.334890797859126
      },
      "catboost": {
        "mae": 4.281968518260024,
        "rmse": 7.081780755809914,
        "r2": 0.9615167165470635,
        "mape": 10.64135575359408
      },
      "rf": {
        "mae": 5.299442525589839,
        "rmse": 7.856877672874999,
        "r2": 0.9526317709757782,
        "mape": 13.310733223844023
      },
      "gb": {
        "mae": 3.9090377233886366,
        "rmse": 6.921612164867974,
        "r2": 0.9632377836154743,
        "mape": 8.497889782954465
      },
      "ridge": {
        "mae": 10.40763399599256,
        "rmse": 13.735018615036042,
        "r2": 0.8552409682316799,
        "mape": 22.52161657933705
      },
      "linear": {
        "mae": 8.985697081368501,
        "rmse": 12.22192151814202,
        "r2": 0.8853784845402021,
        "mape": 19.59496459021327
      }
    },
    "cv_mae": {
      "xgboost": 2.791384982876115,
      "lightgbm": 2.485367592039668,
      "catboost": 3.617700201534815,
      "rf": 2.137613433888972,
      "gb": 2.2039317896514197,
      "ridge": 10.678964259268152,
      "linear": 10.019203914439752
    }
  }
}