{
  "trained_best_model": "xgboost",
  "new_test_metrics": {
    "mae": 3.7003288829547705,
    "rmse": 5.704948040347579,
    "r2": 0.9751290145869937,
    "mape": 9.144927975119462
  },
  "cv_mae": {
    "xgboost": 2.042469801781462,
    "lightgbm": 2.2379489791002345,
    "catboost": 3.4006239031654757,
    "rf": 2.2509689362781726,
    "gb": 2.3882381118628295,
    "ridge": 10.56471285508741,
    "linear": 9.596137134525776
  },
  "test_mae_all": {
    "xgboost": 3.7003288829547705,
    "lightgbm": 3.3014436939750222,
    "catboost": 4.788857480818921,
    "rf": 5.591465422371086,
    "gb": 4.210416394785239,
    "ridge": 10.265305558111955,
    "linear": 8.865683694115237
  },
  "historical_best_cv_mae": 2.0495682714503336,
  "is_new_historical_best": true,
  "features": [
    "pm2_5",
    "pm10",
    "co",
    "no2",
    "so2",
    "month_cos",
    "total_pm",
    "total_gases",
    "no2_o3_ratio",
    "pm2_5_rolling_3h",
    "pm10_rolling_3h",
    "co_rolling_3h",
    "pm2_5_co_interaction",
    "hour_sin",
    "hour_cos"
  ],
  "scaler_needed": false,
  "all_models_saved": [
    "model_xgboost.pkl",
    "model_lightgbm.pkl",
    "model_catboost.pkl",
    "model_rf.pkl",
    "model_gb.pkl",
    "model_ridge.pkl",
    "model_linear.pkl"
  ],
  "all_metrics": {
    "train": {
      "xgboost": {
        "mae": 1.1292923518589564,
        "rmse": 1.9615232412405694,
        "r2": 0.9996153318182223,
        "mape": 0.9543112754557296
      },
      "lightgbm": {
        "mae": 0.9917673326927621,
        "rmse": 1.9277984901133927,
        "r2": 0.9996284454194134,
        "mape": 0.8175815253735838
      },
      "catboost": {
        "mae": 1.9834939681341162,
        "rmse": 3.0732958963562678,
        "r2": 0.9990557041081957,
        "mape": 1.6276169239267002
      },
      "rf": {
        "mae": 1.1631069023338638,
        "rmse": 3.7927366422523754,
        "r2": 0.9985618482201327,
        "mape": 1.1370427775356855
      },
      "gb": {
        "mae": 1.411434295774241,
        "rmse": 2.9727882810014363,
        "r2": 0.9991164577766176,
        "mape": 1.1981455947610642
      },
      "ridge": {
        "mae": 8.998403193116957,
        "rmse": 11.851117872280902,
        "r2": 0.9859583551786412,
        "mape": 8.246315019286236
      },
      "linear": {
        "mae": 8.673849843694311,
        "rmse": 11.504697024608783,
        "r2": 0.9867672618046319,
        "mape": 7.809949669006542
      }
    },
    "val": {
      "xgboost": {
        "mae": 3.2529940256789396,
        "rmse": 8.588041623718613,
        "r2": 0.946825002012929,
        "mape": 5.722523882349522
      },
      "lightgbm": {
        "mae": 3.0496516535866136,
        "rmse": 9.28103868158159,
        "r2": 0.9378970305752287,
        "mape": 4.959655652609754
      },
      "catboost": {
        "mae": 4.615959429896751,
        "rmse": 10.76340859617814,
        "r2": 0.9164745440593367,
        "mape": 7.142507718309066
      },
      "rf": {
        "mae": 5.774892547869137,
        "rmse": 12.588053648985715,
        "r2": 0.8857552185690748,
        "mape": 9.584322253203995
      },
      "gb": {
        "mae": 3.0316809898044594,
        "rmse": 10.210764940493696,
        "r2": 0.9248315218206935,
        "mape": 4.8690549170311765
      },
      "ridge": {
        "mae": 7.051996063530939,
        "rmse": 12.162466625416075,
        "r2": 0.8933495913432401,
        "mape": 11.326766254643644
      },
      "linear": {
        "mae": 6.676479532445552,
        "rmse": 11.830800057447622,
        "r2": 0.8990869272668853,
        "mape": 10.448196265547958
      }
    },
    "test": {
      "xgboost": {
        "mae": 3.7003288829547705,
        "rmse": 5.704948040347579,
        "r2": 0.9751290145869937,
        "mape": 9.144927975119462
      },
      "lightgbm": {
        "mae": 3.3014436939750222,
        "rmse": 5.193526464990817,
        "r2": 0.9793882766733716,
        "mape": 8.21097911692599
      },
      "catboost": {
        "mae": 4.788857480818921,
        "rmse": 6.550541521201013,
        "r2": 0.9672098039116293,
        "mape": 10.561942675485666
      },
      "rf": {
        "mae": 5.591465422371086,
        "rmse": 7.7793403121028515,
        "r2": 0.9537538964827355,
        "mape": 13.526641130637207
      },
      "gb": {
        "mae": 4.210416394785239,
        "rmse": 7.039598825093033,
        "r2": 0.9621308613980359,
        "mape": 8.777063758582253
      },
      "ridge": {
        "mae": 10.265305558111955,
        "rmse": 13.667250918931732,
        "r2": 0.857257946020183,
        "mape": 22.34180700792145
      },
      "linear": {
        "mae": 8.865683694115237,
        "rmse": 12.161362320187214,
        "r2": 0.8869803231615278,
        "mape": 19.47461499975472
      }
    },
    "cv_mae": {
      "xgboost": 2.042469801781462,
      "lightgbm": 2.2379489791002345,
      "catboost": 3.4006239031654757,
      "rf": 2.2509689362781726,
      "gb": 2.3882381118628295,
      "ridge": 10.56471285508741,
      "linear": 9.596137134525776
    }
  }
}