{
  "trained_best_model": "rf",
  "new_test_metrics": {
    "mae": 3.4962285373240825,
    "rmse": 6.646717555710263,
    "r2": 0.9747789867392054,
    "mape": 10.442180538717052
  },
  "cv_mae": {
    "xgboost": 2.6624851644855654,
    "lightgbm": 2.4741609794201573,
    "catboost": 3.2221420194551356,
    "rf": 2.232597033341069,
    "gb": 2.272649350302006,
    "ridge": 9.728612803977905,
    "linear": 9.07648166001613
  },
  "test_mae_all": {
    "xgboost": 3.213010411935934,
    "lightgbm": 4.075535164094875,
    "catboost": 3.741307525384768,
    "rf": 3.4962285373240816,
    "gb": 4.975501977940858,
    "ridge": 10.919490045058183,
    "linear": 9.369423955746381
  },
  "historical_best_cv_mae": 2.042469801781462,
  "is_new_historical_best": false,
  "features": [
    "pm2_5",
    "pm10",
    "co",
    "no2",
    "so2",
    "month_cos",
    "total_pm",
    "total_gases",
    "no2_o3_ratio",
    "pm2_5_rolling_3h",
    "pm10_rolling_3h",
    "co_rolling_3h",
    "pm2_5_co_interaction",
    "hour_sin",
    "hour_cos"
  ],
  "scaler_needed": false,
  "all_models_saved": [
    "model_xgboost.pkl",
    "model_lightgbm.pkl",
    "model_catboost.pkl",
    "model_rf.pkl",
    "model_gb.pkl",
    "model_ridge.pkl",
    "model_linear.pkl"
  ],
  "all_metrics": {
    "train": {
      "xgboost": {
        "mae": 1.833832608432608,
        "rmse": 3.383298803071902,
        "r2": 0.9988335186703657,
        "mape": 1.4876589733010197
      },
      "lightgbm": {
        "mae": 1.659861958152179,
        "rmse": 3.297002793384663,
        "r2": 0.9988922654231867,
        "mape": 1.3584917632159135
      },
      "catboost": {
        "mae": 1.8884178369291538,
        "rmse": 2.98565448082591,
        "r2": 0.9990916019868269,
        "mape": 1.5785942296565132
      },
      "rf": {
        "mae": 1.175838590532623,
        "rmse": 3.8804895686014107,
        "r2": 0.9984654885885583,
        "mape": 1.151398346891559
      },
      "gb": {
        "mae": 1.3895720885336003,
        "rmse": 2.970068151151067,
        "r2": 0.9991010616441321,
        "mape": 1.204679338008275
      },
      "ridge": {
        "mae": 8.770568156743563,
        "rmse": 11.64996433849761,
        "r2": 0.9861692327245158,
        "mape": 8.131733309203092
      },
      "linear": {
        "mae": 8.456795641742717,
        "rmse": 11.313723902951624,
        "r2": 0.9869560767716814,
        "mape": 7.705568947569123
      }
    },
    "val": {
      "xgboost": {
        "mae": 2.6302774877853046,
        "rmse": 8.82412542330277,
        "r2": 0.9420944211069954,
        "mape": 4.624159721244283
      },
      "lightgbm": {
        "mae": 2.7612697424367223,
        "rmse": 10.292695957524291,
        "r2": 0.9212164854230063,
        "mape": 4.473677401901638
      },
      "catboost": {
        "mae": 3.3864214774917487,
        "rmse": 10.349532302078684,
        "r2": 0.9203439967903453,
        "mape": 5.720219810078878
      },
      "rf": {
        "mae": 3.562426472421199,
        "rmse": 11.941276758996741,
        "r2": 0.8939578337967783,
        "mape": 6.21038369042379
      },
      "gb": {
        "mae": 2.6150958601919205,
        "rmse": 9.848295850044154,
        "r2": 0.9278727729102713,
        "mape": 4.2167354871614515
      },
      "ridge": {
        "mae": 6.572568503777751,
        "rmse": 11.774889253640703,
        "r2": 0.8968923888069065,
        "mape": 10.423874044613122
      },
      "linear": {
        "mae": 6.321266480607236,
        "rmse": 11.650727187214411,
        "r2": 0.8990553913144629,
        "mape": 9.66573403306089
      }
    },
    "test": {
      "xgboost": {
        "mae": 3.213010411935934,
        "rmse": 5.486440976221413,
        "r2": 0.982815792644019,
        "mape": 7.848298899749972
      },
      "lightgbm": {
        "mae": 4.075535164094875,
        "rmse": 6.650077067531222,
        "r2": 0.9747534849168449,
        "mape": 8.340894782952699
      },
      "catboost": {
        "mae": 3.741307525384768,
        "rmse": 6.137781649815254,
        "r2": 0.978493439967241,
        "mape": 9.482949642516235
      },
      "rf": {
        "mae": 3.4962285373240816,
        "rmse": 6.6467175557102625,
        "r2": 0.9747789867392054,
        "mape": 10.442180538717052
      },
      "gb": {
        "mae": 4.975501977940858,
        "rmse": 8.500683745419387,
        "r2": 0.9587469749730418,
        "mape": 8.141093173046887
      },
      "ridge": {
        "mae": 10.919490045058183,
        "rmse": 13.9962688273773,
        "r2": 0.8881663157256828,
        "mape": 22.142878748657214
      },
      "linear": {
        "mae": 9.369423955746381,
        "rmse": 12.383232142982516,
        "r2": 0.9124580712578616,
        "mape": 19.32333634130424
      }
    },
    "cv_mae": {
      "xgboost": 2.6624851644855654,
      "lightgbm": 2.4741609794201573,
      "catboost": 3.2221420194551356,
      "rf": 2.232597033341069,
      "gb": 2.272649350302006,
      "ridge": 9.728612803977905,
      "linear": 9.07648166001613
    }
  }
}