{
  "trained_best_model": "rf",
  "new_test_metrics": {
    "mae": 3.1699620381948326,
    "rmse": 6.194495557963181,
    "r2": 0.9824887700019237,
    "mape": 9.596328049078169
  },
  "cv_mae": {
    "xgboost": 2.667501766481045,
    "lightgbm": 2.4155669634801176,
    "catboost": 3.150106607375754,
    "rf": 2.215224990562227,
    "gb": 2.293668979419136,
    "ridge": 9.631841745318344,
    "linear": 8.86812843471096
  },
  "test_mae_all": {
    "xgboost": 3.2135350851801765,
    "lightgbm": 4.1781358562948405,
    "catboost": 3.721232547432905,
    "rf": 3.1699620381948317,
    "gb": 6.198419327574286,
    "ridge": 11.565667545794883,
    "linear": 9.920156112297397
  },
  "historical_best_cv_mae": 2.042469801781462,
  "is_new_historical_best": false,
  "features": [
    "pm2_5",
    "pm10",
    "co",
    "no2",
    "so2",
    "month_cos",
    "total_pm",
    "total_gases",
    "no2_o3_ratio",
    "pm2_5_rolling_3h",
    "pm10_rolling_3h",
    "co_rolling_3h",
    "pm2_5_co_interaction",
    "hour_sin",
    "hour_cos"
  ],
  "scaler_needed": false,
  "all_models_saved": [
    "model_xgboost.pkl",
    "model_lightgbm.pkl",
    "model_catboost.pkl",
    "model_rf.pkl",
    "model_gb.pkl",
    "model_ridge.pkl",
    "model_linear.pkl"
  ],
  "all_metrics": {
    "train": {
      "xgboost": {
        "mae": 1.827323327559081,
        "rmse": 3.444539743982898,
        "r2": 0.9987563888413195,
        "mape": 1.5086531065650852
      },
      "lightgbm": {
        "mae": 1.5907130548958324,
        "rmse": 3.196745018273504,
        "r2": 0.9989288798136637,
        "mape": 1.3145700415671713
      },
      "catboost": {
        "mae": 1.8811602393475755,
        "rmse": 2.992538496952625,
        "r2": 0.9990613542847366,
        "mape": 1.5834572172977524
      },
      "rf": {
        "mae": 1.187264897708765,
        "rmse": 3.9175975463236243,
        "r2": 0.9983913489454741,
        "mape": 1.1675811272078815
      },
      "gb": {
        "mae": 1.3719966656949412,
        "rmse": 2.9420724008215244,
        "r2": 0.9990927459366733,
        "mape": 1.1962514172091252
      },
      "ridge": {
        "mae": 8.646149255501065,
        "rmse": 11.525652402340171,
        "r2": 0.9860763452681981,
        "mape": 8.114381209122588
      },
      "linear": {
        "mae": 8.35227319320033,
        "rmse": 11.207798990650168,
        "r2": 0.9868337263669205,
        "mape": 7.704910930908139
      }
    },
    "val": {
      "xgboost": {
        "mae": 2.6384619904435387,
        "rmse": 8.719205278279086,
        "r2": 0.9432727661965512,
        "mape": 4.161818680046184
      },
      "lightgbm": {
        "mae": 2.6123252157261354,
        "rmse": 9.97698859511744,
        "r2": 0.9257260102979843,
        "mape": 3.8172920788431672
      },
      "catboost": {
        "mae": 2.998862607293193,
        "rmse": 9.815212909893456,
        "r2": 0.9281151698491037,
        "mape": 5.029379967969579
      },
      "rf": {
        "mae": 3.3485560369346192,
        "rmse": 11.804264355203525,
        "r2": 0.8960281778103968,
        "mape": 5.726214371853721
      },
      "gb": {
        "mae": 2.6906044356885963,
        "rmse": 9.611045717835236,
        "r2": 0.9310746329113428,
        "mape": 3.9525918530906714
      },
      "ridge": {
        "mae": 6.429502131135321,
        "rmse": 11.592015942102135,
        "r2": 0.8997335263800624,
        "mape": 10.421668818161445
      },
      "linear": {
        "mae": 6.051040938760655,
        "rmse": 11.41468356878115,
        "r2": 0.9027777752134062,
        "mape": 9.492267009275048
      }
    },
    "test": {
      "xgboost": {
        "mae": 3.2135350851801765,
        "rmse": 5.11218941514147,
        "r2": 0.9880733456204077,
        "mape": 6.776513187420942
      },
      "lightgbm": {
        "mae": 4.1781358562948405,
        "rmse": 6.584576179116617,
        "r2": 0.9802138902554808,
        "mape": 7.258503476605655
      },
      "catboost": {
        "mae": 3.721232547432905,
        "rmse": 6.144419365032046,
        "r2": 0.9827707465789834,
        "mape": 8.838996943017156
      },
      "rf": {
        "mae": 3.1699620381948317,
        "rmse": 6.194495557963181,
        "r2": 0.9824887700019237,
        "mape": 9.596328049078167
      },
      "gb": {
        "mae": 6.198419327574286,
        "rmse": 10.2230840403477,
        "r2": 0.9523054646116125,
        "mape": 8.118264852627508
      },
      "ridge": {
        "mae": 11.565667545794883,
        "rmse": 14.4502457961347,
        "r2": 0.9047082660846189,
        "mape": 22.318581123588064
      },
      "linear": {
        "mae": 9.920156112297397,
        "rmse": 12.767959667474711,
        "r2": 0.9256043119391018,
        "mape": 19.523565285110433
      }
    },
    "cv_mae": {
      "xgboost": 2.667501766481045,
      "lightgbm": 2.4155669634801176,
      "catboost": 3.150106607375754,
      "rf": 2.215224990562227,
      "gb": 2.293668979419136,
      "ridge": 9.631841745318344,
      "linear": 8.86812843471096
    }
  }
}