{
  "trained_best_model": "rf",
  "new_test_metrics": {
    "mae": 3.3381025664116457,
    "rmse": 6.511085133552401,
    "r2": 0.9767226651529806,
    "mape": 10.160717600986874
  },
  "cv_mae": {
    "xgboost": 2.7051301709826445,
    "lightgbm": 2.5219381682971114,
    "catboost": 3.1204245084787128,
    "rf": 2.3003092431596044,
    "gb": 2.320040541089814,
    "ridge": 9.643350467998017,
    "linear": 9.037585732476554
  },
  "test_mae_all": {
    "xgboost": 3.7213776516336177,
    "lightgbm": 3.2521609371475457,
    "catboost": 3.8392473363972885,
    "rf": 3.3381025664116475,
    "gb": 4.5396706600505805,
    "ridge": 11.126703351850315,
    "linear": 9.515609121126213
  },
  "historical_best_cv_mae": 2.042469801781462,
  "is_new_historical_best": false,
  "features": [
    "pm2_5",
    "pm10",
    "co",
    "no2",
    "so2",
    "month_cos",
    "total_pm",
    "total_gases",
    "no2_o3_ratio",
    "pm2_5_rolling_3h",
    "pm10_rolling_3h",
    "co_rolling_3h",
    "pm2_5_co_interaction",
    "hour_sin",
    "hour_cos"
  ],
  "scaler_needed": false,
  "all_models_saved": [
    "model_xgboost.pkl",
    "model_lightgbm.pkl",
    "model_catboost.pkl",
    "model_rf.pkl",
    "model_gb.pkl",
    "model_ridge.pkl",
    "model_linear.pkl"
  ],
  "all_metrics": {
    "train": {
      "xgboost": {
        "mae": 1.8610497525682344,
        "rmse": 3.460132634433049,
        "r2": 0.9987694119996989,
        "mape": 1.5224446037673578
      },
      "lightgbm": {
        "mae": 1.7538998129127588,
        "rmse": 3.598703336774735,
        "r2": 0.9986688736641398,
        "mape": 1.4369697097200334
      },
      "catboost": {
        "mae": 1.8905769968324184,
        "rmse": 2.9923820014218867,
        "r2": 0.9990796325507524,
        "mape": 1.5936828554673579
      },
      "rf": {
        "mae": 1.1734613310045816,
        "rmse": 3.894756885937502,
        "r2": 0.99844085003108,
        "mape": 1.1460652695666036
      },
      "gb": {
        "mae": 1.3907646965034202,
        "rmse": 2.944395781964271,
        "r2": 0.9991089141310849,
        "mape": 1.2087613311921372
      },
      "ridge": {
        "mae": 8.72282131130398,
        "rmse": 11.601114232487792,
        "r2": 0.9861666747219776,
        "mape": 8.106201632778275
      },
      "linear": {
        "mae": 8.414249268949861,
        "rmse": 11.270990376955307,
        "r2": 0.9869427613847277,
        "mape": 7.6835745932932
      }
    },
    "val": {
      "xgboost": {
        "mae": 2.8550098758854277,
        "rmse": 9.144281586439742,
        "r2": 0.938321491571707,
        "mape": 5.2047551448107034
      },
      "lightgbm": {
        "mae": 2.6277781484786145,
        "rmse": 10.186859303967632,
        "r2": 0.9234552698705085,
        "mape": 3.880195158584549
      },
      "catboost": {
        "mae": 3.5493175594376476,
        "rmse": 10.677309445424312,
        "r2": 0.9159072917755953,
        "mape": 5.861001590996269
      },
      "rf": {
        "mae": 3.4571806200848734,
        "rmse": 11.89997410399965,
        "r2": 0.8955456062048701,
        "mape": 6.027933101159986
      },
      "gb": {
        "mae": 2.576666183540376,
        "rmse": 9.670985037751114,
        "r2": 0.9310115951801443,
        "mape": 3.916273075064309
      },
      "ridge": {
        "mae": 6.570734877426634,
        "rmse": 11.74005417391959,
        "r2": 0.8983342000423771,
        "mape": 10.427935684621016
      },
      "linear": {
        "mae": 6.326396064074603,
        "rmse": 11.611544987125294,
        "r2": 0.900547730402209,
        "mape": 9.6784285784409
      }
    },
    "test": {
      "xgboost": {
        "mae": 3.7213776516336177,
        "rmse": 6.459109891818394,
        "r2": 0.9770928081444227,
        "mape": 9.159249263688192
      },
      "lightgbm": {
        "mae": 3.2521609371475457,
        "rmse": 5.29274096774987,
        "r2": 0.9846188861899192,
        "mape": 6.866846088862616
      },
      "catboost": {
        "mae": 3.8392473363972885,
        "rmse": 6.256805322017687,
        "r2": 0.9785052800645502,
        "mape": 9.499890870217763
      },
      "rf": {
        "mae": 3.3381025664116475,
        "rmse": 6.511085133552401,
        "r2": 0.9767226651529806,
        "mape": 10.160717600986874
      },
      "gb": {
        "mae": 4.5396706600505805,
        "rmse": 7.941494932205693,
        "r2": 0.9653717110724096,
        "mape": 7.2038409067078675
      },
      "ridge": {
        "mae": 11.126703351850315,
        "rmse": 14.17124117411795,
        "r2": 0.8897338313643748,
        "mape": 22.209319872783347
      },
      "linear": {
        "mae": 9.515609121126213,
        "rmse": 12.509417218584886,
        "r2": 0.91407873522188,
        "mape": 19.363081496869743
      }
    },
    "cv_mae": {
      "xgboost": 2.7051301709826445,
      "lightgbm": 2.5219381682971114,
      "catboost": 3.1204245084787128,
      "rf": 2.3003092431596044,
      "gb": 2.320040541089814,
      "ridge": 9.643350467998017,
      "linear": 9.037585732476554
    }
  }
}