{
  "trained_best_model": "rf",
  "new_test_metrics": {
    "mae": 4.6501462029797205,
    "rmse": 7.505890462405624,
    "r2": 0.9585161233805904,
    "mape": 12.298986024241335
  },
  "cv_mae": {
    "xgboost": 2.7066815732743175,
    "lightgbm": 2.474826953023871,
    "catboost": 3.2008203155936092,
    "rf": 2.12533680396434,
    "gb": 2.335629480602748,
    "ridge": 10.186635421112252,
    "linear": 9.349344285722141
  },
  "test_mae_all": {
    "xgboost": 3.309823893004239,
    "lightgbm": 3.9692081687424445,
    "catboost": 3.8522454092967746,
    "rf": 4.65014620297972,
    "gb": 3.5843297158457235,
    "ridge": 10.550021415885434,
    "linear": 9.161933700761843
  },
  "historical_best_cv_mae": 2.042469801781462,
  "is_new_historical_best": false,
  "features": [
    "pm2_5",
    "pm10",
    "co",
    "no2",
    "so2",
    "month_cos",
    "total_pm",
    "total_gases",
    "no2_o3_ratio",
    "pm2_5_rolling_3h",
    "pm10_rolling_3h",
    "co_rolling_3h",
    "pm2_5_co_interaction",
    "hour_sin",
    "hour_cos"
  ],
  "scaler_needed": false,
  "all_models_saved": [
    "model_xgboost.pkl",
    "model_lightgbm.pkl",
    "model_catboost.pkl",
    "model_rf.pkl",
    "model_gb.pkl",
    "model_ridge.pkl",
    "model_linear.pkl"
  ],
  "all_metrics": {
    "train": {
      "xgboost": {
        "mae": 1.826535651050824,
        "rmse": 3.3480952007402656,
        "r2": 0.9988741941469934,
        "mape": 1.4642770398442633
      },
      "lightgbm": {
        "mae": 1.8424035643066636,
        "rmse": 3.6880660675866728,
        "r2": 0.9986339541061682,
        "mape": 1.489383099369205
      },
      "catboost": {
        "mae": 1.924073271998629,
        "rmse": 3.0299661398559126,
        "r2": 0.9990779733881496,
        "mape": 1.5732776275720408
      },
      "rf": {
        "mae": 1.1495108068348254,
        "rmse": 3.8370228208822197,
        "r2": 0.9985213796811295,
        "mape": 1.125078681449323
      },
      "gb": {
        "mae": 1.397349947411708,
        "rmse": 2.9563354888652364,
        "r2": 0.9991222409029685,
        "mape": 1.194489145235359
      },
      "ridge": {
        "mae": 8.915898954886769,
        "rmse": 11.776049704682956,
        "r2": 0.9860726924616351,
        "mape": 8.210411873753674
      },
      "linear": {
        "mae": 8.58602407745842,
        "rmse": 11.426759940661473,
        "r2": 0.9868866361154206,
        "mape": 7.765107888508127
      }
    },
    "val": {
      "xgboost": {
        "mae": 2.7812655353110673,
        "rmse": 9.068735358507116,
        "r2": 0.9377148507461038,
        "mape": 5.03734897884787
      },
      "lightgbm": {
        "mae": 3.1695717991516,
        "rmse": 10.404752477332703,
        "r2": 0.918011194649554,
        "mape": 5.134156218710012
      },
      "catboost": {
        "mae": 3.540871186399835,
        "rmse": 9.840783002050975,
        "r2": 0.9266584029121641,
        "mape": 6.114922622409651
      },
      "rf": {
        "mae": 5.0506767333168385,
        "rmse": 12.485320374484864,
        "r2": 0.8819433558269697,
        "mape": 8.524608718020485
      },
      "gb": {
        "mae": 2.6305862562297415,
        "rmse": 9.483019567319278,
        "r2": 0.9318941612775441,
        "mape": 4.0528196244041235
      },
      "ridge": {
        "mae": 6.641763802048536,
        "rmse": 11.833343094895538,
        "r2": 0.8939511494910928,
        "mape": 10.86709869414516
      },
      "linear": {
        "mae": 6.310637657341285,
        "rmse": 11.567086425428275,
        "r2": 0.8986697735373567,
        "mape": 9.965669698098536
      }
    },
    "test": {
      "xgboost": {
        "mae": 3.309823893004239,
        "rmse": 5.94652030573186,
        "r2": 0.9739624149286242,
        "mape": 8.778270934634428
      },
      "lightgbm": {
        "mae": 3.9692081687424445,
        "rmse": 6.612099498958758,
        "r2": 0.9678075781627377,
        "mape": 9.292228814997316
      },
      "catboost": {
        "mae": 3.8522454092967746,
        "rmse": 6.386386275709534,
        "r2": 0.9699679308395452,
        "mape": 9.794564137804892
      },
      "rf": {
        "mae": 4.65014620297972,
        "rmse": 7.505890462405624,
        "r2": 0.9585161233805904,
        "mape": 12.298986024241337
      },
      "gb": {
        "mae": 3.5843297158457235,
        "rmse": 6.566020619606008,
        "r2": 0.9682547045078962,
        "mape": 6.998362639440288
      },
      "ridge": {
        "mae": 10.550021415885434,
        "rmse": 13.757581464497708,
        "r2": 0.8606332810556262,
        "mape": 22.538336567982213
      },
      "linear": {
        "mae": 9.161933700761843,
        "rmse": 12.279587944160777,
        "r2": 0.8889694535991992,
        "mape": 19.713115610075192
      }
    },
    "cv_mae": {
      "xgboost": 2.7066815732743175,
      "lightgbm": 2.474826953023871,
      "catboost": 3.2008203155936092,
      "rf": 2.12533680396434,
      "gb": 2.335629480602748,
      "ridge": 10.186635421112252,
      "linear": 9.349344285722141
    }
  }
}