{
  "trained_best_model": "rf",
  "new_test_metrics": {
    "mae": 4.113718184271715,
    "rmse": 7.015543780330812,
    "r2": 0.9634732355132988,
    "mape": 11.454254910300532
  },
  "cv_mae": {
    "xgboost": 2.636888287538652,
    "lightgbm": 2.4562117133445205,
    "catboost": 3.2133076652076227,
    "rf": 2.147704265930023,
    "gb": 2.3194876793105577,
    "ridge": 10.205439772804544,
    "linear": 9.402208257645423
  },
  "test_mae_all": {
    "xgboost": 3.000400272211573,
    "lightgbm": 3.99111492738868,
    "catboost": 3.7364241655771173,
    "rf": 4.113718184271715,
    "gb": 3.885293395810597,
    "ridge": 10.457925090848784,
    "linear": 9.043563632221387
  },
  "historical_best_cv_mae": 2.042469801781462,
  "is_new_historical_best": false,
  "features": [
    "pm2_5",
    "pm10",
    "co",
    "no2",
    "so2",
    "month_cos",
    "total_pm",
    "total_gases",
    "no2_o3_ratio",
    "pm2_5_rolling_3h",
    "pm10_rolling_3h",
    "co_rolling_3h",
    "pm2_5_co_interaction",
    "hour_sin",
    "hour_cos"
  ],
  "scaler_needed": false,
  "all_models_saved": [
    "model_xgboost.pkl",
    "model_lightgbm.pkl",
    "model_catboost.pkl",
    "model_rf.pkl",
    "model_gb.pkl",
    "model_ridge.pkl",
    "model_linear.pkl"
  ],
  "all_metrics": {
    "train": {
      "xgboost": {
        "mae": 1.856643560114672,
        "rmse": 3.41701169708147,
        "r2": 0.99882667192153,
        "mape": 1.492330168978712
      },
      "lightgbm": {
        "mae": 1.8060511958693681,
        "rmse": 3.633085344867682,
        "r2": 0.9986735901668822,
        "mape": 1.4569021887452906
      },
      "catboost": {
        "mae": 1.8635433925060327,
        "rmse": 3.001389659177203,
        "r2": 0.9990947442404967,
        "mape": 1.5685522905217357
      },
      "rf": {
        "mae": 1.1593233577606088,
        "rmse": 3.86115113798449,
        "r2": 0.9985018333124797,
        "mape": 1.1332320021277
      },
      "gb": {
        "mae": 1.4133305365507907,
        "rmse": 3.0113587317332247,
        "r2": 0.9990887206655208,
        "mape": 1.2125462464020005
      },
      "ridge": {
        "mae": 8.899910058614275,
        "rmse": 11.770769475684101,
        "r2": 0.9860768904106925,
        "mape": 8.219124877596533
      },
      "linear": {
        "mae": 8.579481252347502,
        "rmse": 11.425344927003506,
        "r2": 0.9868820741090301,
        "mape": 7.783923187209287
      }
    },
    "val": {
      "xgboost": {
        "mae": 2.759120523113094,
        "rmse": 8.641124733241407,
        "r2": 0.9459452974418338,
        "mape": 4.770028585313602
      },
      "lightgbm": {
        "mae": 3.121487256762497,
        "rmse": 10.416513073769446,
        "r2": 0.9214515426423595,
        "mape": 4.9412755097771734
      },
      "catboost": {
        "mae": 3.3687391291121824,
        "rmse": 9.548350493244907,
        "r2": 0.9339991333331963,
        "mape": 5.919702777320461
      },
      "rf": {
        "mae": 4.60734553422385,
        "rmse": 12.323054597329964,
        "r2": 0.8900665952069104,
        "mape": 7.695268013820206
      },
      "gb": {
        "mae": 2.9163072716663687,
        "rmse": 9.81485528495397,
        "r2": 0.9302634056005376,
        "mape": 4.51216088631173
      },
      "ridge": {
        "mae": 6.884633222160484,
        "rmse": 12.041640036028724,
        "r2": 0.8950302374479192,
        "mape": 10.897192079589
      },
      "linear": {
        "mae": 6.580956057044464,
        "rmse": 11.810102531650438,
        "r2": 0.899028160167908,
        "mape": 10.066150950707652
      }
    },
    "test": {
      "xgboost": {
        "mae": 3.000400272211573,
        "rmse": 5.403346291247389,
        "r2": 0.9783322343725394,
        "mape": 7.690172800113254
      },
      "lightgbm": {
        "mae": 3.99111492738868,
        "rmse": 6.73644798054659,
        "r2": 0.9663216778377766,
        "mape": 9.270787387501057
      },
      "catboost": {
        "mae": 3.7364241655771173,
        "rmse": 6.241721046473985,
        "r2": 0.9710867283325131,
        "mape": 9.710510824601878
      },
      "rf": {
        "mae": 4.113718184271715,
        "rmse": 7.015543780330811,
        "r2": 0.9634732355132988,
        "mape": 11.45425491030053
      },
      "gb": {
        "mae": 3.885293395810597,
        "rmse": 6.8530872905133835,
        "r2": 0.9651453237310481,
        "mape": 7.847383798206295
      },
      "ridge": {
        "mae": 10.457925090848784,
        "rmse": 13.686953548132633,
        "r2": 0.860972052023367,
        "mape": 22.371373404356472
      },
      "linear": {
        "mae": 9.043563632221387,
        "rmse": 12.182051021670985,
        "r2": 0.8898639860781121,
        "mape": 19.547770622063616
      }
    },
    "cv_mae": {
      "xgboost": 2.636888287538652,
      "lightgbm": 2.4562117133445205,
      "catboost": 3.2133076652076227,
      "rf": 2.147704265930023,
      "gb": 2.3194876793105577,
      "ridge": 10.205439772804544,
      "linear": 9.402208257645423
    }
  }
}