{
  "trained_best_model": "rf",
  "new_test_metrics": {
    "mae": 3.184471357229648,
    "rmse": 6.337827184967013,
    "r2": 0.9804759389730383,
    "mape": 9.779542594170401
  },
  "cv_mae": {
    "xgboost": 2.62450962327931,
    "lightgbm": 2.541731853573663,
    "catboost": 3.2449071764208464,
    "rf": 2.129716313608901,
    "gb": 2.221029672559255,
    "ridge": 9.452850978827971,
    "linear": 8.820437642531399
  },
  "test_mae_all": {
    "xgboost": 3.4016439016127213,
    "lightgbm": 4.048230574175465,
    "catboost": 3.60261837564282,
    "rf": 3.184471357229648,
    "gb": 5.726722642702526,
    "ridge": 11.432975641573057,
    "linear": 9.796341984306208
  },
  "historical_best_cv_mae": 2.042469801781462,
  "is_new_historical_best": false,
  "features": [
    "pm2_5",
    "pm10",
    "co",
    "no2",
    "so2",
    "month_cos",
    "total_pm",
    "total_gases",
    "no2_o3_ratio",
    "pm2_5_rolling_3h",
    "pm10_rolling_3h",
    "co_rolling_3h",
    "pm2_5_co_interaction",
    "hour_sin",
    "hour_cos"
  ],
  "scaler_needed": false,
  "all_models_saved": [
    "model_xgboost.pkl",
    "model_lightgbm.pkl",
    "model_catboost.pkl",
    "model_rf.pkl",
    "model_gb.pkl",
    "model_ridge.pkl",
    "model_linear.pkl"
  ],
  "all_metrics": {
    "train": {
      "xgboost": {
        "mae": 1.807422867026581,
        "rmse": 3.338592640198861,
        "r2": 0.9988432385982721,
        "mape": 1.4872730446302564
      },
      "lightgbm": {
        "mae": 1.6706015213173622,
        "rmse": 3.331750806344079,
        "r2": 0.9988479748812795,
        "mape": 1.372213949929462
      },
      "catboost": {
        "mae": 1.8980839678814492,
        "rmse": 3.0093122341196206,
        "r2": 0.999060165405503,
        "mape": 1.6014179048734656
      },
      "rf": {
        "mae": 1.180003562954209,
        "rmse": 3.8965998597762086,
        "r2": 0.9984242455340583,
        "mape": 1.1568148136491354
      },
      "gb": {
        "mae": 1.379696793522326,
        "rmse": 2.9551692771669424,
        "r2": 0.9990936798166195,
        "mape": 1.1960049622103432
      },
      "ridge": {
        "mae": 8.684783487001637,
        "rmse": 11.557492205943293,
        "r2": 0.986137417492535,
        "mape": 8.130946743367549
      },
      "linear": {
        "mae": 8.386312803000552,
        "rmse": 11.238154956248446,
        "r2": 0.9868928895961967,
        "mape": 7.7167517907279
      }
    },
    "val": {
      "xgboost": {
        "mae": 2.7416969173030767,
        "rmse": 8.826129930341619,
        "r2": 0.9420278720450489,
        "mape": 4.519795217594606
      },
      "lightgbm": {
        "mae": 2.7833597179149137,
        "rmse": 10.313749684248148,
        "r2": 0.9208389068450271,
        "mape": 4.182255340450654
      },
      "catboost": {
        "mae": 3.0399565676031615,
        "rmse": 9.863774766346074,
        "r2": 0.927595609354961,
        "mape": 5.06253485994943
      },
      "rf": {
        "mae": 3.305907038791148,
        "rmse": 11.822495107559158,
        "r2": 0.895984779244167,
        "mape": 5.721832073483194
      },
      "gb": {
        "mae": 2.641713495493982,
        "rmse": 9.7537576917249,
        "r2": 0.929201748185312,
        "mape": 3.847378779152313
      },
      "ridge": {
        "mae": 6.364234031305846,
        "rmse": 11.577996031502632,
        "r2": 0.9002425355826963,
        "mape": 10.343397781341773
      },
      "linear": {
        "mae": 6.0398741087108245,
        "rmse": 11.408910501302493,
        "r2": 0.903134983734425,
        "mape": 9.47561892412309
      }
    },
    "test": {
      "xgboost": {
        "mae": 3.4016439016127213,
        "rmse": 5.5916729106736,
        "r2": 0.9848024742247747,
        "mape": 7.518787330050587
      },
      "lightgbm": {
        "mae": 4.048230574175465,
        "rmse": 6.483546423015226,
        "r2": 0.979567824039239,
        "mape": 7.729815155239388
      },
      "catboost": {
        "mae": 3.60261837564282,
        "rmse": 5.861755521138492,
        "r2": 0.9832989116764452,
        "mape": 8.623998949006648
      },
      "rf": {
        "mae": 3.184471357229648,
        "rmse": 6.337827184967012,
        "r2": 0.9804759389730383,
        "mape": 9.779542594170401
      },
      "gb": {
        "mae": 5.726722642702526,
        "rmse": 9.791587828100415,
        "r2": 0.9533989590304741,
        "mape": 7.749665067622481
      },
      "ridge": {
        "mae": 11.432975641573057,
        "rmse": 14.36110886502689,
        "r2": 0.8997544000694286,
        "mape": 22.291281368673495
      },
      "linear": {
        "mae": 9.796341984306208,
        "rmse": 12.69229274856621,
        "r2": 0.921698599195661,
        "mape": 19.477682208123394
      }
    },
    "cv_mae": {
      "xgboost": 2.62450962327931,
      "lightgbm": 2.541731853573663,
      "catboost": 3.2449071764208464,
      "rf": 2.129716313608901,
      "gb": 2.221029672559255,
      "ridge": 9.452850978827971,
      "linear": 8.820437642531399
    }
  }
}