{
  "trained_best_model": "rf",
  "new_test_metrics": {
    "mae": 3.1721788084559353,
    "rmse": 6.159470983986314,
    "r2": 0.9813629409722473,
    "mape": 9.589318063056792
  },
  "cv_mae": {
    "xgboost": 2.58580989165782,
    "lightgbm": 2.4963363623431722,
    "catboost": 3.1741103610508303,
    "rf": 2.1251356003086364,
    "gb": 2.2922451865884095,
    "ridge": 9.546490344054336,
    "linear": 8.876804368301867
  },
  "test_mae_all": {
    "xgboost": 3.3921618190879657,
    "lightgbm": 4.648013835743335,
    "catboost": 3.3115192143599126,
    "rf": 3.172178808455936,
    "gb": 5.334617082061491,
    "ridge": 11.420797869664575,
    "linear": 9.779908675194472
  },
  "historical_best_cv_mae": 2.042469801781462,
  "is_new_historical_best": false,
  "features": [
    "pm2_5",
    "pm10",
    "co",
    "no2",
    "so2",
    "month_cos",
    "total_pm",
    "total_gases",
    "no2_o3_ratio",
    "pm2_5_rolling_3h",
    "pm10_rolling_3h",
    "co_rolling_3h",
    "pm2_5_co_interaction",
    "hour_sin",
    "hour_cos"
  ],
  "scaler_needed": false,
  "all_models_saved": [
    "model_xgboost.pkl",
    "model_lightgbm.pkl",
    "model_catboost.pkl",
    "model_rf.pkl",
    "model_gb.pkl",
    "model_ridge.pkl",
    "model_linear.pkl"
  ],
  "all_metrics": {
    "train": {
      "xgboost": {
        "mae": 1.827845749478673,
        "rmse": 3.409129786273833,
        "r2": 0.9987933967713897,
        "mape": 1.4957113771001644
      },
      "lightgbm": {
        "mae": 1.7090590587263437,
        "rmse": 3.406973759819713,
        "r2": 0.998794922466229,
        "mape": 1.402920796511819
      },
      "catboost": {
        "mae": 1.8630175062552492,
        "rmse": 2.9813517073456923,
        "r2": 0.9990772079648276,
        "mape": 1.573209579051666
      },
      "rf": {
        "mae": 1.1806828411597659,
        "rmse": 3.9123228079919636,
        "r2": 0.9984109162902571,
        "mape": 1.1597627918894036
      },
      "gb": {
        "mae": 1.3677745366203649,
        "rmse": 2.9358983162223034,
        "r2": 0.9991051310642505,
        "mape": 1.1856625281758577
      },
      "ridge": {
        "mae": 8.693201304133662,
        "rmse": 11.563532769626667,
        "r2": 0.9861177940360388,
        "mape": 8.136953441689089
      },
      "linear": {
        "mae": 8.393426650567989,
        "rmse": 11.24376081890984,
        "r2": 0.9868749607821116,
        "mape": 7.720561825304068
      }
    },
    "val": {
      "xgboost": {
        "mae": 2.6879847822668346,
        "rmse": 8.721252598559696,
        "r2": 0.9434389478610042,
        "mape": 4.419914658179145
      },
      "lightgbm": {
        "mae": 2.7502894698531586,
        "rmse": 10.123444709639568,
        "r2": 0.923789224788474,
        "mape": 4.202390240498887
      },
      "catboost": {
        "mae": 2.9213282317149685,
        "rmse": 9.148044110860232,
        "r2": 0.9377676431387683,
        "mape": 4.75394724170342
      },
      "rf": {
        "mae": 3.316609046947095,
        "rmse": 11.788951364847252,
        "r2": 0.8966500904652877,
        "mape": 5.675729875770323
      },
      "gb": {
        "mae": 2.6586792938295383,
        "rmse": 9.70411932919818,
        "r2": 0.9299719544810094,
        "mape": 3.9002943078484003
      },
      "ridge": {
        "mae": 6.351755100625645,
        "rmse": 11.575038948984265,
        "r2": 0.9003666642465278,
        "mape": 10.325478216529936
      },
      "linear": {
        "mae": 6.038217448561348,
        "rmse": 11.407689229066992,
        "r2": 0.9032267978413516,
        "mape": 9.471070850972376
      }
    },
    "test": {
      "xgboost": {
        "mae": 3.3921618190879657,
        "rmse": 5.610381554116837,
        "r2": 0.9845376553477544,
        "mape": 7.3158689048616194
      },
      "lightgbm": {
        "mae": 4.648013835743335,
        "rmse": 7.417000246694352,
        "r2": 0.972976155062626,
        "mape": 8.281989353770985
      },
      "catboost": {
        "mae": 3.3115192143599126,
        "rmse": 5.3354489414963115,
        "r2": 0.9860159654029873,
        "mape": 7.831167258392961
      },
      "rf": {
        "mae": 3.172178808455936,
        "rmse": 6.159470983986314,
        "r2": 0.9813629409722473,
        "mape": 9.589318063056794
      },
      "gb": {
        "mae": 5.334617082061491,
        "rmse": 9.327740033293335,
        "r2": 0.9572591238378908,
        "mape": 7.431199555899387
      },
      "ridge": {
        "mae": 11.420797869664575,
        "rmse": 14.354678197870273,
        "r2": 0.8987774030595415,
        "mape": 22.300872902919977
      },
      "linear": {
        "mae": 9.779908675194472,
        "rmse": 12.68336420656559,
        "r2": 0.9209759141918079,
        "mape": 19.479987401218676
      }
    },
    "cv_mae": {
      "xgboost": 2.58580989165782,
      "lightgbm": 2.4963363623431722,
      "catboost": 3.1741103610508303,
      "rf": 2.1251356003086364,
      "gb": 2.2922451865884095,
      "ridge": 9.546490344054336,
      "linear": 8.876804368301867
    }
  }
}