{
  "trained_best_model": "rf",
  "new_test_metrics": {
    "mae": 3.2586974644100963,
    "rmse": 6.235813122950941,
    "r2": 0.9820236209331845,
    "mape": 9.743778856242322
  },
  "cv_mae": {
    "xgboost": 2.680558673089731,
    "lightgbm": 2.457156363109404,
    "catboost": 3.2020761603731422,
    "rf": 2.174276201675653,
    "gb": 2.3586663484434367,
    "ridge": 9.547767758302651,
    "linear": 8.796048436848682
  },
  "test_mae_all": {
    "xgboost": 3.4635730732524617,
    "lightgbm": 4.360533061622262,
    "catboost": 3.5051902407204443,
    "rf": 3.2586974644100963,
    "gb": 5.79772430091911,
    "ridge": 11.501770323952305,
    "linear": 9.875547899276057
  },
  "historical_best_cv_mae": 2.042469801781462,
  "is_new_historical_best": false,
  "features": [
    "pm2_5",
    "pm10",
    "co",
    "no2",
    "so2",
    "month_cos",
    "total_pm",
    "total_gases",
    "no2_o3_ratio",
    "pm2_5_rolling_3h",
    "pm10_rolling_3h",
    "co_rolling_3h",
    "pm2_5_co_interaction",
    "hour_sin",
    "hour_cos"
  ],
  "scaler_needed": false,
  "all_models_saved": [
    "model_xgboost.pkl",
    "model_lightgbm.pkl",
    "model_catboost.pkl",
    "model_rf.pkl",
    "model_gb.pkl",
    "model_ridge.pkl",
    "model_linear.pkl"
  ],
  "all_metrics": {
    "train": {
      "xgboost": {
        "mae": 1.8436217726404498,
        "rmse": 3.444745370838171,
        "r2": 0.9987587195771307,
        "mape": 1.5281833165510497
      },
      "lightgbm": {
        "mae": 1.5986008934976963,
        "rmse": 3.1658698571223765,
        "r2": 0.9989515643708075,
        "mape": 1.3216138158772572
      },
      "catboost": {
        "mae": 1.8564756636262882,
        "rmse": 2.982977284088939,
        "r2": 0.9990692017721138,
        "mape": 1.5639317734872533
      },
      "rf": {
        "mae": 1.1818564428679756,
        "rmse": 3.8913934185220485,
        "r2": 0.9984159607607282,
        "mape": 1.1608416363857745
      },
      "gb": {
        "mae": 1.3937252503632278,
        "rmse": 2.980106830320638,
        "r2": 0.9990709922837487,
        "mape": 1.2091267452335952
      },
      "ridge": {
        "mae": 8.650307597885911,
        "rmse": 11.528211070436553,
        "r2": 0.9860979292532974,
        "mape": 8.116991494866662
      },
      "linear": {
        "mae": 8.356212389165254,
        "rmse": 11.2105885867072,
        "r2": 0.9868534291830193,
        "mape": 7.707071038517185
      }
    },
    "val": {
      "xgboost": {
        "mae": 2.697058814845673,
        "rmse": 8.860279860259597,
        "r2": 0.9414804754465423,
        "mape": 4.354645813207226
      },
      "lightgbm": {
        "mae": 2.6365545930103895,
        "rmse": 9.97668886919278,
        "r2": 0.9258042948239209,
        "mape": 3.918928041106551
      },
      "catboost": {
        "mae": 2.842798075154684,
        "rmse": 9.437269596542972,
        "r2": 0.933610616886644,
        "mape": 4.412612925461513
      },
      "rf": {
        "mae": 3.3811089958214264,
        "rmse": 11.788267577550055,
        "r2": 0.8964128510728956,
        "mape": 5.788189422224792
      },
      "gb": {
        "mae": 2.4976103216869086,
        "rmse": 9.418699654156617,
        "r2": 0.9338716318031968,
        "mape": 3.511797599341288
      },
      "ridge": {
        "mae": 6.412203129309835,
        "rmse": 11.590192141624128,
        "r2": 0.8998647051204238,
        "mape": 10.404424011860504
      },
      "linear": {
        "mae": 6.047299953398269,
        "rmse": 11.415006867175318,
        "r2": 0.902868909687405,
        "mape": 9.489576576510322
      }
    },
    "test": {
      "xgboost": {
        "mae": 3.4635730732524617,
        "rmse": 5.6878771333319,
        "r2": 0.9850439658880366,
        "mape": 7.245355904137886
      },
      "lightgbm": {
        "mae": 4.360533061622262,
        "rmse": 6.9195994162393735,
        "r2": 0.9778650808029574,
        "mape": 7.526705642983565
      },
      "catboost": {
        "mae": 3.5051902407204443,
        "rmse": 5.505967270088828,
        "r2": 0.9859853167994104,
        "mape": 7.551970490898446
      },
      "rf": {
        "mae": 3.2586974644100963,
        "rmse": 6.235813122950941,
        "r2": 0.9820236209331845,
        "mape": 9.743778856242324
      },
      "gb": {
        "mae": 5.79772430091911,
        "rmse": 9.931680411784066,
        "r2": 0.954400350300647,
        "mape": 7.319669068940754
      },
      "ridge": {
        "mae": 11.501770323952305,
        "rmse": 14.414522031243905,
        "r2": 0.9039457629626364,
        "mape": 22.289002002991932
      },
      "linear": {
        "mae": 9.875547899276057,
        "rmse": 12.74172868201875,
        "r2": 0.9249461905219396,
        "mape": 19.50054950679209
      }
    },
    "cv_mae": {
      "xgboost": 2.680558673089731,
      "lightgbm": 2.457156363109404,
      "catboost": 3.2020761603731422,
      "rf": 2.174276201675653,
      "gb": 2.3586663484434367,
      "ridge": 9.547767758302651,
      "linear": 8.796048436848682
    }
  }
}