{
  "trained_best_model": "rf",
  "new_test_metrics": {
    "mae": 3.641058890414495,
    "rmse": 6.745779985340525,
    "r2": 0.9728597519983473,
    "mape": 10.523483071161243
  },
  "cv_mae": {
    "xgboost": 2.627136711971634,
    "lightgbm": 2.4051687253108804,
    "catboost": 3.007453135889823,
    "rf": 2.115233005794914,
    "gb": 2.20905872921315,
    "ridge": 9.81579225796861,
    "linear": 9.171401386267906
  },
  "test_mae_all": {
    "xgboost": 3.068253898348516,
    "lightgbm": 4.263203160567583,
    "catboost": 4.240477936094847,
    "rf": 3.641058890414494,
    "gb": 4.592276569101874,
    "ridge": 10.717333889256915,
    "linear": 9.241147590730762
  },
  "historical_best_cv_mae": 2.042469801781462,
  "is_new_historical_best": false,
  "features": [
    "pm2_5",
    "pm10",
    "co",
    "no2",
    "so2",
    "month_cos",
    "total_pm",
    "total_gases",
    "no2_o3_ratio",
    "pm2_5_rolling_3h",
    "pm10_rolling_3h",
    "co_rolling_3h",
    "pm2_5_co_interaction",
    "hour_sin",
    "hour_cos"
  ],
  "scaler_needed": false,
  "all_models_saved": [
    "model_xgboost.pkl",
    "model_lightgbm.pkl",
    "model_catboost.pkl",
    "model_rf.pkl",
    "model_gb.pkl",
    "model_ridge.pkl",
    "model_linear.pkl"
  ],
  "all_metrics": {
    "train": {
      "xgboost": {
        "mae": 1.8620464871774214,
        "rmse": 3.4351621526621443,
        "r2": 0.998804752264553,
        "mape": 1.5053830418747187
      },
      "lightgbm": {
        "mae": 1.589137463179397,
        "rmse": 3.135849350377077,
        "r2": 0.9990039667736378,
        "mape": 1.3123413966359943
      },
      "catboost": {
        "mae": 1.8842259259947427,
        "rmse": 2.960188488565175,
        "r2": 0.9991124308964419,
        "mape": 1.5800143851835597
      },
      "rf": {
        "mae": 1.173190040985017,
        "rmse": 3.867186280459199,
        "r2": 0.9984852058133593,
        "mape": 1.1489513723668936
      },
      "gb": {
        "mae": 1.3959348040651494,
        "rmse": 2.9442316682400524,
        "r2": 0.999121973943253,
        "mape": 1.204498481722797
      },
      "ridge": {
        "mae": 8.802359016627907,
        "rmse": 11.675402300682462,
        "r2": 0.9861927511219113,
        "mape": 8.15679648707894
      },
      "linear": {
        "mae": 8.487369286551736,
        "rmse": 11.337866541946354,
        "r2": 0.9869795460380387,
        "mape": 7.728711780656193
      }
    },
    "val": {
      "xgboost": {
        "mae": 2.646939972219946,
        "rmse": 8.886413388202014,
        "r2": 0.9411945220486179,
        "mape": 4.655513910286115
      },
      "lightgbm": {
        "mae": 2.752240092082821,
        "rmse": 10.310472341484113,
        "r2": 0.9208370659107308,
        "mape": 4.534683438672348
      },
      "catboost": {
        "mae": 3.592848676665015,
        "rmse": 10.218635230483436,
        "r2": 0.9222410204426432,
        "mape": 6.147871627916223
      },
      "rf": {
        "mae": 4.020641272902879,
        "rmse": 12.139129425088745,
        "r2": 0.8902663454782784,
        "mape": 6.680293009835959
      },
      "gb": {
        "mae": 2.6012724909870624,
        "rmse": 9.715917967056482,
        "r2": 0.9297037046566655,
        "mape": 4.116474936335263
      },
      "ridge": {
        "mae": 6.523969025022696,
        "rmse": 11.784170897393428,
        "r2": 0.8965899320122154,
        "mape": 10.372293093340607
      },
      "linear": {
        "mae": 6.2566658409033495,
        "rmse": 11.64151178235445,
        "r2": 0.8990785402884908,
        "mape": 9.600685951739575
      }
    },
    "test": {
      "xgboost": {
        "mae": 3.068253898348516,
        "rmse": 5.2847727395325315,
        "r2": 0.9833427962098805,
        "mape": 7.607727717188172
      },
      "lightgbm": {
        "mae": 4.263203160567583,
        "rmse": 7.079578252793293,
        "r2": 0.9701073622066416,
        "mape": 8.592226475695508
      },
      "catboost": {
        "mae": 4.240477936094847,
        "rmse": 6.792317133721236,
        "r2": 0.9724839951885704,
        "mape": 10.263234890591786
      },
      "rf": {
        "mae": 3.641058890414494,
        "rmse": 6.745779985340525,
        "r2": 0.9728597519983473,
        "mape": 10.523483071161243
      },
      "gb": {
        "mae": 4.592276569101874,
        "rmse": 7.997233323337223,
        "r2": 0.9618557569716317,
        "mape": 7.809393112150892
      },
      "ridge": {
        "mae": 10.717333889256915,
        "rmse": 13.826911658141732,
        "r2": 0.8859750624623789,
        "mape": 22.089031313264933
      },
      "linear": {
        "mae": 9.241147590730762,
        "rmse": 12.27708377545975,
        "r2": 0.910104095695309,
        "mape": 19.322602037513352
      }
    },
    "cv_mae": {
      "xgboost": 2.627136711971634,
      "lightgbm": 2.4051687253108804,
      "catboost": 3.007453135889823,
      "rf": 2.115233005794914,
      "gb": 2.20905872921315,
      "ridge": 9.81579225796861,
      "linear": 9.171401386267906
    }
  }
}