{
  "trained_best_model": "rf",
  "new_test_metrics": {
    "mae": 3.6214481590503094,
    "rmse": 6.790042710152683,
    "r2": 0.9712000307667902,
    "mape": 10.530367282204573
  },
  "cv_mae": {
    "xgboost": 2.5889584054219044,
    "lightgbm": 2.4255304985904957,
    "catboost": 3.1714123298411954,
    "rf": 2.1195031315311494,
    "gb": 2.213059732481729,
    "ridge": 10.085393759455474,
    "linear": 9.346055432364128
  },
  "test_mae_all": {
    "xgboost": 3.551848953290605,
    "lightgbm": 3.9639902993050757,
    "catboost": 4.076650600463995,
    "rf": 3.6214481590503094,
    "gb": 4.286232147464767,
    "ridge": 10.53467876581572,
    "linear": 9.08335555406844
  },
  "historical_best_cv_mae": 2.042469801781462,
  "is_new_historical_best": false,
  "features": [
    "pm2_5",
    "pm10",
    "co",
    "no2",
    "so2",
    "month_cos",
    "total_pm",
    "total_gases",
    "no2_o3_ratio",
    "pm2_5_rolling_3h",
    "pm10_rolling_3h",
    "co_rolling_3h",
    "pm2_5_co_interaction",
    "hour_sin",
    "hour_cos"
  ],
  "scaler_needed": false,
  "all_models_saved": [
    "model_xgboost.pkl",
    "model_lightgbm.pkl",
    "model_catboost.pkl",
    "model_rf.pkl",
    "model_gb.pkl",
    "model_ridge.pkl",
    "model_linear.pkl"
  ],
  "all_metrics": {
    "train": {
      "xgboost": {
        "mae": 1.8505877901041188,
        "rmse": 3.380454577444107,
        "r2": 0.998843919639162,
        "mape": 1.5003182089406293
      },
      "lightgbm": {
        "mae": 1.8067329254473325,
        "rmse": 3.6338141723191617,
        "r2": 0.9986641329347281,
        "mape": 1.4798809685038363
      },
      "catboost": {
        "mae": 1.9328337461492717,
        "rmse": 3.023865467608574,
        "r2": 0.9990749552454142,
        "mape": 1.6197081204999213
      },
      "rf": {
        "mae": 1.170988599185549,
        "rmse": 3.8799255431732007,
        "r2": 0.9984770536761667,
        "mape": 1.1473521864206015
      },
      "gb": {
        "mae": 1.4082799913795117,
        "rmse": 2.995348568938332,
        "r2": 0.9990923204495538,
        "mape": 1.2231319414644641
      },
      "ridge": {
        "mae": 8.840942004145555,
        "rmse": 11.709930189208691,
        "r2": 0.9861277653620462,
        "mape": 8.198524020069282
      },
      "linear": {
        "mae": 8.525137824735674,
        "rmse": 11.369485127289803,
        "r2": 0.98692266016149,
        "mape": 7.766891797462729
      }
    },
    "val": {
      "xgboost": {
        "mae": 2.8366629674554416,
        "rmse": 9.080024986278373,
        "r2": 0.9402156017757969,
        "mape": 4.937216290976592
      },
      "lightgbm": {
        "mae": 2.8877211163709844,
        "rmse": 10.326072513195731,
        "r2": 0.9226813761170467,
        "mape": 4.476753624090249
      },
      "catboost": {
        "mae": 3.433521551453107,
        "rmse": 9.412372460075314,
        "r2": 0.9357590456971525,
        "mape": 5.933694032302699
      },
      "rf": {
        "mae": 4.036990241058581,
        "rmse": 12.17776876611417,
        "r2": 0.8924651529990318,
        "mape": 6.692195972499734
      },
      "gb": {
        "mae": 2.8019688939533847,
        "rmse": 9.687540314635307,
        "r2": 0.931948011405891,
        "mape": 4.37063375995497
      },
      "ridge": {
        "mae": 6.596577571436724,
        "rmse": 11.90450513824153,
        "r2": 0.8972370723622121,
        "mape": 10.362691156622326
      },
      "linear": {
        "mae": 6.325298069592026,
        "rmse": 11.710043466110456,
        "r2": 0.9005669435917538,
        "mape": 9.6201459272275
      }
    },
    "test": {
      "xgboost": {
        "mae": 3.551848953290605,
        "rmse": 6.165414090735837,
        "r2": 0.9762550361359773,
        "mape": 8.392045084354129
      },
      "lightgbm": {
        "mae": 3.9639902993050757,
        "rmse": 6.674776949055403,
        "r2": 0.9721695309043431,
        "mape": 8.735357586518397
      },
      "catboost": {
        "mae": 4.076650600463995,
        "rmse": 6.58675244646657,
        "r2": 0.9728987267799997,
        "mape": 10.016197611623303
      },
      "rf": {
        "mae": 3.6214481590503094,
        "rmse": 6.790042710152684,
        "r2": 0.9712000307667902,
        "mape": 10.530367282204573
      },
      "gb": {
        "mae": 4.286232147464767,
        "rmse": 7.731603622304278,
        "r2": 0.96265898029646,
        "mape": 7.888923126897493
      },
      "ridge": {
        "mae": 10.53467876581572,
        "rmse": 13.694004320178053,
        "r2": 0.8828592682084891,
        "mape": 22.110342685669735
      },
      "linear": {
        "mae": 9.08335555406844,
        "rmse": 12.181271876929175,
        "r2": 0.9073101275416334,
        "mape": 19.317774456342683
      }
    },
    "cv_mae": {
      "xgboost": 2.5889584054219044,
      "lightgbm": 2.4255304985904957,
      "catboost": 3.1714123298411954,
      "rf": 2.1195031315311494,
      "gb": 2.213059732481729,
      "ridge": 10.085393759455474,
      "linear": 9.346055432364128
    }
  }
}