{
  "trained_best_model": "rf",
  "new_test_metrics": {
    "mae": 3.2091811793881253,
    "rmse": 6.2988854754618675,
    "r2": 0.9821228852856969,
    "mape": 9.757824991299815
  },
  "cv_mae": {
    "xgboost": 2.6744826904714927,
    "lightgbm": 2.3814130106963254,
    "catboost": 3.2018284832961585,
    "rf": 2.2239911889502855,
    "gb": 2.2288024415977414,
    "ridge": 9.842757277263614,
    "linear": 8.960742730779916
  },
  "test_mae_all": {
    "xgboost": 3.493285151657126,
    "lightgbm": 4.99859192936033,
    "catboost": 3.4328087894375243,
    "rf": 3.2091811793881253,
    "gb": 5.995235089418512,
    "ridge": 11.625867680285104,
    "linear": 9.999083059085322
  },
  "historical_best_cv_mae": 2.042469801781462,
  "is_new_historical_best": false,
  "features": [
    "pm2_5",
    "pm10",
    "co",
    "no2",
    "so2",
    "month_cos",
    "total_pm",
    "total_gases",
    "no2_o3_ratio",
    "pm2_5_rolling_3h",
    "pm10_rolling_3h",
    "co_rolling_3h",
    "pm2_5_co_interaction",
    "hour_sin",
    "hour_cos"
  ],
  "scaler_needed": false,
  "all_models_saved": [
    "model_xgboost.pkl",
    "model_lightgbm.pkl",
    "model_catboost.pkl",
    "model_rf.pkl",
    "model_gb.pkl",
    "model_ridge.pkl",
    "model_linear.pkl"
  ],
  "all_metrics": {
    "train": {
      "xgboost": {
        "mae": 1.810331406658643,
        "rmse": 3.3755875876042367,
        "r2": 0.9987824244813525,
        "mape": 1.501883331650695
      },
      "lightgbm": {
        "mae": 1.5141210959724025,
        "rmse": 3.0729564311413675,
        "r2": 0.9989909563576909,
        "mape": 1.2703065043567259
      },
      "catboost": {
        "mae": 1.8736913706475151,
        "rmse": 3.0157059245138247,
        "r2": 0.99902820396415,
        "mape": 1.5982495772469778
      },
      "rf": {
        "mae": 1.1841677516339597,
        "rmse": 3.9063577354717567,
        "r2": 0.9983694235345352,
        "mape": 1.1691147260568018
      },
      "gb": {
        "mae": 1.394158751381637,
        "rmse": 2.9824924396029298,
        "r2": 0.999049491844226,
        "mape": 1.2298223683845093
      },
      "ridge": {
        "mae": 8.596737400140313,
        "rmse": 11.467966577078155,
        "r2": 0.9859469697256222,
        "mape": 8.101052790835848
      },
      "linear": {
        "mae": 8.303488540465413,
        "rmse": 11.145483987348568,
        "r2": 0.9867262079598471,
        "mape": 7.692302871576466
      }
    },
    "val": {
      "xgboost": {
        "mae": 2.708616748792396,
        "rmse": 8.828697677949668,
        "r2": 0.9415090489506666,
        "mape": 4.272042236644125
      },
      "lightgbm": {
        "mae": 2.6832279487969575,
        "rmse": 9.950606172599326,
        "r2": 0.9256990326667437,
        "mape": 4.383419814676561
      },
      "catboost": {
        "mae": 2.876127728734964,
        "rmse": 9.024541218367455,
        "r2": 0.9388853037331294,
        "mape": 4.619176720600331
      },
      "rf": {
        "mae": 3.285535554254343,
        "rmse": 11.806943771214359,
        "r2": 0.8953906792953812,
        "mape": 5.667455815457667
      },
      "gb": {
        "mae": 2.9013548096870245,
        "rmse": 9.566778573216949,
        "r2": 0.9313205456132292,
        "mape": 4.371270515431387
      },
      "ridge": {
        "mae": 6.282650721557879,
        "rmse": 11.524056796396543,
        "r2": 0.9003433757069935,
        "mape": 10.150027719075242
      },
      "linear": {
        "mae": 5.942038936957556,
        "rmse": 11.37839455336346,
        "r2": 0.9028467417363654,
        "mape": 9.28747151274728
      }
    },
    "test": {
      "xgboost": {
        "mae": 3.493285151657126,
        "rmse": 5.4662348501483455,
        "r2": 0.9865368533665205,
        "mape": 7.117329705716004
      },
      "lightgbm": {
        "mae": 4.99859192936033,
        "rmse": 7.777432299135005,
        "r2": 0.9727452325204472,
        "mape": 8.605523541001391
      },
      "catboost": {
        "mae": 3.4328087894375243,
        "rmse": 5.580292325699966,
        "r2": 0.9859691525447138,
        "mape": 8.012365340039889
      },
      "rf": {
        "mae": 3.2091811793881253,
        "rmse": 6.298885475461868,
        "r2": 0.9821228852856969,
        "mape": 9.757824991299815
      },
      "gb": {
        "mae": 5.995235089418512,
        "rmse": 9.66647452937337,
        "r2": 0.9578976609387297,
        "mape": 8.396447878728743
      },
      "ridge": {
        "mae": 11.625867680285104,
        "rmse": 14.459558652768166,
        "r2": 0.9057936717925167,
        "mape": 22.388131777008738
      },
      "linear": {
        "mae": 9.999083059085322,
        "rmse": 12.792252945800065,
        "r2": 0.9262666308110559,
        "mape": 19.635014102550908
      }
    },
    "cv_mae": {
      "xgboost": 2.6744826904714927,
      "lightgbm": 2.3814130106963254,
      "catboost": 3.2018284832961585,
      "rf": 2.2239911889502855,
      "gb": 2.2288024415977414,
      "ridge": 9.842757277263614,
      "linear": 8.960742730779916
    }
  }
}