{
  "trained_best_model": "rf",
  "new_test_metrics": {
    "mae": 3.7545930715988742,
    "rmse": 6.8963899578384416,
    "r2": 0.9664446818762917,
    "mape": 10.903018224465297
  },
  "cv_mae": {
    "xgboost": 2.625567825153149,
    "lightgbm": 2.434383979139261,
    "catboost": 3.239816906568522,
    "rf": 2.1677311089948796,
    "gb": 2.279327074269719,
    "ridge": 10.18630189571415,
    "linear": 9.396978792518038
  },
  "test_mae_all": {
    "xgboost": 3.4482326191944335,
    "lightgbm": 3.8572471931896084,
    "catboost": 4.099401214950552,
    "rf": 3.7545930715988733,
    "gb": 3.9745664638748486,
    "ridge": 10.467616454021957,
    "linear": 9.024426458943482
  },
  "historical_best_cv_mae": 2.042469801781462,
  "is_new_historical_best": false,
  "features": [
    "pm2_5",
    "pm10",
    "co",
    "no2",
    "so2",
    "month_cos",
    "total_pm",
    "total_gases",
    "no2_o3_ratio",
    "pm2_5_rolling_3h",
    "pm10_rolling_3h",
    "co_rolling_3h",
    "pm2_5_co_interaction",
    "hour_sin",
    "hour_cos"
  ],
  "scaler_needed": false,
  "all_models_saved": [
    "model_xgboost.pkl",
    "model_lightgbm.pkl",
    "model_catboost.pkl",
    "model_rf.pkl",
    "model_gb.pkl",
    "model_ridge.pkl",
    "model_linear.pkl"
  ],
  "all_metrics": {
    "train": {
      "xgboost": {
        "mae": 1.8488270934702755,
        "rmse": 3.3661303860761294,
        "r2": 0.9988614577617976,
        "mape": 1.487053923793965
      },
      "lightgbm": {
        "mae": 1.5536542867671246,
        "rmse": 3.0497506427220955,
        "r2": 0.9990654211651308,
        "mape": 1.2733712383585616
      },
      "catboost": {
        "mae": 1.8842775159565257,
        "rmse": 3.0003887284024575,
        "r2": 0.9990954296902891,
        "mape": 1.554601205108084
      },
      "rf": {
        "mae": 1.1675235737909346,
        "rmse": 3.8681663215126236,
        "r2": 0.9984965203394335,
        "mape": 1.143919720748559
      },
      "gb": {
        "mae": 1.3973236051517959,
        "rmse": 2.9660951270861937,
        "r2": 0.9991159894882644,
        "mape": 1.2037588191398556
      },
      "ridge": {
        "mae": 8.879736092195628,
        "rmse": 11.750941213271838,
        "r2": 0.9861250129745475,
        "mape": 8.208975499202399
      },
      "linear": {
        "mae": 8.560240395419408,
        "rmse": 11.408269043568366,
        "r2": 0.9869224379954746,
        "mape": 7.774176312316872
      }
    },
    "val": {
      "xgboost": {
        "mae": 2.840548258393867,
        "rmse": 9.162986265814123,
        "r2": 0.9393949694448518,
        "mape": 4.907585120288384
      },
      "lightgbm": {
        "mae": 2.907331052436864,
        "rmse": 9.86480854468836,
        "r2": 0.9297555647619714,
        "mape": 4.80214983511869
      },
      "catboost": {
        "mae": 3.344014495965906,
        "rmse": 9.793461273764024,
        "r2": 0.9307679767072929,
        "mape": 5.706195227065271
      },
      "rf": {
        "mae": 4.145601843711898,
        "rmse": 12.179157522321638,
        "r2": 0.8929296805447757,
        "mape": 6.944851744170003
      },
      "gb": {
        "mae": 2.890954530051671,
        "rmse": 9.876855321906094,
        "r2": 0.9295838968062933,
        "mape": 4.66991791367955
      },
      "ridge": {
        "mae": 6.7718008898828534,
        "rmse": 11.97825212183585,
        "r2": 0.8964329744875449,
        "mape": 10.690242916822456
      },
      "linear": {
        "mae": 6.5024975546432575,
        "rmse": 11.767231858228742,
        "r2": 0.9000499018771209,
        "mape": 9.925911642386538
      }
    },
    "test": {
      "xgboost": {
        "mae": 3.4482326191944335,
        "rmse": 5.944932336226162,
        "r2": 0.975064873784011,
        "mape": 8.364373330009643
      },
      "lightgbm": {
        "mae": 3.8572471931896084,
        "rmse": 6.49723648075973,
        "r2": 0.9702165442471485,
        "mape": 8.884302883340641
      },
      "catboost": {
        "mae": 4.099401214950552,
        "rmse": 6.810676132262944,
        "r2": 0.9672736028427669,
        "mape": 9.925180550109491
      },
      "rf": {
        "mae": 3.7545930715988733,
        "rmse": 6.8963899578384416,
        "r2": 0.9664446818762917,
        "mape": 10.903018224465297
      },
      "gb": {
        "mae": 3.9745664638748486,
        "rmse": 7.234545731460801,
        "r2": 0.9630733192679037,
        "mape": 8.240339050997738
      },
      "ridge": {
        "mae": 10.467616454021957,
        "rmse": 13.6697849557,
        "r2": 0.8681618488158435,
        "mape": 22.254825098961568
      },
      "linear": {
        "mae": 9.024426458943482,
        "rmse": 12.162596172034132,
        "r2": 0.8956312904716299,
        "mape": 19.426938826997834
      }
    },
    "cv_mae": {
      "xgboost": 2.625567825153149,
      "lightgbm": 2.434383979139261,
      "catboost": 3.239816906568522,
      "rf": 2.1677311089948796,
      "gb": 2.279327074269719,
      "ridge": 10.18630189571415,
      "linear": 9.396978792518038
    }
  }
}