{
  "trained_best_model": "rf",
  "new_test_metrics": {
    "mae": 4.65013692258263,
    "rmse": 7.525973148243354,
    "r2": 0.9581297108084549,
    "mape": 12.322419513286519
  },
  "cv_mae": {
    "xgboost": 2.6502303274643633,
    "lightgbm": 2.5027395103970074,
    "catboost": 3.1994507950013413,
    "rf": 2.1256623474802576,
    "gb": 2.313346736246925,
    "ridge": 10.207306936452488,
    "linear": 9.363283901016512
  },
  "test_mae_all": {
    "xgboost": 3.455054643116732,
    "lightgbm": 3.878370552869915,
    "catboost": 3.990922381340445,
    "rf": 4.6501369225826314,
    "gb": 3.664128118692713,
    "ridge": 10.512761193628439,
    "linear": 9.118417508325425
  },
  "historical_best_cv_mae": 2.042469801781462,
  "is_new_historical_best": false,
  "features": [
    "pm2_5",
    "pm10",
    "co",
    "no2",
    "so2",
    "month_cos",
    "total_pm",
    "total_gases",
    "no2_o3_ratio",
    "pm2_5_rolling_3h",
    "pm10_rolling_3h",
    "co_rolling_3h",
    "pm2_5_co_interaction",
    "hour_sin",
    "hour_cos"
  ],
  "scaler_needed": false,
  "all_models_saved": [
    "model_xgboost.pkl",
    "model_lightgbm.pkl",
    "model_catboost.pkl",
    "model_rf.pkl",
    "model_gb.pkl",
    "model_ridge.pkl",
    "model_linear.pkl"
  ],
  "all_metrics": {
    "train": {
      "xgboost": {
        "mae": 1.8373562400043983,
        "rmse": 3.359879784295571,
        "r2": 0.9988654683062171,
        "mape": 1.4924572276934644
      },
      "lightgbm": {
        "mae": 1.567124245446294,
        "rmse": 3.0960763040979917,
        "r2": 0.9990366314456571,
        "mape": 1.2806835774833039
      },
      "catboost": {
        "mae": 1.924038890996499,
        "rmse": 3.0621163441652155,
        "r2": 0.9990576493589138,
        "mape": 1.5878668864391539
      },
      "rf": {
        "mae": 1.157330025123666,
        "rmse": 3.850922507211702,
        "r2": 0.9985096141663281,
        "mape": 1.129026277749034
      },
      "gb": {
        "mae": 1.3801947794878484,
        "rmse": 2.9321760068872225,
        "r2": 0.9991359294036671,
        "mape": 1.1908077021100423
      },
      "ridge": {
        "mae": 8.897269061266794,
        "rmse": 11.767263499897613,
        "r2": 0.9860838176030364,
        "mape": 8.205491134717692
      },
      "linear": {
        "mae": 8.575343822395777,
        "rmse": 11.42188088648708,
        "r2": 0.986888740629198,
        "mape": 7.770216918248268
      }
    },
    "val": {
      "xgboost": {
        "mae": 2.9489887729627355,
        "rmse": 9.269173321606957,
        "r2": 0.9366009152212581,
        "mape": 5.411429249811086
      },
      "lightgbm": {
        "mae": 2.8292165690488984,
        "rmse": 9.921978735400893,
        "r2": 0.92735636520561,
        "mape": 4.58457429152509
      },
      "catboost": {
        "mae": 3.631057339321688,
        "rmse": 10.016925196408902,
        "r2": 0.9259594146166802,
        "mape": 6.0916499393958015
      },
      "rf": {
        "mae": 5.040638058622063,
        "rmse": 12.482770233054772,
        "r2": 0.8850198328031248,
        "mape": 8.511552258141073
      },
      "gb": {
        "mae": 2.756289126173737,
        "rmse": 9.71633233066505,
        "r2": 0.9303364336490152,
        "mape": 4.258713957523189
      },
      "ridge": {
        "mae": 6.824728999114319,
        "rmse": 11.925123680919917,
        "r2": 0.8950634536839169,
        "mape": 10.994181909514564
      },
      "linear": {
        "mae": 6.475725563545496,
        "rmse": 11.652640993454371,
        "r2": 0.899804154252515,
        "mape": 10.076263131192812
      }
    },
    "test": {
      "xgboost": {
        "mae": 3.455054643116732,
        "rmse": 6.143497412453033,
        "r2": 0.9720994996995607,
        "mape": 9.382572677297352
      },
      "lightgbm": {
        "mae": 3.878370552869915,
        "rmse": 6.595708765263661,
        "r2": 0.9678409231406754,
        "mape": 8.887448135176843
      },
      "catboost": {
        "mae": 3.990922381340445,
        "rmse": 6.358468638992821,
        "r2": 0.9701127677259371,
        "mape": 9.703635387097602
      },
      "rf": {
        "mae": 4.6501369225826314,
        "rmse": 7.525973148243356,
        "r2": 0.9581297108084549,
        "mape": 12.32241951328652
      },
      "gb": {
        "mae": 3.664128118692713,
        "rmse": 6.468188251261525,
        "r2": 0.9690724203564667,
        "mape": 7.136711443886473
      },
      "ridge": {
        "mae": 10.512761193628439,
        "rmse": 13.73842953774545,
        "r2": 0.8604741063362988,
        "mape": 22.492407812326757
      },
      "linear": {
        "mae": 9.118417508325425,
        "rmse": 12.2603151720784,
        "r2": 0.8888821318274182,
        "mape": 19.682558205795264
      }
    },
    "cv_mae": {
      "xgboost": 2.6502303274643633,
      "lightgbm": 2.5027395103970074,
      "catboost": 3.1994507950013413,
      "rf": 2.1256623474802576,
      "gb": 2.313346736246925,
      "ridge": 10.207306936452488,
      "linear": 9.363283901016512
    }
  }
}