{
  "trained_best_model": "rf",
  "new_test_metrics": {
    "mae": 4.750630346425967,
    "rmse": 7.610004644511276,
    "r2": 0.9561806637518008,
    "mape": 12.493076519660482
  },
  "cv_mae": {
    "xgboost": 2.6852370036324875,
    "lightgbm": 2.4967344463627934,
    "catboost": 3.169568708352995,
    "rf": 2.1330269285061854,
    "gb": 2.3426408632518463,
    "ridge": 10.206860562991086,
    "linear": 9.376308066997419
  },
  "test_mae_all": {
    "xgboost": 3.3678524463561055,
    "lightgbm": 3.7247200608907876,
    "catboost": 4.159751697757281,
    "rf": 4.750630346425967,
    "gb": 3.971953402824455,
    "ridge": 10.481781782060102,
    "linear": 9.123167568945098
  },
  "historical_best_cv_mae": 2.042469801781462,
  "is_new_historical_best": false,
  "features": [
    "pm2_5",
    "pm10",
    "co",
    "no2",
    "so2",
    "month_cos",
    "total_pm",
    "total_gases",
    "no2_o3_ratio",
    "pm2_5_rolling_3h",
    "pm10_rolling_3h",
    "co_rolling_3h",
    "pm2_5_co_interaction",
    "hour_sin",
    "hour_cos"
  ],
  "scaler_needed": false,
  "all_models_saved": [
    "model_xgboost.pkl",
    "model_lightgbm.pkl",
    "model_catboost.pkl",
    "model_rf.pkl",
    "model_gb.pkl",
    "model_ridge.pkl",
    "model_linear.pkl"
  ],
  "all_metrics": {
    "train": {
      "xgboost": {
        "mae": 1.8573634147021947,
        "rmse": 3.380598657592939,
        "r2": 0.9988521167373148,
        "mape": 1.4885216748376666
      },
      "lightgbm": {
        "mae": 1.7478149240930743,
        "rmse": 3.442059655365712,
        "r2": 0.9988099991269688,
        "mape": 1.4180449058907874
      },
      "catboost": {
        "mae": 1.9519065163380684,
        "rmse": 3.0781889138328493,
        "r2": 0.999048297886953,
        "mape": 1.609297611300016
      },
      "rf": {
        "mae": 1.1533258640988029,
        "rmse": 3.840126753572135,
        "r2": 0.9985188412333333,
        "mape": 1.1266174370180824
      },
      "gb": {
        "mae": 1.3907888940199757,
        "rmse": 2.905944705789477,
        "r2": 0.9991518255482832,
        "mape": 1.1989802504523173
      },
      "ridge": {
        "mae": 8.939172159539071,
        "rmse": 11.795136221438907,
        "r2": 0.9860261390977907,
        "mape": 8.226823914805061
      },
      "linear": {
        "mae": 8.608556775327518,
        "rmse": 11.442219654743447,
        "r2": 0.9868498394447207,
        "mape": 7.780847727364783
      }
    },
    "val": {
      "xgboost": {
        "mae": 2.9500703376177784,
        "rmse": 9.221320000363804,
        "r2": 0.9357137586156864,
        "mape": 5.248786049996215
      },
      "lightgbm": {
        "mae": 2.9749262715729583,
        "rmse": 10.105082921193109,
        "r2": 0.9228010112565461,
        "mape": 4.696059232449301
      },
      "catboost": {
        "mae": 3.55292188139739,
        "rmse": 9.878550767814277,
        "r2": 0.9262234537673075,
        "mape": 6.172836718401777
      },
      "rf": {
        "mae": 5.194898515085662,
        "rmse": 12.542335289351412,
        "r2": 0.8810707552452448,
        "mape": 8.712562933484028
      },
      "gb": {
        "mae": 2.9655957462296896,
        "rmse": 9.900808687326167,
        "r2": 0.9258906190358607,
        "mape": 4.8948350953460675
      },
      "ridge": {
        "mae": 6.662220284240272,
        "rmse": 11.846465115565925,
        "r2": 0.8939014599490841,
        "mape": 10.881080087455537
      },
      "linear": {
        "mae": 6.302740161659634,
        "rmse": 11.570477857546825,
        "r2": 0.8987874331225038,
        "mape": 9.950741202327501
      }
    },
    "test": {
      "xgboost": {
        "mae": 3.3678524463561055,
        "rmse": 6.045338190431863,
        "r2": 0.9723473247210559,
        "mape": 9.060723484030255
      },
      "lightgbm": {
        "mae": 3.7247200608907876,
        "rmse": 6.18836612953315,
        "r2": 0.9710233648809906,
        "mape": 8.441506499264973
      },
      "catboost": {
        "mae": 4.159751697757281,
        "rmse": 6.701988600001066,
        "r2": 0.9660137442889144,
        "mape": 10.120408460509394
      },
      "rf": {
        "mae": 4.750630346425967,
        "rmse": 7.6100046445112755,
        "r2": 0.9561806637518008,
        "mape": 12.493076519660482
      },
      "gb": {
        "mae": 3.971953402824455,
        "rmse": 6.876965616285129,
        "r2": 0.9642159363999125,
        "mape": 8.41864408930582
      },
      "ridge": {
        "mae": 10.481781782060102,
        "rmse": 13.727879387931855,
        "r2": 0.8574054717160537,
        "mape": 22.529983443994936
      },
      "linear": {
        "mae": 9.123167568945098,
        "rmse": 12.264648349279561,
        "r2": 0.8861832572866863,
        "mape": 19.711647199464654
      }
    },
    "cv_mae": {
      "xgboost": 2.6852370036324875,
      "lightgbm": 2.4967344463627934,
      "catboost": 3.169568708352995,
      "rf": 2.1330269285061854,
      "gb": 2.3426408632518463,
      "ridge": 10.206860562991086,
      "linear": 9.376308066997419
    }
  }
}