{
  "trained_best_model": "gb",
  "new_test_metrics": {
    "mae": 5.840032319673981,
    "rmse": 9.621924790985696,
    "r2": 0.9580515587610601,
    "mape": 7.744307861770758
  },
  "cv_mae": {
    "xgboost": 2.5986285551186876,
    "lightgbm": 2.412624969307191,
    "catboost": 3.15075135749663,
    "rf": 2.2638345511982285,
    "gb": 2.1727072337509883,
    "ridge": 9.734352178229653,
    "linear": 8.926169598462888
  },
  "test_mae_all": {
    "xgboost": 3.10303838133982,
    "lightgbm": 4.838674827887792,
    "catboost": 3.368129269183413,
    "rf": 3.351235744170327,
    "gb": 5.840032319673981,
    "ridge": 11.580185987159973,
    "linear": 9.916411056722787
  },
  "historical_best_cv_mae": 2.042469801781462,
  "is_new_historical_best": false,
  "features": [
    "pm2_5",
    "pm10",
    "co",
    "no2",
    "so2",
    "month_cos",
    "total_pm",
    "total_gases",
    "no2_o3_ratio",
    "pm2_5_rolling_3h",
    "pm10_rolling_3h",
    "co_rolling_3h",
    "pm2_5_co_interaction",
    "hour_sin",
    "hour_cos"
  ],
  "scaler_needed": false,
  "all_models_saved": [
    "model_xgboost.pkl",
    "model_lightgbm.pkl",
    "model_catboost.pkl",
    "model_rf.pkl",
    "model_gb.pkl",
    "model_ridge.pkl",
    "model_linear.pkl"
  ],
  "all_metrics": {
    "train": {
      "xgboost": {
        "mae": 1.818644279136583,
        "rmse": 3.4192136240475772,
        "r2": 0.9987595956973323,
        "mape": 1.4904040179888163
      },
      "lightgbm": {
        "mae": 1.5178704124452036,
        "rmse": 3.0497017411191116,
        "r2": 0.9990132082070556,
        "mape": 1.2721808874930942
      },
      "catboost": {
        "mae": 1.8965352113241818,
        "rmse": 3.0423309443841937,
        "r2": 0.9990179723792824,
        "mape": 1.613566633775085
      },
      "rf": {
        "mae": 1.180256192527937,
        "rmse": 3.8768624273981436,
        "r2": 0.9984053272476388,
        "mape": 1.1667338793767823
      },
      "gb": {
        "mae": 1.3928890634362379,
        "rmse": 2.9937361300148675,
        "r2": 0.9990490934677433,
        "mape": 1.2172500203277772
      },
      "ridge": {
        "mae": 8.614620828410686,
        "rmse": 11.486409854274518,
        "r2": 0.9860015673998573,
        "mape": 8.103168724656943
      },
      "linear": {
        "mae": 8.316406563959957,
        "rmse": 11.159971740278968,
        "r2": 0.986785918435731,
        "mape": 7.689508242210084
      }
    },
    "val": {
      "xgboost": {
        "mae": 2.697357719891692,
        "rmse": 8.850043144659198,
        "r2": 0.9414666401453997,
        "mape": 4.348393760745002
      },
      "lightgbm": {
        "mae": 2.522528706664563,
        "rmse": 9.855368748006454,
        "r2": 0.9274130689949283,
        "mape": 3.8320050013644655
      },
      "catboost": {
        "mae": 3.1854735646197025,
        "rmse": 10.104485630720683,
        "r2": 0.9236970903711785,
        "mape": 5.2075156146339125
      },
      "rf": {
        "mae": 3.4036941031787613,
        "rmse": 11.871077618761666,
        "r2": 0.8946843367862405,
        "mape": 5.948699584536878
      },
      "gb": {
        "mae": 2.6098193243203704,
        "rmse": 9.496153975956393,
        "r2": 0.9326080266269813,
        "mape": 3.8442180038373692
      },
      "ridge": {
        "mae": 6.4059522472638735,
        "rmse": 11.59338113865439,
        "r2": 0.8995539402062863,
        "mape": 10.37111386262829
      },
      "linear": {
        "mae": 6.021534109769328,
        "rmse": 11.419472879760534,
        "r2": 0.9025448503621758,
        "mape": 9.437213164507721
      }
    },
    "test": {
      "xgboost": {
        "mae": 3.10303838133982,
        "rmse": 5.00266455877957,
        "r2": 0.9886604798187966,
        "mape": 6.949524951108998
      },
      "lightgbm": {
        "mae": 4.838674827887792,
        "rmse": 7.895701518995333,
        "r2": 0.9717529332428207,
        "mape": 7.830979386950084
      },
      "catboost": {
        "mae": 3.368129269183413,
        "rmse": 5.638575586137587,
        "r2": 0.9855944207885877,
        "mape": 8.498969712127842
      },
      "rf": {
        "mae": 3.351235744170327,
        "rmse": 6.51438890202608,
        "r2": 0.9807717714556082,
        "mape": 10.131316351090488
      },
      "gb": {
        "mae": 5.840032319673981,
        "rmse": 9.621924790985696,
        "r2": 0.9580515587610601,
        "mape": 7.744307861770758
      },
      "ridge": {
        "mae": 11.580185987159973,
        "rmse": 14.459959736589568,
        "r2": 0.9052615927671697,
        "mape": 22.303838640844543
      },
      "linear": {
        "mae": 9.916411056722787,
        "rmse": 12.748546001313079,
        "r2": 0.9263600945192378,
        "mape": 19.487351976873192
      }
    },
    "cv_mae": {
      "xgboost": 2.5986285551186876,
      "lightgbm": 2.412624969307191,
      "catboost": 3.15075135749663,
      "rf": 2.2638345511982285,
      "gb": 2.1727072337509883,
      "ridge": 9.734352178229653,
      "linear": 8.926169598462888
    }
  }
}