{
  "trained_best_model": "rf",
  "new_test_metrics": {
    "mae": 3.5827702563973025,
    "rmse": 6.676179243421784,
    "r2": 0.9720948359855293,
    "mape": 10.363025170325841
  },
  "cv_mae": {
    "xgboost": 2.5383381767049,
    "lightgbm": 2.4106462452819826,
    "catboost": 3.1517194607105212,
    "rf": 2.1168673657165678,
    "gb": 2.164779853538962,
    "ridge": 10.088337319135587,
    "linear": 9.343991565419781
  },
  "test_mae_all": {
    "xgboost": 3.518679768756861,
    "lightgbm": 4.098293955159159,
    "catboost": 3.84284866096158,
    "rf": 3.5827702563973025,
    "gb": 4.1798689467593935,
    "ridge": 10.53432227261545,
    "linear": 9.083620134382192
  },
  "historical_best_cv_mae": 2.042469801781462,
  "is_new_historical_best": false,
  "features": [
    "pm2_5",
    "pm10",
    "co",
    "no2",
    "so2",
    "month_cos",
    "total_pm",
    "total_gases",
    "no2_o3_ratio",
    "pm2_5_rolling_3h",
    "pm10_rolling_3h",
    "co_rolling_3h",
    "pm2_5_co_interaction",
    "hour_sin",
    "hour_cos"
  ],
  "scaler_needed": false,
  "all_models_saved": [
    "model_xgboost.pkl",
    "model_lightgbm.pkl",
    "model_catboost.pkl",
    "model_rf.pkl",
    "model_gb.pkl",
    "model_ridge.pkl",
    "model_linear.pkl"
  ],
  "all_metrics": {
    "train": {
      "xgboost": {
        "mae": 1.8191412650753451,
        "rmse": 3.348910537548844,
        "r2": 0.9988653772731174,
        "mape": 1.4783435523641826
      },
      "lightgbm": {
        "mae": 1.6843629070364936,
        "rmse": 3.3306772555185713,
        "r2": 0.998877698640256,
        "mape": 1.3844609742655671
      },
      "catboost": {
        "mae": 1.9063805263308153,
        "rmse": 3.029092469361831,
        "r2": 0.9990717404008925,
        "mape": 1.6010076616119535
      },
      "rf": {
        "mae": 1.1676289958985786,
        "rmse": 3.8661238205773722,
        "r2": 0.9984878464109964,
        "mape": 1.143072715944471
      },
      "gb": {
        "mae": 1.3873061122393495,
        "rmse": 2.9358001423984135,
        "r2": 0.9991280383976102,
        "mape": 1.2011831910170907
      },
      "ridge": {
        "mae": 8.846042153535628,
        "rmse": 11.715640134796786,
        "r2": 0.9861140232846337,
        "mape": 8.203825608340749
      },
      "linear": {
        "mae": 8.529004593677369,
        "rmse": 11.373881778253157,
        "r2": 0.9869123459682994,
        "mape": 7.7708790391951155
      }
    },
    "val": {
      "xgboost": {
        "mae": 2.764981557245124,
        "rmse": 8.959058611376088,
        "r2": 0.9418351817748108,
        "mape": 4.7812968778900915
      },
      "lightgbm": {
        "mae": 2.9165683662447566,
        "rmse": 10.22499941995053,
        "r2": 0.924236120679288,
        "mape": 4.513728346307887
      },
      "catboost": {
        "mae": 3.3422400141423134,
        "rmse": 10.025884113807354,
        "r2": 0.9271581477924296,
        "mape": 5.506697965115722
      },
      "rf": {
        "mae": 4.022670164651243,
        "rmse": 12.124091822945562,
        "r2": 0.8934792898020304,
        "mape": 6.607679106405419
      },
      "gb": {
        "mae": 2.7204839270169345,
        "rmse": 9.73463603009547,
        "r2": 0.9313287336691342,
        "mape": 4.204173274391669
      },
      "ridge": {
        "mae": 6.593453844348532,
        "rmse": 11.908271508334545,
        "r2": 0.8972378751988941,
        "mape": 10.356336317706377
      },
      "linear": {
        "mae": 6.32578053179865,
        "rmse": 11.7114113839166,
        "r2": 0.9006073905357996,
        "mape": 9.616813991432286
      }
    },
    "test": {
      "xgboost": {
        "mae": 3.518679768756861,
        "rmse": 6.117677207897153,
        "r2": 0.9765684121618505,
        "mape": 8.388787492812229
      },
      "lightgbm": {
        "mae": 4.098293955159159,
        "rmse": 6.790178152320113,
        "r2": 0.9711337119587655,
        "mape": 8.728408117885008
      },
      "catboost": {
        "mae": 3.84284866096158,
        "rmse": 6.231215179187316,
        "r2": 0.9756906077909023,
        "mape": 9.135751705090344
      },
      "rf": {
        "mae": 3.5827702563973025,
        "rmse": 6.676179243421785,
        "r2": 0.9720948359855293,
        "mape": 10.363025170325841
      },
      "gb": {
        "mae": 4.1798689467593935,
        "rmse": 7.607130378018364,
        "r2": 0.9637698341256749,
        "mape": 7.418807246765469
      },
      "ridge": {
        "mae": 10.53432227261545,
        "rmse": 13.695215115250662,
        "r2": 0.8825734451043729,
        "mape": 22.123627114859364
      },
      "linear": {
        "mae": 9.083620134382192,
        "rmse": 12.181627323577773,
        "r2": 0.9070949715212051,
        "mape": 19.326463034677392
      }
    },
    "cv_mae": {
      "xgboost": 2.5383381767049,
      "lightgbm": 2.4106462452819826,
      "catboost": 3.1517194607105212,
      "rf": 2.1168673657165678,
      "gb": 2.164779853538962,
      "ridge": 10.088337319135587,
      "linear": 9.343991565419781
    }
  }
}