{
  "trained_best_model": "rf",
  "new_test_metrics": {
    "mae": 3.6607282340727614,
    "rmse": 6.784008162277896,
    "r2": 0.9715385551061715,
    "mape": 10.591652309146808
  },
  "cv_mae": {
    "xgboost": 2.5739134480575294,
    "lightgbm": 2.4126390908931064,
    "catboost": 3.1345225220803057,
    "rf": 2.0920167141466677,
    "gb": 2.213610108926769,
    "ridge": 10.043711028290009,
    "linear": 9.312026058546373
  },
  "test_mae_all": {
    "xgboost": 3.3134698424291678,
    "lightgbm": 3.417839849441328,
    "catboost": 4.142485681749422,
    "rf": 3.660728234072761,
    "gb": 4.23043887585531,
    "ridge": 10.553439710273102,
    "linear": 9.103374637132003
  },
  "historical_best_cv_mae": 2.042469801781462,
  "is_new_historical_best": false,
  "features": [
    "pm2_5",
    "pm10",
    "co",
    "no2",
    "so2",
    "month_cos",
    "total_pm",
    "total_gases",
    "no2_o3_ratio",
    "pm2_5_rolling_3h",
    "pm10_rolling_3h",
    "co_rolling_3h",
    "pm2_5_co_interaction",
    "hour_sin",
    "hour_cos"
  ],
  "scaler_needed": false,
  "all_models_saved": [
    "model_xgboost.pkl",
    "model_lightgbm.pkl",
    "model_catboost.pkl",
    "model_rf.pkl",
    "model_gb.pkl",
    "model_ridge.pkl",
    "model_linear.pkl"
  ],
  "all_metrics": {
    "train": {
      "xgboost": {
        "mae": 1.8220783116688388,
        "rmse": 3.3867480384619166,
        "r2": 0.9988396159973612,
        "mape": 1.482616703649098
      },
      "lightgbm": {
        "mae": 1.9456452170529275,
        "rmse": 3.9417618733038577,
        "r2": 0.9984281296357099,
        "mape": 1.5969134150361293
      },
      "catboost": {
        "mae": 1.9179963277864658,
        "rmse": 3.005247131868434,
        "r2": 0.9990863153270683,
        "mape": 1.6098981805490293
      },
      "rf": {
        "mae": 1.1703895418467554,
        "rmse": 3.8831258317913164,
        "r2": 0.9984745468116767,
        "mape": 1.1458136250920852
      },
      "gb": {
        "mae": 1.3861338486265637,
        "rmse": 2.9203967724908226,
        "r2": 0.9991371810466263,
        "mape": 1.190453247526364
      },
      "ridge": {
        "mae": 8.82570786396636,
        "rmse": 11.694089019158488,
        "r2": 0.9861653317943762,
        "mape": 8.179813483530038
      },
      "linear": {
        "mae": 8.510513980006827,
        "rmse": 11.355731823954457,
        "r2": 0.9869543352900874,
        "mape": 7.749976747253242
      }
    },
    "val": {
      "xgboost": {
        "mae": 2.8055925129755446,
        "rmse": 8.952923694253668,
        "r2": 0.9414118611734762,
        "mape": 4.985527837241912
      },
      "lightgbm": {
        "mae": 2.892118192419733,
        "rmse": 10.430799400806674,
        "r2": 0.9204729042602791,
        "mape": 4.433834817058247
      },
      "catboost": {
        "mae": 3.412266642738405,
        "rmse": 9.709298303732538,
        "r2": 0.9310942245370546,
        "mape": 5.867798982801686
      },
      "rf": {
        "mae": 4.027617228377916,
        "rmse": 12.1322763324591,
        "r2": 0.8924118293963268,
        "mape": 6.711857270466809
      },
      "gb": {
        "mae": 2.6324354479001264,
        "rmse": 9.519546181469885,
        "r2": 0.9337612045740568,
        "mape": 4.079366607309487
      },
      "ridge": {
        "mae": 6.568126972243168,
        "rmse": 11.858159929971867,
        "r2": 0.8972185967736868,
        "mape": 10.357200259589304
      },
      "linear": {
        "mae": 6.302911787285352,
        "rmse": 11.679609195962094,
        "r2": 0.9002904953629952,
        "mape": 9.613019419329998
      }
    },
    "test": {
      "xgboost": {
        "mae": 3.3134698424291678,
        "rmse": 5.878926685288794,
        "r2": 0.9786262704924308,
        "mape": 8.648069626178017
      },
      "lightgbm": {
        "mae": 3.417839849441328,
        "rmse": 5.722359144381303,
        "r2": 0.979749560971637,
        "mape": 8.207943285176796
      },
      "catboost": {
        "mae": 4.142485681749422,
        "rmse": 6.606953439474806,
        "r2": 0.9730047898317273,
        "mape": 9.969079555376387
      },
      "rf": {
        "mae": 3.660728234072761,
        "rmse": 6.784008162277896,
        "r2": 0.9715385551061715,
        "mape": 10.591652309146808
      },
      "gb": {
        "mae": 4.23043887585531,
        "rmse": 7.635749136158976,
        "r2": 0.9639431715302035,
        "mape": 7.220326967914745
      },
      "ridge": {
        "mae": 10.553439710273102,
        "rmse": 13.700281787570184,
        "r2": 0.8839237898470246,
        "mape": 22.068427879340916
      },
      "linear": {
        "mae": 9.103374637132003,
        "rmse": 12.187537434106218,
        "r2": 0.9081421775962175,
        "mape": 19.29262264842787
      }
    },
    "cv_mae": {
      "xgboost": 2.5739134480575294,
      "lightgbm": 2.4126390908931064,
      "catboost": 3.1345225220803057,
      "rf": 2.0920167141466677,
      "gb": 2.213610108926769,
      "ridge": 10.043711028290009,
      "linear": 9.312026058546373
    }
  }
}