{
  "trained_best_model": "rf",
  "new_test_metrics": {
    "mae": 3.2231914050481962,
    "rmse": 6.2513035987238865,
    "r2": 0.9821182738379063,
    "mape": 9.7327927715886
  },
  "cv_mae": {
    "xgboost": 2.5940463213538,
    "lightgbm": 2.4717185112876234,
    "catboost": 3.1285430494220607,
    "rf": 2.2003831856718077,
    "gb": 2.297511835433859,
    "ridge": 9.63811603116018,
    "linear": 8.871671160225997
  },
  "test_mae_all": {
    "xgboost": 3.1865494938957877,
    "lightgbm": 3.842224461834324,
    "catboost": 3.684250999415227,
    "rf": 3.2231914050481976,
    "gb": 6.312840945755012,
    "ridge": 11.563372310494968,
    "linear": 9.918591355777378
  },
  "historical_best_cv_mae": 2.042469801781462,
  "is_new_historical_best": false,
  "features": [
    "pm2_5",
    "pm10",
    "co",
    "no2",
    "so2",
    "month_cos",
    "total_pm",
    "total_gases",
    "no2_o3_ratio",
    "pm2_5_rolling_3h",
    "pm10_rolling_3h",
    "co_rolling_3h",
    "pm2_5_co_interaction",
    "hour_sin",
    "hour_cos"
  ],
  "scaler_needed": false,
  "all_models_saved": [
    "model_xgboost.pkl",
    "model_lightgbm.pkl",
    "model_catboost.pkl",
    "model_rf.pkl",
    "model_gb.pkl",
    "model_ridge.pkl",
    "model_linear.pkl"
  ],
  "all_metrics": {
    "train": {
      "xgboost": {
        "mae": 1.9780386175428117,
        "rmse": 3.7363288955131817,
        "r2": 0.9985366910843985,
        "mape": 1.6304298583366879
      },
      "lightgbm": {
        "mae": 1.648922854425435,
        "rmse": 3.359578275998741,
        "r2": 0.9988169166290827,
        "mape": 1.3543796921461968
      },
      "catboost": {
        "mae": 1.8829109269094462,
        "rmse": 2.99542589295008,
        "r2": 0.9990594909462788,
        "mape": 1.593922288928065
      },
      "rf": {
        "mae": 1.1722994263150388,
        "rmse": 3.8796992583564096,
        "r2": 0.9984222363540265,
        "mape": 1.1521917433257451
      },
      "gb": {
        "mae": 1.38936535883018,
        "rmse": 2.94447642607365,
        "r2": 0.999091213253627,
        "mape": 1.2055369158280635
      },
      "ridge": {
        "mae": 8.646799363455314,
        "rmse": 11.525861447301644,
        "r2": 0.9860750831464549,
        "mape": 8.114745081963589
      },
      "linear": {
        "mae": 8.352881221130781,
        "rmse": 11.208031770032312,
        "r2": 0.9868324635850473,
        "mape": 7.705071731795988
      }
    },
    "val": {
      "xgboost": {
        "mae": 2.859515558094739,
        "rmse": 9.306023298793297,
        "r2": 0.9353884510440288,
        "mape": 4.593380870662631
      },
      "lightgbm": {
        "mae": 2.6085366452718506,
        "rmse": 9.967060757166676,
        "r2": 0.9258832968362348,
        "mape": 3.866504826113115
      },
      "catboost": {
        "mae": 3.03127269693314,
        "rmse": 9.99209441074881,
        "r2": 0.9255105205526618,
        "mape": 4.806894925984196
      },
      "rf": {
        "mae": 3.36600817197731,
        "rmse": 11.812027553455149,
        "r2": 0.8959047807257586,
        "mape": 5.7776975272150635
      },
      "gb": {
        "mae": 2.587893917832064,
        "rmse": 9.597933504243569,
        "r2": 0.9312714225149588,
        "mape": 3.8135281794876184
      },
      "ridge": {
        "mae": 6.429158670242427,
        "rmse": 11.592343870099782,
        "r2": 0.8997407636471343,
        "mape": 10.422285931660774
      },
      "linear": {
        "mae": 6.053006211235444,
        "rmse": 11.415404839621909,
        "r2": 0.902778007419722,
        "mape": 9.495085426656567
      }
    },
    "test": {
      "xgboost": {
        "mae": 3.1865494938957877,
        "rmse": 5.153064586985942,
        "r2": 0.9878493522969782,
        "mape": 7.277383604122602
      },
      "lightgbm": {
        "mae": 3.842224461834324,
        "rmse": 6.091391226162261,
        "r2": 0.9830214247302592,
        "mape": 7.251847872601064
      },
      "catboost": {
        "mae": 3.684250999415227,
        "rmse": 5.919619792486435,
        "r2": 0.9839654829182348,
        "mape": 8.455483386552402
      },
      "rf": {
        "mae": 3.2231914050481976,
        "rmse": 6.2513035987238865,
        "r2": 0.9821182738379063,
        "mape": 9.7327927715886
      },
      "gb": {
        "mae": 6.312840945755012,
        "rmse": 10.709496411957796,
        "r2": 0.9475184858066074,
        "mape": 7.945852705441367
      },
      "ridge": {
        "mae": 11.563372310494968,
        "rmse": 14.449608779808614,
        "r2": 0.9044610563514806,
        "mape": 22.316581691580197
      },
      "linear": {
        "mae": 9.918591355777378,
        "rmse": 12.767467481069154,
        "r2": 0.9254104858711136,
        "mape": 19.520207193611117
      }
    },
    "cv_mae": {
      "xgboost": 2.5940463213538,
      "lightgbm": 2.4717185112876234,
      "catboost": 3.1285430494220607,
      "rf": 2.2003831856718077,
      "gb": 2.297511835433859,
      "ridge": 9.63811603116018,
      "linear": 8.871671160225997
    }
  }
}