{
  "trained_best_model": "rf",
  "new_test_metrics": {
    "mae": 3.4118449581348096,
    "rmse": 6.571055379492645,
    "r2": 0.9754323820926277,
    "mape": 10.285105338208343
  },
  "cv_mae": {
    "xgboost": 2.698418030113623,
    "lightgbm": 2.473622080361486,
    "catboost": 3.0581489840784015,
    "rf": 2.2273986912864734,
    "gb": 2.2912190521833606,
    "ridge": 9.726487939731317,
    "linear": 9.07745432446516
  },
  "test_mae_all": {
    "xgboost": 3.461071997736388,
    "lightgbm": 4.268604811149916,
    "catboost": 3.949083901440356,
    "rf": 3.411844958134809,
    "gb": 5.260868895544681,
    "ridge": 10.950203377922756,
    "linear": 9.392379762011956
  },
  "historical_best_cv_mae": 2.042469801781462,
  "is_new_historical_best": false,
  "features": [
    "pm2_5",
    "pm10",
    "co",
    "no2",
    "so2",
    "month_cos",
    "total_pm",
    "total_gases",
    "no2_o3_ratio",
    "pm2_5_rolling_3h",
    "pm10_rolling_3h",
    "co_rolling_3h",
    "pm2_5_co_interaction",
    "hour_sin",
    "hour_cos"
  ],
  "scaler_needed": false,
  "all_models_saved": [
    "model_xgboost.pkl",
    "model_lightgbm.pkl",
    "model_catboost.pkl",
    "model_rf.pkl",
    "model_gb.pkl",
    "model_ridge.pkl",
    "model_linear.pkl"
  ],
  "all_metrics": {
    "train": {
      "xgboost": {
        "mae": 1.87129549037687,
        "rmse": 3.4313478322743394,
        "r2": 0.99879895586666,
        "mape": 1.5113350652883293
      },
      "lightgbm": {
        "mae": 1.6613087926775028,
        "rmse": 3.2860552922751327,
        "r2": 0.9988985134178446,
        "mape": 1.3623294095954044
      },
      "catboost": {
        "mae": 1.898954350909275,
        "rmse": 3.0023125034350073,
        "r2": 0.9990805221588385,
        "mape": 1.5895690694084654
      },
      "rf": {
        "mae": 1.169154128234281,
        "rmse": 3.8848511971657977,
        "r2": 0.9984605050994583,
        "mape": 1.1430156564288279
      },
      "gb": {
        "mae": 1.4014818493475893,
        "rmse": 2.9721525545914154,
        "r2": 0.9990989027342773,
        "mape": 1.2146381578796492
      },
      "ridge": {
        "mae": 8.770407073338422,
        "rmse": 11.649818436871799,
        "r2": 0.9861558023347863,
        "mape": 8.13287664678298
      },
      "linear": {
        "mae": 8.455038223373954,
        "rmse": 11.313772738538114,
        "r2": 0.9869429706858814,
        "mape": 7.705004612989377
      }
    },
    "val": {
      "xgboost": {
        "mae": 2.7129005275360525,
        "rmse": 8.754246518424651,
        "r2": 0.9430997429022758,
        "mape": 4.828808436892014
      },
      "lightgbm": {
        "mae": 2.9063049579765843,
        "rmse": 10.300668891354272,
        "r2": 0.9212215305231969,
        "mape": 4.654068001036098
      },
      "catboost": {
        "mae": 3.433768449187123,
        "rmse": 10.069939769864323,
        "r2": 0.9247111904202381,
        "mape": 5.896563499950249
      },
      "rf": {
        "mae": 3.5134900223142305,
        "rmse": 11.91639564859404,
        "r2": 0.8945694400854481,
        "mape": 6.1317003052031955
      },
      "gb": {
        "mae": 2.7030209760723625,
        "rmse": 9.813269921290958,
        "r2": 0.9285003075592355,
        "mape": 4.439559292611005
      },
      "ridge": {
        "mae": 6.577365425674382,
        "rmse": 11.77675591477759,
        "r2": 0.8970258934828802,
        "mape": 10.427393950606605
      },
      "linear": {
        "mae": 6.3350595720276095,
        "rmse": 11.655105382951056,
        "r2": 0.899142292174079,
        "mape": 9.677671624744681
      }
    },
    "test": {
      "xgboost": {
        "mae": 3.461071997736388,
        "rmse": 6.017896846922827,
        "r2": 0.9793945419685319,
        "mape": 8.378064804950348
      },
      "lightgbm": {
        "mae": 4.268604811149916,
        "rmse": 6.775128236779881,
        "r2": 0.9738827266885236,
        "mape": 8.901040585678558
      },
      "catboost": {
        "mae": 3.949083901440356,
        "rmse": 6.4438294727742065,
        "r2": 0.9763745074198756,
        "mape": 9.794210234755294
      },
      "rf": {
        "mae": 3.411844958134809,
        "rmse": 6.571055379492644,
        "r2": 0.9754323820926277,
        "mape": 10.285105338208341
      },
      "gb": {
        "mae": 5.260868895544681,
        "rmse": 9.050187471589624,
        "r2": 0.9533976362423473,
        "mape": 8.809323787234137
      },
      "ridge": {
        "mae": 10.950203377922756,
        "rmse": 14.027426409219826,
        "r2": 0.8880436342375391,
        "mape": 22.16111739226202
      },
      "linear": {
        "mae": 9.392379762011956,
        "rmse": 12.407618291232422,
        "r2": 0.9124069511606965,
        "mape": 19.334623918153692
      }
    },
    "cv_mae": {
      "xgboost": 2.698418030113623,
      "lightgbm": 2.473622080361486,
      "catboost": 3.0581489840784015,
      "rf": 2.2273986912864734,
      "gb": 2.2912190521833606,
      "ridge": 9.726487939731317,
      "linear": 9.07745432446516
    }
  }
}