{
  "trained_best_model": "rf",
  "new_test_metrics": {
    "mae": 3.2438615769718147,
    "rmse": 6.238787843469338,
    "r2": 0.9823568219522015,
    "mape": 9.732497749541775
  },
  "cv_mae": {
    "xgboost": 2.798461497133258,
    "lightgbm": 2.398657654983512,
    "catboost": 3.238395990770909,
    "rf": 2.2160019928442916,
    "gb": 2.265834789940856,
    "ridge": 9.65216400851395,
    "linear": 8.880484081543532
  },
  "test_mae_all": {
    "xgboost": 3.260426943856537,
    "lightgbm": 3.551347989610974,
    "catboost": 3.2788559987721455,
    "rf": 3.2438615769718147,
    "gb": 5.646768759567078,
    "ridge": 11.591680515286559,
    "linear": 9.938414847542933
  },
  "historical_best_cv_mae": 2.042469801781462,
  "is_new_historical_best": false,
  "features": [
    "pm2_5",
    "pm10",
    "co",
    "no2",
    "so2",
    "month_cos",
    "total_pm",
    "total_gases",
    "no2_o3_ratio",
    "pm2_5_rolling_3h",
    "pm10_rolling_3h",
    "co_rolling_3h",
    "pm2_5_co_interaction",
    "hour_sin",
    "hour_cos"
  ],
  "scaler_needed": false,
  "all_models_saved": [
    "model_xgboost.pkl",
    "model_lightgbm.pkl",
    "model_catboost.pkl",
    "model_rf.pkl",
    "model_gb.pkl",
    "model_ridge.pkl",
    "model_linear.pkl"
  ],
  "all_metrics": {
    "train": {
      "xgboost": {
        "mae": 1.9214449389184602,
        "rmse": 3.6114730373318107,
        "r2": 0.9986331259887784,
        "mape": 1.586208481228388
      },
      "lightgbm": {
        "mae": 1.851625843133801,
        "rmse": 3.8231585018063026,
        "r2": 0.9984681919779463,
        "mape": 1.5399651080540315
      },
      "catboost": {
        "mae": 1.8816702933057732,
        "rmse": 2.993294328187798,
        "r2": 0.9990610151654652,
        "mape": 1.5907827924009306
      },
      "rf": {
        "mae": 1.1811572172147886,
        "rmse": 3.895083806294112,
        "r2": 0.9984100138355315,
        "mape": 1.1628725855888868
      },
      "gb": {
        "mae": 1.3912758342209535,
        "rmse": 2.975721660363668,
        "r2": 0.9990720077591193,
        "mape": 1.2060641636495522
      },
      "ridge": {
        "mae": 8.641940756502672,
        "rmse": 11.523299796410226,
        "r2": 0.9860840309464056,
        "mape": 8.111591953496188
      },
      "linear": {
        "mae": 8.34818345741948,
        "rmse": 11.204842211025964,
        "r2": 0.9868425653176789,
        "mape": 7.702578953344286
      }
    },
    "val": {
      "xgboost": {
        "mae": 2.7794525242287276,
        "rmse": 9.006242195588174,
        "r2": 0.9394788171377411,
        "mape": 4.386837194910925
      },
      "lightgbm": {
        "mae": 2.755251375655818,
        "rmse": 10.315809941076248,
        "r2": 0.9205988435044692,
        "mape": 3.9951591975584773
      },
      "catboost": {
        "mae": 2.9810733854770484,
        "rmse": 9.63199641720787,
        "r2": 0.9307766219621805,
        "mape": 4.718367477411266
      },
      "rf": {
        "mae": 3.3750676588561306,
        "rmse": 11.786877455580319,
        "r2": 0.8963384494669259,
        "mape": 5.775744008251946
      },
      "gb": {
        "mae": 2.594078287364916,
        "rmse": 9.653289734624055,
        "r2": 0.9304702213848653,
        "mape": 3.687925572470226
      },
      "ridge": {
        "mae": 6.446468695730475,
        "rmse": 11.596122477012043,
        "r2": 0.8996665487521848,
        "mape": 10.446562206881364
      },
      "linear": {
        "mae": 6.053273954309663,
        "rmse": 11.415404928133755,
        "r2": 0.9027694355931798,
        "mape": 9.499503843855459
      }
    },
    "test": {
      "xgboost": {
        "mae": 3.260426943856537,
        "rmse": 5.249276780130561,
        "r2": 0.9875096293133154,
        "mape": 7.196520750231682
      },
      "lightgbm": {
        "mae": 3.551347989610974,
        "rmse": 5.683707692213642,
        "r2": 0.9853566699447595,
        "mape": 7.468169517221571
      },
      "catboost": {
        "mae": 3.2788559987721455,
        "rmse": 5.433487782358351,
        "r2": 0.9866176072325382,
        "mape": 7.817983154256
      },
      "rf": {
        "mae": 3.2438615769718147,
        "rmse": 6.238787843469338,
        "r2": 0.9823568219522015,
        "mape": 9.732497749541771
      },
      "gb": {
        "mae": 5.646768759567078,
        "rmse": 9.687947019077612,
        "r2": 0.9574558459472127,
        "mape": 7.364332096806274
      },
      "ridge": {
        "mae": 11.591680515286559,
        "rmse": 14.475494077621665,
        "r2": 0.9050175922789506,
        "mape": 22.326996960787078
      },
      "linear": {
        "mae": 9.938414847542933,
        "rmse": 12.78294841693015,
        "r2": 0.9259306633505923,
        "mape": 19.527955027119702
      }
    },
    "cv_mae": {
      "xgboost": 2.798461497133258,
      "lightgbm": 2.398657654983512,
      "catboost": 3.238395990770909,
      "rf": 2.2160019928442916,
      "gb": 2.265834789940856,
      "ridge": 9.65216400851395,
      "linear": 8.880484081543532
    }
  }
}