{
  "trained_best_model": "rf",
  "new_test_metrics": {
    "mae": 4.7077456652187495,
    "rmse": 7.676144074738868,
    "r2": 0.9566616891424865,
    "mape": 12.571423587762908
  },
  "cv_mae": {
    "xgboost": 2.6294512071254905,
    "lightgbm": 2.4747244613721877,
    "catboost": 3.1943436860937044,
    "rf": 2.1162888000179074,
    "gb": 2.3235540239185406,
    "ridge": 10.193137225094892,
    "linear": 9.323768085573755
  },
  "test_mae_all": {
    "xgboost": 3.3891669835241647,
    "lightgbm": 4.105565423630401,
    "catboost": 3.93914934411902,
    "rf": 4.7077456652187495,
    "gb": 3.9133084244345557,
    "ridge": 10.55215163876252,
    "linear": 9.16117855956483
  },
  "historical_best_cv_mae": 2.042469801781462,
  "is_new_historical_best": false,
  "features": [
    "pm2_5",
    "pm10",
    "co",
    "no2",
    "so2",
    "month_cos",
    "total_pm",
    "total_gases",
    "no2_o3_ratio",
    "pm2_5_rolling_3h",
    "pm10_rolling_3h",
    "co_rolling_3h",
    "pm2_5_co_interaction",
    "hour_sin",
    "hour_cos"
  ],
  "scaler_needed": false,
  "all_models_saved": [
    "model_xgboost.pkl",
    "model_lightgbm.pkl",
    "model_catboost.pkl",
    "model_rf.pkl",
    "model_gb.pkl",
    "model_ridge.pkl",
    "model_linear.pkl"
  ],
  "all_metrics": {
    "train": {
      "xgboost": {
        "mae": 1.8253438765133274,
        "rmse": 3.3468593958485324,
        "r2": 0.9988741434420642,
        "mape": 1.4662828326772537
      },
      "lightgbm": {
        "mae": 1.558830974055765,
        "rmse": 3.095498901865707,
        "r2": 0.9990369043195216,
        "mape": 1.2728732651628814
      },
      "catboost": {
        "mae": 1.9161139016816953,
        "rmse": 3.0379708224600304,
        "r2": 0.9990723688510643,
        "mape": 1.5869013938362577
      },
      "rf": {
        "mae": 1.1510211357454248,
        "rmse": 3.8338576150697437,
        "r2": 0.9985226612620932,
        "mape": 1.123680514400675
      },
      "gb": {
        "mae": 1.396025297434249,
        "rmse": 2.9242281008553745,
        "r2": 0.9991405302042836,
        "mape": 1.2026617027248856
      },
      "ridge": {
        "mae": 8.911423026543705,
        "rmse": 11.77446498030248,
        "r2": 0.9860655288360664,
        "mape": 8.207762322700466
      },
      "linear": {
        "mae": 8.58242964670353,
        "rmse": 11.42581836661346,
        "r2": 0.9868785219494708,
        "mape": 7.763652248994579
      }
    },
    "val": {
      "xgboost": {
        "mae": 2.7866123190753536,
        "rmse": 8.879751566220152,
        "r2": 0.9404942330471173,
        "mape": 5.034950386989802
      },
      "lightgbm": {
        "mae": 2.852540486273065,
        "rmse": 9.782159070304113,
        "r2": 0.9277850911178247,
        "mape": 4.616489001839251
      },
      "catboost": {
        "mae": 3.5531185827663236,
        "rmse": 10.396783596027635,
        "r2": 0.9184253094391959,
        "mape": 6.236431304513086
      },
      "rf": {
        "mae": 5.088125048183979,
        "rmse": 12.530111549598818,
        "r2": 0.8815139283674336,
        "mape": 8.645590008432482
      },
      "gb": {
        "mae": 2.771281388188134,
        "rmse": 9.615057102679884,
        "r2": 0.9302312147068358,
        "mape": 4.456749978405006
      },
      "ridge": {
        "mae": 6.672662307685729,
        "rmse": 11.846606559025853,
        "r2": 0.894087954286998,
        "mape": 10.888595089417862
      },
      "linear": {
        "mae": 6.343398482082976,
        "rmse": 11.57906307907574,
        "r2": 0.8988177655612094,
        "mape": 9.98975446007192
      }
    },
    "test": {
      "xgboost": {
        "mae": 3.3891669835241647,
        "rmse": 6.105936793186728,
        "r2": 0.9725785539028386,
        "mape": 8.996308274488724
      },
      "lightgbm": {
        "mae": 4.105565423630401,
        "rmse": 6.88093631277678,
        "r2": 0.9651758261843468,
        "mape": 9.208401878364688
      },
      "catboost": {
        "mae": 3.93914934411902,
        "rmse": 6.6787930830852105,
        "r2": 0.9671918514394653,
        "mape": 10.379649118447539
      },
      "rf": {
        "mae": 4.7077456652187495,
        "rmse": 7.676144074738867,
        "r2": 0.9566616891424865,
        "mape": 12.571423587762906
      },
      "gb": {
        "mae": 3.9133084244345557,
        "rmse": 6.92190381502431,
        "r2": 0.9647599216172902,
        "mape": 7.983360227399507
      },
      "ridge": {
        "mae": 10.55215163876252,
        "rmse": 13.757108818159878,
        "r2": 0.8607997258847179,
        "mape": 22.531143249680678
      },
      "linear": {
        "mae": 9.16117855956483,
        "rmse": 12.27932114057017,
        "r2": 0.8890992557719446,
        "mape": 19.70698564466425
      }
    },
    "cv_mae": {
      "xgboost": 2.6294512071254905,
      "lightgbm": 2.4747244613721877,
      "catboost": 3.1943436860937044,
      "rf": 2.1162888000179074,
      "gb": 2.3235540239185406,
      "ridge": 10.193137225094892,
      "linear": 9.323768085573755
    }
  }
}