{
  "trained_best_model": "rf",
  "new_test_metrics": {
    "mae": 3.192733671717327,
    "rmse": 6.2441221618055796,
    "r2": 0.9811648171185322,
    "mape": 9.700969359991001
  },
  "cv_mae": {
    "xgboost": 2.658622044079924,
    "lightgbm": 2.5015307721129085,
    "catboost": 3.2119119011157182,
    "rf": 2.1095709549019115,
    "gb": 2.1810541135435684,
    "ridge": 9.372530780300735,
    "linear": 8.781258240613914
  },
  "test_mae_all": {
    "xgboost": 3.5979528821654054,
    "lightgbm": 3.811964817735687,
    "catboost": 3.8308120481286094,
    "rf": 3.192733671717327,
    "gb": 5.621042320486639,
    "ridge": 11.460523183522271,
    "linear": 9.817633733754501
  },
  "historical_best_cv_mae": 2.042469801781462,
  "is_new_historical_best": false,
  "features": [
    "pm2_5",
    "pm10",
    "co",
    "no2",
    "so2",
    "month_cos",
    "total_pm",
    "total_gases",
    "no2_o3_ratio",
    "pm2_5_rolling_3h",
    "pm10_rolling_3h",
    "co_rolling_3h",
    "pm2_5_co_interaction",
    "hour_sin",
    "hour_cos"
  ],
  "scaler_needed": false,
  "all_models_saved": [
    "model_xgboost.pkl",
    "model_lightgbm.pkl",
    "model_catboost.pkl",
    "model_rf.pkl",
    "model_gb.pkl",
    "model_ridge.pkl",
    "model_linear.pkl"
  ],
  "all_metrics": {
    "train": {
      "xgboost": {
        "mae": 1.7973379877293258,
        "rmse": 3.383425747517016,
        "r2": 0.9988122133966872,
        "mape": 1.4667151747235598
      },
      "lightgbm": {
        "mae": 1.8297682891562241,
        "rmse": 3.7672790432574788,
        "r2": 0.9985274138815041,
        "mape": 1.5121609413157884
      },
      "catboost": {
        "mae": 1.8896942042046205,
        "rmse": 3.010183938929583,
        "r2": 0.9990598196041555,
        "mape": 1.5897589056411157
      },
      "rf": {
        "mae": 1.17917268632439,
        "rmse": 3.8937433663756593,
        "r2": 0.9984268875395261,
        "mape": 1.1554117258530572
      },
      "gb": {
        "mae": 1.3936708196510046,
        "rmse": 2.9681055575891633,
        "r2": 0.9990859208411366,
        "mape": 1.2120566784067677
      },
      "ridge": {
        "mae": 8.682001929206306,
        "rmse": 11.556003221338601,
        "r2": 0.9861439184308337,
        "mape": 8.12977974264456
      },
      "linear": {
        "mae": 8.38389813942887,
        "rmse": 11.236978929732194,
        "r2": 0.9868984024168164,
        "mape": 7.7160935473055785
      }
    },
    "val": {
      "xgboost": {
        "mae": 2.6747515125361754,
        "rmse": 8.741402320365069,
        "r2": 0.9430958266427669,
        "mape": 4.347414293741435
      },
      "lightgbm": {
        "mae": 2.7596777361433302,
        "rmse": 10.284297550408136,
        "r2": 0.9212353826323257,
        "mape": 4.173910881030263
      },
      "catboost": {
        "mae": 2.9096023398505073,
        "rmse": 9.661454547282396,
        "r2": 0.9304868561040954,
        "mape": 4.8224892044805525
      },
      "rf": {
        "mae": 3.3302224993973604,
        "rmse": 11.785708958154704,
        "r2": 0.8965588535426837,
        "mape": 5.723544258365266
      },
      "gb": {
        "mae": 2.6585622816702643,
        "rmse": 9.667522837463974,
        "r2": 0.9303995072686905,
        "mape": 3.886994977416225
      },
      "ridge": {
        "mae": 6.369799731428916,
        "rmse": 11.576459911023697,
        "r2": 0.9001993326975203,
        "mape": 10.345036563122417
      },
      "linear": {
        "mae": 6.041867489768313,
        "rmse": 11.407277167389362,
        "r2": 0.9030950663240465,
        "mape": 9.473063119769204
      }
    },
    "test": {
      "xgboost": {
        "mae": 3.5979528821654054,
        "rmse": 5.783788983156642,
        "r2": 0.9838396062395449,
        "mape": 7.383142031672277
      },
      "lightgbm": {
        "mae": 3.811964817735687,
        "rmse": 6.167328062748806,
        "r2": 0.9816252617764541,
        "mape": 7.576978060633095
      },
      "catboost": {
        "mae": 3.8308120481286094,
        "rmse": 5.987072809147681,
        "r2": 0.9826836586451894,
        "mape": 8.332413478239616
      },
      "rf": {
        "mae": 3.192733671717327,
        "rmse": 6.2441221618055796,
        "r2": 0.9811648171185322,
        "mape": 9.700969359991001
      },
      "gb": {
        "mae": 5.621042320486639,
        "rmse": 9.372742515847492,
        "r2": 0.9575614602568783,
        "mape": 7.729695051840752
      },
      "ridge": {
        "mae": 11.460523183522271,
        "rmse": 14.386311650056538,
        "r2": 0.9000170405700488,
        "mape": 22.299952532342175
      },
      "linear": {
        "mae": 9.817633733754501,
        "rmse": 12.709895753583385,
        "r2": 0.9219611185212849,
        "mape": 19.484718910501815
      }
    },
    "cv_mae": {
      "xgboost": 2.658622044079924,
      "lightgbm": 2.5015307721129085,
      "catboost": 3.2119119011157182,
      "rf": 2.1095709549019115,
      "gb": 2.1810541135435684,
      "ridge": 9.372530780300735,
      "linear": 8.781258240613914
    }
  }
}