{
  "trained_best_model": "rf",
  "new_test_metrics": {
    "mae": 3.369887921637088,
    "rmse": 6.557134251767285,
    "r2": 0.9763914033879995,
    "mape": 10.247714082530806
  },
  "cv_mae": {
    "xgboost": 2.67841371472801,
    "lightgbm": 2.5073344971883746,
    "catboost": 3.1737963455572236,
    "rf": 2.284943515313037,
    "gb": 2.3420667605722887,
    "ridge": 9.653289429915139,
    "linear": 9.05333087721886
  },
  "test_mae_all": {
    "xgboost": 3.5298808975328564,
    "lightgbm": 4.521734818611254,
    "catboost": 4.107083250691711,
    "rf": 3.369887921637087,
    "gb": 4.767754436085233,
    "ridge": 11.131442708345393,
    "linear": 9.51693594077747
  },
  "historical_best_cv_mae": 2.042469801781462,
  "is_new_historical_best": false,
  "features": [
    "pm2_5",
    "pm10",
    "co",
    "no2",
    "so2",
    "month_cos",
    "total_pm",
    "total_gases",
    "no2_o3_ratio",
    "pm2_5_rolling_3h",
    "pm10_rolling_3h",
    "co_rolling_3h",
    "pm2_5_co_interaction",
    "hour_sin",
    "hour_cos"
  ],
  "scaler_needed": false,
  "all_models_saved": [
    "model_xgboost.pkl",
    "model_lightgbm.pkl",
    "model_catboost.pkl",
    "model_rf.pkl",
    "model_gb.pkl",
    "model_ridge.pkl",
    "model_linear.pkl"
  ],
  "all_metrics": {
    "train": {
      "xgboost": {
        "mae": 1.8315378593138754,
        "rmse": 3.3874796167897836,
        "r2": 0.9988205619539388,
        "mape": 1.485332545566388
      },
      "lightgbm": {
        "mae": 1.5850461005900636,
        "rmse": 3.159374957804369,
        "r2": 0.9989740549635258,
        "mape": 1.296969909970349
      },
      "catboost": {
        "mae": 1.8903666900373157,
        "rmse": 2.974123850577778,
        "r2": 0.999090840981159,
        "mape": 1.5892153167873446
      },
      "rf": {
        "mae": 1.1740654249067548,
        "rmse": 3.8868223383311173,
        "r2": 0.9984472156981027,
        "mape": 1.1504397488209877
      },
      "gb": {
        "mae": 1.371974238381114,
        "rmse": 2.9100084625010023,
        "r2": 0.999129617289215,
        "mape": 1.1877886079269298
      },
      "ridge": {
        "mae": 8.720789257515099,
        "rmse": 11.598527868205213,
        "r2": 0.9861730149778373,
        "mape": 8.104043698680291
      },
      "linear": {
        "mae": 8.413408860585411,
        "rmse": 11.269645398810976,
        "r2": 0.9869460407095494,
        "mape": 7.682904186363741
      }
    },
    "val": {
      "xgboost": {
        "mae": 2.7848370543353633,
        "rmse": 9.189562265675693,
        "r2": 0.9374108117064749,
        "mape": 4.862595609219632
      },
      "lightgbm": {
        "mae": 2.836239367143735,
        "rmse": 10.020962406046024,
        "r2": 0.9255733390281655,
        "mape": 4.5672016623710485
      },
      "catboost": {
        "mae": 3.584081051641354,
        "rmse": 10.528742055133849,
        "r2": 0.9178395816863497,
        "mape": 6.071036767138531
      },
      "rf": {
        "mae": 3.4932172844711964,
        "rmse": 11.905095398242961,
        "r2": 0.8949549893313998,
        "mape": 6.109765008888716
      },
      "gb": {
        "mae": 2.6090613494455686,
        "rmse": 9.709802362623611,
        "r2": 0.93012361159445,
        "mape": 4.040166729560046
      },
      "ridge": {
        "mae": 6.522215512548783,
        "rmse": 11.70205655782635,
        "r2": 0.898507475451518,
        "mape": 10.397128382310381
      },
      "linear": {
        "mae": 6.279153811059101,
        "rmse": 11.568389942735532,
        "r2": 0.900812827929661,
        "mape": 9.65049512376675
      }
    },
    "test": {
      "xgboost": {
        "mae": 3.5298808975328564,
        "rmse": 5.832083076143893,
        "r2": 0.9813237609550228,
        "mape": 8.382992397103134
      },
      "lightgbm": {
        "mae": 4.521734818611254,
        "rmse": 7.329267787837372,
        "r2": 0.970503994882875,
        "mape": 8.561125908145822
      },
      "catboost": {
        "mae": 4.107083250691711,
        "rmse": 6.705099239466101,
        "r2": 0.975313902460638,
        "mape": 10.23528700269656
      },
      "rf": {
        "mae": 3.369887921637087,
        "rmse": 6.557134251767285,
        "r2": 0.9763914033879995,
        "mape": 10.247714082530806
      },
      "gb": {
        "mae": 4.767754436085233,
        "rmse": 8.08190729114244,
        "r2": 0.9641350896917571,
        "mape": 7.568588042811732
      },
      "ridge": {
        "mae": 11.131442708345393,
        "rmse": 14.16786854678228,
        "r2": 0.8897823726030427,
        "mape": 22.2030558542021
      },
      "linear": {
        "mae": 9.51693594077747,
        "rmse": 12.50763506437156,
        "r2": 0.9141001464910293,
        "mape": 19.35684985478475
      }
    },
    "cv_mae": {
      "xgboost": 2.67841371472801,
      "lightgbm": 2.5073344971883746,
      "catboost": 3.1737963455572236,
      "rf": 2.284943515313037,
      "gb": 2.3420667605722887,
      "ridge": 9.653289429915139,
      "linear": 9.05333087721886
    }
  }
}