{
  "trained_best_model": "rf",
  "new_test_metrics": {
    "mae": 3.651964208153799,
    "rmse": 6.848773970107917,
    "r2": 0.9721122240557997,
    "mape": 10.650552476368356
  },
  "cv_mae": {
    "xgboost": 2.6759641445779523,
    "lightgbm": 2.4256569191045037,
    "catboost": 3.122204466633965,
    "rf": 2.141903155977251,
    "gb": 2.2533524359512955,
    "ridge": 9.806009141854366,
    "linear": 9.157025559488572
  },
  "test_mae_all": {
    "xgboost": 3.300182023640196,
    "lightgbm": 3.3900355568500835,
    "catboost": 3.7621860079629017,
    "rf": 3.6519642081538,
    "gb": 4.361046837027196,
    "ridge": 10.751830793855966,
    "linear": 9.263489981417948
  },
  "historical_best_cv_mae": 2.042469801781462,
  "is_new_historical_best": false,
  "features": [
    "pm2_5",
    "pm10",
    "co",
    "no2",
    "so2",
    "month_cos",
    "total_pm",
    "total_gases",
    "no2_o3_ratio",
    "pm2_5_rolling_3h",
    "pm10_rolling_3h",
    "co_rolling_3h",
    "pm2_5_co_interaction",
    "hour_sin",
    "hour_cos"
  ],
  "scaler_needed": false,
  "all_models_saved": [
    "model_xgboost.pkl",
    "model_lightgbm.pkl",
    "model_catboost.pkl",
    "model_rf.pkl",
    "model_gb.pkl",
    "model_ridge.pkl",
    "model_linear.pkl"
  ],
  "all_metrics": {
    "train": {
      "xgboost": {
        "mae": 1.8472162597877717,
        "rmse": 3.4402030127953016,
        "r2": 0.9988003674234236,
        "mape": 1.501805076921409
      },
      "lightgbm": {
        "mae": 2.0044757333695737,
        "rmse": 4.115486886665836,
        "r2": 0.9982831887462701,
        "mape": 1.6615614419318463
      },
      "catboost": {
        "mae": 1.8957534090959247,
        "rmse": 3.021696466738649,
        "r2": 0.9990744885830073,
        "mape": 1.597813229037039
      },
      "rf": {
        "mae": 1.1687128509143552,
        "rmse": 3.873008598456934,
        "r2": 0.9984795328928181,
        "mape": 1.1437705837094503
      },
      "gb": {
        "mae": 1.4061571334489689,
        "rmse": 2.986281640028296,
        "r2": 0.9990960557732634,
        "mape": 1.2130421516695375
      },
      "ridge": {
        "mae": 8.800382949959408,
        "rmse": 11.67474034385748,
        "r2": 0.9861842467681154,
        "mape": 8.155950581452483
      },
      "linear": {
        "mae": 8.485065397264485,
        "rmse": 11.337033850047897,
        "r2": 0.9869719626878317,
        "mape": 7.727664364273398
      }
    },
    "val": {
      "xgboost": {
        "mae": 2.675210469389615,
        "rmse": 9.05896377869099,
        "r2": 0.9388140565431905,
        "mape": 4.643712944634365
      },
      "lightgbm": {
        "mae": 2.8817708981719887,
        "rmse": 10.515848141191437,
        "r2": 0.9175514112432673,
        "mape": 4.614630153981096
      },
      "catboost": {
        "mae": 3.3608247416566575,
        "rmse": 9.929420624769596,
        "r2": 0.9264906755617497,
        "mape": 5.642604659753369
      },
      "rf": {
        "mae": 3.9901934467784157,
        "rmse": 12.148630401908191,
        "r2": 0.8899603363894757,
        "mape": 6.705690058081866
      },
      "gb": {
        "mae": 2.526302779283876,
        "rmse": 9.912317615826376,
        "r2": 0.9267436909021874,
        "mape": 3.841445138333803
      },
      "ridge": {
        "mae": 6.529991297621263,
        "rmse": 11.78271697675948,
        "r2": 0.8964892377808902,
        "mape": 10.381721291395145
      },
      "linear": {
        "mae": 6.267994617284818,
        "rmse": 11.644334122713403,
        "r2": 0.898906337249448,
        "mape": 9.61594628163996
      }
    },
    "test": {
      "xgboost": {
        "mae": 3.300182023640196,
        "rmse": 5.492163891518796,
        "r2": 0.9820660815428791,
        "mape": 7.6807303692442765
      },
      "lightgbm": {
        "mae": 3.3900355568500835,
        "rmse": 5.745088385960041,
        "r2": 0.9803762662537657,
        "mape": 8.503358464382654
      },
      "catboost": {
        "mae": 3.7621860079629017,
        "rmse": 6.007960716259316,
        "r2": 0.9785393741835265,
        "mape": 9.148012160701938
      },
      "rf": {
        "mae": 3.6519642081538,
        "rmse": 6.848773970107917,
        "r2": 0.9721122240557997,
        "mape": 10.650552476368352
      },
      "gb": {
        "mae": 4.361046837027196,
        "rmse": 7.777844434119999,
        "r2": 0.9640327926424613,
        "mape": 7.2971801912156495
      },
      "ridge": {
        "mae": 10.751830793855966,
        "rmse": 13.850373271707088,
        "r2": 0.8859458296969327,
        "mape": 22.108708973156467
      },
      "linear": {
        "mae": 9.263489981417948,
        "rmse": 12.292400826407746,
        "r2": 0.9101616762617751,
        "mape": 19.33088111094145
      }
    },
    "cv_mae": {
      "xgboost": 2.6759641445779523,
      "lightgbm": 2.4256569191045037,
      "catboost": 3.122204466633965,
      "rf": 2.141903155977251,
      "gb": 2.2533524359512955,
      "ridge": 9.806009141854366,
      "linear": 9.157025559488572
    }
  }
}