{
  "trained_best_model": "rf",
  "new_test_metrics": {
    "mae": 3.571575146290695,
    "rmse": 6.665192798559147,
    "r2": 0.9709617162371726,
    "mape": 10.400461850755503
  },
  "cv_mae": {
    "xgboost": 2.5872417326776014,
    "lightgbm": 2.433261239337649,
    "catboost": 3.200178534339181,
    "rf": 2.1685448438470623,
    "gb": 2.200854223235488,
    "ridge": 10.24073061987375,
    "linear": 9.488829017098315
  },
  "test_mae_all": {
    "xgboost": 3.489000668165177,
    "lightgbm": 4.14103320560539,
    "catboost": 4.122086603433452,
    "rf": 3.5715751462906944,
    "gb": 3.8892737930696244,
    "ridge": 10.504147933217476,
    "linear": 9.052998624535592
  },
  "historical_best_cv_mae": 2.042469801781462,
  "is_new_historical_best": false,
  "features": [
    "pm2_5",
    "pm10",
    "co",
    "no2",
    "so2",
    "month_cos",
    "total_pm",
    "total_gases",
    "no2_o3_ratio",
    "pm2_5_rolling_3h",
    "pm10_rolling_3h",
    "co_rolling_3h",
    "pm2_5_co_interaction",
    "hour_sin",
    "hour_cos"
  ],
  "scaler_needed": false,
  "all_models_saved": [
    "model_xgboost.pkl",
    "model_lightgbm.pkl",
    "model_catboost.pkl",
    "model_rf.pkl",
    "model_gb.pkl",
    "model_ridge.pkl",
    "model_linear.pkl"
  ],
  "all_metrics": {
    "train": {
      "xgboost": {
        "mae": 1.836703565333765,
        "rmse": 3.4077786092907396,
        "r2": 0.9988246097871537,
        "mape": 1.4827564351444031
      },
      "lightgbm": {
        "mae": 1.5186642886787258,
        "rmse": 3.0197768935157328,
        "r2": 0.9990770269068379,
        "mape": 1.2549625370165696
      },
      "catboost": {
        "mae": 1.8603085367670371,
        "rmse": 2.962277616741669,
        "r2": 0.9991118407584126,
        "mape": 1.5530077831248814
      },
      "rf": {
        "mae": 1.164363846235123,
        "rmse": 3.886704677621675,
        "r2": 0.9984710178646565,
        "mape": 1.1403629677391232
      },
      "gb": {
        "mae": 1.3945184803296744,
        "rmse": 2.940068272629885,
        "r2": 0.9991251085828031,
        "mape": 1.202368766241747
      },
      "ridge": {
        "mae": 8.857326657314188,
        "rmse": 11.722728534831713,
        "r2": 0.9860909732853174,
        "mape": 8.210478900965546
      },
      "linear": {
        "mae": 8.53776154237197,
        "rmse": 11.379617802298746,
        "r2": 0.9868932602175613,
        "mape": 7.774518629691224
      }
    },
    "val": {
      "xgboost": {
        "mae": 2.9157012652044427,
        "rmse": 8.629216138351193,
        "r2": 0.9460236349279287,
        "mape": 5.239631242203846
      },
      "lightgbm": {
        "mae": 2.9596525159695077,
        "rmse": 9.846083569568817,
        "r2": 0.9297270839170633,
        "mape": 4.839234376377238
      },
      "catboost": {
        "mae": 3.652267908431941,
        "rmse": 10.30316160389777,
        "r2": 0.9230511800709316,
        "mape": 6.198679786540255
      },
      "rf": {
        "mae": 4.008506650807081,
        "rmse": 12.127751039905572,
        "r2": 0.8933842204444721,
        "mape": 6.6294067281465
      },
      "gb": {
        "mae": 2.7721099159734557,
        "rmse": 9.551073414977077,
        "r2": 0.9338750575423248,
        "mape": 4.280471202199054
      },
      "ridge": {
        "mae": 6.59284483789521,
        "rmse": 11.902792993141833,
        "r2": 0.897302776610327,
        "mape": 10.351204762629465
      },
      "linear": {
        "mae": 6.363637175071227,
        "rmse": 11.711874563169527,
        "r2": 0.9005708411961587,
        "mape": 9.661083963925405
      }
    },
    "test": {
      "xgboost": {
        "mae": 3.489000668165177,
        "rmse": 6.1627363219949824,
        "r2": 0.9751748040602813,
        "mape": 9.067366082956282
      },
      "lightgbm": {
        "mae": 4.14103320560539,
        "rmse": 6.903457631391088,
        "r2": 0.9688485088877885,
        "mape": 8.939002422887231
      },
      "catboost": {
        "mae": 4.122086603433452,
        "rmse": 6.741413262784204,
        "r2": 0.970293778547783,
        "mape": 10.338926249338128
      },
      "rf": {
        "mae": 3.5715751462906944,
        "rmse": 6.665192798559148,
        "r2": 0.9709617162371726,
        "mape": 10.400461850755509
      },
      "gb": {
        "mae": 3.8892737930696244,
        "rmse": 7.086452710480488,
        "r2": 0.9671751085413917,
        "mape": 7.38109596079476
      },
      "ridge": {
        "mae": 10.504147933217476,
        "rmse": 13.669942570502313,
        "r2": 0.8778541004869997,
        "mape": 22.156144480238655
      },
      "linear": {
        "mae": 9.052998624535592,
        "rmse": 12.162557428989176,
        "r2": 0.9033069365414869,
        "mape": 19.340744596525386
      }
    },
    "cv_mae": {
      "xgboost": 2.5872417326776014,
      "lightgbm": 2.433261239337649,
      "catboost": 3.200178534339181,
      "rf": 2.1685448438470623,
      "gb": 2.200854223235488,
      "ridge": 10.24073061987375,
      "linear": 9.488829017098315
    }
  }
}