{
  "trained_best_model": "rf",
  "new_test_metrics": {
    "mae": 5.476147020055189,
    "rmse": 7.8315473605560015,
    "r2": 0.9529660729439481,
    "mape": 13.503358047337285
  },
  "cv_mae": {
    "xgboost": 2.752189869143492,
    "lightgbm": 2.487520427751626,
    "catboost": 3.511530210152948,
    "rf": 2.151545504166875,
    "gb": 2.249794408640148,
    "ridge": 10.67184169593681,
    "linear": 9.948171744425034
  },
  "test_mae_all": {
    "xgboost": 3.7200573756589357,
    "lightgbm": 4.462563136959813,
    "catboost": 3.8542208036581256,
    "rf": 5.476147020055187,
    "gb": 3.73530855811247,
    "ridge": 10.37172961027177,
    "linear": 8.952294426588608
  },
  "historical_best_cv_mae": 2.042469801781462,
  "is_new_historical_best": false,
  "features": [
    "pm2_5",
    "pm10",
    "co",
    "no2",
    "so2",
    "month_cos",
    "total_pm",
    "total_gases",
    "no2_o3_ratio",
    "pm2_5_rolling_3h",
    "pm10_rolling_3h",
    "co_rolling_3h",
    "pm2_5_co_interaction",
    "hour_sin",
    "hour_cos"
  ],
  "scaler_needed": false,
  "all_models_saved": [
    "model_xgboost.pkl",
    "model_lightgbm.pkl",
    "model_catboost.pkl",
    "model_rf.pkl",
    "model_gb.pkl",
    "model_ridge.pkl",
    "model_linear.pkl"
  ],
  "all_metrics": {
    "train": {
      "xgboost": {
        "mae": 1.890654761108478,
        "rmse": 3.4839061758813332,
        "r2": 0.9987840134804531,
        "mape": 1.5029755464811523
      },
      "lightgbm": {
        "mae": 1.900794195413968,
        "rmse": 3.8167343009305146,
        "r2": 0.9985405819443899,
        "mape": 1.5329532362471971
      },
      "catboost": {
        "mae": 1.9667684400517504,
        "rmse": 3.0818884379808082,
        "r2": 0.9990484542229953,
        "mape": 1.6074270651706424
      },
      "rf": {
        "mae": 1.1526008082810517,
        "rmse": 3.820904901203341,
        "r2": 0.9985373907477567,
        "mape": 1.1245393053032062
      },
      "gb": {
        "mae": 1.3927544884209464,
        "rmse": 2.9436147467358467,
        "r2": 0.9991319239005892,
        "mape": 1.1806056300839534
      },
      "ridge": {
        "mae": 9.008084119503419,
        "rmse": 11.840858877691876,
        "r2": 0.9859536893421402,
        "mape": 8.266114684473731
      },
      "linear": {
        "mae": 8.672198713593946,
        "rmse": 11.48230630501609,
        "r2": 0.986791481305882,
        "mape": 7.814258645595185
      }
    },
    "val": {
      "xgboost": {
        "mae": 2.9878494750419162,
        "rmse": 9.612038029867435,
        "r2": 0.9305049775681801,
        "mape": 5.326627632442555
      },
      "lightgbm": {
        "mae": 3.244549525546738,
        "rmse": 10.434657325893072,
        "r2": 0.9181009014786053,
        "mape": 5.171881277730001
      },
      "catboost": {
        "mae": 3.4298969874050305,
        "rmse": 9.969324520665005,
        "r2": 0.9252425971184184,
        "mape": 5.770131648609985
      },
      "rf": {
        "mae": 5.58873423635726,
        "rmse": 12.579791650555165,
        "r2": 0.8809663816994312,
        "mape": 9.375369228360292
      },
      "gb": {
        "mae": 2.784925411805879,
        "rmse": 10.19283710911813,
        "r2": 0.9218528927846733,
        "mape": 4.512778080397563
      },
      "ridge": {
        "mae": 6.852337326547735,
        "rmse": 11.941190505268153,
        "r2": 0.8927448900177667,
        "mape": 11.236856572957388
      },
      "linear": {
        "mae": 6.52507963857776,
        "rmse": 11.679266133949787,
        "r2": 0.897398467379508,
        "mape": 10.356779120090732
      }
    },
    "test": {
      "xgboost": {
        "mae": 3.7200573756589357,
        "rmse": 6.422209300469643,
        "r2": 0.968371034001968,
        "mape": 9.638149778741594
      },
      "lightgbm": {
        "mae": 4.462563136959813,
        "rmse": 7.276108833808631,
        "r2": 0.9594010822212925,
        "mape": 9.821438104044873
      },
      "catboost": {
        "mae": 3.8542208036581256,
        "rmse": 6.336519083468427,
        "r2": 0.9692094406602831,
        "mape": 9.398335882295628
      },
      "rf": {
        "mae": 5.476147020055187,
        "rmse": 7.831547360556001,
        "r2": 0.9529660729439481,
        "mape": 13.503358047337283
      },
      "gb": {
        "mae": 3.73530855811247,
        "rmse": 6.70309193525744,
        "r2": 0.9655438748720553,
        "mape": 7.868523376896189
      },
      "ridge": {
        "mae": 10.37172961027177,
        "rmse": 13.722170319278193,
        "r2": 0.855601828118228,
        "mape": 22.479705593468
      },
      "linear": {
        "mae": 8.952294426588608,
        "rmse": 12.20946085360486,
        "r2": 0.8856834636105166,
        "mape": 19.563755644467996
      }
    },
    "cv_mae": {
      "xgboost": 2.752189869143492,
      "lightgbm": 2.487520427751626,
      "catboost": 3.511530210152948,
      "rf": 2.151545504166875,
      "gb": 2.249794408640148,
      "ridge": 10.67184169593681,
      "linear": 9.948171744425034
    }
  }
}