{
  "trained_best_model": "rf",
  "new_test_metrics": {
    "mae": 4.310609392518468,
    "rmse": 7.304480711573915,
    "r2": 0.9601869361758483,
    "mape": 11.975827605823286
  },
  "cv_mae": {
    "xgboost": 2.6249921772577993,
    "lightgbm": 2.4473987544933014,
    "catboost": 3.261342028238694,
    "rf": 2.1318757972921523,
    "gb": 2.32995370448577,
    "ridge": 10.245599174421818,
    "linear": 9.401246528771615
  },
  "test_mae_all": {
    "xgboost": 3.272897090177223,
    "lightgbm": 4.0838594962295405,
    "catboost": 3.687148308638287,
    "rf": 4.310609392518469,
    "gb": 3.2979583854279064,
    "ridge": 10.446685328866288,
    "linear": 9.039831671082853
  },
  "historical_best_cv_mae": 2.042469801781462,
  "is_new_historical_best": false,
  "features": [
    "pm2_5",
    "pm10",
    "co",
    "no2",
    "so2",
    "month_cos",
    "total_pm",
    "total_gases",
    "no2_o3_ratio",
    "pm2_5_rolling_3h",
    "pm10_rolling_3h",
    "co_rolling_3h",
    "pm2_5_co_interaction",
    "hour_sin",
    "hour_cos"
  ],
  "scaler_needed": false,
  "all_models_saved": [
    "model_xgboost.pkl",
    "model_lightgbm.pkl",
    "model_catboost.pkl",
    "model_rf.pkl",
    "model_gb.pkl",
    "model_ridge.pkl",
    "model_linear.pkl"
  ],
  "all_metrics": {
    "train": {
      "xgboost": {
        "mae": 1.9341025494005037,
        "rmse": 3.617568234511468,
        "r2": 0.9986864663513156,
        "mape": 1.553106703418965
      },
      "lightgbm": {
        "mae": 1.5340556763393605,
        "rmse": 3.0290925336304957,
        "r2": 0.9990790568530736,
        "mape": 1.2585509825957324
      },
      "catboost": {
        "mae": 1.8793741515505065,
        "rmse": 2.968620587958055,
        "r2": 0.9991154607076427,
        "mape": 1.5561310784357567
      },
      "rf": {
        "mae": 1.1565310915417906,
        "rmse": 3.8530006092921902,
        "r2": 0.9985099326629642,
        "mape": 1.130022204693737
      },
      "gb": {
        "mae": 1.3789263923792576,
        "rmse": 2.934415838883283,
        "r2": 0.9991357267810543,
        "mape": 1.1783979173298382
      },
      "ridge": {
        "mae": 8.896692791819754,
        "rmse": 11.76878566673642,
        "r2": 0.986098199666854,
        "mape": 8.213553969038905
      },
      "linear": {
        "mae": 8.576163111501184,
        "rmse": 11.423327711615642,
        "r2": 0.9869023611408086,
        "mape": 7.778493864831929
      }
    },
    "val": {
      "xgboost": {
        "mae": 2.9842921174280175,
        "rmse": 9.37462523271916,
        "r2": 0.9363907500186851,
        "mape": 5.267934367163371
      },
      "lightgbm": {
        "mae": 3.0520286036071216,
        "rmse": 10.066800874096385,
        "r2": 0.9266507966974583,
        "mape": 4.977150551192276
      },
      "catboost": {
        "mae": 3.321687088735598,
        "rmse": 10.071540668418873,
        "r2": 0.9265817098074192,
        "mape": 5.594154401158437
      },
      "rf": {
        "mae": 4.7713902800894,
        "rmse": 12.444360731377081,
        "r2": 0.8879123850345549,
        "mape": 8.075218212392283
      },
      "gb": {
        "mae": 2.7388429354624115,
        "rmse": 9.867304027913116,
        "r2": 0.9295291574115052,
        "mape": 4.092269197992971
      },
      "ridge": {
        "mae": 6.9181909925851155,
        "rmse": 12.059011588120253,
        "r2": 0.8947466639904569,
        "mape": 10.96131513827729
      },
      "linear": {
        "mae": 6.604066065036699,
        "rmse": 11.821841398680593,
        "r2": 0.8988460836568654,
        "mape": 10.111597614653846
      }
    },
    "test": {
      "xgboost": {
        "mae": 3.272897090177223,
        "rmse": 5.9907506219524045,
        "r2": 0.9732200729323739,
        "mape": 9.093423020405893
      },
      "lightgbm": {
        "mae": 4.0838594962295405,
        "rmse": 6.896350372769282,
        "r2": 0.964511671645871,
        "mape": 9.140747496750338
      },
      "catboost": {
        "mae": 3.687148308638287,
        "rmse": 6.16260009286914,
        "r2": 0.9716616291629925,
        "mape": 9.245117883818768
      },
      "rf": {
        "mae": 4.310609392518469,
        "rmse": 7.304480711573915,
        "r2": 0.9601869361758483,
        "mape": 11.975827605823287
      },
      "gb": {
        "mae": 3.2979583854279064,
        "rmse": 6.009968841365851,
        "r2": 0.97304797829489,
        "mape": 6.737761919550202
      },
      "ridge": {
        "mae": 10.446685328866288,
        "rmse": 13.67901798242362,
        "r2": 0.8603770698811505,
        "mape": 22.387067685526215
      },
      "linear": {
        "mae": 9.039831671082853,
        "rmse": 12.176782576125758,
        "r2": 0.8893600400423589,
        "mape": 19.56840092665424
      }
    },
    "cv_mae": {
      "xgboost": 2.6249921772577993,
      "lightgbm": 2.4473987544933014,
      "catboost": 3.261342028238694,
      "rf": 2.1318757972921523,
      "gb": 2.32995370448577,
      "ridge": 10.245599174421818,
      "linear": 9.401246528771615
    }
  }
}