{
  "trained_best_model": "rf",
  "new_test_metrics": {
    "mae": 3.63980346948491,
    "rmse": 6.891327477803497,
    "r2": 0.9717910675728262,
    "mape": 10.679486456056026
  },
  "cv_mae": {
    "xgboost": 2.6434149131849556,
    "lightgbm": 2.4336095426938384,
    "catboost": 3.096745502645085,
    "rf": 2.147468998808955,
    "gb": 2.2270267364340826,
    "ridge": 9.802175287255379,
    "linear": 9.157137765093514
  },
  "test_mae_all": {
    "xgboost": 3.545060824123497,
    "lightgbm": 4.275080614935165,
    "catboost": 3.712545034661513,
    "rf": 3.63980346948491,
    "gb": 4.980128392338592,
    "ridge": 10.756723830396272,
    "linear": 9.266376480387798
  },
  "historical_best_cv_mae": 2.042469801781462,
  "is_new_historical_best": false,
  "features": [
    "pm2_5",
    "pm10",
    "co",
    "no2",
    "so2",
    "month_cos",
    "total_pm",
    "total_gases",
    "no2_o3_ratio",
    "pm2_5_rolling_3h",
    "pm10_rolling_3h",
    "co_rolling_3h",
    "pm2_5_co_interaction",
    "hour_sin",
    "hour_cos"
  ],
  "scaler_needed": false,
  "all_models_saved": [
    "model_xgboost.pkl",
    "model_lightgbm.pkl",
    "model_catboost.pkl",
    "model_rf.pkl",
    "model_gb.pkl",
    "model_ridge.pkl",
    "model_linear.pkl"
  ],
  "all_metrics": {
    "train": {
      "xgboost": {
        "mae": 1.8159227564065812,
        "rmse": 3.399177785095246,
        "r2": 0.9988288095003236,
        "mape": 1.4606208380926349
      },
      "lightgbm": {
        "mae": 1.5829184918591042,
        "rmse": 3.0942864334210194,
        "r2": 0.9990294882278875,
        "mape": 1.3027067440822797
      },
      "catboost": {
        "mae": 1.9003686577161638,
        "rmse": 2.990297457542045,
        "r2": 0.9990936236512188,
        "mape": 1.5928264818842444
      },
      "rf": {
        "mae": 1.1719555438177578,
        "rmse": 3.875532205400212,
        "r2": 0.9984775519522114,
        "mape": 1.1482873372157385
      },
      "gb": {
        "mae": 1.3940722862672479,
        "rmse": 2.925966230004707,
        "r2": 0.9991322024891712,
        "mape": 1.2029380738797544
      },
      "ridge": {
        "mae": 8.800086516636929,
        "rmse": 11.674859330552408,
        "r2": 0.9861839755149915,
        "mape": 8.155903736880443
      },
      "linear": {
        "mae": 8.48480025362484,
        "rmse": 11.33712581316696,
        "r2": 0.9869717610991293,
        "mape": 7.7275561627332765
      }
    },
    "val": {
      "xgboost": {
        "mae": 2.709843389519818,
        "rmse": 8.791385710714344,
        "r2": 0.9423711646087402,
        "mape": 4.883741819751967
      },
      "lightgbm": {
        "mae": 2.862757551570575,
        "rmse": 10.00898964596225,
        "r2": 0.9253025710422359,
        "mape": 4.674369492356262
      },
      "catboost": {
        "mae": 3.5409665005781177,
        "rmse": 10.652518051582996,
        "r2": 0.9153884342943176,
        "mape": 5.839981852229183
      },
      "rf": {
        "mae": 3.9599337136545296,
        "rmse": 12.147542319833045,
        "r2": 0.8899723048681919,
        "mape": 6.676346383994096
      },
      "gb": {
        "mae": 2.5382300682875347,
        "rmse": 9.73935661789868,
        "r2": 0.9292729229016847,
        "mape": 3.9469873224446768
      },
      "ridge": {
        "mae": 6.53193220031364,
        "rmse": 11.782899674366485,
        "r2": 0.8964787437209975,
        "mape": 10.384019539426472
      },
      "linear": {
        "mae": 6.2721399924478,
        "rmse": 11.645530434495129,
        "r2": 0.8988784487266666,
        "mape": 9.62077954122216
      }
    },
    "test": {
      "xgboost": {
        "mae": 3.545060824123497,
        "rmse": 5.950248460345895,
        "r2": 0.9789694284662647,
        "mape": 8.62372327630129
      },
      "lightgbm": {
        "mae": 4.275080614935165,
        "rmse": 6.942088631288648,
        "r2": 0.9713739660291453,
        "mape": 8.606401336751558
      },
      "catboost": {
        "mae": 3.712545034661513,
        "rmse": 6.058436192416174,
        "r2": 0.9781977181048909,
        "mape": 9.209138976602285
      },
      "rf": {
        "mae": 3.63980346948491,
        "rmse": 6.891327477803497,
        "r2": 0.9717910675728262,
        "mape": 10.679486456056022
      },
      "gb": {
        "mae": 4.980128392338592,
        "rmse": 9.359134307583938,
        "r2": 0.9479701907900592,
        "mape": 7.634712271421485
      },
      "ridge": {
        "mae": 10.756723830396272,
        "rmse": 13.85487157468296,
        "r2": 0.885978727595828,
        "mape": 22.111015894703385
      },
      "linear": {
        "mae": 9.266376480387798,
        "rmse": 12.295336638695574,
        "r2": 0.9102030218541153,
        "mape": 19.33131927419656
      }
    },
    "cv_mae": {
      "xgboost": 2.6434149131849556,
      "lightgbm": 2.4336095426938384,
      "catboost": 3.096745502645085,
      "rf": 2.147468998808955,
      "gb": 2.2270267364340826,
      "ridge": 9.802175287255379,
      "linear": 9.157137765093514
    }
  }
}