{
  "trained_best_model": "rf",
  "new_test_metrics": {
    "mae": 4.9058543253995515,
    "rmse": 7.619604444197996,
    "r2": 0.9554749099704769,
    "mape": 12.645872785147006
  },
  "cv_mae": {
    "xgboost": 2.756934911724173,
    "lightgbm": 2.4601152761542915,
    "catboost": 3.428800041278337,
    "rf": 2.1570932912652188,
    "gb": 2.2450060860241337,
    "ridge": 10.559007314600828,
    "linear": 9.786996991342876
  },
  "test_mae_all": {
    "xgboost": 3.7291115726792015,
    "lightgbm": 3.9200139005354235,
    "catboost": 3.911447615117557,
    "rf": 4.905854325399552,
    "gb": 3.8741157671929836,
    "ridge": 10.465454771342467,
    "linear": 9.073739902846702
  },
  "historical_best_cv_mae": 2.042469801781462,
  "is_new_historical_best": false,
  "features": [
    "pm2_5",
    "pm10",
    "co",
    "no2",
    "so2",
    "month_cos",
    "total_pm",
    "total_gases",
    "no2_o3_ratio",
    "pm2_5_rolling_3h",
    "pm10_rolling_3h",
    "co_rolling_3h",
    "pm2_5_co_interaction",
    "hour_sin",
    "hour_cos"
  ],
  "scaler_needed": false,
  "all_models_saved": [
    "model_xgboost.pkl",
    "model_lightgbm.pkl",
    "model_catboost.pkl",
    "model_rf.pkl",
    "model_gb.pkl",
    "model_ridge.pkl",
    "model_linear.pkl"
  ],
  "all_metrics": {
    "train": {
      "xgboost": {
        "mae": 1.8402944320335313,
        "rmse": 3.370347275177255,
        "r2": 0.9988554967882175,
        "mape": 1.4733371341452006
      },
      "lightgbm": {
        "mae": 1.5562523642761255,
        "rmse": 3.06000479997028,
        "r2": 0.9990565651238974,
        "mape": 1.2688032082953655
      },
      "catboost": {
        "mae": 1.9410462822446937,
        "rmse": 3.076660587147278,
        "r2": 0.9990462668291519,
        "mape": 1.5832976532279928
      },
      "rf": {
        "mae": 1.150819182272379,
        "rmse": 3.8355964790850896,
        "r2": 0.9985177087875127,
        "mape": 1.122009499372448
      },
      "gb": {
        "mae": 1.40471658886581,
        "rmse": 2.995711175955156,
        "r2": 0.9990957935708955,
        "mape": 1.1958317007523949
      },
      "ridge": {
        "mae": 8.971374531366163,
        "rmse": 11.814871875626931,
        "r2": 0.9859354531481963,
        "mape": 8.243349959043568
      },
      "linear": {
        "mae": 8.635677525122123,
        "rmse": 11.45752643458323,
        "r2": 0.9867733626176127,
        "mape": 7.792129709476223
      }
    },
    "val": {
      "xgboost": {
        "mae": 2.8393719816861087,
        "rmse": 8.944081207175586,
        "r2": 0.9396725653862411,
        "mape": 5.2571722833720225
      },
      "lightgbm": {
        "mae": 2.783116104928191,
        "rmse": 9.980430944329068,
        "r2": 0.9248823525198706,
        "mape": 4.674065650224722
      },
      "catboost": {
        "mae": 3.606214987518768,
        "rmse": 10.17237014464673,
        "r2": 0.9219653118134234,
        "mape": 6.168355617463952
      },
      "rf": {
        "mae": 5.1932924747347,
        "rmse": 12.496685452180458,
        "r2": 0.8822304359835719,
        "mape": 8.75083677071553
      },
      "gb": {
        "mae": 2.765605563237258,
        "rmse": 9.510951148399988,
        "r2": 0.9317832080011365,
        "mape": 4.465686521463632
      },
      "ridge": {
        "mae": 6.8153809952519415,
        "rmse": 11.900690394600659,
        "r2": 0.8931959543113047,
        "mape": 11.165785241342874
      },
      "linear": {
        "mae": 6.440880415208384,
        "rmse": 11.620587539251314,
        "r2": 0.8981644147933474,
        "mape": 10.209672271658187
      }
    },
    "test": {
      "xgboost": {
        "mae": 3.7291115726792015,
        "rmse": 6.466559063986976,
        "r2": 0.9679309237139053,
        "mape": 9.647412602568236
      },
      "lightgbm": {
        "mae": 3.9200139005354235,
        "rmse": 6.6422099446088,
        "r2": 0.9661650802767026,
        "mape": 8.803875141164802
      },
      "catboost": {
        "mae": 3.911447615117557,
        "rmse": 6.359701817998526,
        "r2": 0.968982023625321,
        "mape": 9.709589949379176
      },
      "rf": {
        "mae": 4.905854325399552,
        "rmse": 7.619604444197996,
        "r2": 0.9554749099704769,
        "mape": 12.645872785147002
      },
      "gb": {
        "mae": 3.8741157671929836,
        "rmse": 6.952125971011768,
        "r2": 0.9629340428728845,
        "mape": 7.858242994223133
      },
      "ridge": {
        "mae": 10.465454771342467,
        "rmse": 13.744125596159202,
        "r2": 0.8551314264923178,
        "mape": 22.595762526806293
      },
      "linear": {
        "mae": 9.073739902846702,
        "rmse": 12.259288390187544,
        "r2": 0.8847421599406088,
        "mape": 19.715263620072008
      }
    },
    "cv_mae": {
      "xgboost": 2.756934911724173,
      "lightgbm": 2.4601152761542915,
      "catboost": 3.428800041278337,
      "rf": 2.1570932912652188,
      "gb": 2.2450060860241337,
      "ridge": 10.559007314600828,
      "linear": 9.786996991342876
    }
  }
}