{
  "trained_best_model": "xgboost",
  "new_test_metrics": {
    "mae": 3.154941427146487,
    "rmse": 5.148149328559301,
    "r2": 0.9797785762193909,
    "mape": 7.84167498393081
  },
  "cv_mae": {
    "xgboost": 2.1474451106121863,
    "lightgbm": 2.319002138009257,
    "catboost": 3.49071182332993,
    "rf": 2.2846027973197764,
    "gb": 2.3481168863750237,
    "ridge": 10.697600351204056,
    "linear": 9.683746567067539
  },
  "test_mae_all": {
    "xgboost": 3.154941427146487,
    "lightgbm": 3.8747580117806404,
    "catboost": 4.758007734988095,
    "rf": 5.349785064967896,
    "gb": 3.8078832526041215,
    "ridge": 10.203368170598441,
    "linear": 8.792771370143202
  },
  "historical_best_cv_mae": 2.0564814707537686,
  "is_new_historical_best": false,
  "features": [
    "pm2_5",
    "pm10",
    "co",
    "no2",
    "so2",
    "month_cos",
    "total_pm",
    "total_gases",
    "no2_o3_ratio",
    "pm2_5_rolling_3h",
    "pm10_rolling_3h",
    "co_rolling_3h",
    "pm2_5_co_interaction",
    "hour_sin",
    "hour_cos"
  ],
  "scaler_needed": false,
  "all_models_saved": [
    "model_xgboost.pkl",
    "model_lightgbm.pkl",
    "model_catboost.pkl",
    "model_rf.pkl",
    "model_gb.pkl",
    "model_ridge.pkl",
    "model_linear.pkl"
  ],
  "all_metrics": {
    "train": {
      "xgboost": {
        "mae": 1.1255979152263882,
        "rmse": 1.9668027829006798,
        "r2": 0.9996130142654895,
        "mape": 0.949277260880837
      },
      "lightgbm": {
        "mae": 0.9860225868638887,
        "rmse": 1.9151629639767365,
        "r2": 0.9996330686684616,
        "mape": 0.8249022427915796
      },
      "catboost": {
        "mae": 1.942312982511603,
        "rmse": 3.038503373281788,
        "r2": 0.9990763811808125,
        "mape": 1.5870456423259196
      },
      "rf": {
        "mae": 1.1532747405672912,
        "rmse": 3.8011302249299583,
        "r2": 0.9985545641405821,
        "mape": 1.1296970586386723
      },
      "gb": {
        "mae": 1.4477199927362627,
        "rmse": 3.021821021597235,
        "r2": 0.9990864952628417,
        "mape": 1.231660927611693
      },
      "ridge": {
        "mae": 8.992625693831663,
        "rmse": 11.850888915929815,
        "r2": 0.9859500369456499,
        "mape": 8.247850412932227
      },
      "linear": {
        "mae": 8.671519119109139,
        "rmse": 11.50562465003698,
        "r2": 0.986756775803232,
        "mape": 7.811801914059455
      }
    },
    "val": {
      "xgboost": {
        "mae": 2.8557110681925733,
        "rmse": 7.888525568060869,
        "r2": 0.9608998045293939,
        "mape": 4.807587055666194
      },
      "lightgbm": {
        "mae": 3.287280250422009,
        "rmse": 9.098008076205149,
        "r2": 0.947990834008309,
        "mape": 5.152136076651492
      },
      "catboost": {
        "mae": 4.2735042742165925,
        "rmse": 10.752320851030621,
        "r2": 0.9273573491049705,
        "mape": 6.696438180093013
      },
      "rf": {
        "mae": 5.406250636021923,
        "rmse": 12.505756314705575,
        "r2": 0.9017331177590182,
        "mape": 9.105945034208588
      },
      "gb": {
        "mae": 2.9614210240599204,
        "rmse": 9.6808123675374,
        "r2": 0.9411141621065899,
        "mape": 4.718293342185442
      },
      "ridge": {
        "mae": 7.169611878593913,
        "rmse": 12.257240419497546,
        "r2": 0.905599854683228,
        "mape": 11.357594788861629
      },
      "linear": {
        "mae": 6.766731330275809,
        "rmse": 11.908430506683578,
        "r2": 0.9108961833711934,
        "mape": 10.470728204895686
      }
    },
    "test": {
      "xgboost": {
        "mae": 3.154941427146487,
        "rmse": 5.148149328559301,
        "r2": 0.9797785762193909,
        "mape": 7.84167498393081
      },
      "lightgbm": {
        "mae": 3.8747580117806404,
        "rmse": 5.721457308486069,
        "r2": 0.9750240059121154,
        "mape": 9.222187848433695
      },
      "catboost": {
        "mae": 4.758007734988095,
        "rmse": 6.872412765870159,
        "r2": 0.963964717488128,
        "mape": 10.671937463108838
      },
      "rf": {
        "mae": 5.349785064967896,
        "rmse": 7.722561038374432,
        "r2": 0.9544978247619017,
        "mape": 13.284188737061953
      },
      "gb": {
        "mae": 3.8078832526041215,
        "rmse": 6.552487752968871,
        "r2": 0.9672416593151139,
        "mape": 8.087624704516049
      },
      "ridge": {
        "mae": 10.203368170598441,
        "rmse": 13.630409944560668,
        "r2": 0.8582486202082615,
        "mape": 22.28378361342414
      },
      "linear": {
        "mae": 8.792771370143202,
        "rmse": 12.104635159944834,
        "r2": 0.8882074486870124,
        "mape": 19.39248025442
      }
    },
    "cv_mae": {
      "xgboost": 2.1474451106121863,
      "lightgbm": 2.319002138009257,
      "catboost": 3.49071182332993,
      "rf": 2.2846027973197764,
      "gb": 2.3481168863750237,
      "ridge": 10.697600351204056,
      "linear": 9.683746567067539
    }
  }
}