{
  "trained_best_model": "gb",
  "new_test_metrics": {
    "mae": 5.752350691892555,
    "rmse": 9.708026007461934,
    "r2": 0.9560164339619638,
    "mape": 7.838852551103584
  },
  "cv_mae": {
    "xgboost": 2.603624685029928,
    "lightgbm": 2.44586852859235,
    "catboost": 3.154576674851107,
    "rf": 2.202921237983398,
    "gb": 2.157036308255313,
    "ridge": 9.377746515451848,
    "linear": 8.750928643009932
  },
  "test_mae_all": {
    "xgboost": 3.1232092657374926,
    "lightgbm": 4.615374517476198,
    "catboost": 3.4120150897648966,
    "rf": 3.258934804451103,
    "gb": 5.752350691892555,
    "ridge": 11.462112023708302,
    "linear": 9.836026121618113
  },
  "historical_best_cv_mae": 2.042469801781462,
  "is_new_historical_best": false,
  "features": [
    "pm2_5",
    "pm10",
    "co",
    "no2",
    "so2",
    "month_cos",
    "total_pm",
    "total_gases",
    "no2_o3_ratio",
    "pm2_5_rolling_3h",
    "pm10_rolling_3h",
    "co_rolling_3h",
    "pm2_5_co_interaction",
    "hour_sin",
    "hour_cos"
  ],
  "scaler_needed": false,
  "all_models_saved": [
    "model_xgboost.pkl",
    "model_lightgbm.pkl",
    "model_catboost.pkl",
    "model_rf.pkl",
    "model_gb.pkl",
    "model_ridge.pkl",
    "model_linear.pkl"
  ],
  "all_metrics": {
    "train": {
      "xgboost": {
        "mae": 1.8432026161373012,
        "rmse": 3.390492566888313,
        "r2": 0.9988013015219748,
        "mape": 1.5304546832050656
      },
      "lightgbm": {
        "mae": 1.598959406326646,
        "rmse": 3.1805617266559323,
        "r2": 0.9989451468166702,
        "mape": 1.315849294277209
      },
      "catboost": {
        "mae": 1.8499197578292563,
        "rmse": 2.955505296628106,
        "r2": 0.9990891479403363,
        "mape": 1.5583567610037299
      },
      "rf": {
        "mae": 1.1770431805209896,
        "rmse": 3.885994900139025,
        "r2": 0.9984253326838779,
        "mape": 1.1546986051910104
      },
      "gb": {
        "mae": 1.3879864052792361,
        "rmse": 2.965991722080695,
        "r2": 0.9990826728870095,
        "mape": 1.2138329970577217
      },
      "ridge": {
        "mae": 8.662203756936284,
        "rmse": 11.53855767731866,
        "r2": 0.9861168693305145,
        "mape": 8.122579784796779
      },
      "linear": {
        "mae": 8.365974556038948,
        "rmse": 11.220085276382106,
        "r2": 0.9868726617387816,
        "mape": 7.709742689944298
      }
    },
    "val": {
      "xgboost": {
        "mae": 2.6925318948754438,
        "rmse": 8.569544953236045,
        "r2": 0.9452635482235194,
        "mape": 4.308421648463355
      },
      "lightgbm": {
        "mae": 2.6005197535048286,
        "rmse": 9.987985936633152,
        "r2": 0.9256438383089816,
        "mape": 3.874538945404239
      },
      "catboost": {
        "mae": 3.0510197912108046,
        "rmse": 9.794904475849815,
        "r2": 0.9284908643521501,
        "mape": 4.938601711362931
      },
      "rf": {
        "mae": 3.378200124058943,
        "rmse": 11.854952479262787,
        "r2": 0.8952483786631783,
        "mape": 5.853007997216547
      },
      "gb": {
        "mae": 2.68427106902875,
        "rmse": 9.551107322048365,
        "r2": 0.9320063165607774,
        "mape": 3.974642682771585
      },
      "ridge": {
        "mae": 6.408096467190479,
        "rmse": 11.592257458197096,
        "r2": 0.8998393452534432,
        "mape": 10.39585458304281
      },
      "linear": {
        "mae": 6.058451116381492,
        "rmse": 11.418590938611484,
        "r2": 0.902817929242577,
        "mape": 9.497689547020643
      }
    },
    "test": {
      "xgboost": {
        "mae": 3.1232092657374926,
        "rmse": 5.06931444398655,
        "r2": 0.9880070219984707,
        "mape": 6.90780457967305
      },
      "lightgbm": {
        "mae": 4.615374517476198,
        "rmse": 7.383299635120804,
        "r2": 0.9745592703622473,
        "mape": 7.65761470042095
      },
      "catboost": {
        "mae": 3.4120150897648966,
        "rmse": 5.450136253965691,
        "r2": 0.9861374445935182,
        "mape": 7.974206068650952
      },
      "rf": {
        "mae": 3.258934804451103,
        "rmse": 6.410723334118161,
        "r2": 0.9808202631420793,
        "mape": 9.942281037568467
      },
      "gb": {
        "mae": 5.752350691892555,
        "rmse": 9.708026007461934,
        "r2": 0.9560164339619638,
        "mape": 7.838852551103584
      },
      "ridge": {
        "mae": 11.462112023708302,
        "rmse": 14.396293079262358,
        "r2": 0.9032769608333826,
        "mape": 22.277271695732768
      },
      "linear": {
        "mae": 9.836026121618113,
        "rmse": 12.723337659382429,
        "r2": 0.9244506588818195,
        "mape": 19.48147021074699
      }
    },
    "cv_mae": {
      "xgboost": 2.603624685029928,
      "lightgbm": 2.44586852859235,
      "catboost": 3.154576674851107,
      "rf": 2.202921237983398,
      "gb": 2.157036308255313,
      "ridge": 9.377746515451848,
      "linear": 8.750928643009932
    }
  }
}