{
  "trained_best_model": "rf",
  "new_test_metrics": {
    "mae": 3.772673278346409,
    "rmse": 6.857706694560887,
    "r2": 0.966543770481484,
    "mape": 10.875568697475725
  },
  "cv_mae": {
    "xgboost": 2.6355552848771127,
    "lightgbm": 2.462577983706994,
    "catboost": 3.1523406460057197,
    "rf": 2.171771593313726,
    "gb": 2.3089440955858014,
    "ridge": 10.178397116098623,
    "linear": 9.388481348507693
  },
  "test_mae_all": {
    "xgboost": 3.1597389928624566,
    "lightgbm": 4.013503189961657,
    "catboost": 4.279736111880139,
    "rf": 3.772673278346409,
    "gb": 3.514644178459655,
    "ridge": 10.459809170601947,
    "linear": 9.014633471551276
  },
  "historical_best_cv_mae": 2.042469801781462,
  "is_new_historical_best": false,
  "features": [
    "pm2_5",
    "pm10",
    "co",
    "no2",
    "so2",
    "month_cos",
    "total_pm",
    "total_gases",
    "no2_o3_ratio",
    "pm2_5_rolling_3h",
    "pm10_rolling_3h",
    "co_rolling_3h",
    "pm2_5_co_interaction",
    "hour_sin",
    "hour_cos"
  ],
  "scaler_needed": false,
  "all_models_saved": [
    "model_xgboost.pkl",
    "model_lightgbm.pkl",
    "model_catboost.pkl",
    "model_rf.pkl",
    "model_gb.pkl",
    "model_ridge.pkl",
    "model_linear.pkl"
  ],
  "all_metrics": {
    "train": {
      "xgboost": {
        "mae": 1.8350351314022117,
        "rmse": 3.40161021010473,
        "r2": 0.9988373942780707,
        "mape": 1.4799335086714385
      },
      "lightgbm": {
        "mae": 1.540814436505585,
        "rmse": 3.0229031575598273,
        "r2": 0.9990818538198051,
        "mape": 1.2728579043458643
      },
      "catboost": {
        "mae": 1.8896381950464498,
        "rmse": 3.0084713208702043,
        "r2": 0.9990905996544698,
        "mape": 1.5771690154202909
      },
      "rf": {
        "mae": 1.1593733813984173,
        "rmse": 3.870374757672511,
        "r2": 0.9984948859825703,
        "mape": 1.133239835806782
      },
      "gb": {
        "mae": 1.3781628802274124,
        "rmse": 2.895900432964557,
        "r2": 0.9991573822276634,
        "mape": 1.194567981492743
      },
      "ridge": {
        "mae": 8.879798641038542,
        "rmse": 11.750809239454489,
        "r2": 0.9861260886426674,
        "mape": 8.208012963492257
      },
      "linear": {
        "mae": 8.560322716965631,
        "rmse": 11.408226305348608,
        "r2": 0.9869232560925553,
        "mape": 7.773474820372443
      }
    },
    "val": {
      "xgboost": {
        "mae": 2.7627627642731687,
        "rmse": 8.766410796704378,
        "r2": 0.9445286871896472,
        "mape": 4.796902769940469
      },
      "lightgbm": {
        "mae": 2.9666544185097328,
        "rmse": 9.8977751245015,
        "r2": 0.9292868842811273,
        "mape": 4.697161919757549
      },
      "catboost": {
        "mae": 3.708885505710057,
        "rmse": 10.343546592038711,
        "r2": 0.9227739612901952,
        "mape": 6.197381687805118
      },
      "rf": {
        "mae": 4.17767863249122,
        "rmse": 12.191600862013651,
        "r2": 0.8927132029027234,
        "mape": 6.9671875813580195
      },
      "gb": {
        "mae": 2.7977986796911276,
        "rmse": 9.645982305611929,
        "r2": 0.9328389109013591,
        "mape": 4.306087857270694
      },
      "ridge": {
        "mae": 6.7791590702637885,
        "rmse": 11.98171145078338,
        "r2": 0.8963754825263017,
        "mape": 10.705257351069083
      },
      "linear": {
        "mae": 6.50199579455472,
        "rmse": 11.766892378963437,
        "r2": 0.900057922928259,
        "mape": 9.926702135541209
      }
    },
    "test": {
      "xgboost": {
        "mae": 3.1597389928624566,
        "rmse": 5.693657291354556,
        "r2": 0.9769377419156505,
        "mape": 8.290045938506008
      },
      "lightgbm": {
        "mae": 4.013503189961657,
        "rmse": 6.609483678022912,
        "r2": 0.9689219149329619,
        "mape": 8.908813121872985
      },
      "catboost": {
        "mae": 4.279736111880139,
        "rmse": 6.922728031050974,
        "r2": 0.9659063324187362,
        "mape": 10.414923887748067
      },
      "rf": {
        "mae": 3.772673278346409,
        "rmse": 6.857706694560887,
        "r2": 0.966543770481484,
        "mape": 10.875568697475725
      },
      "gb": {
        "mae": 3.514644178459655,
        "rmse": 6.1040983637766955,
        "r2": 0.9734928992365474,
        "mape": 7.183342992662241
      },
      "ridge": {
        "mae": 10.459809170601947,
        "rmse": 13.664409178029675,
        "r2": 0.8671685544169598,
        "mape": 22.26066743718188
      },
      "linear": {
        "mae": 9.014633471551276,
        "rmse": 12.152943044198025,
        "r2": 0.8949291834583465,
        "mape": 19.43167317747017
      }
    },
    "cv_mae": {
      "xgboost": 2.6355552848771127,
      "lightgbm": 2.462577983706994,
      "catboost": 3.1523406460057197,
      "rf": 2.171771593313726,
      "gb": 2.3089440955858014,
      "ridge": 10.178397116098623,
      "linear": 9.388481348507693
    }
  }
}