{
  "trained_best_model": "rf",
  "new_test_metrics": {
    "mae": 3.588903937115781,
    "rmse": 6.695668241290552,
    "r2": 0.9734742345121449,
    "mape": 10.446700373767396
  },
  "cv_mae": {
    "xgboost": 2.680984429883863,
    "lightgbm": 2.435608710249395,
    "catboost": 3.1279371409651615,
    "rf": 2.1533778427413286,
    "gb": 2.253948676641647,
    "ridge": 9.765800110900674,
    "linear": 9.118742249583786
  },
  "test_mae_all": {
    "xgboost": 3.020161717696469,
    "lightgbm": 3.840481832111087,
    "catboost": 3.6832036226900207,
    "rf": 3.588903937115779,
    "gb": 4.306276696763669,
    "ridge": 10.770986841391224,
    "linear": 9.273791010268836
  },
  "historical_best_cv_mae": 2.042469801781462,
  "is_new_historical_best": false,
  "features": [
    "pm2_5",
    "pm10",
    "co",
    "no2",
    "so2",
    "month_cos",
    "total_pm",
    "total_gases",
    "no2_o3_ratio",
    "pm2_5_rolling_3h",
    "pm10_rolling_3h",
    "co_rolling_3h",
    "pm2_5_co_interaction",
    "hour_sin",
    "hour_cos"
  ],
  "scaler_needed": false,
  "all_models_saved": [
    "model_xgboost.pkl",
    "model_lightgbm.pkl",
    "model_catboost.pkl",
    "model_rf.pkl",
    "model_gb.pkl",
    "model_ridge.pkl",
    "model_linear.pkl"
  ],
  "all_metrics": {
    "train": {
      "xgboost": {
        "mae": 1.8353893136324948,
        "rmse": 3.3986593711240403,
        "r2": 0.9988292813972532,
        "mape": 1.4896031844887498
      },
      "lightgbm": {
        "mae": 1.9554194639838676,
        "rmse": 3.987698497777241,
        "r2": 0.9983883086719586,
        "mape": 1.6154917611840833
      },
      "catboost": {
        "mae": 1.8985559540404902,
        "rmse": 3.0152745928365494,
        "r2": 0.9990785092580633,
        "mape": 1.6007277431911604
      },
      "rf": {
        "mae": 1.1699159121166514,
        "rmse": 3.8807756199657595,
        "r2": 0.9984735790914506,
        "mape": 1.1471066086891584
      },
      "gb": {
        "mae": 1.388716678717822,
        "rmse": 2.911023960500669,
        "r2": 0.9991411272972494,
        "mape": 1.193306976591718
      },
      "ridge": {
        "mae": 8.79118275474563,
        "rmse": 11.667034525430935,
        "r2": 0.9862038405280451,
        "mape": 8.147609837128506
      },
      "linear": {
        "mae": 8.476287811694915,
        "rmse": 11.329582006602633,
        "r2": 0.9869903679293291,
        "mape": 7.7199330051651085
      }
    },
    "val": {
      "xgboost": {
        "mae": 2.6606852518369073,
        "rmse": 9.09325877353178,
        "r2": 0.938337651221991,
        "mape": 4.561074445483254
      },
      "lightgbm": {
        "mae": 2.91547244590325,
        "rmse": 10.532547739927745,
        "r2": 0.9172728933352893,
        "mape": 4.616042455487434
      },
      "catboost": {
        "mae": 3.28363157090085,
        "rmse": 9.578106940857092,
        "r2": 0.9315867336290055,
        "mape": 5.503388693337647
      },
      "rf": {
        "mae": 3.9301286288989186,
        "rmse": 12.088637473100567,
        "r2": 0.8910227937276433,
        "mape": 6.582483678108658
      },
      "gb": {
        "mae": 2.5719779207975297,
        "rmse": 9.565325210132743,
        "r2": 0.9317692031912301,
        "mape": 4.043702583886569
      },
      "ridge": {
        "mae": 6.541793081415316,
        "rmse": 11.778454706666405,
        "r2": 0.8965435444539905,
        "mape": 10.396471822535378
      },
      "linear": {
        "mae": 6.29096964697163,
        "rmse": 11.646892633916858,
        "r2": 0.8988417967839223,
        "mape": 9.64478934655493
      }
    },
    "test": {
      "xgboost": {
        "mae": 3.020161717696469,
        "rmse": 5.193300599935032,
        "r2": 0.9840424213243262,
        "mape": 7.426371642431151
      },
      "lightgbm": {
        "mae": 3.840481832111087,
        "rmse": 6.272335836801306,
        "r2": 0.9767223743908288,
        "mape": 8.786952168178145
      },
      "catboost": {
        "mae": 3.6832036226900207,
        "rmse": 6.088843654869089,
        "r2": 0.97806438994506,
        "mape": 9.15622257133515
      },
      "rf": {
        "mae": 3.588903937115779,
        "rmse": 6.695668241290551,
        "r2": 0.9734742345121449,
        "mape": 10.446700373767392
      },
      "gb": {
        "mae": 4.306276696763669,
        "rmse": 7.446371247491587,
        "r2": 0.9671927792298401,
        "mape": 7.420680295983841
      },
      "ridge": {
        "mae": 10.770986841391224,
        "rmse": 13.869747584851945,
        "r2": 0.8861803655040966,
        "mape": 22.099791357926655
      },
      "linear": {
        "mae": 9.273791010268836,
        "rmse": 12.303663746108995,
        "r2": 0.910432803898342,
        "mape": 19.31699258998195
      }
    },
    "cv_mae": {
      "xgboost": 2.680984429883863,
      "lightgbm": 2.435608710249395,
      "catboost": 3.1279371409651615,
      "rf": 2.1533778427413286,
      "gb": 2.253948676641647,
      "ridge": 9.765800110900674,
      "linear": 9.118742249583786
    }
  }
}