{
  "trained_best_model": "xgboost",
  "new_test_metrics": {
    "mae": 3.2299971010477497,
    "rmse": 5.314372748762967,
    "r2": 0.9784520364193334,
    "mape": 8.204143596974125
  },
  "cv_mae": {
    "xgboost": 2.104574814887896,
    "lightgbm": 2.314867205377264,
    "catboost": 3.5600950405739127,
    "rf": 2.2737959280090467,
    "gb": 2.334733664451787,
    "ridge": 10.720458935179595,
    "linear": 9.715108931837804
  },
  "test_mae_all": {
    "xgboost": 3.2299971010477497,
    "lightgbm": 3.324124147995373,
    "catboost": 4.549410222826619,
    "rf": 5.5437899262031385,
    "gb": 4.189475075180463,
    "ridge": 10.193746725933488,
    "linear": 8.78203388371364
  },
  "historical_best_cv_mae": 2.0564814707537686,
  "is_new_historical_best": false,
  "features": [
    "pm2_5",
    "pm10",
    "co",
    "no2",
    "so2",
    "month_cos",
    "total_pm",
    "total_gases",
    "no2_o3_ratio",
    "pm2_5_rolling_3h",
    "pm10_rolling_3h",
    "co_rolling_3h",
    "pm2_5_co_interaction",
    "hour_sin",
    "hour_cos"
  ],
  "scaler_needed": false,
  "all_models_saved": [
    "model_xgboost.pkl",
    "model_lightgbm.pkl",
    "model_catboost.pkl",
    "model_rf.pkl",
    "model_gb.pkl",
    "model_ridge.pkl",
    "model_linear.pkl"
  ],
  "all_metrics": {
    "train": {
      "xgboost": {
        "mae": 1.1162334933284055,
        "rmse": 1.9498567404624778,
        "r2": 0.9996196546826078,
        "mape": 0.9456012384363957
      },
      "lightgbm": {
        "mae": 0.9896537866500377,
        "rmse": 1.9165075728562628,
        "r2": 0.9996325538131394,
        "mape": 0.8280088231070906
      },
      "catboost": {
        "mae": 1.9871807348472295,
        "rmse": 3.10447165885124,
        "r2": 0.9990358423210466,
        "mape": 1.6215437976110827
      },
      "rf": {
        "mae": 1.1550321689232486,
        "rmse": 3.797496343467281,
        "r2": 0.9985573286929617,
        "mape": 1.1309669717671553
      },
      "gb": {
        "mae": 1.4255097915832462,
        "rmse": 3.0036424469910834,
        "r2": 0.9990974544448762,
        "mape": 1.2164910129683797
      },
      "ridge": {
        "mae": 8.990188598849697,
        "rmse": 11.84931845319959,
        "r2": 0.9859537818737663,
        "mape": 8.246005527910915
      },
      "linear": {
        "mae": 8.669007911075607,
        "rmse": 11.50380459892405,
        "r2": 0.9867609854912207,
        "mape": 7.81020327352452
      }
    },
    "val": {
      "xgboost": {
        "mae": 2.8804094932939366,
        "rmse": 8.394147330131824,
        "r2": 0.9559881621322455,
        "mape": 5.1724399464476605
      },
      "lightgbm": {
        "mae": 3.2522482144506886,
        "rmse": 9.210780362646265,
        "r2": 0.9470081377026537,
        "mape": 5.156216139674368
      },
      "catboost": {
        "mae": 4.337439715357613,
        "rmse": 10.55436024853671,
        "r2": 0.9304206837073775,
        "mape": 6.681265817160169
      },
      "rf": {
        "mae": 5.642063628122657,
        "rmse": 12.606070449426966,
        "r2": 0.9007396529757344,
        "mape": 9.468690006652016
      },
      "gb": {
        "mae": 2.9578866544964617,
        "rmse": 9.96077263741537,
        "r2": 0.9380270194646206,
        "mape": 4.90432274985168
      },
      "ridge": {
        "mae": 7.203605929090742,
        "rmse": 12.292677431486922,
        "r2": 0.9056136263654634,
        "mape": 11.369127305318916
      },
      "linear": {
        "mae": 6.799276419633912,
        "rmse": 11.941796032039129,
        "r2": 0.9109250417146598,
        "mape": 10.482125166689045
      }
    },
    "test": {
      "xgboost": {
        "mae": 3.2299971010477497,
        "rmse": 5.314372748762967,
        "r2": 0.9784520364193334,
        "mape": 8.204143596974125
      },
      "lightgbm": {
        "mae": 3.324124147995373,
        "rmse": 5.266673854913166,
        "r2": 0.9788371059387314,
        "mape": 8.176395097075345
      },
      "catboost": {
        "mae": 4.549410222826619,
        "rmse": 6.429670614004664,
        "r2": 0.9684586950041842,
        "mape": 10.141597517386701
      },
      "rf": {
        "mae": 5.5437899262031385,
        "rmse": 7.869221406233988,
        "r2": 0.9527539247536262,
        "mape": 13.582880716708198
      },
      "gb": {
        "mae": 4.189475075180463,
        "rmse": 7.595910016156191,
        "r2": 0.9559788047170582,
        "mape": 8.800386695787992
      },
      "ridge": {
        "mae": 10.193746725933488,
        "rmse": 13.627185329750423,
        "r2": 0.858318047660557,
        "mape": 22.278304784363
      },
      "linear": {
        "mae": 8.78203388371364,
        "rmse": 12.098362874256066,
        "r2": 0.8883251389302447,
        "mape": 19.38473375480097
      }
    },
    "cv_mae": {
      "xgboost": 2.104574814887896,
      "lightgbm": 2.314867205377264,
      "catboost": 3.5600950405739127,
      "rf": 2.2737959280090467,
      "gb": 2.334733664451787,
      "ridge": 10.720458935179595,
      "linear": 9.715108931837804
    }
  }
}