{
  "trained_best_model": "rf",
  "new_test_metrics": {
    "mae": 3.3230674664353756,
    "rmse": 6.487577381659177,
    "r2": 0.9767939295940843,
    "mape": 10.124289793564577
  },
  "cv_mae": {
    "xgboost": 2.61426213146889,
    "lightgbm": 2.5031983498872914,
    "catboost": 3.1941525433108198,
    "rf": 2.265817169258896,
    "gb": 2.298173547983546,
    "ridge": 9.634686184250139,
    "linear": 9.021155820282866
  },
  "test_mae_all": {
    "xgboost": 3.556704977473587,
    "lightgbm": 3.702051406752375,
    "catboost": 3.879224155522682,
    "rf": 3.323067466435374,
    "gb": 4.337122066784656,
    "ridge": 11.093640700908052,
    "linear": 9.49861321495551
  },
  "historical_best_cv_mae": 2.042469801781462,
  "is_new_historical_best": false,
  "features": [
    "pm2_5",
    "pm10",
    "co",
    "no2",
    "so2",
    "month_cos",
    "total_pm",
    "total_gases",
    "no2_o3_ratio",
    "pm2_5_rolling_3h",
    "pm10_rolling_3h",
    "co_rolling_3h",
    "pm2_5_co_interaction",
    "hour_sin",
    "hour_cos"
  ],
  "scaler_needed": false,
  "all_models_saved": [
    "model_xgboost.pkl",
    "model_lightgbm.pkl",
    "model_catboost.pkl",
    "model_rf.pkl",
    "model_gb.pkl",
    "model_ridge.pkl",
    "model_linear.pkl"
  ],
  "all_metrics": {
    "train": {
      "xgboost": {
        "mae": 1.8859928430332051,
        "rmse": 3.539863693533878,
        "r2": 0.9987121766083803,
        "mape": 1.5353049571250303
      },
      "lightgbm": {
        "mae": 1.671657591462687,
        "rmse": 3.342426805983548,
        "r2": 0.9988518277617016,
        "mape": 1.374088804768191
      },
      "catboost": {
        "mae": 1.883303066725661,
        "rmse": 2.9869776475037235,
        "r2": 0.9990830467886528,
        "mape": 1.5879857452807649
      },
      "rf": {
        "mae": 1.179900704621352,
        "rmse": 3.883484199441048,
        "r2": 0.998450019210586,
        "mape": 1.1545371784142415
      },
      "gb": {
        "mae": 1.372406565267507,
        "rmse": 2.9235797286396306,
        "r2": 0.9991215579548192,
        "mape": 1.1875006283549954
      },
      "ridge": {
        "mae": 8.730850630722031,
        "rmse": 11.60981725513297,
        "r2": 0.9861473137479749,
        "mape": 8.11047118933175
      },
      "linear": {
        "mae": 8.421634708848217,
        "rmse": 11.278520891422351,
        "r2": 0.9869266307670193,
        "mape": 7.687751228030209
      }
    },
    "val": {
      "xgboost": {
        "mae": 2.8609881597022486,
        "rmse": 9.542161982523673,
        "r2": 0.9327963499925088,
        "mape": 5.048133473228237
      },
      "lightgbm": {
        "mae": 2.7614812236114594,
        "rmse": 10.19642208207361,
        "r2": 0.9232647518688831,
        "mape": 4.360733776281242
      },
      "catboost": {
        "mae": 3.5190043669841007,
        "rmse": 10.171092566259084,
        "r2": 0.9236455231783889,
        "mape": 5.8175956444084775
      },
      "rf": {
        "mae": 3.452591296366258,
        "rmse": 11.911299416191435,
        "r2": 0.8952829074686354,
        "mape": 6.031527316327676
      },
      "gb": {
        "mae": 2.5572426663367387,
        "rmse": 9.652811910513256,
        "r2": 0.931228740251418,
        "mape": 3.802969737208491
      },
      "ridge": {
        "mae": 6.581155083365103,
        "rmse": 11.755897633628758,
        "r2": 0.8979974841550544,
        "mape": 10.431379177839762
      },
      "linear": {
        "mae": 6.33835665336374,
        "rmse": 11.62788179356609,
        "r2": 0.9002069012419585,
        "mape": 9.684802310617401
      }
    },
    "test": {
      "xgboost": {
        "mae": 3.556704977473587,
        "rmse": 6.124668041303286,
        "r2": 0.9793175676196669,
        "mape": 8.891718343360623
      },
      "lightgbm": {
        "mae": 3.702051406752375,
        "rmse": 5.958641792063014,
        "r2": 0.9804236797924986,
        "mape": 7.835392127099913
      },
      "catboost": {
        "mae": 3.879224155522682,
        "rmse": 6.376253978882693,
        "r2": 0.9775835044583164,
        "mape": 9.42286239239245
      },
      "rf": {
        "mae": 3.323067466435374,
        "rmse": 6.487577381659177,
        "r2": 0.9767939295940843,
        "mape": 10.124289793564573
      },
      "gb": {
        "mae": 4.337122066784656,
        "rmse": 7.6169579738349205,
        "r2": 0.968011076721449,
        "mape": 6.884102458648527
      },
      "ridge": {
        "mae": 11.093640700908052,
        "rmse": 14.139955907804389,
        "r2": 0.8897616729281942,
        "mape": 22.202952069383002
      },
      "linear": {
        "mae": 9.49861321495551,
        "rmse": 12.49142235234129,
        "r2": 0.9139679465537861,
        "mape": 19.366062400606545
      }
    },
    "cv_mae": {
      "xgboost": 2.61426213146889,
      "lightgbm": 2.5031983498872914,
      "catboost": 3.1941525433108198,
      "rf": 2.265817169258896,
      "gb": 2.298173547983546,
      "ridge": 9.634686184250139,
      "linear": 9.021155820282866
    }
  }
}