{
  "trained_best_model": "rf",
  "new_test_metrics": {
    "mae": 5.4973538478346615,
    "rmse": 7.810671726547252,
    "r2": 0.9532426633094592,
    "mape": 13.562378780280056
  },
  "cv_mae": {
    "xgboost": 2.8024096139956365,
    "lightgbm": 2.483648613141283,
    "catboost": 3.5738599725582496,
    "rf": 2.1382664250596513,
    "gb": 2.219086275189827,
    "ridge": 10.63726492614771,
    "linear": 9.860856349275869
  },
  "test_mae_all": {
    "xgboost": 3.8528114144710264,
    "lightgbm": 4.754698934419346,
    "catboost": 4.977499738194395,
    "rf": 5.4973538478346615,
    "gb": 4.303040350460669,
    "ridge": 10.349560543597313,
    "linear": 8.925560821109945
  },
  "historical_best_cv_mae": 2.042469801781462,
  "is_new_historical_best": false,
  "features": [
    "pm2_5",
    "pm10",
    "co",
    "no2",
    "so2",
    "month_cos",
    "total_pm",
    "total_gases",
    "no2_o3_ratio",
    "pm2_5_rolling_3h",
    "pm10_rolling_3h",
    "co_rolling_3h",
    "pm2_5_co_interaction",
    "hour_sin",
    "hour_cos"
  ],
  "scaler_needed": false,
  "all_models_saved": [
    "model_xgboost.pkl",
    "model_lightgbm.pkl",
    "model_catboost.pkl",
    "model_rf.pkl",
    "model_gb.pkl",
    "model_ridge.pkl",
    "model_linear.pkl"
  ],
  "all_metrics": {
    "train": {
      "xgboost": {
        "mae": 1.97795472919591,
        "rmse": 3.6188395698436016,
        "r2": 0.9986892634037403,
        "mape": 1.5639759151883814
      },
      "lightgbm": {
        "mae": 1.565502416089927,
        "rmse": 3.0631220142037887,
        "r2": 0.9990609140186174,
        "mape": 1.272477508771237
      },
      "catboost": {
        "mae": 1.9435353390352026,
        "rmse": 3.0378307543543155,
        "r2": 0.9990763574886943,
        "mape": 1.5882049634360857
      },
      "rf": {
        "mae": 1.1535141930473916,
        "rmse": 3.8117670423049037,
        "r2": 0.9985457821678799,
        "mape": 1.1249409650632651
      },
      "gb": {
        "mae": 1.4121226059249112,
        "rmse": 2.9989750866916194,
        "r2": 0.9990998342588655,
        "mape": 1.2055730336857018
      },
      "ridge": {
        "mae": 9.01001313748452,
        "rmse": 11.842211680227978,
        "r2": 0.985964030877985,
        "mape": 8.266943137241622
      },
      "linear": {
        "mae": 8.673148676299634,
        "rmse": 11.48315544490956,
        "r2": 0.986802269612425,
        "mape": 7.814209948869026
      }
    },
    "val": {
      "xgboost": {
        "mae": 2.964712759131166,
        "rmse": 9.547916778333297,
        "r2": 0.9313883736154479,
        "mape": 5.293096687228115
      },
      "lightgbm": {
        "mae": 3.3263143921771046,
        "rmse": 10.105373615348023,
        "r2": 0.9231426840251377,
        "mape": 5.259041831105779
      },
      "catboost": {
        "mae": 4.714636806858519,
        "rmse": 11.10439048518803,
        "r2": 0.9071953120489976,
        "mape": 7.2135398512534
      },
      "rf": {
        "mae": 5.583881380545139,
        "rmse": 12.553090140786376,
        "r2": 0.8814008001582626,
        "mape": 9.4045755045913
      },
      "gb": {
        "mae": 3.031073423935969,
        "rmse": 9.795093811923048,
        "r2": 0.9277899470056102,
        "mape": 5.205558578875395
      },
      "ridge": {
        "mae": 6.859844679340066,
        "rmse": 11.943315981576099,
        "r2": 0.8926430143063342,
        "mape": 11.250365339784032
      },
      "linear": {
        "mae": 6.547064697744022,
        "rmse": 11.68870829824329,
        "r2": 0.8971714988899883,
        "mape": 10.39184542187281
      }
    },
    "test": {
      "xgboost": {
        "mae": 3.8528114144710264,
        "rmse": 6.559293725562735,
        "r2": 0.9670248216451607,
        "mape": 9.610455523702255
      },
      "lightgbm": {
        "mae": 4.754698934419346,
        "rmse": 7.1652197527501995,
        "r2": 0.9606511518362848,
        "mape": 10.022225908933082
      },
      "catboost": {
        "mae": 4.977499738194395,
        "rmse": 6.923311934986129,
        "r2": 0.9632632448158533,
        "mape": 11.06140307723134
      },
      "rf": {
        "mae": 5.4973538478346615,
        "rmse": 7.810671726547252,
        "r2": 0.9532426633094592,
        "mape": 13.562378780280055
      },
      "gb": {
        "mae": 4.303040350460669,
        "rmse": 7.594306001654315,
        "r2": 0.9557972611099643,
        "mape": 9.49929870519776
      },
      "ridge": {
        "mae": 10.349560543597313,
        "rmse": 13.71153928469598,
        "r2": 0.8559061585065357,
        "mape": 22.450411475998564
      },
      "linear": {
        "mae": 8.925560821109945,
        "rmse": 12.19012075838248,
        "r2": 0.886109103690247,
        "mape": 19.529239611569665
      }
    },
    "cv_mae": {
      "xgboost": 2.8024096139956365,
      "lightgbm": 2.483648613141283,
      "catboost": 3.5738599725582496,
      "rf": 2.1382664250596513,
      "gb": 2.219086275189827,
      "ridge": 10.63726492614771,
      "linear": 9.860856349275869
    }
  }
}