{
  "trained_best_model": "rf",
  "new_test_metrics": {
    "mae": 3.315085991214081,
    "rmse": 6.40535654888019,
    "r2": 0.9774738363419874,
    "mape": 10.033677663709001
  },
  "cv_mae": {
    "xgboost": 2.7133504367387924,
    "lightgbm": 2.494117434894522,
    "catboost": 3.279473149236991,
    "rf": 2.2952783056103447,
    "gb": 2.355094303011911,
    "ridge": 9.649605921615287,
    "linear": 9.063286561908622
  },
  "test_mae_all": {
    "xgboost": 3.490554089076849,
    "lightgbm": 3.9025850872926227,
    "catboost": 4.032915617981087,
    "rf": 3.3150859912140818,
    "gb": 4.958935393745605,
    "ridge": 11.153347615739145,
    "linear": 9.546988891333376
  },
  "historical_best_cv_mae": 2.042469801781462,
  "is_new_historical_best": false,
  "features": [
    "pm2_5",
    "pm10",
    "co",
    "no2",
    "so2",
    "month_cos",
    "total_pm",
    "total_gases",
    "no2_o3_ratio",
    "pm2_5_rolling_3h",
    "pm10_rolling_3h",
    "co_rolling_3h",
    "pm2_5_co_interaction",
    "hour_sin",
    "hour_cos"
  ],
  "scaler_needed": false,
  "all_models_saved": [
    "model_xgboost.pkl",
    "model_lightgbm.pkl",
    "model_catboost.pkl",
    "model_rf.pkl",
    "model_gb.pkl",
    "model_ridge.pkl",
    "model_linear.pkl"
  ],
  "all_metrics": {
    "train": {
      "xgboost": {
        "mae": 1.8372701939149223,
        "rmse": 3.3754747699469814,
        "r2": 0.998828931104223,
        "mape": 1.4962903123882143
      },
      "lightgbm": {
        "mae": 1.7602171389213308,
        "rmse": 3.575279593774428,
        "r2": 0.9986861894834365,
        "mape": 1.4379151755016502
      },
      "catboost": {
        "mae": 1.884314720216495,
        "rmse": 3.017196614244974,
        "r2": 0.9990643359636371,
        "mape": 1.5759276623307044
      },
      "rf": {
        "mae": 1.1754628639187952,
        "rmse": 3.881545752755931,
        "r2": 0.9984514610519476,
        "mape": 1.154983075380874
      },
      "gb": {
        "mae": 1.3889989088999632,
        "rmse": 2.9584587037586014,
        "r2": 0.9991004118280244,
        "mape": 1.2043099250764513
      },
      "ridge": {
        "mae": 8.718851022743966,
        "rmse": 11.596404925513873,
        "r2": 0.9861783638190208,
        "mape": 8.104859938265683
      },
      "linear": {
        "mae": 8.411643785087385,
        "rmse": 11.268042808455867,
        "r2": 0.9869500246861097,
        "mape": 7.683520837290106
      }
    },
    "val": {
      "xgboost": {
        "mae": 2.8892028299096513,
        "rmse": 9.021648822599003,
        "r2": 0.9395772708051572,
        "mape": 5.213747607778544
      },
      "lightgbm": {
        "mae": 2.793328559691507,
        "rmse": 10.299084406413513,
        "r2": 0.9212545014029124,
        "mape": 4.3156097946732235
      },
      "catboost": {
        "mae": 3.340580948672982,
        "rmse": 9.95299956196962,
        "r2": 0.9264578246083934,
        "mape": 5.77589802167975
      },
      "rf": {
        "mae": 3.473299612326013,
        "rmse": 11.874590227045461,
        "r2": 0.8953195054287446,
        "mape": 6.024778518593311
      },
      "gb": {
        "mae": 2.695067706777666,
        "rmse": 10.0502126070538,
        "r2": 0.9250142049385162,
        "mape": 4.177887744657291
      },
      "ridge": {
        "mae": 6.502308416658675,
        "rmse": 11.68919123834177,
        "r2": 0.898562758586099,
        "mape": 10.386261964402783
      },
      "linear": {
        "mae": 6.260837220305188,
        "rmse": 11.557041948694861,
        "r2": 0.9008433418098365,
        "mape": 9.639541747446204
      }
    },
    "test": {
      "xgboost": {
        "mae": 3.490554089076849,
        "rmse": 6.179758348970693,
        "r2": 0.9790326472318706,
        "mape": 8.825461802177513
      },
      "lightgbm": {
        "mae": 3.9025850872926227,
        "rmse": 6.380602546985726,
        "r2": 0.9776476081608249,
        "mape": 8.166235185867786
      },
      "catboost": {
        "mae": 4.032915617981087,
        "rmse": 6.597647721721666,
        "r2": 0.9761010477238282,
        "mape": 9.812832828260364
      },
      "rf": {
        "mae": 3.3150859912140818,
        "rmse": 6.40535654888019,
        "r2": 0.9774738363419874,
        "mape": 10.033677663709001
      },
      "gb": {
        "mae": 4.958935393745605,
        "rmse": 8.571790556437753,
        "r2": 0.9596592732303384,
        "mape": 8.004189514586866
      },
      "ridge": {
        "mae": 11.153347615739145,
        "rmse": 14.175652765164447,
        "r2": 0.889671744966653,
        "mape": 22.230773616231104
      },
      "linear": {
        "mae": 9.546988891333376,
        "rmse": 12.52684985696327,
        "r2": 0.9138442315261421,
        "mape": 19.398231993436013
      }
    },
    "cv_mae": {
      "xgboost": 2.7133504367387924,
      "lightgbm": 2.494117434894522,
      "catboost": 3.279473149236991,
      "rf": 2.2952783056103447,
      "gb": 2.355094303011911,
      "ridge": 9.649605921615287,
      "linear": 9.063286561908622
    }
  }
}