{
  "trained_best_model": "rf",
  "new_test_metrics": {
    "mae": 4.770241166271521,
    "rmse": 7.767718516531121,
    "r2": 0.9539740168973219,
    "mape": 12.752091459134087
  },
  "cv_mae": {
    "xgboost": 2.6687589854410247,
    "lightgbm": 2.4861676869731797,
    "catboost": 3.2085646782649384,
    "rf": 2.1431727483235017,
    "gb": 2.295798925893116,
    "ridge": 10.21782899237013,
    "linear": 9.379878231558676
  },
  "test_mae_all": {
    "xgboost": 3.5453508015195925,
    "lightgbm": 4.153669967061395,
    "catboost": 3.745455606155935,
    "rf": 4.770241166271521,
    "gb": 4.058774049320041,
    "ridge": 10.460668033319983,
    "linear": 9.106438125735147
  },
  "historical_best_cv_mae": 2.042469801781462,
  "is_new_historical_best": false,
  "features": [
    "pm2_5",
    "pm10",
    "co",
    "no2",
    "so2",
    "month_cos",
    "total_pm",
    "total_gases",
    "no2_o3_ratio",
    "pm2_5_rolling_3h",
    "pm10_rolling_3h",
    "co_rolling_3h",
    "pm2_5_co_interaction",
    "hour_sin",
    "hour_cos"
  ],
  "scaler_needed": false,
  "all_models_saved": [
    "model_xgboost.pkl",
    "model_lightgbm.pkl",
    "model_catboost.pkl",
    "model_rf.pkl",
    "model_gb.pkl",
    "model_ridge.pkl",
    "model_linear.pkl"
  ],
  "all_metrics": {
    "train": {
      "xgboost": {
        "mae": 1.9341597384436022,
        "rmse": 3.5512917590206348,
        "r2": 0.9987329169817792,
        "mape": 1.5502389587309056
      },
      "lightgbm": {
        "mae": 1.558156936013484,
        "rmse": 3.070272766301092,
        "r2": 0.9990529208317482,
        "mape": 1.266464566430626
      },
      "catboost": {
        "mae": 1.9230252549872187,
        "rmse": 3.0563256516810338,
        "r2": 0.9990615057496788,
        "mape": 1.5733782773172795
      },
      "rf": {
        "mae": 1.1521181859189253,
        "rmse": 3.835163867972412,
        "r2": 0.9985222525672108,
        "mape": 1.122849702162743
      },
      "gb": {
        "mae": 1.3958137243379771,
        "rmse": 2.9430499517059023,
        "r2": 0.9991297828660185,
        "mape": 1.1979463936636325
      },
      "ridge": {
        "mae": 8.94192128976659,
        "rmse": 11.796794232920593,
        "r2": 0.9860182873667422,
        "mape": 8.22790474274406
      },
      "linear": {
        "mae": 8.610463290665068,
        "rmse": 11.443410975009007,
        "r2": 0.9868434096048899,
        "mape": 7.781213598225503
      }
    },
    "val": {
      "xgboost": {
        "mae": 2.9163959712198335,
        "rmse": 9.230866741723048,
        "r2": 0.9355368053908124,
        "mape": 5.227682018194041
      },
      "lightgbm": {
        "mae": 3.004454989618665,
        "rmse": 9.953128835583113,
        "r2": 0.925054404875324,
        "mape": 4.980747728530967
      },
      "catboost": {
        "mae": 3.3144839033527287,
        "rmse": 10.302614826235507,
        "r2": 0.9196988456674435,
        "mape": 5.6416612219923605
      },
      "rf": {
        "mae": 5.139657124345787,
        "rmse": 12.548325017441122,
        "r2": 0.880876243814433,
        "mape": 8.751759627267264
      },
      "gb": {
        "mae": 2.9238438585976083,
        "rmse": 9.803089788482046,
        "r2": 0.9272969179400292,
        "mape": 4.807186700819338
      },
      "ridge": {
        "mae": 6.683010954797529,
        "rmse": 11.852585843674593,
        "r2": 0.8937196245346439,
        "mape": 10.91482845888817
      },
      "linear": {
        "mae": 6.319209397355654,
        "rmse": 11.575379957406858,
        "r2": 0.8986328182823753,
        "mape": 9.979015713309119
      }
    },
    "test": {
      "xgboost": {
        "mae": 3.5453508015195925,
        "rmse": 6.275872793909058,
        "r2": 0.9699555416098014,
        "mape": 9.370749576269235
      },
      "lightgbm": {
        "mae": 4.153669967061395,
        "rmse": 6.981749760834625,
        "r2": 0.9628169789447633,
        "mape": 9.575750221874978
      },
      "catboost": {
        "mae": 3.745455606155935,
        "rmse": 6.445706450975969,
        "r2": 0.9683074516869121,
        "mape": 9.606195530030336
      },
      "rf": {
        "mae": 4.770241166271521,
        "rmse": 7.76771851653112,
        "r2": 0.9539740168973219,
        "mape": 12.752091459134087
      },
      "gb": {
        "mae": 4.058774049320041,
        "rmse": 7.10387754447358,
        "r2": 0.9615047585490901,
        "mape": 8.39765491954189
      },
      "ridge": {
        "mae": 10.460668033319983,
        "rmse": 13.717972217468287,
        "r2": 0.8564523943872386,
        "mape": 22.523000937562518
      },
      "linear": {
        "mae": 9.106438125735147,
        "rmse": 12.256379592973907,
        "r2": 0.8854116354616768,
        "mape": 19.70565143425473
      }
    },
    "cv_mae": {
      "xgboost": 2.6687589854410247,
      "lightgbm": 2.4861676869731797,
      "catboost": 3.2085646782649384,
      "rf": 2.1431727483235017,
      "gb": 2.295798925893116,
      "ridge": 10.21782899237013,
      "linear": 9.379878231558676
    }
  }
}