{
  "trained_best_model": "rf",
  "new_test_metrics": {
    "mae": 3.330080314695477,
    "rmse": 6.522133935278355,
    "r2": 0.9766431154336382,
    "mape": 10.160249009891647
  },
  "cv_mae": {
    "xgboost": 2.7113980123441515,
    "lightgbm": 2.487425237329728,
    "catboost": 3.1652750383858903,
    "rf": 2.277184068761197,
    "gb": 2.3769843389056193,
    "ridge": 9.651999433738512,
    "linear": 9.05014078638288
  },
  "test_mae_all": {
    "xgboost": 3.5074887774980357,
    "lightgbm": 3.3661524737632362,
    "catboost": 3.9113068412457306,
    "rf": 3.3300803146954787,
    "gb": 5.2853694163105915,
    "ridge": 11.139766824042619,
    "linear": 9.527524812553699
  },
  "historical_best_cv_mae": 2.042469801781462,
  "is_new_historical_best": false,
  "features": [
    "pm2_5",
    "pm10",
    "co",
    "no2",
    "so2",
    "month_cos",
    "total_pm",
    "total_gases",
    "no2_o3_ratio",
    "pm2_5_rolling_3h",
    "pm10_rolling_3h",
    "co_rolling_3h",
    "pm2_5_co_interaction",
    "hour_sin",
    "hour_cos"
  ],
  "scaler_needed": false,
  "all_models_saved": [
    "model_xgboost.pkl",
    "model_lightgbm.pkl",
    "model_catboost.pkl",
    "model_rf.pkl",
    "model_gb.pkl",
    "model_ridge.pkl",
    "model_linear.pkl"
  ],
  "all_metrics": {
    "train": {
      "xgboost": {
        "mae": 1.820664666636816,
        "rmse": 3.3585493758060054,
        "r2": 0.9988405831956958,
        "mape": 1.495143301894526
      },
      "lightgbm": {
        "mae": 1.9250310697354995,
        "rmse": 3.988729739663673,
        "r2": 0.998364670247469,
        "mape": 1.6093095290825699
      },
      "catboost": {
        "mae": 1.9276515156858924,
        "rmse": 3.054462562693668,
        "r2": 0.9990410284374375,
        "mape": 1.6207595494925726
      },
      "rf": {
        "mae": 1.180131629785244,
        "rmse": 3.8737074493014445,
        "r2": 0.9984576257955434,
        "mape": 1.1541497766877526
      },
      "gb": {
        "mae": 1.3953296818407455,
        "rmse": 2.9760625575702293,
        "r2": 0.9990896251999315,
        "mape": 1.2196732620364599
      },
      "ridge": {
        "mae": 8.722349571949222,
        "rmse": 11.5991834051541,
        "r2": 0.986170994584075,
        "mape": 8.106249352536238
      },
      "linear": {
        "mae": 8.414581786704588,
        "rmse": 11.270202496688011,
        "r2": 0.986944318273351,
        "mape": 7.684763182058919
      }
    },
    "val": {
      "xgboost": {
        "mae": 2.7290512023995457,
        "rmse": 9.126202416665251,
        "r2": 0.9382026689850133,
        "mape": 4.663830181637536
      },
      "lightgbm": {
        "mae": 2.877655285927775,
        "rmse": 10.52151962188527,
        "r2": 0.9178615575367642,
        "mape": 4.4727119272946645
      },
      "catboost": {
        "mae": 3.431614969247162,
        "rmse": 9.63713510130652,
        "r2": 0.9310894971389739,
        "mape": 5.841066037593077
      },
      "rf": {
        "mae": 3.451639552603589,
        "rmse": 11.88895405217781,
        "r2": 0.8951238293157594,
        "mape": 6.024477300306366
      },
      "gb": {
        "mae": 2.552980966905947,
        "rmse": 9.626522589728836,
        "r2": 0.9312411834724748,
        "mape": 3.8736636967171343
      },
      "ridge": {
        "mae": 6.5062319974687695,
        "rmse": 11.69222222769746,
        "r2": 0.8985659778658109,
        "mape": 10.384772247671583
      },
      "linear": {
        "mae": 6.264506932387166,
        "rmse": 11.559221476736973,
        "r2": 0.9008605068150761,
        "mape": 9.639207443632568
      }
    },
    "test": {
      "xgboost": {
        "mae": 3.5074887774980357,
        "rmse": 5.939188318854636,
        "r2": 0.9806317812978401,
        "mape": 8.183931675194238
      },
      "lightgbm": {
        "mae": 3.3661524737632362,
        "rmse": 5.650147766935549,
        "r2": 0.9824710823682784,
        "mape": 8.19331895442708
      },
      "catboost": {
        "mae": 3.9113068412457306,
        "rmse": 6.300619104769691,
        "r2": 0.9782027382288002,
        "mape": 9.42995654491026
      },
      "rf": {
        "mae": 3.3300803146954787,
        "rmse": 6.522133935278357,
        "r2": 0.9766431154336382,
        "mape": 10.16024900989165
      },
      "gb": {
        "mae": 5.2853694163105915,
        "rmse": 9.437097266621958,
        "r2": 0.9510996068364321,
        "mape": 7.735979874143292
      },
      "ridge": {
        "mae": 11.139766824042619,
        "rmse": 14.16987656653079,
        "r2": 0.8897527862088593,
        "mape": 22.2153196595588
      },
      "linear": {
        "mae": 9.527524812553699,
        "rmse": 12.51273227024403,
        "r2": 0.9140314121651845,
        "mape": 19.371706400729575
      }
    },
    "cv_mae": {
      "xgboost": 2.7113980123441515,
      "lightgbm": 2.487425237329728,
      "catboost": 3.1652750383858903,
      "rf": 2.277184068761197,
      "gb": 2.3769843389056193,
      "ridge": 9.651999433738512,
      "linear": 9.05014078638288
    }
  }
}