{
  "trained_best_model": "rf",
  "new_test_metrics": {
    "mae": 3.56706128699901,
    "rmse": 6.730976745446614,
    "r2": 0.9710610983123079,
    "mape": 10.437958398968386
  },
  "cv_mae": {
    "xgboost": 2.589650102230901,
    "lightgbm": 2.4321774047080438,
    "catboost": 3.2683222157093796,
    "rf": 2.140942011080371,
    "gb": 2.2624520039109743,
    "ridge": 10.167736033106795,
    "linear": 9.416609857644318
  },
  "test_mae_all": {
    "xgboost": 3.462840440780052,
    "lightgbm": 3.9401244790018763,
    "catboost": 4.454024264207157,
    "rf": 3.567061286999011,
    "gb": 3.9150514915781742,
    "ridge": 10.52467635354033,
    "linear": 9.082572702891515
  },
  "historical_best_cv_mae": 2.042469801781462,
  "is_new_historical_best": false,
  "features": [
    "pm2_5",
    "pm10",
    "co",
    "no2",
    "so2",
    "month_cos",
    "total_pm",
    "total_gases",
    "no2_o3_ratio",
    "pm2_5_rolling_3h",
    "pm10_rolling_3h",
    "co_rolling_3h",
    "pm2_5_co_interaction",
    "hour_sin",
    "hour_cos"
  ],
  "scaler_needed": false,
  "all_models_saved": [
    "model_xgboost.pkl",
    "model_lightgbm.pkl",
    "model_catboost.pkl",
    "model_rf.pkl",
    "model_gb.pkl",
    "model_ridge.pkl",
    "model_linear.pkl"
  ],
  "all_metrics": {
    "train": {
      "xgboost": {
        "mae": 1.9611578356263222,
        "rmse": 3.6653854117056452,
        "r2": 0.9986405002951649,
        "mape": 1.591085248696827
      },
      "lightgbm": {
        "mae": 1.5276859390188857,
        "rmse": 3.0156641406456477,
        "r2": 0.9990797501247866,
        "mape": 1.2589503401583986
      },
      "catboost": {
        "mae": 1.9101052355224715,
        "rmse": 3.022356961569828,
        "r2": 0.999075660874855,
        "mape": 1.6034274511423081
      },
      "rf": {
        "mae": 1.1658837486484959,
        "rmse": 3.8686702455021886,
        "r2": 0.9984855210194924,
        "mape": 1.141883240136384
      },
      "gb": {
        "mae": 1.390452515415852,
        "rmse": 2.954163250513745,
        "r2": 0.9991169021933454,
        "mape": 1.1951042151880642
      },
      "ridge": {
        "mae": 8.860360154157089,
        "rmse": 11.72446740014331,
        "r2": 0.9860900339366361,
        "mape": 8.21435723070892
      },
      "linear": {
        "mae": 8.54065399480909,
        "rmse": 11.381739067577596,
        "r2": 0.9868913769989416,
        "mape": 7.778793870649634
      }
    },
    "val": {
      "xgboost": {
        "mae": 2.995002328533016,
        "rmse": 9.329148791071074,
        "r2": 0.9369762551304189,
        "mape": 5.213487817107573
      },
      "lightgbm": {
        "mae": 2.8178604718614286,
        "rmse": 9.785619139207844,
        "r2": 0.9306579329554377,
        "mape": 4.558738624502161
      },
      "catboost": {
        "mae": 3.691416542330313,
        "rmse": 10.116453252776497,
        "r2": 0.9258900152317785,
        "mape": 6.156542252175487
      },
      "rf": {
        "mae": 4.006877722424061,
        "rmse": 12.1359107356095,
        "r2": 0.8933490047159456,
        "mape": 6.635585992004797
      },
      "gb": {
        "mae": 2.6617507017025575,
        "rmse": 9.515424660892517,
        "r2": 0.9344343281104202,
        "mape": 3.9945340923017194
      },
      "ridge": {
        "mae": 6.57625263350564,
        "rmse": 11.89920754499382,
        "r2": 0.8974687516730541,
        "mape": 10.327647294178115
      },
      "linear": {
        "mae": 6.335745715316831,
        "rmse": 11.702594799608754,
        "r2": 0.9008290435524053,
        "mape": 9.621211616746352
      }
    },
    "test": {
      "xgboost": {
        "mae": 3.462840440780052,
        "rmse": 6.083046219944194,
        "r2": 0.9763643202577365,
        "mape": 8.956265537797549
      },
      "lightgbm": {
        "mae": 3.9401244790018763,
        "rmse": 6.633060417915633,
        "r2": 0.971896929659885,
        "mape": 8.823981993397314
      },
      "catboost": {
        "mae": 4.454024264207157,
        "rmse": 6.977716487000071,
        "r2": 0.9689005646974651,
        "mape": 10.27660753872182
      },
      "rf": {
        "mae": 3.567061286999011,
        "rmse": 6.730976745446615,
        "r2": 0.9710610983123079,
        "mape": 10.437958398968386
      },
      "gb": {
        "mae": 3.9150514915781742,
        "rmse": 7.030956274574484,
        "r2": 0.968424178501609,
        "mape": 7.175229941561765
      },
      "ridge": {
        "mae": 10.52467635354033,
        "rmse": 13.689129869014224,
        "r2": 0.8803045748998392,
        "mape": 22.15187336158253
      },
      "linear": {
        "mae": 9.082572702891515,
        "rmse": 12.182521251905843,
        "r2": 0.9052017719947226,
        "mape": 19.347662106366492
      }
    },
    "cv_mae": {
      "xgboost": 2.589650102230901,
      "lightgbm": 2.4321774047080438,
      "catboost": 3.2683222157093796,
      "rf": 2.140942011080371,
      "gb": 2.2624520039109743,
      "ridge": 10.167736033106795,
      "linear": 9.416609857644318
    }
  }
}