{
  "trained_best_model": "rf",
  "new_test_metrics": {
    "mae": 3.3186311880484824,
    "rmse": 6.501795490157019,
    "r2": 0.9771162559572157,
    "mape": 10.130366643138077
  },
  "cv_mae": {
    "xgboost": 2.675055201879453,
    "lightgbm": 2.484369150055101,
    "catboost": 3.309180979608093,
    "rf": 2.197638114381458,
    "gb": 2.3400671448104595,
    "ridge": 9.82930232716809,
    "linear": 9.271289874560017
  },
  "test_mae_all": {
    "xgboost": 3.082042291943255,
    "lightgbm": 4.064668516562495,
    "catboost": 3.548528249304999,
    "rf": 3.3186311880484824,
    "gb": 5.286055828570197,
    "ridge": 11.226740713526002,
    "linear": 9.59287975886391
  },
  "historical_best_cv_mae": 2.042469801781462,
  "is_new_historical_best": false,
  "features": [
    "pm2_5",
    "pm10",
    "co",
    "no2",
    "so2",
    "month_cos",
    "total_pm",
    "total_gases",
    "no2_o3_ratio",
    "pm2_5_rolling_3h",
    "pm10_rolling_3h",
    "co_rolling_3h",
    "pm2_5_co_interaction",
    "hour_sin",
    "hour_cos"
  ],
  "scaler_needed": false,
  "all_models_saved": [
    "model_xgboost.pkl",
    "model_lightgbm.pkl",
    "model_catboost.pkl",
    "model_rf.pkl",
    "model_gb.pkl",
    "model_ridge.pkl",
    "model_linear.pkl"
  ],
  "all_metrics": {
    "train": {
      "xgboost": {
        "mae": 1.8263640383529414,
        "rmse": 3.3821265989964546,
        "r2": 0.9988230550874703,
        "mape": 1.4954969137756358
      },
      "lightgbm": {
        "mae": 1.729990431608792,
        "rmse": 3.4563179231803893,
        "r2": 0.9987708531206191,
        "mape": 1.4119106460929474
      },
      "catboost": {
        "mae": 1.8744344056519529,
        "rmse": 2.976347441382457,
        "r2": 0.9990885272910657,
        "mape": 1.5763451656578336
      },
      "rf": {
        "mae": 1.1757787397383905,
        "rmse": 3.8926996100987776,
        "r2": 0.9984408848228632,
        "mape": 1.1482053978899904
      },
      "gb": {
        "mae": 1.3803879100288596,
        "rmse": 2.9268961523492742,
        "r2": 0.9991185634737568,
        "mape": 1.198809403324133
      },
      "ridge": {
        "mae": 8.722110581381898,
        "rmse": 11.595932090456417,
        "r2": 0.9861647266971321,
        "mape": 8.11622367603501
      },
      "linear": {
        "mae": 8.415945742218952,
        "rmse": 11.26966037800417,
        "r2": 0.9869323325848177,
        "mape": 7.695748079034523
      }
    },
    "val": {
      "xgboost": {
        "mae": 2.8460683822631836,
        "rmse": 9.29430835598963,
        "r2": 0.9353764432477013,
        "mape": 4.849204600390418
      },
      "lightgbm": {
        "mae": 2.8777151020425324,
        "rmse": 10.353803639540812,
        "r2": 0.9198032900484155,
        "mape": 4.495486591451925
      },
      "catboost": {
        "mae": 3.3335318619976646,
        "rmse": 10.204808827829526,
        "r2": 0.9220947994796749,
        "mape": 5.581547649460422
      },
      "rf": {
        "mae": 3.4983373284677195,
        "rmse": 11.890030816342291,
        "r2": 0.8942397025344077,
        "mape": 6.085909860651538
      },
      "gb": {
        "mae": 2.7504933032152534,
        "rmse": 9.770160479510569,
        "r2": 0.9285898249353202,
        "mape": 4.154400235604111
      },
      "ridge": {
        "mae": 6.40646287200836,
        "rmse": 11.598535472477357,
        "r2": 0.8993617645699317,
        "mape": 10.337287405854639
      },
      "linear": {
        "mae": 6.1574912715051315,
        "rmse": 11.465434719043987,
        "r2": 0.9016582901392165,
        "mape": 9.57766177970958
      }
    },
    "test": {
      "xgboost": {
        "mae": 3.082042291943255,
        "rmse": 5.391331214976202,
        "r2": 0.9842655162413037,
        "mape": 8.004992936372894
      },
      "lightgbm": {
        "mae": 4.064668516562495,
        "rmse": 6.554689519267831,
        "r2": 0.9767424093909914,
        "mape": 8.550843930661033
      },
      "catboost": {
        "mae": 3.548528249304999,
        "rmse": 6.065056339423646,
        "r2": 0.9800873000109213,
        "mape": 9.131494864023336
      },
      "rf": {
        "mae": 3.3186311880484824,
        "rmse": 6.5017954901570185,
        "r2": 0.9771162559572157,
        "mape": 10.130366643138077
      },
      "gb": {
        "mae": 5.286055828570197,
        "rmse": 9.27984925392046,
        "r2": 0.9533832154253373,
        "mape": 7.773646496655812
      },
      "ridge": {
        "mae": 11.226740713526002,
        "rmse": 14.218129095933627,
        "r2": 0.8905677375833703,
        "mape": 22.273245829698084
      },
      "linear": {
        "mae": 9.59287975886391,
        "rmse": 12.555161234448988,
        "r2": 0.9146693487300159,
        "mape": 19.42388357798969
      }
    },
    "cv_mae": {
      "xgboost": 2.675055201879453,
      "lightgbm": 2.484369150055101,
      "catboost": 3.309180979608093,
      "rf": 2.197638114381458,
      "gb": 2.3400671448104595,
      "ridge": 9.82930232716809,
      "linear": 9.271289874560017
    }
  }
}