{
  "trained_best_model": "rf",
  "new_test_metrics": {
    "mae": 4.598140315766214,
    "rmse": 7.496280212296835,
    "r2": 0.9585287793373307,
    "mape": 12.268457952922383
  },
  "cv_mae": {
    "xgboost": 2.6658005876783752,
    "lightgbm": 2.449060334762011,
    "catboost": 3.2139840452870176,
    "rf": 2.1286658089962094,
    "gb": 2.2960019568631647,
    "ridge": 10.197966559517411,
    "linear": 9.351383798111167
  },
  "test_mae_all": {
    "xgboost": 3.5023586218775424,
    "lightgbm": 3.9529250564606677,
    "catboost": 3.936459232993149,
    "rf": 4.598140315766214,
    "gb": 4.1507432334135554,
    "ridge": 10.524761323243183,
    "linear": 9.13416542949884
  },
  "historical_best_cv_mae": 2.042469801781462,
  "is_new_historical_best": false,
  "features": [
    "pm2_5",
    "pm10",
    "co",
    "no2",
    "so2",
    "month_cos",
    "total_pm",
    "total_gases",
    "no2_o3_ratio",
    "pm2_5_rolling_3h",
    "pm10_rolling_3h",
    "co_rolling_3h",
    "pm2_5_co_interaction",
    "hour_sin",
    "hour_cos"
  ],
  "scaler_needed": false,
  "all_models_saved": [
    "model_xgboost.pkl",
    "model_lightgbm.pkl",
    "model_catboost.pkl",
    "model_rf.pkl",
    "model_gb.pkl",
    "model_ridge.pkl",
    "model_linear.pkl"
  ],
  "all_metrics": {
    "train": {
      "xgboost": {
        "mae": 1.9156272347581518,
        "rmse": 3.5682745119412176,
        "r2": 0.9987202306647288,
        "mape": 1.538114349812622
      },
      "lightgbm": {
        "mae": 1.8279504074606316,
        "rmse": 3.63182734491359,
        "r2": 0.9986742379823581,
        "mape": 1.4825503669650708
      },
      "catboost": {
        "mae": 1.9317744912306505,
        "rmse": 3.0568376412949023,
        "r2": 0.9990607960094097,
        "mape": 1.5779523198188552
      },
      "rf": {
        "mae": 1.1547461561386758,
        "rmse": 3.8468355570885984,
        "r2": 0.9985126183218734,
        "mape": 1.1307007307160344
      },
      "gb": {
        "mae": 1.390458038747725,
        "rmse": 2.955663201319171,
        "r2": 0.9991219382209816,
        "mape": 1.1857506067474797
      },
      "ridge": {
        "mae": 8.898187702805153,
        "rmse": 11.7675573005373,
        "r2": 0.9860816476214482,
        "mape": 8.2055436244579
      },
      "linear": {
        "mae": 8.57657692292177,
        "rmse": 11.422327101690696,
        "r2": 0.9868863263967993,
        "mape": 7.770407152615675
      }
    },
    "val": {
      "xgboost": {
        "mae": 3.088601981123833,
        "rmse": 9.235184951298526,
        "r2": 0.9369861933358199,
        "mape": 5.531511429202339
      },
      "lightgbm": {
        "mae": 3.0885412151729605,
        "rmse": 10.231493281855448,
        "r2": 0.9226567231422506,
        "mape": 4.839260634236686
      },
      "catboost": {
        "mae": 3.296726379247569,
        "rmse": 10.145681925396053,
        "r2": 0.92394863614136,
        "mape": 5.821582672048161
      },
      "rf": {
        "mae": 4.994438696230909,
        "rmse": 12.451780021985028,
        "r2": 0.8854467538079861,
        "mape": 8.42511994109808
      },
      "gb": {
        "mae": 2.79602680117737,
        "rmse": 9.911359682067939,
        "r2": 0.9274209974890925,
        "mape": 4.531352168677361
      },
      "ridge": {
        "mae": 6.815308276276433,
        "rmse": 11.921133496729476,
        "r2": 0.8950023391065935,
        "mape": 10.994439791169993
      },
      "linear": {
        "mae": 6.4614461663340785,
        "rmse": 11.646048080518561,
        "r2": 0.8997921650938188,
        "mape": 10.070083721740733
      }
    },
    "test": {
      "xgboost": {
        "mae": 3.5023586218775424,
        "rmse": 6.008544890996241,
        "r2": 0.9733563441939636,
        "mape": 9.39604096223203
      },
      "lightgbm": {
        "mae": 3.9529250564606677,
        "rmse": 6.585257859780097,
        "r2": 0.9679962576879916,
        "mape": 9.047269160129723
      },
      "catboost": {
        "mae": 3.936459232993149,
        "rmse": 6.781691629625663,
        "r2": 0.966058481331574,
        "mape": 10.015916266450924
      },
      "rf": {
        "mae": 4.598140315766214,
        "rmse": 7.496280212296835,
        "r2": 0.9585287793373307,
        "mape": 12.268457952922383
      },
      "gb": {
        "mae": 4.1507432334135554,
        "rmse": 7.771063439106142,
        "r2": 0.9554327227157875,
        "mape": 8.359499974550442
      },
      "ridge": {
        "mae": 10.524761323243183,
        "rmse": 13.751329968956314,
        "r2": 0.860445257179865,
        "mape": 22.502913018121326
      },
      "linear": {
        "mae": 9.13416542949884,
        "rmse": 12.274947987791442,
        "r2": 0.8888026300639223,
        "mape": 19.695593270160145
      }
    },
    "cv_mae": {
      "xgboost": 2.6658005876783752,
      "lightgbm": 2.449060334762011,
      "catboost": 3.2139840452870176,
      "rf": 2.1286658089962094,
      "gb": 2.2960019568631647,
      "ridge": 10.197966559517411,
      "linear": 9.351383798111167
    }
  }
}