{
  "trained_best_model": "rf",
  "new_test_metrics": {
    "mae": 3.5115263815369335,
    "rmse": 6.579111651364799,
    "r2": 0.9727183410602048,
    "mape": 10.230943621113752
  },
  "cv_mae": {
    "xgboost": 2.581557982681782,
    "lightgbm": 2.3829584684211174,
    "catboost": 3.2345835847443083,
    "rf": 2.1259848004520983,
    "gb": 2.2378738253766945,
    "ridge": 10.111912502446138,
    "linear": 9.35907615635911
  },
  "test_mae_all": {
    "xgboost": 3.344681531658526,
    "lightgbm": 4.274082896550964,
    "catboost": 4.254870526120638,
    "rf": 3.5115263815369344,
    "gb": 4.1128330122038825,
    "ridge": 10.528712401054191,
    "linear": 9.082673590371325
  },
  "historical_best_cv_mae": 2.042469801781462,
  "is_new_historical_best": false,
  "features": [
    "pm2_5",
    "pm10",
    "co",
    "no2",
    "so2",
    "month_cos",
    "total_pm",
    "total_gases",
    "no2_o3_ratio",
    "pm2_5_rolling_3h",
    "pm10_rolling_3h",
    "co_rolling_3h",
    "pm2_5_co_interaction",
    "hour_sin",
    "hour_cos"
  ],
  "scaler_needed": false,
  "all_models_saved": [
    "model_xgboost.pkl",
    "model_lightgbm.pkl",
    "model_catboost.pkl",
    "model_rf.pkl",
    "model_gb.pkl",
    "model_ridge.pkl",
    "model_linear.pkl"
  ],
  "all_metrics": {
    "train": {
      "xgboost": {
        "mae": 1.8672579858945384,
        "rmse": 3.4772115209153887,
        "r2": 0.9987767279090576,
        "mape": 1.523370803991458
      },
      "lightgbm": {
        "mae": 1.5343883816117783,
        "rmse": 3.0686889296464157,
        "r2": 0.9990472771513071,
        "mape": 1.2627263358161536
      },
      "catboost": {
        "mae": 1.9024673920577995,
        "rmse": 2.995595924904027,
        "r2": 0.9990921223813376,
        "mape": 1.6070514204179593
      },
      "rf": {
        "mae": 1.1664669072983909,
        "rmse": 3.88593090359921,
        "r2": 0.9984722545613114,
        "mape": 1.1421232345681784
      },
      "gb": {
        "mae": 1.368638165513417,
        "rmse": 2.932212320683658,
        "r2": 0.999130135362046,
        "mape": 1.1826716464820162
      },
      "ridge": {
        "mae": 8.851122231697692,
        "rmse": 11.71891423832067,
        "r2": 0.986105734300493,
        "mape": 8.207600918990615
      },
      "linear": {
        "mae": 8.531291078589692,
        "rmse": 11.375607260007147,
        "r2": 0.9869078784999323,
        "mape": 7.772195392605036
      }
    },
    "val": {
      "xgboost": {
        "mae": 2.831511029369755,
        "rmse": 9.060814645641575,
        "r2": 0.9405625611220967,
        "mape": 5.018881641764327
      },
      "lightgbm": {
        "mae": 2.8634540358553173,
        "rmse": 9.898638099853246,
        "r2": 0.9290624004888693,
        "mape": 4.669044883146093
      },
      "catboost": {
        "mae": 3.2800690239262646,
        "rmse": 9.372336548842139,
        "r2": 0.9364052381227992,
        "mape": 5.872102157122041
      },
      "rf": {
        "mae": 3.9421806687729704,
        "rmse": 12.061388127742985,
        "r2": 0.8946777371975124,
        "mape": 6.488471790540251
      },
      "gb": {
        "mae": 2.750677172084798,
        "rmse": 9.584102348338298,
        "r2": 0.9334989533083415,
        "mape": 4.219591538631638
      },
      "ridge": {
        "mae": 6.582508870665795,
        "rmse": 11.901948712118863,
        "r2": 0.8974438416868368,
        "mape": 10.339942524215449
      },
      "linear": {
        "mae": 6.326248106301418,
        "rmse": 11.704149877884538,
        "r2": 0.9008242840799678,
        "mape": 9.612182873990474
      }
    },
    "test": {
      "xgboost": {
        "mae": 3.344681531658526,
        "rmse": 5.937450080224173,
        "r2": 0.977780401636285,
        "mape": 8.65773387478403
      },
      "lightgbm": {
        "mae": 4.274082896550964,
        "rmse": 7.159991609697268,
        "r2": 0.9676881898304408,
        "mape": 8.98519707798972
      },
      "catboost": {
        "mae": 4.254870526120638,
        "rmse": 6.939931413099813,
        "r2": 0.9696438549963239,
        "mape": 10.15506095947001
      },
      "rf": {
        "mae": 3.5115263815369344,
        "rmse": 6.5791116513648,
        "r2": 0.9727183410602048,
        "mape": 10.230943621113754
      },
      "gb": {
        "mae": 4.1128330122038825,
        "rmse": 7.519142339895017,
        "r2": 0.9643653190776149,
        "mape": 7.560980859451803
      },
      "ridge": {
        "mae": 10.528712401054191,
        "rmse": 13.692164104620502,
        "r2": 0.8818372871470176,
        "mape": 22.1318645131311
      },
      "linear": {
        "mae": 9.082673590371325,
        "rmse": 12.179133321939393,
        "r2": 0.9065091666107398,
        "mape": 19.33135274838076
      }
    },
    "cv_mae": {
      "xgboost": 2.581557982681782,
      "lightgbm": 2.3829584684211174,
      "catboost": 3.2345835847443083,
      "rf": 2.1259848004520983,
      "gb": 2.2378738253766945,
      "ridge": 10.111912502446138,
      "linear": 9.35907615635911
    }
  }
}