{
  "trained_best_model": "rf",
  "new_test_metrics": {
    "mae": 3.3786141343567264,
    "rmse": 6.553119816592853,
    "r2": 0.9754650687430977,
    "mape": 10.214845131918425
  },
  "cv_mae": {
    "xgboost": 2.675712860167143,
    "lightgbm": 2.490446777673706,
    "catboost": 3.2047314342490587,
    "rf": 2.247108953370611,
    "gb": 2.2716356851817445,
    "ridge": 9.728964430886109,
    "linear": 9.082550729115303
  },
  "test_mae_all": {
    "xgboost": 3.099908104976812,
    "lightgbm": 4.198977386642036,
    "catboost": 3.892448120433739,
    "rf": 3.378614134356727,
    "gb": 5.067520780751588,
    "ridge": 10.913549727567506,
    "linear": 9.36542024518194
  },
  "historical_best_cv_mae": 2.042469801781462,
  "is_new_historical_best": false,
  "features": [
    "pm2_5",
    "pm10",
    "co",
    "no2",
    "so2",
    "month_cos",
    "total_pm",
    "total_gases",
    "no2_o3_ratio",
    "pm2_5_rolling_3h",
    "pm10_rolling_3h",
    "co_rolling_3h",
    "pm2_5_co_interaction",
    "hour_sin",
    "hour_cos"
  ],
  "scaler_needed": false,
  "all_models_saved": [
    "model_xgboost.pkl",
    "model_lightgbm.pkl",
    "model_catboost.pkl",
    "model_rf.pkl",
    "model_gb.pkl",
    "model_ridge.pkl",
    "model_linear.pkl"
  ],
  "all_metrics": {
    "train": {
      "xgboost": {
        "mae": 2.033626755622968,
        "rmse": 3.8391643116752157,
        "r2": 0.9984980280741764,
        "mape": 1.6562294702203155
      },
      "lightgbm": {
        "mae": 1.643693027308958,
        "rmse": 3.2746258562789823,
        "r2": 0.9989072727113467,
        "mape": 1.3459902847662226
      },
      "catboost": {
        "mae": 1.9023148788486512,
        "rmse": 3.0050322842782147,
        "r2": 0.9990797905268268,
        "mape": 1.5891181158594485
      },
      "rf": {
        "mae": 1.174242387334347,
        "rmse": 3.8738798460373833,
        "r2": 0.9984707421864502,
        "mape": 1.1478623641676524
      },
      "gb": {
        "mae": 1.3679086956395428,
        "rmse": 2.909850658767255,
        "r2": 0.9991371609016308,
        "mape": 1.1801197735498026
      },
      "ridge": {
        "mae": 8.770497980264603,
        "rmse": 11.649965399246767,
        "r2": 0.9861695061942057,
        "mape": 8.131514284363112
      },
      "linear": {
        "mae": 8.457157331142971,
        "rmse": 11.313814922472977,
        "r2": 0.9869561271839518,
        "mape": 7.7057819444623545
      }
    },
    "val": {
      "xgboost": {
        "mae": 2.6981926617557055,
        "rmse": 9.281066805893293,
        "r2": 0.9359319738444272,
        "mape": 4.658137708681234
      },
      "lightgbm": {
        "mae": 2.9110687972330234,
        "rmse": 10.160080872958194,
        "r2": 0.9232214552247184,
        "mape": 4.6262400727012105
      },
      "catboost": {
        "mae": 3.2849120594142676,
        "rmse": 10.229865027300564,
        "r2": 0.9221631317236504,
        "mape": 5.4918215526375445
      },
      "rf": {
        "mae": 3.4862010363320692,
        "rmse": 11.91126536679454,
        "r2": 0.8944735454319629,
        "mape": 6.0789600422641845
      },
      "gb": {
        "mae": 2.416415033221204,
        "rmse": 9.363058896271824,
        "r2": 0.9347949762970585,
        "mape": 3.675402353383259
      },
      "ridge": {
        "mae": 6.5716031348610695,
        "rmse": 11.774743894991289,
        "r2": 0.8968786745880987,
        "mape": 10.422908128898872
      },
      "linear": {
        "mae": 6.319662237326889,
        "rmse": 11.65051601676959,
        "r2": 0.8990431319379528,
        "mape": 9.66442011484934
      }
    },
    "test": {
      "xgboost": {
        "mae": 3.099908104976812,
        "rmse": 5.4040593090602895,
        "r2": 0.9833148989322985,
        "mape": 7.995961714734576
      },
      "lightgbm": {
        "mae": 4.198977386642036,
        "rmse": 6.692824692464209,
        "r2": 0.9744078055252887,
        "mape": 8.525530719026225
      },
      "catboost": {
        "mae": 3.892448120433739,
        "rmse": 6.277210777078075,
        "r2": 0.9774875867848353,
        "mape": 9.239211979587147
      },
      "rf": {
        "mae": 3.378614134356727,
        "rmse": 6.553119816592853,
        "r2": 0.9754650687430977,
        "mape": 10.214845131918427
      },
      "gb": {
        "mae": 5.067520780751588,
        "rmse": 9.388670272448776,
        "r2": 0.9496387150682438,
        "mape": 7.2730206452504
      },
      "ridge": {
        "mae": 10.913549727567506,
        "rmse": 13.990398441311871,
        "r2": 0.88817245399,
        "mape": 22.139210634612365
      },
      "linear": {
        "mae": 9.36542024518194,
        "rmse": 12.37933223233566,
        "r2": 0.9124445740203235,
        "mape": 19.321744774747053
      }
    },
    "cv_mae": {
      "xgboost": 2.675712860167143,
      "lightgbm": 2.490446777673706,
      "catboost": 3.2047314342490587,
      "rf": 2.247108953370611,
      "gb": 2.2716356851817445,
      "ridge": 9.728964430886109,
      "linear": 9.082550729115303
    }
  }
}