{
  "trained_best_model": "gb",
  "new_test_metrics": {
    "mae": 6.836113087061225,
    "rmse": 9.737094159502458,
    "r2": 0.9573113761097769,
    "mape": 10.957247800774958
  },
  "cv_mae": {
    "xgboost": 2.7651390971502914,
    "lightgbm": 2.439871175415411,
    "catboost": 3.166358335139053,
    "rf": 2.2608805539082715,
    "gb": 2.2076604685673984,
    "ridge": 9.869249382022709,
    "linear": 8.982982012147366
  },
  "test_mae_all": {
    "xgboost": 3.036026100017205,
    "lightgbm": 3.6600489021618725,
    "catboost": 3.293108433871926,
    "rf": 3.14686125440743,
    "gb": 6.836113087061225,
    "ridge": 11.633937054787822,
    "linear": 10.014663975408666
  },
  "historical_best_cv_mae": 2.042469801781462,
  "is_new_historical_best": false,
  "features": [
    "pm2_5",
    "pm10",
    "co",
    "no2",
    "so2",
    "month_cos",
    "total_pm",
    "total_gases",
    "no2_o3_ratio",
    "pm2_5_rolling_3h",
    "pm10_rolling_3h",
    "co_rolling_3h",
    "pm2_5_co_interaction",
    "hour_sin",
    "hour_cos"
  ],
  "scaler_needed": false,
  "all_models_saved": [
    "model_xgboost.pkl",
    "model_lightgbm.pkl",
    "model_catboost.pkl",
    "model_rf.pkl",
    "model_gb.pkl",
    "model_ridge.pkl",
    "model_linear.pkl"
  ],
  "all_metrics": {
    "train": {
      "xgboost": {
        "mae": 1.8077035122888196,
        "rmse": 3.3509242464001985,
        "r2": 0.9987985289092127,
        "mape": 1.5026869010765014
      },
      "lightgbm": {
        "mae": 1.8498102415756037,
        "rmse": 3.7961668001334252,
        "r2": 0.9984580344217135,
        "mape": 1.5557233892743316
      },
      "catboost": {
        "mae": 1.8712752299886524,
        "rmse": 2.9856800472811447,
        "r2": 0.9990461707479491,
        "mape": 1.5919945735300232
      },
      "rf": {
        "mae": 1.1881302662486808,
        "rmse": 3.901294611049135,
        "r2": 0.9983714481086878,
        "mape": 1.1706370886480673
      },
      "gb": {
        "mae": 1.4110006755052673,
        "rmse": 3.002056899945063,
        "r2": 0.9990356782894491,
        "mape": 1.2359553148583398
      },
      "ridge": {
        "mae": 8.591495655987833,
        "rmse": 11.463759680656706,
        "r2": 0.9859382862793646,
        "mape": 8.097090783449518
      },
      "linear": {
        "mae": 8.299752844932296,
        "rmse": 11.143019293674014,
        "r2": 0.9867141339180712,
        "mape": 7.690210391286738
      }
    },
    "val": {
      "xgboost": {
        "mae": 2.709533380046827,
        "rmse": 8.903158685538024,
        "r2": 0.9405201767574257,
        "mape": 4.463645051917415
      },
      "lightgbm": {
        "mae": 2.8310227206208487,
        "rmse": 10.33976542201306,
        "r2": 0.9197762769242142,
        "mape": 4.246577089517474
      },
      "catboost": {
        "mae": 3.076559555813913,
        "rmse": 9.643636975672697,
        "r2": 0.9302148288448768,
        "mape": 5.082331575858038
      },
      "rf": {
        "mae": 3.2477702975794327,
        "rmse": 11.769393428317048,
        "r2": 0.8960583509935096,
        "mape": 5.525953542651304
      },
      "gb": {
        "mae": 4.6630903329080615,
        "rmse": 10.178291359328954,
        "r2": 0.9222623874978054,
        "mape": 7.301567540655888
      },
      "ridge": {
        "mae": 6.2804636861829986,
        "rmse": 11.522203966356269,
        "r2": 0.9003786187894302,
        "mape": 10.146944579784307
      },
      "linear": {
        "mae": 5.940361440790137,
        "rmse": 11.376425169877763,
        "r2": 0.9028834893287132,
        "mape": 9.287020856997554
      }
    },
    "test": {
      "xgboost": {
        "mae": 3.036026100017205,
        "rmse": 4.971772598127015,
        "r2": 0.9888704929616179,
        "mape": 6.959651715426316
      },
      "lightgbm": {
        "mae": 3.6600489021618725,
        "rmse": 5.698301523421529,
        "r2": 0.9853801045223124,
        "mape": 7.670546134181225
      },
      "catboost": {
        "mae": 3.293108433871926,
        "rmse": 5.4978772901147375,
        "r2": 0.9863904583067854,
        "mape": 8.35554395186534
      },
      "rf": {
        "mae": 3.14686125440743,
        "rmse": 6.157288453260421,
        "r2": 0.982930043477324,
        "mape": 9.526074001511073
      },
      "gb": {
        "mae": 6.836113087061225,
        "rmse": 9.737094159502458,
        "r2": 0.9573113761097769,
        "mape": 10.957247800774958
      },
      "ridge": {
        "mae": 11.633937054787822,
        "rmse": 14.458834331121574,
        "r2": 0.9058717512182569,
        "mape": 22.408046879018713
      },
      "linear": {
        "mae": 10.014663975408666,
        "rmse": 12.798862316488938,
        "r2": 0.9262442047531382,
        "mape": 19.667093694900757
      }
    },
    "cv_mae": {
      "xgboost": 2.7651390971502914,
      "lightgbm": 2.439871175415411,
      "catboost": 3.166358335139053,
      "rf": 2.2608805539082715,
      "gb": 2.2076604685673984,
      "ridge": 9.869249382022709,
      "linear": 8.982982012147366
    }
  }
}