{
  "trained_best_model": "rf",
  "new_test_metrics": {
    "mae": 3.4376573359556115,
    "rmse": 6.6764351307207495,
    "r2": 0.975524500750563,
    "mape": 10.451699357179686
  },
  "cv_mae": {
    "xgboost": 2.7094787272921748,
    "lightgbm": 2.5507989818327164,
    "catboost": 3.1465507564438995,
    "rf": 2.275575880534325,
    "gb": 2.384005440395337,
    "ridge": 9.649964799428995,
    "linear": 9.047551868032727
  },
  "test_mae_all": {
    "xgboost": 3.053430429913008,
    "lightgbm": 3.3352721147636215,
    "catboost": 3.7023775444221223,
    "rf": 3.437657335955613,
    "gb": 5.054748235783203,
    "ridge": 11.129626725000092,
    "linear": 9.515088151757816
  },
  "historical_best_cv_mae": 2.042469801781462,
  "is_new_historical_best": false,
  "features": [
    "pm2_5",
    "pm10",
    "co",
    "no2",
    "so2",
    "month_cos",
    "total_pm",
    "total_gases",
    "no2_o3_ratio",
    "pm2_5_rolling_3h",
    "pm10_rolling_3h",
    "co_rolling_3h",
    "pm2_5_co_interaction",
    "hour_sin",
    "hour_cos"
  ],
  "scaler_needed": false,
  "all_models_saved": [
    "model_xgboost.pkl",
    "model_lightgbm.pkl",
    "model_catboost.pkl",
    "model_rf.pkl",
    "model_gb.pkl",
    "model_ridge.pkl",
    "model_linear.pkl"
  ],
  "all_metrics": {
    "train": {
      "xgboost": {
        "mae": 1.8482112520594887,
        "rmse": 3.43148173430006,
        "r2": 0.9987897324612818,
        "mape": 1.511372423078621
      },
      "lightgbm": {
        "mae": 1.8312453337147532,
        "rmse": 3.7569364101089135,
        "r2": 0.9985492730114258,
        "mape": 1.5129235136909027
      },
      "catboost": {
        "mae": 1.872332269902415,
        "rmse": 2.9681836686167307,
        "r2": 0.9990944768776769,
        "mape": 1.5727801098010283
      },
      "rf": {
        "mae": 1.1772508382421318,
        "rmse": 3.8804016068637694,
        "r2": 0.9984523549838384,
        "mape": 1.1548098702268035
      },
      "gb": {
        "mae": 1.3970710216359177,
        "rmse": 2.957723770163565,
        "r2": 0.999100847771012,
        "mape": 1.2090482572752674
      },
      "ridge": {
        "mae": 8.719925339846727,
        "rmse": 11.598129699646474,
        "r2": 0.9861740836765659,
        "mape": 8.103144650140713
      },
      "linear": {
        "mae": 8.412616923810784,
        "rmse": 11.269251316503825,
        "r2": 0.9869470663490579,
        "mape": 7.682094143477529
      }
    },
    "val": {
      "xgboost": {
        "mae": 2.769772788705347,
        "rmse": 9.006756758585967,
        "r2": 0.939908584847175,
        "mape": 4.783771126664965
      },
      "lightgbm": {
        "mae": 2.735525545620108,
        "rmse": 10.1209103834563,
        "r2": 0.9241222014269617,
        "mape": 4.234191673594112
      },
      "catboost": {
        "mae": 3.325811042307556,
        "rmse": 10.212282150998687,
        "r2": 0.9227459646388869,
        "mape": 5.628870175204761
      },
      "rf": {
        "mae": 3.5233314162534115,
        "rmse": 11.939732310960844,
        "r2": 0.8943997993062899,
        "mape": 6.191687466028687
      },
      "gb": {
        "mae": 2.701331305575326,
        "rmse": 9.72856017883421,
        "r2": 0.9298911726748349,
        "mape": 4.3955367648406405
      },
      "ridge": {
        "mae": 6.528363728082942,
        "rmse": 11.706531640058195,
        "r2": 0.8984845719802945,
        "mape": 10.401511735441193
      },
      "linear": {
        "mae": 6.284806518609142,
        "rmse": 11.572815220766989,
        "r2": 0.9007904221983631,
        "mape": 9.654383022144094
      }
    },
    "test": {
      "xgboost": {
        "mae": 3.053430429913008,
        "rmse": 5.337960142477171,
        "r2": 0.9843543739720895,
        "mape": 7.870204660238521
      },
      "lightgbm": {
        "mae": 3.3352721147636215,
        "rmse": 5.48751417529681,
        "r2": 0.9834654034616345,
        "mape": 7.467313339179207
      },
      "catboost": {
        "mae": 3.7023775444221223,
        "rmse": 6.197655194829956,
        "r2": 0.9789090028356792,
        "mape": 9.450337313751197
      },
      "rf": {
        "mae": 3.437657335955613,
        "rmse": 6.6764351307207495,
        "r2": 0.975524500750563,
        "mape": 10.45169935717969
      },
      "gb": {
        "mae": 5.054748235783203,
        "rmse": 8.616916959329865,
        "r2": 0.9592294934544785,
        "mape": 8.465748311156322
      },
      "ridge": {
        "mae": 11.129626725000092,
        "rmse": 14.167746116204315,
        "r2": 0.8897842086016834,
        "mape": 22.20058355416315
      },
      "linear": {
        "mae": 9.515088151757816,
        "rmse": 12.507104422164906,
        "r2": 0.9141073813488245,
        "mape": 19.3544819783984
      }
    },
    "cv_mae": {
      "xgboost": 2.7094787272921748,
      "lightgbm": 2.5507989818327164,
      "catboost": 3.1465507564438995,
      "rf": 2.275575880534325,
      "gb": 2.384005440395337,
      "ridge": 9.649964799428995,
      "linear": 9.047551868032727
    }
  }
}