{
  "trained_best_model": "rf",
  "new_test_metrics": {
    "mae": 4.574812222655473,
    "rmse": 7.446334200543859,
    "r2": 0.9589995259509945,
    "mape": 12.17494150214022
  },
  "cv_mae": {
    "xgboost": 2.6590147585784853,
    "lightgbm": 2.428118757558947,
    "catboost": 3.2634256863853155,
    "rf": 2.122229754530968,
    "gb": 2.309846995006904,
    "ridge": 10.204533527942848,
    "linear": 9.360983631337097
  },
  "test_mae_all": {
    "xgboost": 3.597780753338388,
    "lightgbm": 3.941050525542058,
    "catboost": 3.919279973501596,
    "rf": 4.574812222655473,
    "gb": 3.8352950896002667,
    "ridge": 10.512089494255237,
    "linear": 9.120886460125002
  },
  "historical_best_cv_mae": 2.042469801781462,
  "is_new_historical_best": false,
  "features": [
    "pm2_5",
    "pm10",
    "co",
    "no2",
    "so2",
    "month_cos",
    "total_pm",
    "total_gases",
    "no2_o3_ratio",
    "pm2_5_rolling_3h",
    "pm10_rolling_3h",
    "co_rolling_3h",
    "pm2_5_co_interaction",
    "hour_sin",
    "hour_cos"
  ],
  "scaler_needed": false,
  "all_models_saved": [
    "model_xgboost.pkl",
    "model_lightgbm.pkl",
    "model_catboost.pkl",
    "model_rf.pkl",
    "model_gb.pkl",
    "model_ridge.pkl",
    "model_linear.pkl"
  ],
  "all_metrics": {
    "train": {
      "xgboost": {
        "mae": 1.9250922294823236,
        "rmse": 3.5949621266174625,
        "r2": 0.9987011178067146,
        "mape": 1.5499305974173003
      },
      "lightgbm": {
        "mae": 1.559727325341337,
        "rmse": 3.0668984993701356,
        "r2": 0.9990546776406373,
        "mape": 1.278221984490247
      },
      "catboost": {
        "mae": 1.8943852747094938,
        "rmse": 3.020560265166873,
        "r2": 0.9990830278739168,
        "mape": 1.5628523912982404
      },
      "rf": {
        "mae": 1.1578426866649343,
        "rmse": 3.836957849641242,
        "r2": 0.9985203630065519,
        "mape": 1.1321312292607166
      },
      "gb": {
        "mae": 1.3914074833401129,
        "rmse": 2.9331275991630092,
        "r2": 0.9991353446420185,
        "mape": 1.1971440017318384
      },
      "ridge": {
        "mae": 8.89783349942683,
        "rmse": 11.767473283767897,
        "r2": 0.9860829378670835,
        "mape": 8.20541718597763
      },
      "linear": {
        "mae": 8.576240614686759,
        "rmse": 11.422211891852857,
        "r2": 0.9868876193246714,
        "mape": 7.770401450311305
      }
    },
    "val": {
      "xgboost": {
        "mae": 3.0229676608081277,
        "rmse": 9.306990219301696,
        "r2": 0.9360504860232427,
        "mape": 5.549867730026232
      },
      "lightgbm": {
        "mae": 2.9701584931080243,
        "rmse": 10.131062548501971,
        "r2": 0.9242245147022587,
        "mape": 4.95735409244949
      },
      "catboost": {
        "mae": 3.257012422190234,
        "rmse": 9.564302890042955,
        "r2": 0.9324655487111689,
        "mape": 5.724552808994865
      },
      "rf": {
        "mae": 5.0114212449276065,
        "rmse": 12.462486787100248,
        "r2": 0.8853357182860475,
        "mape": 8.43241509433095
      },
      "gb": {
        "mae": 2.914273244929501,
        "rmse": 9.602995050748353,
        "r2": 0.9319180254057653,
        "mape": 4.612293588033903
      },
      "ridge": {
        "mae": 6.825265444128532,
        "rmse": 11.925879301983793,
        "r2": 0.894997520992285,
        "mape": 11.001646481314301
      },
      "linear": {
        "mae": 6.47318456237936,
        "rmse": 11.652126404133154,
        "r2": 0.8997627582282682,
        "mape": 10.079488794410981
      }
    },
    "test": {
      "xgboost": {
        "mae": 3.597780753338388,
        "rmse": 6.4053498278422,
        "r2": 0.9696618190374394,
        "mape": 9.663371805929556
      },
      "lightgbm": {
        "mae": 3.941050525542058,
        "rmse": 6.607872060214863,
        "r2": 0.9677130455119659,
        "mape": 9.040305943095946
      },
      "catboost": {
        "mae": 3.919279973501596,
        "rmse": 6.552474435984783,
        "r2": 0.9682521367758941,
        "mape": 10.086212172702748
      },
      "rf": {
        "mae": 4.574812222655473,
        "rmse": 7.446334200543861,
        "r2": 0.9589995259509945,
        "mape": 12.174941502140218
      },
      "gb": {
        "mae": 3.8352950896002667,
        "rmse": 6.766027363850897,
        "r2": 0.9661490134803444,
        "mape": 7.748549315295135
      },
      "ridge": {
        "mae": 10.512089494255237,
        "rmse": 13.739032244443305,
        "r2": 0.860422274911687,
        "mape": 22.49461200595799
      },
      "linear": {
        "mae": 9.120886460125002,
        "rmse": 12.26245739262632,
        "r2": 0.8888117607576504,
        "mape": 19.68706128849758
      }
    },
    "cv_mae": {
      "xgboost": 2.6590147585784853,
      "lightgbm": 2.428118757558947,
      "catboost": 3.2634256863853155,
      "rf": 2.122229754530968,
      "gb": 2.309846995006904,
      "ridge": 10.204533527942848,
      "linear": 9.360983631337097
    }
  }
}