{
  "trained_best_model": "rf",
  "new_test_metrics": {
    "mae": 3.550692111078215,
    "rmse": 6.613521448184509,
    "r2": 0.9722966045270156,
    "mape": 10.326523179891268
  },
  "cv_mae": {
    "xgboost": 2.57382130296263,
    "lightgbm": 2.411386307122198,
    "catboost": 3.364566371934413,
    "rf": 2.143616425852406,
    "gb": 2.2743923333494704,
    "ridge": 10.129551533332178,
    "linear": 9.358146487293151
  },
  "test_mae_all": {
    "xgboost": 3.485098797720611,
    "lightgbm": 3.6545982038587015,
    "catboost": 4.095374819372843,
    "rf": 3.550692111078216,
    "gb": 3.7827754128730025,
    "ridge": 10.52658929860743,
    "linear": 9.086062294884755
  },
  "historical_best_cv_mae": 2.042469801781462,
  "is_new_historical_best": false,
  "features": [
    "pm2_5",
    "pm10",
    "co",
    "no2",
    "so2",
    "month_cos",
    "total_pm",
    "total_gases",
    "no2_o3_ratio",
    "pm2_5_rolling_3h",
    "pm10_rolling_3h",
    "co_rolling_3h",
    "pm2_5_co_interaction",
    "hour_sin",
    "hour_cos"
  ],
  "scaler_needed": false,
  "all_models_saved": [
    "model_xgboost.pkl",
    "model_lightgbm.pkl",
    "model_catboost.pkl",
    "model_rf.pkl",
    "model_gb.pkl",
    "model_ridge.pkl",
    "model_linear.pkl"
  ],
  "all_metrics": {
    "train": {
      "xgboost": {
        "mae": 1.858018500464303,
        "rmse": 3.403007763360921,
        "r2": 0.9988283046994215,
        "mape": 1.5013928882798253
      },
      "lightgbm": {
        "mae": 1.7921680966280462,
        "rmse": 3.613323569515605,
        "r2": 0.9986790009167278,
        "mape": 1.4625123264331308
      },
      "catboost": {
        "mae": 1.8714441811682996,
        "rmse": 2.9738546194313846,
        "r2": 0.9991051952606114,
        "mape": 1.5537131916392737
      },
      "rf": {
        "mae": 1.1700986044926578,
        "rmse": 3.8742771861616805,
        "r2": 0.9984813063161485,
        "mape": 1.1443274509113006
      },
      "gb": {
        "mae": 1.3818408353082205,
        "rmse": 2.9440885131798606,
        "r2": 0.9991230182941184,
        "mape": 1.196807259530917
      },
      "ridge": {
        "mae": 8.85612622554444,
        "rmse": 11.722106376211913,
        "r2": 0.9860972688410841,
        "mape": 8.211559404166836
      },
      "linear": {
        "mae": 8.535922896769033,
        "rmse": 11.378847732199082,
        "r2": 0.9868995751517696,
        "mape": 7.775689270567162
      }
    },
    "val": {
      "xgboost": {
        "mae": 2.8273458611475277,
        "rmse": 9.03659321237631,
        "r2": 0.940892931004508,
        "mape": 4.892383708285275
      },
      "lightgbm": {
        "mae": 2.904564071217106,
        "rmse": 10.293739992723413,
        "r2": 0.9233033584269525,
        "mape": 4.553533661353261
      },
      "catboost": {
        "mae": 3.316740163141409,
        "rmse": 9.515088297647232,
        "r2": 0.9344676708016234,
        "mape": 5.955800042725076
      },
      "rf": {
        "mae": 3.9511100097658503,
        "rmse": 12.074789372788434,
        "r2": 0.8944668050380413,
        "mape": 6.543770437524126
      },
      "gb": {
        "mae": 2.769509232359697,
        "rmse": 9.637102734775324,
        "r2": 0.9327762189321125,
        "mape": 4.273844012698418
      },
      "ridge": {
        "mae": 6.578992569857927,
        "rmse": 11.901691363312677,
        "r2": 0.8974708572054486,
        "mape": 10.333101474247773
      },
      "linear": {
        "mae": 6.330234547464057,
        "rmse": 11.703682006574612,
        "r2": 0.9008540484304182,
        "mape": 9.614462108729287
      }
    },
    "test": {
      "xgboost": {
        "mae": 3.485098797720611,
        "rmse": 6.086013402285705,
        "r2": 0.9765397153155676,
        "mape": 8.464566709171542
      },
      "lightgbm": {
        "mae": 3.6545982038587015,
        "rmse": 6.279787773693558,
        "r2": 0.9750220148575445,
        "mape": 8.762687800003754
      },
      "catboost": {
        "mae": 4.095374819372843,
        "rmse": 6.959281601288913,
        "r2": 0.9693241723214214,
        "mape": 10.393635967228484
      },
      "rf": {
        "mae": 3.550692111078216,
        "rmse": 6.613521448184509,
        "r2": 0.9722966045270156,
        "mape": 10.326523179891272
      },
      "gb": {
        "mae": 3.7827754128730025,
        "rmse": 6.587127372255793,
        "r2": 0.9725172876942749,
        "mape": 7.227604873815132
      },
      "ridge": {
        "mae": 10.52658929860743,
        "rmse": 13.6909372499014,
        "r2": 0.8812772824638264,
        "mape": 22.139807960515043
      },
      "linear": {
        "mae": 9.086062294884755,
        "rmse": 12.182160745444804,
        "r2": 0.9060025394859794,
        "mape": 19.340146059082013
      }
    },
    "cv_mae": {
      "xgboost": 2.57382130296263,
      "lightgbm": 2.411386307122198,
      "catboost": 3.364566371934413,
      "rf": 2.143616425852406,
      "gb": 2.2743923333494704,
      "ridge": 10.129551533332178,
      "linear": 9.358146487293151
    }
  }
}