{
  "trained_best_model": "rf",
  "new_test_metrics": {
    "mae": 3.272528268793149,
    "rmse": 6.489019938903069,
    "r2": 0.9783700810213469,
    "mape": 10.067386747495835
  },
  "cv_mae": {
    "xgboost": 2.6613644766014386,
    "lightgbm": 2.537234104586906,
    "catboost": 4.251786254248342,
    "rf": 2.253397719741718,
    "gb": 2.3433249560930767,
    "ridge": 10.098713558768361,
    "linear": 9.45184330926553
  },
  "test_mae_all": {
    "xgboost": 3.7204873932581317,
    "lightgbm": 4.503806165254823,
    "catboost": 3.614770484817813,
    "rf": 3.2725282687931503,
    "gb": 5.2624763803264685,
    "ridge": 11.390257637169455,
    "linear": 9.73611888194687
  },
  "historical_best_cv_mae": 2.042469801781462,
  "is_new_historical_best": false,
  "features": [
    "pm2_5",
    "pm10",
    "co",
    "no2",
    "so2",
    "month_cos",
    "total_pm",
    "total_gases",
    "no2_o3_ratio",
    "pm2_5_rolling_3h",
    "pm10_rolling_3h",
    "co_rolling_3h",
    "pm2_5_co_interaction",
    "hour_sin",
    "hour_cos"
  ],
  "scaler_needed": false,
  "all_models_saved": [
    "model_xgboost.pkl",
    "model_lightgbm.pkl",
    "model_catboost.pkl",
    "model_rf.pkl",
    "model_gb.pkl",
    "model_ridge.pkl",
    "model_linear.pkl"
  ],
  "all_metrics": {
    "train": {
      "xgboost": {
        "mae": 1.8238140348507856,
        "rmse": 3.4211945541912914,
        "r2": 0.9987891991138098,
        "mape": 1.5000961977455851
      },
      "lightgbm": {
        "mae": 1.5720047368831545,
        "rmse": 3.1198129615545835,
        "r2": 0.9989931279110222,
        "mape": 1.2955091442894484
      },
      "catboost": {
        "mae": 1.871948831819128,
        "rmse": 2.9591683978157226,
        "r2": 0.9990941494618268,
        "mape": 1.5678369472044211
      },
      "rf": {
        "mae": 1.1819363999559418,
        "rmse": 3.8935697731305026,
        "r2": 0.9984317578964779,
        "mape": 1.1550133213546345
      },
      "gb": {
        "mae": 1.3927610382257016,
        "rmse": 2.9421137045568435,
        "r2": 0.9991045608220931,
        "mape": 1.207063551803317
      },
      "ridge": {
        "mae": 8.710463339361121,
        "rmse": 11.57830300771018,
        "r2": 0.9861322179342724,
        "mape": 8.13505647348739
      },
      "linear": {
        "mae": 8.405079018113563,
        "rmse": 11.25494911152266,
        "r2": 0.986895988744253,
        "mape": 7.712850464306202
      }
    },
    "val": {
      "xgboost": {
        "mae": 2.9874993481048167,
        "rmse": 9.27595762369195,
        "r2": 0.9360621424751263,
        "mape": 5.270112387521888
      },
      "lightgbm": {
        "mae": 2.906884520018461,
        "rmse": 10.083703029018794,
        "r2": 0.9244419638400478,
        "mape": 4.600120173176134
      },
      "catboost": {
        "mae": 3.2857950020534106,
        "rmse": 10.202858756203984,
        "r2": 0.9226457256030883,
        "mape": 5.655580816597508
      },
      "rf": {
        "mae": 3.4069310338603724,
        "rmse": 11.871198770705238,
        "r2": 0.8952799788263286,
        "mape": 5.963623512153959
      },
      "gb": {
        "mae": 2.695898731032448,
        "rmse": 9.789418516290702,
        "r2": 0.9287878071480671,
        "mape": 4.164340080752934
      },
      "ridge": {
        "mae": 6.371003605799047,
        "rmse": 11.586935659903403,
        "r2": 0.9002351030063925,
        "mape": 10.35800832218797
      },
      "linear": {
        "mae": 6.073113952582491,
        "rmse": 11.429942760906762,
        "r2": 0.9029202434160235,
        "mape": 9.524479066193885
      }
    },
    "test": {
      "xgboost": {
        "mae": 3.7204873932581317,
        "rmse": 6.287960416529403,
        "r2": 0.9796897030267163,
        "mape": 9.009448424822361
      },
      "lightgbm": {
        "mae": 4.503806165254823,
        "rmse": 7.1195449023889115,
        "r2": 0.9739623885273967,
        "mape": 8.358958229489016
      },
      "catboost": {
        "mae": 3.614770484817813,
        "rmse": 6.159097438542534,
        "r2": 0.9805136353620896,
        "mape": 9.407767818192477
      },
      "rf": {
        "mae": 3.2725282687931503,
        "rmse": 6.489019938903071,
        "r2": 0.9783700810213469,
        "mape": 10.067386747495839
      },
      "gb": {
        "mae": 5.2624763803264685,
        "rmse": 9.064497443955071,
        "r2": 0.957793033748698,
        "mape": 7.968204581430783
      },
      "ridge": {
        "mae": 11.390257637169455,
        "rmse": 14.339436216145817,
        "r2": 0.8943764333601515,
        "mape": 22.328081060879818
      },
      "linear": {
        "mae": 9.73611888194687,
        "rmse": 12.653556449879751,
        "r2": 0.9177526546830127,
        "mape": 19.485852478769786
      }
    },
    "cv_mae": {
      "xgboost": 2.6613644766014386,
      "lightgbm": 2.537234104586906,
      "catboost": 4.251786254248342,
      "rf": 2.253397719741718,
      "gb": 2.3433249560930767,
      "ridge": 10.098713558768361,
      "linear": 9.45184330926553
    }
  }
}