{
  "trained_best_model": "rf",
  "new_test_metrics": {
    "mae": 3.1465432184539477,
    "rmse": 6.074996775519429,
    "r2": 0.9830733026791773,
    "mape": 9.449810730815015
  },
  "cv_mae": {
    "xgboost": 2.7359096288214455,
    "lightgbm": 2.452129854799241,
    "catboost": 3.1524423873536533,
    "rf": 2.2031173472376206,
    "gb": 2.3158586614178294,
    "ridge": 9.624177993016152,
    "linear": 8.860245333022105
  },
  "test_mae_all": {
    "xgboost": 3.1231372392466676,
    "lightgbm": 3.904005299060371,
    "catboost": 3.9844550978005886,
    "rf": 3.1465432184539472,
    "gb": 6.442502724811998,
    "ridge": 11.561312734554317,
    "linear": 9.916701684332029
  },
  "historical_best_cv_mae": 2.042469801781462,
  "is_new_historical_best": false,
  "features": [
    "pm2_5",
    "pm10",
    "co",
    "no2",
    "so2",
    "month_cos",
    "total_pm",
    "total_gases",
    "no2_o3_ratio",
    "pm2_5_rolling_3h",
    "pm10_rolling_3h",
    "co_rolling_3h",
    "pm2_5_co_interaction",
    "hour_sin",
    "hour_cos"
  ],
  "scaler_needed": false,
  "all_models_saved": [
    "model_xgboost.pkl",
    "model_lightgbm.pkl",
    "model_catboost.pkl",
    "model_rf.pkl",
    "model_gb.pkl",
    "model_ridge.pkl",
    "model_linear.pkl"
  ],
  "all_metrics": {
    "train": {
      "xgboost": {
        "mae": 1.8181996319080909,
        "rmse": 3.378280356989698,
        "r2": 0.9988035962435272,
        "mape": 1.4968205207878096
      },
      "lightgbm": {
        "mae": 1.5962255844402147,
        "rmse": 3.217834126574777,
        "r2": 0.9989145403137301,
        "mape": 1.317545302879845
      },
      "catboost": {
        "mae": 1.8877041861497985,
        "rmse": 3.013326419759456,
        "r2": 0.9990481275644295,
        "mape": 1.5917080131250494
      },
      "rf": {
        "mae": 1.1799631049902457,
        "rmse": 3.89780968082862,
        "r2": 0.9984073232076529,
        "mape": 1.1569297939952952
      },
      "gb": {
        "mae": 1.3945991352693223,
        "rmse": 2.980989542446395,
        "r2": 0.9990684475830649,
        "mape": 1.2163169855017888
      },
      "ridge": {
        "mae": 8.648458763082946,
        "rmse": 11.527325617990977,
        "r2": 0.9860702438426585,
        "mape": 8.116194971281068
      },
      "linear": {
        "mae": 8.354384759145649,
        "rmse": 11.209451234949507,
        "r2": 0.9868278976704855,
        "mape": 7.706208439509929
      }
    },
    "val": {
      "xgboost": {
        "mae": 2.626699987611814,
        "rmse": 8.883568145810603,
        "r2": 0.9411348211567209,
        "mape": 4.046852718986562
      },
      "lightgbm": {
        "mae": 2.58763930946025,
        "rmse": 10.029453275747702,
        "r2": 0.924969453381674,
        "mape": 3.8399955371627126
      },
      "catboost": {
        "mae": 3.0560211672312554,
        "rmse": 10.209542072537287,
        "r2": 0.9222507662062643,
        "mape": 4.810946657908168
      },
      "rf": {
        "mae": 3.334769087755536,
        "rmse": 11.759722864554627,
        "r2": 0.8968479732195823,
        "mape": 5.651867241116204
      },
      "gb": {
        "mae": 2.636747866101371,
        "rmse": 9.590747915490061,
        "r2": 0.9313898223758678,
        "mape": 3.8345080699107443
      },
      "ridge": {
        "mae": 6.426833953771428,
        "rmse": 11.59136661425843,
        "r2": 0.8997803514310369,
        "mape": 10.419497841073934
      },
      "linear": {
        "mae": 6.052444683169399,
        "rmse": 11.414526390609161,
        "r2": 0.9028149674263357,
        "mape": 9.493731935538868
      }
    },
    "test": {
      "xgboost": {
        "mae": 3.1231372392466676,
        "rmse": 4.9930420006878204,
        "r2": 0.9885656741759593,
        "mape": 6.533457034241813
      },
      "lightgbm": {
        "mae": 3.904005299060371,
        "rmse": 6.240861545461828,
        "r2": 0.9821363903377344,
        "mape": 7.0990535184493995
      },
      "catboost": {
        "mae": 3.9844550978005886,
        "rmse": 6.267538296634391,
        "r2": 0.9819833468627596,
        "mape": 8.297959902804852
      },
      "rf": {
        "mae": 3.1465432184539472,
        "rmse": 6.074996775519429,
        "r2": 0.9830733026791773,
        "mape": 9.449810730815015
      },
      "gb": {
        "mae": 6.442502724811998,
        "rmse": 10.778386831206465,
        "r2": 0.946717124142816,
        "mape": 8.299483959359558
      },
      "ridge": {
        "mae": 11.561312734554317,
        "rmse": 14.448989174649487,
        "r2": 0.904246412060729,
        "mape": 22.320300232412883
      },
      "linear": {
        "mae": 9.916701684332029,
        "rmse": 12.76743485470774,
        "r2": 0.9252368784572087,
        "mape": 19.521832040482508
      }
    },
    "cv_mae": {
      "xgboost": 2.7359096288214455,
      "lightgbm": 2.452129854799241,
      "catboost": 3.1524423873536533,
      "rf": 2.2031173472376206,
      "gb": 2.3158586614178294,
      "ridge": 9.624177993016152,
      "linear": 8.860245333022105
    }
  }
}