{
  "trained_best_model": "rf",
  "new_test_metrics": {
    "mae": 3.354308344407413,
    "rmse": 6.475876528299642,
    "r2": 0.9764136225381439,
    "mape": 10.13015246551417
  },
  "cv_mae": {
    "xgboost": 2.659553465497937,
    "lightgbm": 2.5423586735799217,
    "catboost": 3.2580419098781226,
    "rf": 2.242829886256929,
    "gb": 2.3243294378862105,
    "ridge": 9.67837691684839,
    "linear": 9.042665716010532
  },
  "test_mae_all": {
    "xgboost": 3.5936388274232263,
    "lightgbm": 4.546204162066735,
    "catboost": 3.9070475995156406,
    "rf": 3.3543083444074124,
    "gb": 5.198455403507239,
    "ridge": 10.99940832958809,
    "linear": 9.428398441675725
  },
  "historical_best_cv_mae": 2.042469801781462,
  "is_new_historical_best": false,
  "features": [
    "pm2_5",
    "pm10",
    "co",
    "no2",
    "so2",
    "month_cos",
    "total_pm",
    "total_gases",
    "no2_o3_ratio",
    "pm2_5_rolling_3h",
    "pm10_rolling_3h",
    "co_rolling_3h",
    "pm2_5_co_interaction",
    "hour_sin",
    "hour_cos"
  ],
  "scaler_needed": false,
  "all_models_saved": [
    "model_xgboost.pkl",
    "model_lightgbm.pkl",
    "model_catboost.pkl",
    "model_rf.pkl",
    "model_gb.pkl",
    "model_ridge.pkl",
    "model_linear.pkl"
  ],
  "all_metrics": {
    "train": {
      "xgboost": {
        "mae": 1.9907238621845482,
        "rmse": 3.7469421364515325,
        "r2": 0.9985655607089052,
        "mape": 1.6122754038036948
      },
      "lightgbm": {
        "mae": 1.6015647185292134,
        "rmse": 3.181560649584077,
        "r2": 0.9989657902854348,
        "mape": 1.3148857817443758
      },
      "catboost": {
        "mae": 1.9225567755651087,
        "rmse": 3.036134923740891,
        "r2": 0.999058174739024,
        "mape": 1.6014590557700124
      },
      "rf": {
        "mae": 1.1732490948181118,
        "rmse": 3.886938702462358,
        "r2": 0.9984563686740702,
        "mape": 1.1511961002808597
      },
      "gb": {
        "mae": 1.3689052348449888,
        "rmse": 2.8966917165034083,
        "r2": 0.9991427001364016,
        "mape": 1.1854652827724532
      },
      "ridge": {
        "mae": 8.74801923373587,
        "rmse": 11.625591416531915,
        "r2": 0.9861911246013639,
        "mape": 8.115348797256829
      },
      "linear": {
        "mae": 8.434796630619218,
        "rmse": 11.29213196921359,
        "r2": 0.9869719298051272,
        "mape": 7.689867278514344
      }
    },
    "val": {
      "xgboost": {
        "mae": 2.8254896581989444,
        "rmse": 9.422532503918811,
        "r2": 0.9341270966760185,
        "mape": 4.9255292532796595
      },
      "lightgbm": {
        "mae": 2.9204522555047,
        "rmse": 10.244095237443625,
        "r2": 0.9221392233471322,
        "mape": 4.780212683211834
      },
      "catboost": {
        "mae": 3.3073276312495707,
        "rmse": 9.418079783289805,
        "r2": 0.9341893398852874,
        "mape": 5.691718031211655
      },
      "rf": {
        "mae": 3.4374168246294285,
        "rmse": 11.870557483275222,
        "r2": 0.8954524770352021,
        "mape": 5.983235659104775
      },
      "gb": {
        "mae": 2.6615840328028595,
        "rmse": 9.779416859136711,
        "r2": 0.9290426423903063,
        "mape": 4.290367604802253
      },
      "ridge": {
        "mae": 6.554598827236551,
        "rmse": 11.74922615948094,
        "r2": 0.8975787566126782,
        "mape": 10.408806964231628
      },
      "linear": {
        "mae": 6.322521201276863,
        "rmse": 11.629939128724953,
        "r2": 0.8996479150512835,
        "mape": 9.671188309689327
      }
    },
    "test": {
      "xgboost": {
        "mae": 3.5936388274232263,
        "rmse": 6.150036472552973,
        "r2": 0.9787274522250309,
        "mape": 8.744790004075456
      },
      "lightgbm": {
        "mae": 4.546204162066735,
        "rmse": 7.408909594469941,
        "r2": 0.9691274348446155,
        "mape": 9.08541170263822
      },
      "catboost": {
        "mae": 3.9070475995156406,
        "rmse": 6.436127462135373,
        "r2": 0.9767022812748951,
        "mape": 9.74837969960793
      },
      "rf": {
        "mae": 3.3543083444074124,
        "rmse": 6.47587652829964,
        "r2": 0.9764136225381439,
        "mape": 10.130152465514168
      },
      "gb": {
        "mae": 5.198455403507239,
        "rmse": 8.865683396027727,
        "r2": 0.9557932526871019,
        "mape": 8.516327769583539
      },
      "ridge": {
        "mae": 10.99940832958809,
        "rmse": 14.06154789471586,
        "r2": 0.8887934453452602,
        "mape": 22.155178262311832
      },
      "linear": {
        "mae": 9.428398441675725,
        "rmse": 12.434572600770075,
        "r2": 0.913038734793659,
        "mape": 19.328633138177125
      }
    },
    "cv_mae": {
      "xgboost": 2.659553465497937,
      "lightgbm": 2.5423586735799217,
      "catboost": 3.2580419098781226,
      "rf": 2.242829886256929,
      "gb": 2.3243294378862105,
      "ridge": 9.67837691684839,
      "linear": 9.042665716010532
    }
  }
}