{
  "trained_best_model": "rf",
  "new_test_metrics": {
    "mae": 3.6775296067078656,
    "rmse": 6.883779566067594,
    "r2": 0.9715722879992157,
    "mape": 10.72814548243945
  },
  "cv_mae": {
    "xgboost": 2.565296407501758,
    "lightgbm": 2.3690484741158673,
    "catboost": 3.195789362878925,
    "rf": 2.0936618618445064,
    "gb": 2.2362745597156204,
    "ridge": 9.851214512642619,
    "linear": 9.170914663423376
  },
  "test_mae_all": {
    "xgboost": 3.4211859503078053,
    "lightgbm": 3.480955460131562,
    "catboost": 3.99039198984833,
    "rf": 3.6775296067078647,
    "gb": 4.707363525749003,
    "ridge": 10.674840453486846,
    "linear": 9.207161089379756
  },
  "historical_best_cv_mae": 2.042469801781462,
  "is_new_historical_best": false,
  "features": [
    "pm2_5",
    "pm10",
    "co",
    "no2",
    "so2",
    "month_cos",
    "total_pm",
    "total_gases",
    "no2_o3_ratio",
    "pm2_5_rolling_3h",
    "pm10_rolling_3h",
    "co_rolling_3h",
    "pm2_5_co_interaction",
    "hour_sin",
    "hour_cos"
  ],
  "scaler_needed": false,
  "all_models_saved": [
    "model_xgboost.pkl",
    "model_lightgbm.pkl",
    "model_catboost.pkl",
    "model_rf.pkl",
    "model_gb.pkl",
    "model_ridge.pkl",
    "model_linear.pkl"
  ],
  "all_metrics": {
    "train": {
      "xgboost": {
        "mae": 1.794373062647641,
        "rmse": 3.3288307598959808,
        "r2": 0.9988782524911008,
        "mape": 1.464039797462633
      },
      "lightgbm": {
        "mae": 1.9420733436379394,
        "rmse": 3.9817862371211716,
        "r2": 0.9983950276153528,
        "mape": 1.6096401240835687
      },
      "catboost": {
        "mae": 1.8891646649671943,
        "rmse": 2.970995672705654,
        "r2": 0.9991064564576977,
        "mape": 1.5760329049164197
      },
      "rf": {
        "mae": 1.1788367441653527,
        "rmse": 3.871109538676251,
        "r2": 0.9984830104015485,
        "mape": 1.156701287596377
      },
      "gb": {
        "mae": 1.3927264817176168,
        "rmse": 2.9292541750126557,
        "r2": 0.9991313880554832,
        "mape": 1.2077486585653525
      },
      "ridge": {
        "mae": 8.803706191119756,
        "rmse": 11.675891904537119,
        "r2": 0.9861995955894721,
        "mape": 8.157214492597296
      },
      "linear": {
        "mae": 8.487077905084222,
        "rmse": 11.337853588924348,
        "r2": 0.9869871216187571,
        "mape": 7.7278584050674715
      }
    },
    "val": {
      "xgboost": {
        "mae": 2.7491067185249505,
        "rmse": 8.91760797122701,
        "r2": 0.9408967799009581,
        "mape": 4.924545000436451
      },
      "lightgbm": {
        "mae": 2.9151589069009782,
        "rmse": 10.500277539019994,
        "r2": 0.9180562288151024,
        "mape": 4.742994546168904
      },
      "catboost": {
        "mae": 3.336687614327549,
        "rmse": 9.876802439585791,
        "r2": 0.9274984779154459,
        "mape": 5.582954048490276
      },
      "rf": {
        "mae": 4.026914542479615,
        "rmse": 12.167368101368353,
        "r2": 0.8899708686216408,
        "mape": 6.762110549409803
      },
      "gb": {
        "mae": 2.582217840495145,
        "rmse": 9.644982710936809,
        "r2": 0.9308619227755135,
        "mape": 4.018820841618239
      },
      "ridge": {
        "mae": 6.521136967323359,
        "rmse": 11.78268329853792,
        "r2": 0.8968182713225821,
        "mape": 10.364569682323058
      },
      "linear": {
        "mae": 6.265183837406323,
        "rmse": 11.636694128720624,
        "r2": 0.8993593047312571,
        "mape": 9.606811280009206
      }
    },
    "test": {
      "xgboost": {
        "mae": 3.4211859503078053,
        "rmse": 5.888625763090695,
        "r2": 0.9791974819855975,
        "mape": 8.618906059590872
      },
      "lightgbm": {
        "mae": 3.480955460131562,
        "rmse": 5.928856302622908,
        "r2": 0.9789122693208931,
        "mape": 8.625515326377501
      },
      "catboost": {
        "mae": 3.99039198984833,
        "rmse": 6.419918359506077,
        "r2": 0.9752743903885619,
        "mape": 9.55892095858623
      },
      "rf": {
        "mae": 3.6775296067078647,
        "rmse": 6.883779566067594,
        "r2": 0.9715722879992157,
        "mape": 10.728145482439448
      },
      "gb": {
        "mae": 4.707363525749003,
        "rmse": 8.25358166736932,
        "r2": 0.9591329863231092,
        "mape": 7.782485598893331
      },
      "ridge": {
        "mae": 10.674840453486846,
        "rmse": 13.790974360264105,
        "r2": 0.8859020347736479,
        "mape": 22.066158950231195
      },
      "linear": {
        "mae": 9.207161089379756,
        "rmse": 12.251550292877626,
        "r2": 0.9099528251668733,
        "mape": 19.30144321892492
      }
    },
    "cv_mae": {
      "xgboost": 2.565296407501758,
      "lightgbm": 2.3690484741158673,
      "catboost": 3.195789362878925,
      "rf": 2.0936618618445064,
      "gb": 2.2362745597156204,
      "ridge": 9.851214512642619,
      "linear": 9.170914663423376
    }
  }
}