{
  "trained_best_model": "rf",
  "new_test_metrics": {
    "mae": 3.2719006256668166,
    "rmse": 6.331772445487435,
    "r2": 0.9779903451341947,
    "mape": 9.906618800985303
  },
  "cv_mae": {
    "xgboost": 2.6858115784109455,
    "lightgbm": 2.497409909345019,
    "catboost": 3.2341354689937134,
    "rf": 2.2690888976780785,
    "gb": 2.3157177158175206,
    "ridge": 9.630384805400121,
    "linear": 9.028987800866009
  },
  "test_mae_all": {
    "xgboost": 3.4563922816778554,
    "lightgbm": 3.347491227361878,
    "catboost": 3.8459211370136175,
    "rf": 3.271900625666816,
    "gb": 5.457517685022324,
    "ridge": 11.129720862642408,
    "linear": 9.520722716676243
  },
  "historical_best_cv_mae": 2.042469801781462,
  "is_new_historical_best": false,
  "features": [
    "pm2_5",
    "pm10",
    "co",
    "no2",
    "so2",
    "month_cos",
    "total_pm",
    "total_gases",
    "no2_o3_ratio",
    "pm2_5_rolling_3h",
    "pm10_rolling_3h",
    "co_rolling_3h",
    "pm2_5_co_interaction",
    "hour_sin",
    "hour_cos"
  ],
  "scaler_needed": false,
  "all_models_saved": [
    "model_xgboost.pkl",
    "model_lightgbm.pkl",
    "model_catboost.pkl",
    "model_rf.pkl",
    "model_gb.pkl",
    "model_ridge.pkl",
    "model_linear.pkl"
  ],
  "all_metrics": {
    "train": {
      "xgboost": {
        "mae": 1.8374167599090159,
        "rmse": 3.374943409310478,
        "r2": 0.9988292985706003,
        "mape": 1.4888138872751664
      },
      "lightgbm": {
        "mae": 1.8742567843064872,
        "rmse": 3.8567222757804758,
        "r2": 0.9984712027561554,
        "mape": 1.5430551438146822
      },
      "catboost": {
        "mae": 1.8834222522098953,
        "rmse": 3.005955754160419,
        "r2": 0.9990712938402538,
        "mape": 1.5840089185517916
      },
      "rf": {
        "mae": 1.1765311525967712,
        "rmse": 3.893190136678886,
        "r2": 0.9984421544881783,
        "mape": 1.1503194151719547
      },
      "gb": {
        "mae": 1.402895814318093,
        "rmse": 2.968094623170782,
        "r2": 0.9990945413063071,
        "mape": 1.2226916737656544
      },
      "ridge": {
        "mae": 8.722267433880218,
        "rmse": 11.601037784768632,
        "r2": 0.9861673037268234,
        "mape": 8.104949124607295
      },
      "linear": {
        "mae": 8.413592048075891,
        "rmse": 11.270808346722491,
        "r2": 0.9869436047610337,
        "mape": 7.682253738434966
      }
    },
    "val": {
      "xgboost": {
        "mae": 2.8131430247058606,
        "rmse": 9.290641397118957,
        "r2": 0.9363582937843034,
        "mape": 5.032432163932164
      },
      "lightgbm": {
        "mae": 2.8071087536773836,
        "rmse": 10.265543935404452,
        "r2": 0.9223011927852752,
        "mape": 4.444779204239565
      },
      "catboost": {
        "mae": 3.3401758776136523,
        "rmse": 10.077694066416687,
        "r2": 0.9251188061348359,
        "mape": 5.5905845533155345
      },
      "rf": {
        "mae": 3.4251225659619537,
        "rmse": 11.840765032100212,
        "r2": 0.896626327419359,
        "mape": 5.9095147681244615
      },
      "gb": {
        "mae": 2.6649764520774237,
        "rmse": 9.771748005906549,
        "r2": 0.9295963885596558,
        "mape": 4.206603743737287
      },
      "ridge": {
        "mae": 6.575083175085185,
        "rmse": 11.745027360291774,
        "r2": 0.8982912105507602,
        "mape": 10.430970319645253
      },
      "linear": {
        "mae": 6.330051410158634,
        "rmse": 11.616627964013075,
        "r2": 0.9005028636765737,
        "mape": 9.681287041456686
      }
    },
    "test": {
      "xgboost": {
        "mae": 3.4563922816778554,
        "rmse": 5.970284483469225,
        "r2": 0.9804317185266064,
        "mape": 8.800140022807753
      },
      "lightgbm": {
        "mae": 3.347491227361878,
        "rmse": 5.725420069262561,
        "r2": 0.9820039435296187,
        "mape": 8.279388119827992
      },
      "catboost": {
        "mae": 3.8459211370136175,
        "rmse": 6.218067344176299,
        "r2": 0.9787737400820596,
        "mape": 9.322705301062987
      },
      "rf": {
        "mae": 3.271900625666816,
        "rmse": 6.331772445487435,
        "r2": 0.9779903451341947,
        "mape": 9.906618800985301
      },
      "gb": {
        "mae": 5.457517685022324,
        "rmse": 9.638594061509,
        "r2": 0.9489976702109579,
        "mape": 8.4312432519472
      },
      "ridge": {
        "mae": 11.129720862642408,
        "rmse": 14.172502871014995,
        "r2": 0.8897304143778623,
        "mape": 22.209741009701137
      },
      "linear": {
        "mae": 9.520722716676243,
        "rmse": 12.51146846969387,
        "r2": 0.9140631942874291,
        "mape": 19.36571624565539
      }
    },
    "cv_mae": {
      "xgboost": 2.6858115784109455,
      "lightgbm": 2.497409909345019,
      "catboost": 3.2341354689937134,
      "rf": 2.2690888976780785,
      "gb": 2.3157177158175206,
      "ridge": 9.630384805400121,
      "linear": 9.028987800866009
    }
  }
}