{
  "trained_best_model": "rf",
  "new_test_metrics": {
    "mae": 3.3496641551250717,
    "rmse": 6.538480231441959,
    "r2": 0.9758901661181483,
    "mape": 10.175878824222313
  },
  "cv_mae": {
    "xgboost": 2.641063056020121,
    "lightgbm": 2.4640805280976346,
    "catboost": 3.1973473174292626,
    "rf": 2.2435880908632333,
    "gb": 2.3203289536557348,
    "ridge": 9.693034513984843,
    "linear": 9.047680970631577
  },
  "test_mae_all": {
    "xgboost": 3.637386946739382,
    "lightgbm": 3.488969537778742,
    "catboost": 3.8213900407605,
    "rf": 3.3496641551250725,
    "gb": 5.157760272595563,
    "ridge": 10.980484014955408,
    "linear": 9.413982406550792
  },
  "historical_best_cv_mae": 2.042469801781462,
  "is_new_historical_best": false,
  "features": [
    "pm2_5",
    "pm10",
    "co",
    "no2",
    "so2",
    "month_cos",
    "total_pm",
    "total_gases",
    "no2_o3_ratio",
    "pm2_5_rolling_3h",
    "pm10_rolling_3h",
    "co_rolling_3h",
    "pm2_5_co_interaction",
    "hour_sin",
    "hour_cos"
  ],
  "scaler_needed": false,
  "all_models_saved": [
    "model_xgboost.pkl",
    "model_lightgbm.pkl",
    "model_catboost.pkl",
    "model_rf.pkl",
    "model_gb.pkl",
    "model_ridge.pkl",
    "model_linear.pkl"
  ],
  "all_metrics": {
    "train": {
      "xgboost": {
        "mae": 1.8518921325817967,
        "rmse": 3.4037433000769353,
        "r2": 0.9988163320597349,
        "mape": 1.5054527419656198
      },
      "lightgbm": {
        "mae": 1.9279726790426042,
        "rmse": 3.979689985487096,
        "r2": 0.9983818649305953,
        "mape": 1.5951773950467651
      },
      "catboost": {
        "mae": 1.9002721566085807,
        "rmse": 3.016922373080816,
        "r2": 0.9990700822075267,
        "mape": 1.593976822078896
      },
      "rf": {
        "mae": 1.1792055272776492,
        "rmse": 3.877170780950196,
        "r2": 0.9984641593850635,
        "mape": 1.1570375949378435
      },
      "gb": {
        "mae": 1.4022558827565041,
        "rmse": 2.9616257473495713,
        "r2": 0.9991038583965158,
        "mape": 1.2172994810607116
      },
      "ridge": {
        "mae": 8.74833387664236,
        "rmse": 11.625842836753224,
        "r2": 0.9861909061480436,
        "mape": 8.114974703052278
      },
      "linear": {
        "mae": 8.435239125977363,
        "rmse": 11.29227329828989,
        "r2": 0.9869719610920559,
        "mape": 7.689577518921756
      }
    },
    "val": {
      "xgboost": {
        "mae": 2.706293922581085,
        "rmse": 8.679338040245506,
        "r2": 0.9441017339318585,
        "mape": 4.710107804782583
      },
      "lightgbm": {
        "mae": 2.957801266983349,
        "rmse": 10.569913754895474,
        "r2": 0.9170974256089938,
        "mape": 4.805460215656739
      },
      "catboost": {
        "mae": 3.3973415163810547,
        "rmse": 10.28848685418142,
        "r2": 0.9214532638347264,
        "mape": 5.5557163503662705
      },
      "rf": {
        "mae": 3.4138582626387044,
        "rmse": 11.880706999226877,
        "r2": 0.895260691920963,
        "mape": 5.9760174483045665
      },
      "gb": {
        "mae": 2.6999373240350453,
        "rmse": 9.896704466521514,
        "r2": 0.9273214368286471,
        "mape": 4.371032926619421
      },
      "ridge": {
        "mae": 6.558364210327685,
        "rmse": 11.750230038183933,
        "r2": 0.8975486070260834,
        "mape": 10.412081613598154
      },
      "linear": {
        "mae": 6.324233853914915,
        "rmse": 11.63092322057261,
        "r2": 0.899618540175533,
        "mape": 9.672365002512837
      }
    },
    "test": {
      "xgboost": {
        "mae": 3.637386946739382,
        "rmse": 6.052926749762736,
        "r2": 0.9793380443705804,
        "mape": 8.111821494330119
      },
      "lightgbm": {
        "mae": 3.488969537778742,
        "rmse": 5.910465728802216,
        "r2": 0.980299193974187,
        "mape": 8.716972659799014
      },
      "catboost": {
        "mae": 3.8213900407605,
        "rmse": 6.264459450255719,
        "r2": 0.977868655790165,
        "mape": 9.39204218246338
      },
      "rf": {
        "mae": 3.3496641551250725,
        "rmse": 6.5384802314419606,
        "r2": 0.9758901661181483,
        "mape": 10.175878824222314
      },
      "gb": {
        "mae": 5.157760272595563,
        "rmse": 8.875362394654744,
        "r2": 0.9555764994218298,
        "mape": 8.352180073250652
      },
      "ridge": {
        "mae": 10.980484014955408,
        "rmse": 14.046496317061042,
        "r2": 0.8887303793691416,
        "mape": 22.14367477834464
      },
      "linear": {
        "mae": 9.413982406550792,
        "rmse": 12.42315444362825,
        "r2": 0.9129629111258538,
        "mape": 19.320408215038203
      }
    },
    "cv_mae": {
      "xgboost": 2.641063056020121,
      "lightgbm": 2.4640805280976346,
      "catboost": 3.1973473174292626,
      "rf": 2.2435880908632333,
      "gb": 2.3203289536557348,
      "ridge": 9.693034513984843,
      "linear": 9.047680970631577
    }
  }
}