{
  "trained_best_model": "rf",
  "new_test_metrics": {
    "mae": 3.3833982421279982,
    "rmse": 6.579952782192584,
    "r2": 0.9773274304014491,
    "mape": 10.289843339057517
  },
  "cv_mae": {
    "xgboost": 2.725797341154513,
    "lightgbm": 2.5253770071966164,
    "catboost": 3.243601458161212,
    "rf": 2.230146099461316,
    "gb": 2.3185543381191756,
    "ridge": 9.959416607373939,
    "linear": 9.359698589072948
  },
  "test_mae_all": {
    "xgboost": 2.9865512515950985,
    "lightgbm": 3.971553722446342,
    "catboost": 3.759016931830961,
    "rf": 3.383398242127998,
    "gb": 5.328562676815536,
    "ridge": 11.30083088902315,
    "linear": 9.654434254058092
  },
  "historical_best_cv_mae": 2.042469801781462,
  "is_new_historical_best": false,
  "features": [
    "pm2_5",
    "pm10",
    "co",
    "no2",
    "so2",
    "month_cos",
    "total_pm",
    "total_gases",
    "no2_o3_ratio",
    "pm2_5_rolling_3h",
    "pm10_rolling_3h",
    "co_rolling_3h",
    "pm2_5_co_interaction",
    "hour_sin",
    "hour_cos"
  ],
  "scaler_needed": false,
  "all_models_saved": [
    "model_xgboost.pkl",
    "model_lightgbm.pkl",
    "model_catboost.pkl",
    "model_rf.pkl",
    "model_gb.pkl",
    "model_ridge.pkl",
    "model_linear.pkl"
  ],
  "all_metrics": {
    "train": {
      "xgboost": {
        "mae": 1.8128354793580932,
        "rmse": 3.3748274225933574,
        "r2": 0.9988214699038976,
        "mape": 1.488344254265719
      },
      "lightgbm": {
        "mae": 1.6607438587986807,
        "rmse": 3.3254462845212793,
        "r2": 0.9988557065471636,
        "mape": 1.3632575050784554
      },
      "catboost": {
        "mae": 1.8381998252233491,
        "rmse": 2.9498548640747586,
        "r2": 0.9990995930545071,
        "mape": 1.5414045129354714
      },
      "rf": {
        "mae": 1.1773080038327972,
        "rmse": 3.8853419289559032,
        "r2": 0.9984379460531497,
        "mape": 1.1538719406495643
      },
      "gb": {
        "mae": 1.380553246545337,
        "rmse": 2.9812812667774344,
        "r2": 0.9990803058137276,
        "mape": 1.1918091023999848
      },
      "ridge": {
        "mae": 8.714136463225653,
        "rmse": 11.584894274013275,
        "r2": 0.9861125762246618,
        "mape": 8.127358708403158
      },
      "linear": {
        "mae": 8.408762005689407,
        "rmse": 11.260253360396463,
        "r2": 0.9868799991339663,
        "mape": 7.70558561466249
      }
    },
    "val": {
      "xgboost": {
        "mae": 2.7872852952512974,
        "rmse": 8.835230819491374,
        "r2": 0.941800294900315,
        "mape": 4.7176574751554785
      },
      "lightgbm": {
        "mae": 2.700618385750553,
        "rmse": 10.094686834504977,
        "r2": 0.9240250041201086,
        "mape": 4.034829804592138
      },
      "catboost": {
        "mae": 3.191068474138864,
        "rmse": 9.838362138614448,
        "r2": 0.9278343391362742,
        "mape": 5.502119371327556
      },
      "rf": {
        "mae": 3.50396907579318,
        "rmse": 11.91147494866514,
        "r2": 0.8942169541430625,
        "mape": 6.138437386714169
      },
      "gb": {
        "mae": 2.688939391483316,
        "rmse": 9.873396808581244,
        "r2": 0.9273194563239373,
        "mape": 4.0507867867461345
      },
      "ridge": {
        "mae": 6.395373404737547,
        "rmse": 11.597292900305112,
        "r2": 0.8997237150216584,
        "mape": 10.359845776174968
      },
      "linear": {
        "mae": 6.121870631708037,
        "rmse": 11.45174855387794,
        "r2": 0.9022248273303419,
        "mape": 9.561196440789667
      }
    },
    "test": {
      "xgboost": {
        "mae": 2.9865512515950985,
        "rmse": 5.165414814556619,
        "r2": 0.9860277741505254,
        "mape": 7.499646112174167
      },
      "lightgbm": {
        "mae": 3.971553722446342,
        "rmse": 6.44966107153276,
        "r2": 0.9782164340038066,
        "mape": 7.314956598905063
      },
      "catboost": {
        "mae": 3.759016931830961,
        "rmse": 6.171307504892759,
        "r2": 0.9800561240787913,
        "mape": 8.984872741777409
      },
      "rf": {
        "mae": 3.383398242127998,
        "rmse": 6.579952782192584,
        "r2": 0.9773274304014491,
        "mape": 10.289843339057517
      },
      "gb": {
        "mae": 5.328562676815536,
        "rmse": 9.025019407021851,
        "r2": 0.9573468138157855,
        "mape": 7.878682312376381
      },
      "ridge": {
        "mae": 11.30083088902315,
        "rmse": 14.271408014125667,
        "r2": 0.8933431299468205,
        "mape": 22.28376876597078
      },
      "linear": {
        "mae": 9.654434254058092,
        "rmse": 12.593638047456759,
        "r2": 0.9169465641126396,
        "mape": 19.437669967565007
      }
    },
    "cv_mae": {
      "xgboost": 2.725797341154513,
      "lightgbm": 2.5253770071966164,
      "catboost": 3.243601458161212,
      "rf": 2.230146099461316,
      "gb": 2.3185543381191756,
      "ridge": 9.959416607373939,
      "linear": 9.359698589072948
    }
  }
}