{
  "trained_best_model": "rf",
  "new_test_metrics": {
    "mae": 3.6916680971999694,
    "rmse": 6.799534616655859,
    "r2": 0.9679600184385128,
    "mape": 10.675059671964474
  },
  "cv_mae": {
    "xgboost": 2.642271204983884,
    "lightgbm": 2.4409898293370507,
    "catboost": 3.317201410769775,
    "rf": 2.1776295262444134,
    "gb": 2.312312514243489,
    "ridge": 10.202062476393639,
    "linear": 9.398041484233413
  },
  "test_mae_all": {
    "xgboost": 3.5580094314335757,
    "lightgbm": 4.078922055694505,
    "catboost": 4.1497236142190665,
    "rf": 3.6916680971999694,
    "gb": 3.8770393032547785,
    "ridge": 10.469856704735204,
    "linear": 9.036460861127422
  },
  "historical_best_cv_mae": 2.042469801781462,
  "is_new_historical_best": false,
  "features": [
    "pm2_5",
    "pm10",
    "co",
    "no2",
    "so2",
    "month_cos",
    "total_pm",
    "total_gases",
    "no2_o3_ratio",
    "pm2_5_rolling_3h",
    "pm10_rolling_3h",
    "co_rolling_3h",
    "pm2_5_co_interaction",
    "hour_sin",
    "hour_cos"
  ],
  "scaler_needed": false,
  "all_models_saved": [
    "model_xgboost.pkl",
    "model_lightgbm.pkl",
    "model_catboost.pkl",
    "model_rf.pkl",
    "model_gb.pkl",
    "model_ridge.pkl",
    "model_linear.pkl"
  ],
  "all_metrics": {
    "train": {
      "xgboost": {
        "mae": 1.8911104606633395,
        "rmse": 3.5048063262318165,
        "r2": 0.9987659024097794,
        "mape": 1.5253585554857299
      },
      "lightgbm": {
        "mae": 1.7013046870285558,
        "rmse": 3.374440999374013,
        "r2": 0.9988560023447765,
        "mape": 1.3871375227395424
      },
      "catboost": {
        "mae": 1.9095317373937435,
        "rmse": 3.0220688522619303,
        "r2": 0.9990824490999766,
        "mape": 1.5801258385830896
      },
      "rf": {
        "mae": 1.1622264662850281,
        "rmse": 3.8649579677186057,
        "r2": 0.9984992408268722,
        "mape": 1.1383879692724037
      },
      "gb": {
        "mae": 1.4003976322637826,
        "rmse": 2.9602019100537613,
        "r2": 0.9991196322495141,
        "mape": 1.2011109165983092
      },
      "ridge": {
        "mae": 8.877453959519164,
        "rmse": 11.749627120196358,
        "r2": 0.9861302183302932,
        "mape": 8.209513176281085
      },
      "linear": {
        "mae": 8.556668631404458,
        "rmse": 11.405604238004646,
        "r2": 0.9869305277171712,
        "mape": 7.773049535115678
      }
    },
    "val": {
      "xgboost": {
        "mae": 2.9045497881223077,
        "rmse": 9.341341541556954,
        "r2": 0.9370248757886707,
        "mape": 4.9890221629735585
      },
      "lightgbm": {
        "mae": 3.052970727393061,
        "rmse": 10.161105314207015,
        "r2": 0.9254869336855168,
        "mape": 4.690445015492274
      },
      "catboost": {
        "mae": 3.5321152961020577,
        "rmse": 10.110175355924234,
        "r2": 0.9262320173427027,
        "mape": 5.9795112577268865
      },
      "rf": {
        "mae": 4.12178788125528,
        "rmse": 12.16791701514225,
        "r2": 0.893147913089456,
        "mape": 6.805507303845185
      },
      "gb": {
        "mae": 2.794060111340051,
        "rmse": 9.872124686396818,
        "r2": 0.9296649510223571,
        "mape": 4.278145920032147
      },
      "ridge": {
        "mae": 6.747183170216223,
        "rmse": 11.969478398547373,
        "r2": 0.8966046563602744,
        "mape": 10.643062341692097
      },
      "linear": {
        "mae": 6.492358392485119,
        "rmse": 11.766170084806669,
        "r2": 0.9000872818172335,
        "mape": 9.904760701322495
      }
    },
    "test": {
      "xgboost": {
        "mae": 3.5580094314335757,
        "rmse": 6.147625147199942,
        "r2": 0.9738092077248167,
        "mape": 8.56127336362713
      },
      "lightgbm": {
        "mae": 4.078922055694505,
        "rmse": 6.778000078258287,
        "r2": 0.9681626421972301,
        "mape": 8.794859899694691
      },
      "catboost": {
        "mae": 4.1497236142190665,
        "rmse": 6.828493333187455,
        "r2": 0.9676865254451614,
        "mape": 10.307028279166722
      },
      "rf": {
        "mae": 3.6916680971999694,
        "rmse": 6.799534616655858,
        "r2": 0.9679600184385128,
        "mape": 10.675059671964474
      },
      "gb": {
        "mae": 3.8770393032547785,
        "rmse": 7.164931797856883,
        "r2": 0.9644239275612264,
        "mape": 7.37821982915559
      },
      "ridge": {
        "mae": 10.469856704735204,
        "rmse": 13.665946435172085,
        "r2": 0.8705764501645636,
        "mape": 22.234956720408718
      },
      "linear": {
        "mae": 9.036460861127422,
        "rmse": 12.167609377021378,
        "r2": 0.8974007001732194,
        "mape": 19.411961519732273
      }
    },
    "cv_mae": {
      "xgboost": 2.642271204983884,
      "lightgbm": 2.4409898293370507,
      "catboost": 3.317201410769775,
      "rf": 2.1776295262444134,
      "gb": 2.312312514243489,
      "ridge": 10.202062476393639,
      "linear": 9.398041484233413
    }
  }
}