{
  "trained_best_model": "rf",
  "new_test_metrics": {
    "mae": 3.4410612177188225,
    "rmse": 6.5883682769927665,
    "r2": 0.9751121421909946,
    "mape": 10.300829441544197
  },
  "cv_mae": {
    "xgboost": 2.6210763113839284,
    "lightgbm": 2.487716072090158,
    "catboost": 3.3025755368187255,
    "rf": 2.2213930388556347,
    "gb": 2.245804296143306,
    "ridge": 9.724037043310787,
    "linear": 9.078719269909374
  },
  "test_mae_all": {
    "xgboost": 3.1922744370051017,
    "lightgbm": 4.224897277685642,
    "catboost": 3.583440832074496,
    "rf": 3.441061217718822,
    "gb": 4.705879310319741,
    "ridge": 10.891441982743359,
    "linear": 9.349568075223742
  },
  "historical_best_cv_mae": 2.042469801781462,
  "is_new_historical_best": false,
  "features": [
    "pm2_5",
    "pm10",
    "co",
    "no2",
    "so2",
    "month_cos",
    "total_pm",
    "total_gases",
    "no2_o3_ratio",
    "pm2_5_rolling_3h",
    "pm10_rolling_3h",
    "co_rolling_3h",
    "pm2_5_co_interaction",
    "hour_sin",
    "hour_cos"
  ],
  "scaler_needed": false,
  "all_models_saved": [
    "model_xgboost.pkl",
    "model_lightgbm.pkl",
    "model_catboost.pkl",
    "model_rf.pkl",
    "model_gb.pkl",
    "model_ridge.pkl",
    "model_linear.pkl"
  ],
  "all_metrics": {
    "train": {
      "xgboost": {
        "mae": 1.8258862538969136,
        "rmse": 3.4124150682855867,
        "r2": 0.9988146322383763,
        "mape": 1.4878835386732743
      },
      "lightgbm": {
        "mae": 1.6389967260093892,
        "rmse": 3.2609432692220985,
        "r2": 0.9989175299316213,
        "mape": 1.3435085053351852
      },
      "catboost": {
        "mae": 1.9205765079863961,
        "rmse": 3.0235639734052215,
        "r2": 0.9990693899603877,
        "mape": 1.6150790629376535
      },
      "rf": {
        "mae": 1.17540688483991,
        "rmse": 3.8840187064702967,
        "r2": 0.998464350737933,
        "mape": 1.1517474985108342
      },
      "gb": {
        "mae": 1.3741313928334697,
        "rmse": 2.9333618955360476,
        "r2": 0.9991240875447827,
        "mape": 1.1906982505607642
      },
      "ridge": {
        "mae": 8.770948049082552,
        "rmse": 11.650377784153488,
        "r2": 0.9861831377993852,
        "mape": 8.131419109993415
      },
      "linear": {
        "mae": 8.457809023139452,
        "rmse": 11.314149360595676,
        "r2": 0.9869691356191077,
        "mape": 7.705976433077614
      }
    },
    "val": {
      "xgboost": {
        "mae": 2.6831779044512745,
        "rmse": 8.723156100389907,
        "r2": 0.9433953790284784,
        "mape": 4.673168218193477
      },
      "lightgbm": {
        "mae": 2.86366864002322,
        "rmse": 10.391122316193659,
        "r2": 0.9196789250100035,
        "mape": 4.699840945920805
      },
      "catboost": {
        "mae": 3.236324082918725,
        "rmse": 9.387759829041448,
        "r2": 0.9344415708447802,
        "mape": 5.478849038183594
      },
      "rf": {
        "mae": 3.5484772715084554,
        "rmse": 11.917618112982725,
        "r2": 0.8943465877480673,
        "mape": 6.1459446208859045
      },
      "gb": {
        "mae": 2.4607294711307537,
        "rmse": 9.530196017560408,
        "r2": 0.9324371027427526,
        "mape": 3.7674140032026697
      },
      "ridge": {
        "mae": 6.5690685383999705,
        "rmse": 11.774602487874745,
        "r2": 0.8968671292615419,
        "mape": 10.42025645546079
      },
      "linear": {
        "mae": 6.317673796035154,
        "rmse": 11.65004594523506,
        "r2": 0.8990375514700626,
        "mape": 9.663305198054864
      }
    },
    "test": {
      "xgboost": {
        "mae": 3.1922744370051017,
        "rmse": 5.3981739560347215,
        "r2": 0.9832919589647247,
        "mape": 7.754390302830541
      },
      "lightgbm": {
        "mae": 4.224897277685642,
        "rmse": 6.840773201464249,
        "r2": 0.9731686721282863,
        "mape": 8.90871587263777
      },
      "catboost": {
        "mae": 3.583440832074496,
        "rmse": 6.009515357504405,
        "r2": 0.97929331004349,
        "mape": 9.034949823469681
      },
      "rf": {
        "mae": 3.441061217718822,
        "rmse": 6.5883682769927665,
        "r2": 0.9751121421909946,
        "mape": 10.300829441544195
      },
      "gb": {
        "mae": 4.705879310319741,
        "rmse": 8.468015668581764,
        "r2": 0.9588854929145759,
        "mape": 7.202381643485026
      },
      "ridge": {
        "mae": 10.891441982743359,
        "rmse": 13.97070199164904,
        "r2": 0.888090169036208,
        "mape": 22.127646681948136
      },
      "linear": {
        "mae": 9.349568075223742,
        "rmse": 12.365805869104001,
        "r2": 0.912324827197011,
        "mape": 19.315315341881064
      }
    },
    "cv_mae": {
      "xgboost": 2.6210763113839284,
      "lightgbm": 2.487716072090158,
      "catboost": 3.3025755368187255,
      "rf": 2.2213930388556347,
      "gb": 2.245804296143306,
      "ridge": 9.724037043310787,
      "linear": 9.078719269909374
    }
  }
}