{
  "trained_best_model": "rf",
  "new_test_metrics": {
    "mae": 5.3964383324056,
    "rmse": 7.689563088085136,
    "r2": 0.9546412176223172,
    "mape": 13.242150408492503
  },
  "cv_mae": {
    "xgboost": 2.8210747194383474,
    "lightgbm": 2.517713693941011,
    "catboost": 3.6070425375964468,
    "rf": 2.147743229625226,
    "gb": 2.199494309480262,
    "ridge": 10.690246483356875,
    "linear": 9.960800287993234
  },
  "test_mae_all": {
    "xgboost": 3.678208731244532,
    "lightgbm": 4.4195592613013925,
    "catboost": 4.756913805443952,
    "rf": 5.396438332405599,
    "gb": 4.1267015227095865,
    "ridge": 10.37591959565191,
    "linear": 8.95764804990524
  },
  "historical_best_cv_mae": 2.042469801781462,
  "is_new_historical_best": false,
  "features": [
    "pm2_5",
    "pm10",
    "co",
    "no2",
    "so2",
    "month_cos",
    "total_pm",
    "total_gases",
    "no2_o3_ratio",
    "pm2_5_rolling_3h",
    "pm10_rolling_3h",
    "co_rolling_3h",
    "pm2_5_co_interaction",
    "hour_sin",
    "hour_cos"
  ],
  "scaler_needed": false,
  "all_models_saved": [
    "model_xgboost.pkl",
    "model_lightgbm.pkl",
    "model_catboost.pkl",
    "model_rf.pkl",
    "model_gb.pkl",
    "model_ridge.pkl",
    "model_linear.pkl"
  ],
  "all_metrics": {
    "train": {
      "xgboost": {
        "mae": 1.9863050826919366,
        "rmse": 3.6322156674036443,
        "r2": 0.9986784359730548,
        "mape": 1.5786111665116467
      },
      "lightgbm": {
        "mae": 1.6428555557677178,
        "rmse": 3.2414775782804335,
        "r2": 0.9989474784476969,
        "mape": 1.3258665304033608
      },
      "catboost": {
        "mae": 1.9568796262355037,
        "rmse": 3.0865703664689494,
        "r2": 0.999045672764284,
        "mape": 1.5959793442184986
      },
      "rf": {
        "mae": 1.155985451490812,
        "rmse": 3.8318033698310834,
        "r2": 0.9985292075770313,
        "mape": 1.1263305850181402
      },
      "gb": {
        "mae": 1.4272277511006666,
        "rmse": 3.0155389069837493,
        "r2": 0.9990890913499569,
        "mape": 1.2150201609106817
      },
      "ridge": {
        "mae": 9.007879804304793,
        "rmse": 11.84091022376461,
        "r2": 0.9859552138613447,
        "mape": 8.266252277918355
      },
      "linear": {
        "mae": 8.672170746106092,
        "rmse": 11.48252769821823,
        "r2": 0.9867925201367517,
        "mape": 7.81468851909028
      }
    },
    "val": {
      "xgboost": {
        "mae": 2.923457191415029,
        "rmse": 9.361355304773655,
        "r2": 0.9340892042067034,
        "mape": 5.372320016273995
      },
      "lightgbm": {
        "mae": 3.2259356016940175,
        "rmse": 10.229245638582585,
        "r2": 0.921301525765215,
        "mape": 5.074556591856974
      },
      "catboost": {
        "mae": 4.34676256401785,
        "rmse": 10.758288771057755,
        "r2": 0.9129506581353475,
        "mape": 6.781866900322751
      },
      "rf": {
        "mae": 5.57450272456749,
        "rmse": 12.533954114325434,
        "r2": 0.8818441311021744,
        "mape": 9.286056771262805
      },
      "gb": {
        "mae": 3.013225087467833,
        "rmse": 9.918284281250227,
        "r2": 0.9260135479885231,
        "mape": 4.87112236988816
      },
      "ridge": {
        "mae": 6.847602898228496,
        "rmse": 11.938751717324973,
        "r2": 0.8927994685370242,
        "mape": 11.227428211052915
      },
      "linear": {
        "mae": 6.514998941075499,
        "rmse": 11.673242255512633,
        "r2": 0.8975145778258106,
        "mape": 10.339033851379051
      }
    },
    "test": {
      "xgboost": {
        "mae": 3.678208731244532,
        "rmse": 6.566530505284398,
        "r2": 0.9669227046422694,
        "mape": 9.854468685351295
      },
      "lightgbm": {
        "mae": 4.4195592613013925,
        "rmse": 7.052549086354805,
        "r2": 0.9618451022482921,
        "mape": 9.417350842528945
      },
      "catboost": {
        "mae": 4.756913805443952,
        "rmse": 6.631444677227034,
        "r2": 0.9662654935453415,
        "mape": 10.591655988540627
      },
      "rf": {
        "mae": 5.396438332405599,
        "rmse": 7.689563088085136,
        "r2": 0.9546412176223172,
        "mape": 13.2421504084925
      },
      "gb": {
        "mae": 4.1267015227095865,
        "rmse": 7.088544772240138,
        "r2": 0.9614546287916148,
        "mape": 8.466344370699186
      },
      "ridge": {
        "mae": 10.37591959565191,
        "rmse": 13.724606779084906,
        "r2": 0.8555033163264463,
        "mape": 22.486737204739317
      },
      "linear": {
        "mae": 8.95764804990524,
        "rmse": 12.214080479140057,
        "r2": 0.8855595350900292,
        "mape": 19.572158524830357
      }
    },
    "cv_mae": {
      "xgboost": 2.8210747194383474,
      "lightgbm": 2.517713693941011,
      "catboost": 3.6070425375964468,
      "rf": 2.147743229625226,
      "gb": 2.199494309480262,
      "ridge": 10.690246483356875,
      "linear": 9.960800287993234
    }
  }
}