{
  "trained_best_model": "rf",
  "new_test_metrics": {
    "mae": 3.7361946209791093,
    "rmse": 6.933021809058134,
    "r2": 0.9665249557819472,
    "mape": 10.901632450136956
  },
  "cv_mae": {
    "xgboost": 2.621229351663309,
    "lightgbm": 2.431704561697777,
    "catboost": 3.200049004013992,
    "rf": 2.1665520687229156,
    "gb": 2.3465090415865624,
    "ridge": 10.19587124521845,
    "linear": 9.399966647221031
  },
  "test_mae_all": {
    "xgboost": 3.5265492508652887,
    "lightgbm": 3.7453732123016414,
    "catboost": 4.045317751941764,
    "rf": 3.7361946209791093,
    "gb": 3.8406445112252063,
    "ridge": 10.469002571584292,
    "linear": 9.03288860599882
  },
  "historical_best_cv_mae": 2.042469801781462,
  "is_new_historical_best": false,
  "features": [
    "pm2_5",
    "pm10",
    "co",
    "no2",
    "so2",
    "month_cos",
    "total_pm",
    "total_gases",
    "no2_o3_ratio",
    "pm2_5_rolling_3h",
    "pm10_rolling_3h",
    "co_rolling_3h",
    "pm2_5_co_interaction",
    "hour_sin",
    "hour_cos"
  ],
  "scaler_needed": false,
  "all_models_saved": [
    "model_xgboost.pkl",
    "model_lightgbm.pkl",
    "model_catboost.pkl",
    "model_rf.pkl",
    "model_gb.pkl",
    "model_ridge.pkl",
    "model_linear.pkl"
  ],
  "all_metrics": {
    "train": {
      "xgboost": {
        "mae": 1.8589627262197594,
        "rmse": 3.391283415666233,
        "r2": 0.998844398091437,
        "mape": 1.5129152871795597
      },
      "lightgbm": {
        "mae": 1.7379582901098887,
        "rmse": 3.465436534359641,
        "r2": 0.9987933092668044,
        "mape": 1.4207051098786352
      },
      "catboost": {
        "mae": 1.8862710345860014,
        "rmse": 2.9886168201219507,
        "r2": 0.999102528737726,
        "mape": 1.5682409973046016
      },
      "rf": {
        "mae": 1.158590163590448,
        "rmse": 3.850440921222346,
        "r2": 0.9985102924913314,
        "mape": 1.1344878032135453
      },
      "gb": {
        "mae": 1.3971851659971133,
        "rmse": 2.9460769818436088,
        "r2": 0.9991278960368182,
        "mape": 1.2031482320141027
      },
      "ridge": {
        "mae": 8.878908639488293,
        "rmse": 11.750743673383628,
        "r2": 0.9861257094861419,
        "mape": 8.209957593701253
      },
      "linear": {
        "mae": 8.558622864522986,
        "rmse": 11.407404215616605,
        "r2": 0.9869246374422447,
        "mape": 7.774111035513187
      }
    },
    "val": {
      "xgboost": {
        "mae": 2.930362446667397,
        "rmse": 9.026494684263282,
        "r2": 0.9411900554060636,
        "mape": 5.020132828096062
      },
      "lightgbm": {
        "mae": 2.957322482436641,
        "rmse": 10.040370156474866,
        "r2": 0.9272367720592553,
        "mape": 4.617371976404445
      },
      "catboost": {
        "mae": 3.6221688701525783,
        "rmse": 10.793743936561846,
        "r2": 0.91590760324602,
        "mape": 6.0230034247305095
      },
      "rf": {
        "mae": 4.088607520456381,
        "rmse": 12.1890333851273,
        "r2": 0.8927614231455065,
        "mape": 6.864207106787144
      },
      "gb": {
        "mae": 2.7763165723701935,
        "rmse": 9.732739551291752,
        "r2": 0.9316273028237341,
        "mape": 4.194223859991882
      },
      "ridge": {
        "mae": 6.755995180573846,
        "rmse": 11.971966526279594,
        "r2": 0.8965469029554931,
        "mape": 10.659142870389141
      },
      "linear": {
        "mae": 6.498547501559746,
        "rmse": 11.76677754378178,
        "r2": 0.9000627039524838,
        "mape": 9.916383469922023
      }
    },
    "test": {
      "xgboost": {
        "mae": 3.5265492508652887,
        "rmse": 5.978483347206029,
        "r2": 0.9751080984635255,
        "mape": 8.315617246718954
      },
      "lightgbm": {
        "mae": 3.7453732123016414,
        "rmse": 6.251632212583064,
        "r2": 0.9727815827608719,
        "mape": 8.479830384043685
      },
      "catboost": {
        "mae": 4.045317751941764,
        "rmse": 6.611325600200861,
        "r2": 0.9695594062602849,
        "mape": 10.01847079941587
      },
      "rf": {
        "mae": 3.7361946209791093,
        "rmse": 6.933021809058134,
        "r2": 0.9665249557819472,
        "mape": 10.901632450136955
      },
      "gb": {
        "mae": 3.8406445112252063,
        "rmse": 6.908401630793147,
        "r2": 0.9667622832329188,
        "mape": 7.271860950007601
      },
      "ridge": {
        "mae": 10.469002571584292,
        "rmse": 13.667636468804233,
        "r2": 0.8699043232813974,
        "mape": 22.240406114509696
      },
      "linear": {
        "mae": 9.03288860599882,
        "rmse": 12.167886931647834,
        "r2": 0.8968886774024066,
        "mape": 19.41684841838629
      }
    },
    "cv_mae": {
      "xgboost": 2.621229351663309,
      "lightgbm": 2.431704561697777,
      "catboost": 3.200049004013992,
      "rf": 2.1665520687229156,
      "gb": 2.3465090415865624,
      "ridge": 10.19587124521845,
      "linear": 9.399966647221031
    }
  }
}