{
  "trained_best_model": "rf",
  "new_test_metrics": {
    "mae": 3.252850355569756,
    "rmse": 6.324241665458782,
    "r2": 0.980274848011468,
    "mape": 9.867050029636589
  },
  "cv_mae": {
    "xgboost": 2.627109711604109,
    "lightgbm": 2.430413601309912,
    "catboost": 3.254796883740005,
    "rf": 2.143628136119609,
    "gb": 2.252036721517759,
    "ridge": 9.575576382178118,
    "linear": 8.909324790001222
  },
  "test_mae_all": {
    "xgboost": 3.2701721327451088,
    "lightgbm": 3.787724991675622,
    "catboost": 3.3163986273260457,
    "rf": 3.2528503555697563,
    "gb": 5.174001318726247,
    "ridge": 11.412214871170697,
    "linear": 9.770273542266496
  },
  "historical_best_cv_mae": 2.042469801781462,
  "is_new_historical_best": false,
  "features": [
    "pm2_5",
    "pm10",
    "co",
    "no2",
    "so2",
    "month_cos",
    "total_pm",
    "total_gases",
    "no2_o3_ratio",
    "pm2_5_rolling_3h",
    "pm10_rolling_3h",
    "co_rolling_3h",
    "pm2_5_co_interaction",
    "hour_sin",
    "hour_cos"
  ],
  "scaler_needed": false,
  "all_models_saved": [
    "model_xgboost.pkl",
    "model_lightgbm.pkl",
    "model_catboost.pkl",
    "model_rf.pkl",
    "model_gb.pkl",
    "model_ridge.pkl",
    "model_linear.pkl"
  ],
  "all_metrics": {
    "train": {
      "xgboost": {
        "mae": 1.8630867553394912,
        "rmse": 3.4369466617945634,
        "r2": 0.9987735248985854,
        "mape": 1.5286377776990356
      },
      "lightgbm": {
        "mae": 1.787994273305067,
        "rmse": 3.6350125853008652,
        "r2": 0.9986280919986839,
        "mape": 1.465970127802485
      },
      "catboost": {
        "mae": 1.8758589409326525,
        "rmse": 2.981726107196614,
        "r2": 0.9990769002206229,
        "mape": 1.5861947369234224
      },
      "rf": {
        "mae": 1.1803951516355988,
        "rmse": 3.9167044401724223,
        "r2": 0.9984072238205729,
        "mape": 1.158338139111698
      },
      "gb": {
        "mae": 1.4090106266384563,
        "rmse": 2.9809984454071987,
        "r2": 0.9990773507130233,
        "mape": 1.223761676780356
      },
      "ridge": {
        "mae": 8.693483671550053,
        "rmse": 11.56355445645448,
        "r2": 0.9861165995262338,
        "mape": 8.136729295293724
      },
      "linear": {
        "mae": 8.392803145402999,
        "rmse": 11.243690675667036,
        "r2": 0.9868740444302075,
        "mape": 7.719331965405569
      }
    },
    "val": {
      "xgboost": {
        "mae": 2.676409068172925,
        "rmse": 8.563673627082453,
        "r2": 0.9454749674443894,
        "mape": 4.349052323914751
      },
      "lightgbm": {
        "mae": 2.720644437647798,
        "rmse": 10.248445939978032,
        "r2": 0.9219106607806885,
        "mape": 3.994784347793026
      },
      "catboost": {
        "mae": 3.048796378449202,
        "rmse": 9.80965722756658,
        "r2": 0.928454325311358,
        "mape": 4.999612595684776
      },
      "rf": {
        "mae": 3.384251878104408,
        "rmse": 11.831362515486168,
        "r2": 0.8959252822791514,
        "mape": 5.841872709381443
      },
      "gb": {
        "mae": 2.5736487610222234,
        "rmse": 9.741422087152577,
        "r2": 0.9294461948341687,
        "mape": 3.587879271675453
      },
      "ridge": {
        "mae": 6.352415115151993,
        "rmse": 11.57495240248275,
        "r2": 0.9003874296824708,
        "mape": 10.326269684060478
      },
      "linear": {
        "mae": 6.039303692813089,
        "rmse": 11.407670133154156,
        "r2": 0.9032458442366289,
        "mape": 9.47295459662078
      }
    },
    "test": {
      "xgboost": {
        "mae": 3.2701721327451088,
        "rmse": 5.299609714891044,
        "r2": 0.9861486781972889,
        "mape": 7.092631269984005
      },
      "lightgbm": {
        "mae": 3.787724991675622,
        "rmse": 6.098636643028931,
        "r2": 0.9816570593104305,
        "mape": 7.2752248526913785
      },
      "catboost": {
        "mae": 3.3163986273260457,
        "rmse": 5.470917092797511,
        "r2": 0.9852387304424184,
        "mape": 8.05937400963606
      },
      "rf": {
        "mae": 3.2528503555697563,
        "rmse": 6.324241665458782,
        "r2": 0.980274848011468,
        "mape": 9.867050029636589
      },
      "gb": {
        "mae": 5.174001318726247,
        "rmse": 9.052360564465571,
        "r2": 0.9595864378300243,
        "mape": 6.912109384807843
      },
      "ridge": {
        "mae": 11.412214871170697,
        "rmse": 14.349881182351337,
        "r2": 0.898445293742033,
        "mape": 22.296744965355902
      },
      "linear": {
        "mae": 9.770273542266496,
        "rmse": 12.675385427181242,
        "r2": 0.9207634072533624,
        "mape": 19.474966662146944
      }
    },
    "cv_mae": {
      "xgboost": 2.627109711604109,
      "lightgbm": 2.430413601309912,
      "catboost": 3.254796883740005,
      "rf": 2.143628136119609,
      "gb": 2.252036721517759,
      "ridge": 9.575576382178118,
      "linear": 8.909324790001222
    }
  }
}