{
  "trained_best_model": "rf",
  "new_test_metrics": {
    "mae": 3.640290797067823,
    "rmse": 6.830180217746574,
    "r2": 0.9713288370500107,
    "mape": 10.627513830049054
  },
  "cv_mae": {
    "xgboost": 2.572347082597169,
    "lightgbm": 2.433965973079421,
    "catboost": 3.2230466651192904,
    "rf": 2.0874639971246514,
    "gb": 2.2206028471122585,
    "ridge": 9.998044944358705,
    "linear": 9.281544544334356
  },
  "test_mae_all": {
    "xgboost": 3.5282959670040985,
    "lightgbm": 3.3766095465481105,
    "catboost": 3.8890295912295567,
    "rf": 3.640290797067823,
    "gb": 4.722886491984367,
    "ridge": 10.573183163159754,
    "linear": 9.12154893888856
  },
  "historical_best_cv_mae": 2.042469801781462,
  "is_new_historical_best": false,
  "features": [
    "pm2_5",
    "pm10",
    "co",
    "no2",
    "so2",
    "month_cos",
    "total_pm",
    "total_gases",
    "no2_o3_ratio",
    "pm2_5_rolling_3h",
    "pm10_rolling_3h",
    "co_rolling_3h",
    "pm2_5_co_interaction",
    "hour_sin",
    "hour_cos"
  ],
  "scaler_needed": false,
  "all_models_saved": [
    "model_xgboost.pkl",
    "model_lightgbm.pkl",
    "model_catboost.pkl",
    "model_rf.pkl",
    "model_gb.pkl",
    "model_ridge.pkl",
    "model_linear.pkl"
  ],
  "all_metrics": {
    "train": {
      "xgboost": {
        "mae": 2.1025646751563065,
        "rmse": 3.9841784037315233,
        "r2": 0.9983941226961031,
        "mape": 1.703410944289759
      },
      "lightgbm": {
        "mae": 1.9490890545994826,
        "rmse": 4.030633279000683,
        "r2": 0.9983564558353119,
        "mape": 1.612587379508561
      },
      "catboost": {
        "mae": 1.9146228362522715,
        "rmse": 3.059668858036973,
        "r2": 0.9990529265574463,
        "mape": 1.6046564560990981
      },
      "rf": {
        "mae": 1.1694752137127595,
        "rmse": 3.868377609001137,
        "r2": 0.9984861162483275,
        "mape": 1.1433338231914627
      },
      "gb": {
        "mae": 1.3856641524626978,
        "rmse": 2.9386065639848877,
        "r2": 0.9991263898025652,
        "mape": 1.1945485572033832
      },
      "ridge": {
        "mae": 8.817058950111056,
        "rmse": 11.68553298504283,
        "r2": 0.9861856053942063,
        "mape": 8.16938551682051
      },
      "linear": {
        "mae": 8.501900735390794,
        "rmse": 11.348013214744896,
        "r2": 0.9869720983353863,
        "mape": 7.740544889474813
      }
    },
    "val": {
      "xgboost": {
        "mae": 2.8833519487076154,
        "rmse": 9.426683231678531,
        "r2": 0.9347088422942178,
        "mape": 5.109155539440383
      },
      "lightgbm": {
        "mae": 2.9381765222014598,
        "rmse": 10.442905123485827,
        "r2": 0.9198729402092675,
        "mape": 4.665361535526654
      },
      "catboost": {
        "mae": 3.2633452934162537,
        "rmse": 9.280715864072011,
        "r2": 0.9367151878281916,
        "mape": 5.5905273324861735
      },
      "rf": {
        "mae": 3.9990098386857174,
        "rmse": 12.144881153276186,
        "r2": 0.8916265046700189,
        "mape": 6.6908341439587415
      },
      "gb": {
        "mae": 2.5854474750668492,
        "rmse": 9.65619007191368,
        "r2": 0.9314909171081963,
        "mape": 4.092050748379085
      },
      "ridge": {
        "mae": 6.544087183344646,
        "rmse": 11.826847483029367,
        "r2": 0.8972280647213956,
        "mape": 10.34831656892399
      },
      "linear": {
        "mae": 6.279759215201939,
        "rmse": 11.655842408338497,
        "r2": 0.9001785495353591,
        "mape": 9.599600898440478
      }
    },
    "test": {
      "xgboost": {
        "mae": 3.5282959670040985,
        "rmse": 6.171085832407198,
        "r2": 0.9765952418840058,
        "mape": 9.060299093156319
      },
      "lightgbm": {
        "mae": 3.3766095465481105,
        "rmse": 5.7035205111275635,
        "r2": 0.9800075048838731,
        "mape": 8.42305985032959
      },
      "catboost": {
        "mae": 3.8890295912295567,
        "rmse": 6.228119794655264,
        "r2": 0.9761606232030948,
        "mape": 9.40987059915415
      },
      "rf": {
        "mae": 3.640290797067823,
        "rmse": 6.830180217746574,
        "r2": 0.9713288370500107,
        "mape": 10.627513830049054
      },
      "gb": {
        "mae": 4.722886491984367,
        "rmse": 8.444680165822177,
        "r2": 0.9561724297386771,
        "mape": 7.975493138881194
      },
      "ridge": {
        "mae": 10.573183163159754,
        "rmse": 13.712308787845702,
        "r2": 0.8844414317584388,
        "mape": 22.05130430890927
      },
      "linear": {
        "mae": 9.12154893888856,
        "rmse": 12.194948192920805,
        "r2": 0.9086011139836188,
        "mape": 19.283891326140175
      }
    },
    "cv_mae": {
      "xgboost": 2.572347082597169,
      "lightgbm": 2.433965973079421,
      "catboost": 3.2230466651192904,
      "rf": 2.0874639971246514,
      "gb": 2.2206028471122585,
      "ridge": 9.998044944358705,
      "linear": 9.281544544334356
    }
  }
}