{
  "trained_best_model": "gb",
  "new_test_metrics": {
    "mae": 6.803245376618572,
    "rmse": 9.301458454287836,
    "r2": 0.9610666014063084,
    "mape": 10.971414197855916
  },
  "cv_mae": {
    "xgboost": 2.649255436040651,
    "lightgbm": 2.4325659281841445,
    "catboost": 3.2355031435172577,
    "rf": 2.233388687212737,
    "gb": 2.192827705616973,
    "ridge": 9.884144300068428,
    "linear": 8.988989100200774
  },
  "test_mae_all": {
    "xgboost": 3.2641523690434564,
    "lightgbm": 3.7969564759279253,
    "catboost": 3.5582909282583404,
    "rf": 3.2486294545086234,
    "gb": 6.803245376618572,
    "ridge": 11.638777733612,
    "linear": 10.024930755155083
  },
  "historical_best_cv_mae": 2.042469801781462,
  "is_new_historical_best": false,
  "features": [
    "pm2_5",
    "pm10",
    "co",
    "no2",
    "so2",
    "month_cos",
    "total_pm",
    "total_gases",
    "no2_o3_ratio",
    "pm2_5_rolling_3h",
    "pm10_rolling_3h",
    "co_rolling_3h",
    "pm2_5_co_interaction",
    "hour_sin",
    "hour_cos"
  ],
  "scaler_needed": false,
  "all_models_saved": [
    "model_xgboost.pkl",
    "model_lightgbm.pkl",
    "model_catboost.pkl",
    "model_rf.pkl",
    "model_gb.pkl",
    "model_ridge.pkl",
    "model_linear.pkl"
  ],
  "all_metrics": {
    "train": {
      "xgboost": {
        "mae": 1.8154697270464912,
        "rmse": 3.4037027282653534,
        "r2": 0.998759874468799,
        "mape": 1.5090857201636763
      },
      "lightgbm": {
        "mae": 1.6741627853144936,
        "rmse": 3.376515345212914,
        "r2": 0.9987796065762479,
        "mape": 1.3986349080567717
      },
      "catboost": {
        "mae": 1.8640889513027934,
        "rmse": 2.977164934912779,
        "r2": 0.999051214162025,
        "mape": 1.584520427628599
      },
      "rf": {
        "mae": 1.1940828741641756,
        "rmse": 3.919424585508556,
        "r2": 0.9983556016658213,
        "mape": 1.179286115855884
      },
      "gb": {
        "mae": 1.3866171746998508,
        "rmse": 2.9529832594268965,
        "r2": 0.9990665643726295,
        "mape": 1.2238624652332004
      },
      "ridge": {
        "mae": 8.588420334552598,
        "rmse": 11.46152361910252,
        "r2": 0.9859379994513733,
        "mape": 8.094078024428478
      },
      "linear": {
        "mae": 8.29798570788694,
        "rmse": 11.141897465054383,
        "r2": 0.9867113544338982,
        "mape": 7.68883384735531
      }
    },
    "val": {
      "xgboost": {
        "mae": 2.7598866327712526,
        "rmse": 9.042400219463257,
        "r2": 0.938644020920105,
        "mape": 4.446839131633096
      },
      "lightgbm": {
        "mae": 3.02386530341163,
        "rmse": 10.085988544862984,
        "r2": 0.9236645304085552,
        "mape": 4.322277477635637
      },
      "catboost": {
        "mae": 3.0991585940590203,
        "rmse": 9.463853793279856,
        "r2": 0.9327913015575809,
        "mape": 5.062158929222706
      },
      "rf": {
        "mae": 3.2886973607350516,
        "rmse": 11.83375001646232,
        "r2": 0.8949165743907739,
        "mape": 5.682795507460601
      },
      "gb": {
        "mae": 5.126414608477011,
        "rmse": 10.351586431816449,
        "r2": 0.9195912583393501,
        "mape": 7.8932926226809155
      },
      "ridge": {
        "mae": 6.28230278343114,
        "rmse": 11.52107035705412,
        "r2": 0.9003963856711803,
        "mape": 10.149394494615049
      },
      "linear": {
        "mae": 5.939536635934793,
        "rmse": 11.374823098838096,
        "r2": 0.9029090517034971,
        "mape": 9.287094877887622
      }
    },
    "test": {
      "xgboost": {
        "mae": 3.2641523690434564,
        "rmse": 5.273970463970813,
        "r2": 0.9874831340439775,
        "mape": 7.019829695047833
      },
      "lightgbm": {
        "mae": 3.7969564759279253,
        "rmse": 5.84025479354944,
        "r2": 0.9846508686022978,
        "mape": 7.151197266940697
      },
      "catboost": {
        "mae": 3.5582909282583404,
        "rmse": 5.713390816658814,
        "r2": 0.9853104639417256,
        "mape": 8.373369440704202
      },
      "rf": {
        "mae": 3.2486294545086234,
        "rmse": 6.350792108824859,
        "r2": 0.9818500259770757,
        "mape": 9.84607444882567
      },
      "gb": {
        "mae": 6.803245376618572,
        "rmse": 9.301458454287836,
        "r2": 0.9610666014063084,
        "mape": 10.971414197855916
      },
      "ridge": {
        "mae": 11.638777733612,
        "rmse": 14.460217880957149,
        "r2": 0.9059042759533507,
        "mape": 22.419218970503067
      },
      "linear": {
        "mae": 10.024930755155083,
        "rmse": 12.804345687249118,
        "r2": 0.9262206209152585,
        "mape": 19.687998602572822
      }
    },
    "cv_mae": {
      "xgboost": 2.649255436040651,
      "lightgbm": 2.4325659281841445,
      "catboost": 3.2355031435172577,
      "rf": 2.233388687212737,
      "gb": 2.192827705616973,
      "ridge": 9.884144300068428,
      "linear": 8.988989100200774
    }
  }
}