{
  "trained_best_model": "rf",
  "new_test_metrics": {
    "mae": 4.763923767371563,
    "rmse": 7.574973827759628,
    "r2": 0.9561478945708147,
    "mape": 12.474681444590946
  },
  "cv_mae": {
    "xgboost": 2.6850958213880802,
    "lightgbm": 2.503783001822664,
    "catboost": 3.16113084190618,
    "rf": 2.141079155815535,
    "gb": 2.3570797846436085,
    "ridge": 10.227579886014322,
    "linear": 9.391822664699408
  },
  "test_mae_all": {
    "xgboost": 3.2807964896339494,
    "lightgbm": 3.8250525196916687,
    "catboost": 3.827653170689998,
    "rf": 4.763923767371561,
    "gb": 4.018347514424617,
    "ridge": 10.468195966482167,
    "linear": 9.108482730603926
  },
  "historical_best_cv_mae": 2.042469801781462,
  "is_new_historical_best": false,
  "features": [
    "pm2_5",
    "pm10",
    "co",
    "no2",
    "so2",
    "month_cos",
    "total_pm",
    "total_gases",
    "no2_o3_ratio",
    "pm2_5_rolling_3h",
    "pm10_rolling_3h",
    "co_rolling_3h",
    "pm2_5_co_interaction",
    "hour_sin",
    "hour_cos"
  ],
  "scaler_needed": false,
  "all_models_saved": [
    "model_xgboost.pkl",
    "model_lightgbm.pkl",
    "model_catboost.pkl",
    "model_rf.pkl",
    "model_gb.pkl",
    "model_ridge.pkl",
    "model_linear.pkl"
  ],
  "all_metrics": {
    "train": {
      "xgboost": {
        "mae": 1.8398640487058755,
        "rmse": 3.4170828676637344,
        "r2": 0.998826654617905,
        "mape": 1.4800866479168888
      },
      "lightgbm": {
        "mae": 1.7502602395375602,
        "rmse": 3.4495687447044423,
        "r2": 0.9988042388069085,
        "mape": 1.4194508395094108
      },
      "catboost": {
        "mae": 1.9458545896235104,
        "rmse": 3.070594855155024,
        "r2": 0.9990525421852232,
        "mape": 1.5977817353395947
      },
      "rf": {
        "mae": 1.15529745003621,
        "rmse": 3.8447039569400645,
        "r2": 0.9985146094530268,
        "mape": 1.1298846579762845
      },
      "gb": {
        "mae": 1.399273121270049,
        "rmse": 2.977539568502727,
        "r2": 0.9991090980090267,
        "mape": 1.1942390207297746
      },
      "ridge": {
        "mae": 8.943960298411191,
        "rmse": 11.7976509550671,
        "r2": 0.9860136003906189,
        "mape": 8.227770078911325
      },
      "linear": {
        "mae": 8.611125418756936,
        "rmse": 11.443480313533419,
        "r2": 0.9868407511412507,
        "mape": 7.779767342946892
      }
    },
    "val": {
      "xgboost": {
        "mae": 2.724301849870377,
        "rmse": 8.743847953093976,
        "r2": 0.9421617332205401,
        "mape": 4.873946840629826
      },
      "lightgbm": {
        "mae": 2.99249868540603,
        "rmse": 10.134130820718136,
        "r2": 0.9223067858389503,
        "mape": 4.800413818312712
      },
      "catboost": {
        "mae": 3.6255425939440395,
        "rmse": 10.299666635592429,
        "r2": 0.9197478987012793,
        "mape": 6.059953363719686
      },
      "rf": {
        "mae": 5.162864182989556,
        "rmse": 12.504561007092539,
        "r2": 0.8817102877172962,
        "mape": 8.654919948674946
      },
      "gb": {
        "mae": 2.9257944638368256,
        "rmse": 9.922473934590986,
        "r2": 0.9255182264477132,
        "mape": 4.700280526913072
      },
      "ridge": {
        "mae": 6.716837600969515,
        "rmse": 11.863526783207236,
        "r2": 0.8935274375777974,
        "mape": 10.971556491106101
      },
      "linear": {
        "mae": 6.353137717452898,
        "rmse": 11.587050454241654,
        "r2": 0.898432240565727,
        "mape": 10.035860102118518
      }
    },
    "test": {
      "xgboost": {
        "mae": 3.2807964896339494,
        "rmse": 5.975279496339868,
        "r2": 0.9727137015450749,
        "mape": 8.476244078000905
      },
      "lightgbm": {
        "mae": 3.8250525196916687,
        "rmse": 6.406074307896355,
        "r2": 0.9686373955811229,
        "mape": 8.761759783179954
      },
      "catboost": {
        "mae": 3.827653170689998,
        "rmse": 6.190015198501342,
        "r2": 0.9707172670425678,
        "mape": 9.450487122736337
      },
      "rf": {
        "mae": 4.763923767371561,
        "rmse": 7.574973827759626,
        "r2": 0.9561478945708147,
        "mape": 12.474681444590944
      },
      "gb": {
        "mae": 4.018347514424617,
        "rmse": 7.147510681844495,
        "r2": 0.9609574835077473,
        "mape": 8.019025498744236
      },
      "ridge": {
        "mae": 10.468195966482167,
        "rmse": 13.724357531309158,
        "r2": 0.8560498165025774,
        "mape": 22.541933021376508
      },
      "linear": {
        "mae": 9.108482730603926,
        "rmse": 12.259782779435183,
        "r2": 0.8851334104066344,
        "mape": 19.71665012962209
      }
    },
    "cv_mae": {
      "xgboost": 2.6850958213880802,
      "lightgbm": 2.503783001822664,
      "catboost": 3.16113084190618,
      "rf": 2.141079155815535,
      "gb": 2.3570797846436085,
      "ridge": 10.227579886014322,
      "linear": 9.391822664699408
    }
  }
}