{
  "trained_best_model": "rf",
  "new_test_metrics": {
    "mae": 4.754466073145699,
    "rmse": 7.697567861583845,
    "r2": 0.9547227077292713,
    "mape": 12.603180304877501
  },
  "cv_mae": {
    "xgboost": 2.7148624502282783,
    "lightgbm": 2.5392981182631345,
    "catboost": 3.1782451906385845,
    "rf": 2.146021087819083,
    "gb": 2.3098295497010777,
    "ridge": 10.221433471864334,
    "linear": 9.392124834207786
  },
  "test_mae_all": {
    "xgboost": 3.4681053890821425,
    "lightgbm": 3.7814936811696085,
    "catboost": 4.011518012724473,
    "rf": 4.7544660731457,
    "gb": 4.009184150535798,
    "ridge": 10.463734036821194,
    "linear": 9.10844743971198
  },
  "historical_best_cv_mae": 2.042469801781462,
  "is_new_historical_best": false,
  "features": [
    "pm2_5",
    "pm10",
    "co",
    "no2",
    "so2",
    "month_cos",
    "total_pm",
    "total_gases",
    "no2_o3_ratio",
    "pm2_5_rolling_3h",
    "pm10_rolling_3h",
    "co_rolling_3h",
    "pm2_5_co_interaction",
    "hour_sin",
    "hour_cos"
  ],
  "scaler_needed": false,
  "all_models_saved": [
    "model_xgboost.pkl",
    "model_lightgbm.pkl",
    "model_catboost.pkl",
    "model_rf.pkl",
    "model_gb.pkl",
    "model_ridge.pkl",
    "model_linear.pkl"
  ],
  "all_metrics": {
    "train": {
      "xgboost": {
        "mae": 1.8436947179944858,
        "rmse": 3.374158338387411,
        "r2": 0.9988559736684249,
        "mape": 1.4763115725188993
      },
      "lightgbm": {
        "mae": 1.541169823869771,
        "rmse": 3.0339031893543926,
        "r2": 0.9990750706941898,
        "mape": 1.2593371662134478
      },
      "catboost": {
        "mae": 1.9113036122802536,
        "rmse": 3.034617343486508,
        "r2": 0.99907463520249,
        "mape": 1.58140114134152
      },
      "rf": {
        "mae": 1.1575638178001877,
        "rmse": 3.850338395579704,
        "r2": 0.9985102859860645,
        "mape": 1.1318301469450585
      },
      "gb": {
        "mae": 1.3883521954605285,
        "rmse": 2.959055705738705,
        "r2": 0.99912014443529,
        "mape": 1.18672829550918
      },
      "ridge": {
        "mae": 8.94264722754273,
        "rmse": 11.796940205673538,
        "r2": 0.9860155993056048,
        "mape": 8.227460398688812
      },
      "linear": {
        "mae": 8.61031542862749,
        "rmse": 11.443090814115173,
        "r2": 0.9868419421287677,
        "mape": 7.779922154193325
      }
    },
    "val": {
      "xgboost": {
        "mae": 2.9884389154442914,
        "rmse": 9.094854493790361,
        "r2": 0.9374198238646615,
        "mape": 5.299856348280282
      },
      "lightgbm": {
        "mae": 2.791104226144003,
        "rmse": 9.938347757788842,
        "r2": 0.9252736707412983,
        "mape": 4.537670557136434
      },
      "catboost": {
        "mae": 3.76987643337455,
        "rmse": 10.63828898675837,
        "r2": 0.9143773159164696,
        "mape": 6.369967290804718
      },
      "rf": {
        "mae": 5.153810698723899,
        "rmse": 12.551225076018422,
        "r2": 0.8808161237708165,
        "mape": 8.709898904110183
      },
      "gb": {
        "mae": 2.889851189097043,
        "rmse": 9.780854586270685,
        "r2": 0.9276232837754024,
        "mape": 4.7891337857029646
      },
      "ridge": {
        "mae": 6.702824794084614,
        "rmse": 11.859532684306748,
        "r2": 0.8935904949254685,
        "mape": 10.948060763536539
      },
      "linear": {
        "mae": 6.341425789593265,
        "rmse": 11.584003288087578,
        "r2": 0.898477427282281,
        "mape": 10.01594937831434
      }
    },
    "test": {
      "xgboost": {
        "mae": 3.4681053890821425,
        "rmse": 5.9989866132867435,
        "r2": 0.972500222516738,
        "mape": 9.024007242008741
      },
      "lightgbm": {
        "mae": 3.7814936811696085,
        "rmse": 6.512491128549012,
        "r2": 0.9675908468190527,
        "mape": 8.85181749347848
      },
      "catboost": {
        "mae": 4.011518012724473,
        "rmse": 6.666320437183469,
        "r2": 0.966041713729376,
        "mape": 10.12017976748225
      },
      "rf": {
        "mae": 4.7544660731457,
        "rmse": 7.697567861583846,
        "r2": 0.9547227077292713,
        "mape": 12.603180304877501
      },
      "gb": {
        "mae": 4.009184150535798,
        "rmse": 7.244153543775259,
        "r2": 0.9598996015630658,
        "mape": 8.332118198858801
      },
      "ridge": {
        "mae": 10.463734036821194,
        "rmse": 13.72125778963379,
        "r2": 0.8561329820822987,
        "mape": 22.53265357771231
      },
      "linear": {
        "mae": 9.10844743971198,
        "rmse": 12.258769850760745,
        "r2": 0.8851668766903851,
        "mape": 19.713179607531202
      }
    },
    "cv_mae": {
      "xgboost": 2.7148624502282783,
      "lightgbm": 2.5392981182631345,
      "catboost": 3.1782451906385845,
      "rf": 2.146021087819083,
      "gb": 2.3098295497010777,
      "ridge": 10.221433471864334,
      "linear": 9.392124834207786
    }
  }
}