{
  "trained_best_model": "rf",
  "new_test_metrics": {
    "mae": 4.688943018027397,
    "rmse": 7.539045414566373,
    "r2": 0.9573773918583163,
    "mape": 12.374054582451503
  },
  "cv_mae": {
    "xgboost": 2.727255336365821,
    "lightgbm": 2.4710731557004064,
    "catboost": 3.228795128118228,
    "rf": 2.1152822726811977,
    "gb": 2.320438451909074,
    "ridge": 10.201618316199196,
    "linear": 9.365423391959283
  },
  "test_mae_all": {
    "xgboost": 3.4161878860626005,
    "lightgbm": 4.33085741528672,
    "catboost": 4.003219942933879,
    "rf": 4.688943018027396,
    "gb": 4.087334765394997,
    "ridge": 10.494485192936933,
    "linear": 9.124915731530193
  },
  "historical_best_cv_mae": 2.042469801781462,
  "is_new_historical_best": false,
  "features": [
    "pm2_5",
    "pm10",
    "co",
    "no2",
    "so2",
    "month_cos",
    "total_pm",
    "total_gases",
    "no2_o3_ratio",
    "pm2_5_rolling_3h",
    "pm10_rolling_3h",
    "co_rolling_3h",
    "pm2_5_co_interaction",
    "hour_sin",
    "hour_cos"
  ],
  "scaler_needed": false,
  "all_models_saved": [
    "model_xgboost.pkl",
    "model_lightgbm.pkl",
    "model_catboost.pkl",
    "model_rf.pkl",
    "model_gb.pkl",
    "model_ridge.pkl",
    "model_linear.pkl"
  ],
  "all_metrics": {
    "train": {
      "xgboost": {
        "mae": 1.8719470989291993,
        "rmse": 3.4155619227817096,
        "r2": 0.9988284537023511,
        "mape": 1.4931794304489143
      },
      "lightgbm": {
        "mae": 1.6911997664309257,
        "rmse": 3.3127331929945885,
        "r2": 0.9988979328740858,
        "mape": 1.3625986331295854
      },
      "catboost": {
        "mae": 1.9161469286379984,
        "rmse": 3.048492050035965,
        "r2": 0.9990667343898634,
        "mape": 1.5830533306589407
      },
      "rf": {
        "mae": 1.1576638893586717,
        "rmse": 3.8323251600111217,
        "r2": 0.9985251093241284,
        "mape": 1.12880703129951
      },
      "gb": {
        "mae": 1.3941850639460185,
        "rmse": 2.955254334027505,
        "r2": 0.999122948985836,
        "mape": 1.195223045606531
      },
      "ridge": {
        "mae": 8.930096018073737,
        "rmse": 11.788224124301282,
        "r2": 0.9860449339021918,
        "mape": 8.219494030514115
      },
      "linear": {
        "mae": 8.599896845184873,
        "rmse": 11.4359164518445,
        "r2": 0.9868666028641838,
        "mape": 7.774301744745338
      }
    },
    "val": {
      "xgboost": {
        "mae": 2.830152936177711,
        "rmse": 8.847588505252444,
        "r2": 0.9408247807035846,
        "mape": 5.132407437525501
      },
      "lightgbm": {
        "mae": 3.056717388830665,
        "rmse": 10.285027574829996,
        "r2": 0.9200348114838365,
        "mape": 4.968148740083167
      },
      "catboost": {
        "mae": 3.69512928369211,
        "rmse": 10.209757154364357,
        "r2": 0.9212009704281869,
        "mape": 6.220614636657474
      },
      "rf": {
        "mae": 5.084193462571005,
        "rmse": 12.4816068862599,
        "r2": 0.8822309843938769,
        "mape": 8.590351692568612
      },
      "gb": {
        "mae": 2.912329850934271,
        "rmse": 9.666767043627182,
        "r2": 0.9293596975219679,
        "mape": 4.84630340273075
      },
      "ridge": {
        "mae": 6.660388391838579,
        "rmse": 11.844330427165593,
        "r2": 0.8939499020823903,
        "mape": 10.87977884378003
      },
      "linear": {
        "mae": 6.308950043486585,
        "rmse": 11.570347676906254,
        "r2": 0.8987994522580405,
        "mape": 9.959371349839213
      }
    },
    "test": {
      "xgboost": {
        "mae": 3.4161878860626005,
        "rmse": 6.2068117027293255,
        "r2": 0.9711102061398974,
        "mape": 9.100258463134974
      },
      "lightgbm": {
        "mae": 4.33085741528672,
        "rmse": 7.324356540083729,
        "r2": 0.9597703497927174,
        "mape": 9.665558969339887
      },
      "catboost": {
        "mae": 4.003219942933879,
        "rmse": 6.490068260350949,
        "r2": 0.9684131853819075,
        "mape": 9.912084347926026
      },
      "rf": {
        "mae": 4.688943018027396,
        "rmse": 7.539045414566372,
        "r2": 0.9573773918583163,
        "mape": 12.374054582451501
      },
      "gb": {
        "mae": 4.087334765394997,
        "rmse": 7.000822604126615,
        "r2": 0.9632459291196388,
        "mape": 8.620434320924032
      },
      "ridge": {
        "mae": 10.494485192936933,
        "rmse": 13.731204811761222,
        "r2": 0.8586080798254446,
        "mape": 22.523870541763504
      },
      "linear": {
        "mae": 9.124915731530193,
        "rmse": 12.262672119024204,
        "r2": 0.8872341663811959,
        "mape": 19.7017231239229
      }
    },
    "cv_mae": {
      "xgboost": 2.727255336365821,
      "lightgbm": 2.4710731557004064,
      "catboost": 3.228795128118228,
      "rf": 2.1152822726811977,
      "gb": 2.320438451909074,
      "ridge": 10.201618316199196,
      "linear": 9.365423391959283
    }
  }
}