{
  "trained_best_model": "gb",
  "new_test_metrics": {
    "mae": 5.57829065497116,
    "rmse": 9.218523813442664,
    "r2": 0.9614925368227747,
    "mape": 7.605240939767086
  },
  "cv_mae": {
    "xgboost": 2.643900595439157,
    "lightgbm": 2.430852255270774,
    "catboost": 3.108021808257015,
    "rf": 2.2351717731991747,
    "gb": 2.1885349558240987,
    "ridge": 9.720689377452047,
    "linear": 8.86102470374431
  },
  "test_mae_all": {
    "xgboost": 3.212489112603681,
    "lightgbm": 4.067888673764734,
    "catboost": 3.3585224465978585,
    "rf": 3.274402329385414,
    "gb": 5.57829065497116,
    "ridge": 11.577977860783811,
    "linear": 9.914902756228846
  },
  "historical_best_cv_mae": 2.042469801781462,
  "is_new_historical_best": false,
  "features": [
    "pm2_5",
    "pm10",
    "co",
    "no2",
    "so2",
    "month_cos",
    "total_pm",
    "total_gases",
    "no2_o3_ratio",
    "pm2_5_rolling_3h",
    "pm10_rolling_3h",
    "co_rolling_3h",
    "pm2_5_co_interaction",
    "hour_sin",
    "hour_cos"
  ],
  "scaler_needed": false,
  "all_models_saved": [
    "model_xgboost.pkl",
    "model_lightgbm.pkl",
    "model_catboost.pkl",
    "model_rf.pkl",
    "model_gb.pkl",
    "model_ridge.pkl",
    "model_linear.pkl"
  ],
  "all_metrics": {
    "train": {
      "xgboost": {
        "mae": 1.822738983237658,
        "rmse": 3.4167543257890958,
        "r2": 0.9987626554458289,
        "mape": 1.499268256555662
      },
      "lightgbm": {
        "mae": 1.6557973737898997,
        "rmse": 3.3135907719757762,
        "r2": 0.9988362467963523,
        "mape": 1.3837321380518182
      },
      "catboost": {
        "mae": 1.894308875089552,
        "rmse": 3.0386029247411637,
        "r2": 0.9990213868473438,
        "mape": 1.5994214419433748
      },
      "rf": {
        "mae": 1.1860102407053623,
        "rmse": 3.8899324371232513,
        "r2": 0.9983962108836402,
        "mape": 1.1687000935175496
      },
      "gb": {
        "mae": 1.3813383122158036,
        "rmse": 2.946455974851809,
        "r2": 0.9990798406189721,
        "mape": 1.1989717463939322
      },
      "ridge": {
        "mae": 8.616660925067151,
        "rmse": 11.490043541559121,
        "r2": 0.9860071398297098,
        "mape": 8.101670011456683
      },
      "linear": {
        "mae": 8.318368564117195,
        "rmse": 11.164653248480262,
        "r2": 0.9867884545243677,
        "mape": 7.687929171856828
      }
    },
    "val": {
      "xgboost": {
        "mae": 2.746038288830622,
        "rmse": 9.001287136654454,
        "r2": 0.9394599059798531,
        "mape": 4.572739304792607
      },
      "lightgbm": {
        "mae": 2.6374216535369333,
        "rmse": 10.001505024835634,
        "r2": 0.9252580241264619,
        "mape": 3.8996133320618105
      },
      "catboost": {
        "mae": 3.0739221227880087,
        "rmse": 10.012950858830365,
        "r2": 0.9250868551355905,
        "mape": 4.895084282927336
      },
      "rf": {
        "mae": 3.4003983707521006,
        "rmse": 11.85839650600593,
        "r2": 0.8949282912876243,
        "mape": 5.898319396287603
      },
      "gb": {
        "mae": 2.647141876066977,
        "rmse": 9.8149022348559,
        "r2": 0.9280209988481841,
        "mape": 3.9428291679070653
      },
      "ridge": {
        "mae": 6.406395485868722,
        "rmse": 11.588720398829357,
        "r2": 0.8996528992649435,
        "mape": 10.374280463806214
      },
      "linear": {
        "mae": 6.0217196565658675,
        "rmse": 11.413192469396973,
        "r2": 0.9026696820663617,
        "mape": 9.440510473444432
      }
    },
    "test": {
      "xgboost": {
        "mae": 3.212489112603681,
        "rmse": 5.414842690239415,
        "r2": 0.9867140126866897,
        "mape": 7.5387596325546165
      },
      "lightgbm": {
        "mae": 4.067888673764734,
        "rmse": 6.425350894584652,
        "r2": 0.981292496085189,
        "mape": 7.249159432233531
      },
      "catboost": {
        "mae": 3.3585224465978585,
        "rmse": 5.574410834877299,
        "r2": 0.9859194346924423,
        "mape": 8.180332631143331
      },
      "rf": {
        "mae": 3.274402329385414,
        "rmse": 6.374945060935982,
        "r2": 0.9815848594542826,
        "mape": 9.924037595355893
      },
      "gb": {
        "mae": 5.57829065497116,
        "rmse": 9.218523813442664,
        "r2": 0.9614925368227747,
        "mape": 7.605240939767086
      },
      "ridge": {
        "mae": 11.577977860783811,
        "rmse": 14.458825530913131,
        "r2": 0.9052698599046779,
        "mape": 22.297675219627745
      },
      "linear": {
        "mae": 9.914902756228846,
        "rmse": 12.748439244324013,
        "r2": 0.9263562013145454,
        "mape": 19.4822920192911
      }
    },
    "cv_mae": {
      "xgboost": 2.643900595439157,
      "lightgbm": 2.430852255270774,
      "catboost": 3.108021808257015,
      "rf": 2.2351717731991747,
      "gb": 2.1885349558240987,
      "ridge": 9.720689377452047,
      "linear": 8.86102470374431
    }
  }
}