{
  "trained_best_model": "rf",
  "new_test_metrics": {
    "mae": 3.158815566406675,
    "rmse": 6.178647503249707,
    "r2": 0.981319016103665,
    "mape": 9.578515950700686
  },
  "cv_mae": {
    "xgboost": 2.598348595531486,
    "lightgbm": 2.486009959321293,
    "catboost": 3.2286459615742684,
    "rf": 2.1023431007140103,
    "gb": 2.290660029966076,
    "ridge": 9.521390450480787,
    "linear": 8.860728800923962
  },
  "test_mae_all": {
    "xgboost": 3.8236608888895467,
    "lightgbm": 4.353733616860093,
    "catboost": 3.26083585737836,
    "rf": 3.158815566406675,
    "gb": 5.1042782009118435,
    "ridge": 11.427489042431686,
    "linear": 9.78972624269675
  },
  "historical_best_cv_mae": 2.042469801781462,
  "is_new_historical_best": false,
  "features": [
    "pm2_5",
    "pm10",
    "co",
    "no2",
    "so2",
    "month_cos",
    "total_pm",
    "total_gases",
    "no2_o3_ratio",
    "pm2_5_rolling_3h",
    "pm10_rolling_3h",
    "co_rolling_3h",
    "pm2_5_co_interaction",
    "hour_sin",
    "hour_cos"
  ],
  "scaler_needed": false,
  "all_models_saved": [
    "model_xgboost.pkl",
    "model_lightgbm.pkl",
    "model_catboost.pkl",
    "model_rf.pkl",
    "model_gb.pkl",
    "model_ridge.pkl",
    "model_linear.pkl"
  ],
  "all_metrics": {
    "train": {
      "xgboost": {
        "mae": 1.84688891496677,
        "rmse": 3.437650199560822,
        "r2": 0.9987732433663885,
        "mape": 1.510771077746987
      },
      "lightgbm": {
        "mae": 1.6971627384590866,
        "rmse": 3.412106624085797,
        "r2": 0.9987914065465686,
        "mape": 1.4053874932107868
      },
      "catboost": {
        "mae": 1.8806546387123737,
        "rmse": 3.0130799933029326,
        "r2": 0.9990575542218271,
        "mape": 1.5901397293449697
      },
      "rf": {
        "mae": 1.1775551954745784,
        "rmse": 3.9015143826423015,
        "r2": 0.9984198385070496,
        "mape": 1.1570437668990785
      },
      "gb": {
        "mae": 1.3966250684435582,
        "rmse": 2.9845615737545415,
        "r2": 0.9990753100531781,
        "mape": 1.2123487817533702
      },
      "ridge": {
        "mae": 8.690954938669444,
        "rmse": 11.562028515280227,
        "r2": 0.9861227592730178,
        "mape": 8.135437951247846
      },
      "linear": {
        "mae": 8.39219956770903,
        "rmse": 11.242776025094468,
        "r2": 0.9868785397991933,
        "mape": 7.720359033959105
      }
    },
    "val": {
      "xgboost": {
        "mae": 2.8467588424682617,
        "rmse": 9.215854757932915,
        "r2": 0.9368290790996688,
        "mape": 4.744495255672803
      },
      "lightgbm": {
        "mae": 2.75066968837385,
        "rmse": 10.05699828170115,
        "r2": 0.9247714455712047,
        "mape": 4.084513964854933
      },
      "catboost": {
        "mae": 2.9047836527900435,
        "rmse": 9.470489925293338,
        "r2": 0.9332900127597297,
        "mape": 4.713715250301162
      },
      "rf": {
        "mae": 3.314988841018955,
        "rmse": 11.782023525488892,
        "r2": 0.8967510280927339,
        "mape": 5.664561104595628
      },
      "gb": {
        "mae": 2.6066615942608853,
        "rmse": 9.592325663422711,
        "r2": 0.9315625539124068,
        "mape": 3.694731560281165
      },
      "ridge": {
        "mae": 6.352470833797724,
        "rmse": 11.575447019655101,
        "r2": 0.9003398565655931,
        "mape": 10.326884320687277
      },
      "linear": {
        "mae": 6.038037494044454,
        "rmse": 11.408126303940175,
        "r2": 0.9032001673859298,
        "mape": 9.471320822029654
      }
    },
    "test": {
      "xgboost": {
        "mae": 3.8236608888895467,
        "rmse": 6.217740151806505,
        "r2": 0.981081877012013,
        "mape": 7.933105885880674
      },
      "lightgbm": {
        "mae": 4.353733616860093,
        "rmse": 6.975327551952382,
        "r2": 0.9761909470687172,
        "mape": 7.863145159653033
      },
      "catboost": {
        "mae": 3.26083585737836,
        "rmse": 5.4077405003091625,
        "r2": 0.9856898365575374,
        "mape": 7.856885902028668
      },
      "rf": {
        "mae": 3.158815566406675,
        "rmse": 6.178647503249707,
        "r2": 0.981319016103665,
        "mape": 9.578515950700687
      },
      "gb": {
        "mae": 5.1042782009118435,
        "rmse": 8.486412722401464,
        "r2": 0.9647579464985853,
        "mape": 7.006006150465682
      },
      "ridge": {
        "mae": 11.427489042431686,
        "rmse": 14.358417289263171,
        "r2": 0.8991151274907798,
        "mape": 22.300415459255987
      },
      "linear": {
        "mae": 9.78972624269675,
        "rmse": 12.69150495114577,
        "r2": 0.9211795055397065,
        "mape": 19.48351149933068
      }
    },
    "cv_mae": {
      "xgboost": 2.598348595531486,
      "lightgbm": 2.486009959321293,
      "catboost": 3.2286459615742684,
      "rf": 2.1023431007140103,
      "gb": 2.290660029966076,
      "ridge": 9.521390450480787,
      "linear": 8.860728800923962
    }
  }
}