{
  "trained_best_model": "rf",
  "new_test_metrics": {
    "mae": 3.373530292109895,
    "rmse": 6.635912487137546,
    "r2": 0.9760002866147172,
    "mape": 10.345504642464338
  },
  "cv_mae": {
    "xgboost": 2.6603393692792983,
    "lightgbm": 2.46441163912577,
    "catboost": 3.1336023474323658,
    "rf": 2.236962669924986,
    "gb": 2.3137832990408636,
    "ridge": 9.809651196398624,
    "linear": 9.240938030749627
  },
  "test_mae_all": {
    "xgboost": 3.2288759228846486,
    "lightgbm": 4.013368806285592,
    "catboost": 3.7728147680866186,
    "rf": 3.373530292109895,
    "gb": 4.7003281088179865,
    "ridge": 11.190497700839417,
    "linear": 9.561076173112266
  },
  "historical_best_cv_mae": 2.042469801781462,
  "is_new_historical_best": false,
  "features": [
    "pm2_5",
    "pm10",
    "co",
    "no2",
    "so2",
    "month_cos",
    "total_pm",
    "total_gases",
    "no2_o3_ratio",
    "pm2_5_rolling_3h",
    "pm10_rolling_3h",
    "co_rolling_3h",
    "pm2_5_co_interaction",
    "hour_sin",
    "hour_cos"
  ],
  "scaler_needed": false,
  "all_models_saved": [
    "model_xgboost.pkl",
    "model_lightgbm.pkl",
    "model_catboost.pkl",
    "model_rf.pkl",
    "model_gb.pkl",
    "model_ridge.pkl",
    "model_linear.pkl"
  ],
  "all_metrics": {
    "train": {
      "xgboost": {
        "mae": 1.8365988602299201,
        "rmse": 3.3666081045077676,
        "r2": 0.9988350758857044,
        "mape": 1.4961101403804233
      },
      "lightgbm": {
        "mae": 1.7005024019088821,
        "rmse": 3.395044180370007,
        "r2": 0.9988153136987266,
        "mape": 1.4014809884743866
      },
      "catboost": {
        "mae": 1.8891126781840644,
        "rmse": 3.0062527616041064,
        "r2": 0.9990711117023278,
        "mape": 1.5986878252737597
      },
      "rf": {
        "mae": 1.17351263051302,
        "rmse": 3.881290031288953,
        "r2": 0.9984516658243224,
        "mape": 1.1488770268041106
      },
      "gb": {
        "mae": 1.4096949161009646,
        "rmse": 2.9822529202179666,
        "r2": 0.999085883703848,
        "mape": 1.2268555909125232
      },
      "ridge": {
        "mae": 8.718462155397606,
        "rmse": 11.594245789523704,
        "r2": 0.9861835168422435,
        "mape": 8.10954069542291
      },
      "linear": {
        "mae": 8.411996108258004,
        "rmse": 11.267130817257105,
        "r2": 0.9869521432594697,
        "mape": 7.68886368484366
      }
    },
    "val": {
      "xgboost": {
        "mae": 2.792732595853065,
        "rmse": 9.030463238780142,
        "r2": 0.9392103809826009,
        "mape": 4.744033732817026
      },
      "lightgbm": {
        "mae": 2.8565275024657013,
        "rmse": 10.322460479385954,
        "r2": 0.9205715987438624,
        "mape": 4.517353861866724
      },
      "catboost": {
        "mae": 3.4481065248208846,
        "rmse": 9.72971798446978,
        "r2": 0.9294316653853676,
        "mape": 5.707281599365799
      },
      "rf": {
        "mae": 3.515007197968096,
        "rmse": 11.919534399971381,
        "r2": 0.8940922001033611,
        "mape": 6.148970923330367
      },
      "gb": {
        "mae": 2.7281804951948545,
        "rmse": 9.758865333027993,
        "r2": 0.9290082284984249,
        "mape": 4.104486533936125
      },
      "ridge": {
        "mae": 6.458448186097542,
        "rmse": 11.643842681860479,
        "r2": 0.8989347111119271,
        "mape": 10.369397971983892
      },
      "linear": {
        "mae": 6.219711072573852,
        "rmse": 11.515274679035647,
        "r2": 0.9011542576970522,
        "mape": 9.621953029315456
      }
    },
    "test": {
      "xgboost": {
        "mae": 3.2288759228846486,
        "rmse": 5.555785888744836,
        "r2": 0.9831772978422707,
        "mape": 7.942167972148355
      },
      "lightgbm": {
        "mae": 4.013368806285592,
        "rmse": 6.539599473543943,
        "r2": 0.9766918901852488,
        "mape": 8.42446331612184
      },
      "catboost": {
        "mae": 3.7728147680866186,
        "rmse": 6.132159776528276,
        "r2": 0.9795057665303631,
        "mape": 9.292543876679494
      },
      "rf": {
        "mae": 3.373530292109895,
        "rmse": 6.635912487137546,
        "r2": 0.9760002866147172,
        "mape": 10.345504642464338
      },
      "gb": {
        "mae": 4.7003281088179865,
        "rmse": 7.994984522917513,
        "r2": 0.9651630592499653,
        "mape": 7.507948942784985
      },
      "ridge": {
        "mae": 11.190497700839417,
        "rmse": 14.195503046344491,
        "r2": 0.8901737058161793,
        "mape": 22.24941318700954
      },
      "linear": {
        "mae": 9.561076173112266,
        "rmse": 12.535080116885782,
        "r2": 0.9143634853857288,
        "mape": 19.401397640630268
      }
    },
    "cv_mae": {
      "xgboost": 2.6603393692792983,
      "lightgbm": 2.46441163912577,
      "catboost": 3.1336023474323658,
      "rf": 2.236962669924986,
      "gb": 2.3137832990408636,
      "ridge": 9.809651196398624,
      "linear": 9.240938030749627
    }
  }
}