{
  "trained_best_model": "rf",
  "new_test_metrics": {
    "mae": 5.112134932566968,
    "rmse": 7.603892347430388,
    "r2": 0.9556376672464342,
    "mape": 12.792768239590202
  },
  "cv_mae": {
    "xgboost": 2.8044852788667622,
    "lightgbm": 2.47547341770209,
    "catboost": 3.622347316261743,
    "rf": 2.1544941197462824,
    "gb": 2.2336544264356304,
    "ridge": 10.615659772046635,
    "linear": 9.883406141147459
  },
  "test_mae_all": {
    "xgboost": 3.673073447821994,
    "lightgbm": 4.218627266985769,
    "catboost": 3.997291120658313,
    "rf": 5.112134932566969,
    "gb": 3.769562730429043,
    "ridge": 10.418809509036413,
    "linear": 8.999147360188363
  },
  "historical_best_cv_mae": 2.042469801781462,
  "is_new_historical_best": false,
  "features": [
    "pm2_5",
    "pm10",
    "co",
    "no2",
    "so2",
    "month_cos",
    "total_pm",
    "total_gases",
    "no2_o3_ratio",
    "pm2_5_rolling_3h",
    "pm10_rolling_3h",
    "co_rolling_3h",
    "pm2_5_co_interaction",
    "hour_sin",
    "hour_cos"
  ],
  "scaler_needed": false,
  "all_models_saved": [
    "model_xgboost.pkl",
    "model_lightgbm.pkl",
    "model_catboost.pkl",
    "model_rf.pkl",
    "model_gb.pkl",
    "model_ridge.pkl",
    "model_linear.pkl"
  ],
  "all_metrics": {
    "train": {
      "xgboost": {
        "mae": 1.8813241739640107,
        "rmse": 3.458734710338874,
        "r2": 0.9987998049666111,
        "mape": 1.490315343639299
      },
      "lightgbm": {
        "mae": 1.6756542161437635,
        "rmse": 3.286755527537318,
        "r2": 0.9989161925684599,
        "mape": 1.352598222673825
      },
      "catboost": {
        "mae": 1.9869784283561331,
        "rmse": 3.1112404577813226,
        "r2": 0.9990288541114266,
        "mape": 1.6161772794516744
      },
      "rf": {
        "mae": 1.1544695012134851,
        "rmse": 3.821604055822896,
        "r2": 0.9985347602263369,
        "mape": 1.1270155406901439
      },
      "gb": {
        "mae": 1.3886209359339943,
        "rmse": 2.9785950345198864,
        "r2": 0.9991098970446921,
        "mape": 1.1890648094915308
      },
      "ridge": {
        "mae": 8.996547269400905,
        "rmse": 11.833425501139018,
        "r2": 0.9859512306448189,
        "mape": 8.259418688026333
      },
      "linear": {
        "mae": 8.660052543141981,
        "rmse": 11.474062989295033,
        "r2": 0.9867915523265853,
        "mape": 7.808060205166013
      }
    },
    "val": {
      "xgboost": {
        "mae": 2.9011667068690468,
        "rmse": 9.208670772762051,
        "r2": 0.9361224175175069,
        "mape": 5.440831078756253
      },
      "lightgbm": {
        "mae": 2.8847320908236287,
        "rmse": 9.979608007626998,
        "r2": 0.9249792253532189,
        "mape": 4.627418143287308
      },
      "catboost": {
        "mae": 4.043236814174503,
        "rmse": 10.832561457658306,
        "r2": 0.9116071978146272,
        "mape": 6.61695231896758
      },
      "rf": {
        "mae": 5.384937167462874,
        "rmse": 12.520666050372789,
        "r2": 0.881911000492474,
        "mape": 8.977617608611114
      },
      "gb": {
        "mae": 2.7248263288731174,
        "rmse": 9.758577839827925,
        "r2": 0.9282655719585988,
        "mape": 4.442787169533284
      },
      "ridge": {
        "mae": 6.828706479814424,
        "rmse": 11.925882671071294,
        "r2": 0.8928639467884548,
        "mape": 11.187761345681684
      },
      "linear": {
        "mae": 6.46554379616631,
        "rmse": 11.645654759304016,
        "r2": 0.8978396432532469,
        "mape": 10.245516329095247
      }
    },
    "test": {
      "xgboost": {
        "mae": 3.673073447821994,
        "rmse": 6.586006108601114,
        "r2": 0.9667197397287619,
        "mape": 10.158183104756128
      },
      "lightgbm": {
        "mae": 4.218627266985769,
        "rmse": 7.114739245473085,
        "r2": 0.9611616803828513,
        "mape": 9.188836456316535
      },
      "catboost": {
        "mae": 3.997291120658313,
        "rmse": 6.447495959326693,
        "r2": 0.9681048526420927,
        "mape": 9.905103834399261
      },
      "rf": {
        "mae": 5.112134932566969,
        "rmse": 7.603892347430388,
        "r2": 0.9556376672464342,
        "mape": 12.792768239590202
      },
      "gb": {
        "mae": 3.769562730429043,
        "rmse": 6.924236578754296,
        "r2": 0.9632136878711988,
        "mape": 7.920151713730922
      },
      "ridge": {
        "mae": 10.418809509036413,
        "rmse": 13.74063158528886,
        "r2": 0.8551375431304791,
        "mape": 22.537418640376185
      },
      "linear": {
        "mae": 8.999147360188363,
        "rmse": 12.232189875382206,
        "r2": 0.885197622186503,
        "mape": 19.613602551850413
      }
    },
    "cv_mae": {
      "xgboost": 2.8044852788667622,
      "lightgbm": 2.47547341770209,
      "catboost": 3.622347316261743,
      "rf": 2.1544941197462824,
      "gb": 2.2336544264356304,
      "ridge": 10.615659772046635,
      "linear": 9.883406141147459
    }
  }
}