{
  "trained_best_model": "rf",
  "new_test_metrics": {
    "mae": 3.3211330761019915,
    "rmse": 6.524372176898987,
    "r2": 0.9786005665265675,
    "mape": 10.145393808035374
  },
  "cv_mae": {
    "xgboost": 2.6811606319449885,
    "lightgbm": 2.4666210490861014,
    "catboost": 3.2014309644472734,
    "rf": 2.246668062749852,
    "gb": 2.276877944407604,
    "ridge": 9.811379438937237,
    "linear": 9.130929314887302
  },
  "test_mae_all": {
    "xgboost": 3.4021364454195946,
    "lightgbm": 3.4987670667869697,
    "catboost": 4.021383814203528,
    "rf": 3.32113307610199,
    "gb": 5.859273957972734,
    "ridge": 11.40476360457418,
    "linear": 9.74998939376721
  },
  "historical_best_cv_mae": 2.042469801781462,
  "is_new_historical_best": false,
  "features": [
    "pm2_5",
    "pm10",
    "co",
    "no2",
    "so2",
    "month_cos",
    "total_pm",
    "total_gases",
    "no2_o3_ratio",
    "pm2_5_rolling_3h",
    "pm10_rolling_3h",
    "co_rolling_3h",
    "pm2_5_co_interaction",
    "hour_sin",
    "hour_cos"
  ],
  "scaler_needed": false,
  "all_models_saved": [
    "model_xgboost.pkl",
    "model_lightgbm.pkl",
    "model_catboost.pkl",
    "model_rf.pkl",
    "model_gb.pkl",
    "model_ridge.pkl",
    "model_linear.pkl"
  ],
  "all_metrics": {
    "train": {
      "xgboost": {
        "mae": 1.8831667615476186,
        "rmse": 3.5426211651174873,
        "r2": 0.9987018209675166,
        "mape": 1.5341379074028132
      },
      "lightgbm": {
        "mae": 1.781187655756388,
        "rmse": 3.6008155329785185,
        "r2": 0.9986588204858821,
        "mape": 1.4587187662643533
      },
      "catboost": {
        "mae": 1.8708036107081565,
        "rmse": 2.996656939533137,
        "r2": 0.9990711208406129,
        "mape": 1.5627423255612294
      },
      "rf": {
        "mae": 1.175187414135244,
        "rmse": 3.8774188204654636,
        "r2": 0.99844485605993,
        "mape": 1.1531354547906092
      },
      "gb": {
        "mae": 1.3814765592297875,
        "rmse": 2.92787065060917,
        "r2": 0.9991132750327091,
        "mape": 1.2023470965606293
      },
      "ridge": {
        "mae": 8.703087581482555,
        "rmse": 11.571222611026947,
        "r2": 0.9861501948972112,
        "mape": 8.138176660095239
      },
      "linear": {
        "mae": 8.400246704391831,
        "rmse": 11.249962618691164,
        "r2": 0.9869085629073053,
        "mape": 7.718720502723183
      }
    },
    "val": {
      "xgboost": {
        "mae": 2.8086877413536318,
        "rmse": 9.249814557998517,
        "r2": 0.9365022258183148,
        "mape": 4.675890143860122
      },
      "lightgbm": {
        "mae": 2.9578068545750424,
        "rmse": 10.475095682025298,
        "r2": 0.9185654975581534,
        "mape": 4.648489250692121
      },
      "catboost": {
        "mae": 3.1918788411438737,
        "rmse": 9.975859325654621,
        "r2": 0.9261427585806696,
        "mape": 5.57172783533156
      },
      "rf": {
        "mae": 3.403867185784725,
        "rmse": 11.87606037700966,
        "r2": 0.8953263800550174,
        "mape": 5.973571395817428
      },
      "gb": {
        "mae": 2.826859574774445,
        "rmse": 9.893067949731241,
        "r2": 0.9273635795222441,
        "mape": 4.417227299748583
      },
      "ridge": {
        "mae": 6.354876284974409,
        "rmse": 11.58478078615036,
        "r2": 0.9003979928066606,
        "mape": 10.350149582644722
      },
      "linear": {
        "mae": 6.043025341916375,
        "rmse": 11.419593336457734,
        "r2": 0.9032181928840862,
        "mape": 9.499296791470199
      }
    },
    "test": {
      "xgboost": {
        "mae": 3.4021364454195946,
        "rmse": 5.587471380836829,
        "r2": 0.9843052123036159,
        "mape": 7.922875623029069
      },
      "lightgbm": {
        "mae": 3.4987670667869697,
        "rmse": 5.734739726561596,
        "r2": 0.9834669779057247,
        "mape": 8.195432208309434
      },
      "catboost": {
        "mae": 4.021383814203528,
        "rmse": 6.58185655204361,
        "r2": 0.9782218167547084,
        "mape": 9.697858851157939
      },
      "rf": {
        "mae": 3.32113307610199,
        "rmse": 6.524372176898985,
        "r2": 0.9786005665265675,
        "mape": 10.14539380803537
      },
      "gb": {
        "mae": 5.859273957972734,
        "rmse": 9.896104131631139,
        "r2": 0.950767336141386,
        "mape": 8.566193832447695
      },
      "ridge": {
        "mae": 11.40476360457418,
        "rmse": 14.349094604410139,
        "r2": 0.8964920231856732,
        "mape": 22.32088352169842
      },
      "linear": {
        "mae": 9.74998939376721,
        "rmse": 12.66636185999951,
        "r2": 0.9193454998374018,
        "mape": 19.48693879327472
      }
    },
    "cv_mae": {
      "xgboost": 2.6811606319449885,
      "lightgbm": 2.4666210490861014,
      "catboost": 3.2014309644472734,
      "rf": 2.246668062749852,
      "gb": 2.276877944407604,
      "ridge": 9.811379438937237,
      "linear": 9.130929314887302
    }
  }
}