{
  "trained_best_model": "rf",
  "new_test_metrics": {
    "mae": 3.6133845543107896,
    "rmse": 6.839739992209897,
    "r2": 0.969021412962647,
    "mape": 10.603054475992568
  },
  "cv_mae": {
    "xgboost": 2.6134388794870995,
    "lightgbm": 2.434642857911869,
    "catboost": 3.300913800480162,
    "rf": 2.1860130587616178,
    "gb": 2.3367090556801826,
    "ridge": 10.30509718620867,
    "linear": 9.536656305447957
  },
  "test_mae_all": {
    "xgboost": 3.3260846392404337,
    "lightgbm": 4.103166696468067,
    "catboost": 3.690524455588966,
    "rf": 3.6133845543107905,
    "gb": 3.9668405151026405,
    "ridge": 10.499510136176418,
    "linear": 9.055551887144565
  },
  "historical_best_cv_mae": 2.042469801781462,
  "is_new_historical_best": false,
  "features": [
    "pm2_5",
    "pm10",
    "co",
    "no2",
    "so2",
    "month_cos",
    "total_pm",
    "total_gases",
    "no2_o3_ratio",
    "pm2_5_rolling_3h",
    "pm10_rolling_3h",
    "co_rolling_3h",
    "pm2_5_co_interaction",
    "hour_sin",
    "hour_cos"
  ],
  "scaler_needed": false,
  "all_models_saved": [
    "model_xgboost.pkl",
    "model_lightgbm.pkl",
    "model_catboost.pkl",
    "model_rf.pkl",
    "model_gb.pkl",
    "model_ridge.pkl",
    "model_linear.pkl"
  ],
  "all_metrics": {
    "train": {
      "xgboost": {
        "mae": 1.8319472646060055,
        "rmse": 3.400834522936132,
        "r2": 0.9988290913488399,
        "mape": 1.4924209870492031
      },
      "lightgbm": {
        "mae": 1.5471923039120457,
        "rmse": 3.1039295268911404,
        "r2": 0.9990246157961208,
        "mape": 1.270206347233285
      },
      "catboost": {
        "mae": 1.8597401311995048,
        "rmse": 2.9773903177259236,
        "r2": 0.9991025225259377,
        "mape": 1.5508915265617427
      },
      "rf": {
        "mae": 1.1658913910036839,
        "rmse": 3.8749984690843147,
        "r2": 0.9984798197567372,
        "mape": 1.139525360887234
      },
      "gb": {
        "mae": 1.3616445899423033,
        "rmse": 2.9031628608656925,
        "r2": 0.9991467136223082,
        "mape": 1.1735306294161223
      },
      "ridge": {
        "mae": 8.853860667300008,
        "rmse": 11.720085540548517,
        "r2": 0.9860936365286714,
        "mape": 8.205222303763401
      },
      "linear": {
        "mae": 8.533842487057566,
        "rmse": 11.376663963147442,
        "r2": 0.9868966640994298,
        "mape": 7.76869968908621
      }
    },
    "val": {
      "xgboost": {
        "mae": 2.9054580148496583,
        "rmse": 8.61697687505442,
        "r2": 0.9462395196181865,
        "mape": 5.112301698936368
      },
      "lightgbm": {
        "mae": 3.010710206645618,
        "rmse": 9.987092344753382,
        "r2": 0.9277843346440301,
        "mape": 4.862952447648319
      },
      "catboost": {
        "mae": 3.4560112100748492,
        "rmse": 10.671768216528639,
        "r2": 0.9175432802315586,
        "mape": 5.520918903939448
      },
      "rf": {
        "mae": 4.037199926001576,
        "rmse": 12.174372610037569,
        "r2": 0.8926884506511469,
        "mape": 6.714034351452602
      },
      "gb": {
        "mae": 2.722664746450105,
        "rmse": 9.442563124844895,
        "r2": 0.935444525226595,
        "mape": 4.183062058124564
      },
      "ridge": {
        "mae": 6.622371736966641,
        "rmse": 11.917692479375836,
        "r2": 0.8971657853963781,
        "mape": 10.407728823462117
      },
      "linear": {
        "mae": 6.397825675259225,
        "rmse": 11.729229743361884,
        "r2": 0.9003924468466102,
        "mape": 9.723422394334046
      }
    },
    "test": {
      "xgboost": {
        "mae": 3.3260846392404337,
        "rmse": 5.757696687596584,
        "r2": 0.9780477022058673,
        "mape": 8.537864005209359
      },
      "lightgbm": {
        "mae": 4.103166696468067,
        "rmse": 6.87834270747093,
        "r2": 0.9686707469378899,
        "mape": 8.995593352134081
      },
      "catboost": {
        "mae": 3.690524455588966,
        "rmse": 5.895215149891556,
        "r2": 0.9769865494941059,
        "mape": 8.945269325199954
      },
      "rf": {
        "mae": 3.6133845543107905,
        "rmse": 6.839739992209895,
        "r2": 0.969021412962647,
        "mape": 10.603054475992568
      },
      "gb": {
        "mae": 3.9668405151026405,
        "rmse": 7.425422399243963,
        "r2": 0.9634889142868297,
        "mape": 7.379669208209212
      },
      "ridge": {
        "mae": 10.499510136176418,
        "rmse": 13.669092595330838,
        "r2": 0.8762737668751164,
        "mape": 22.168528133078773
      },
      "linear": {
        "mae": 9.055551887144565,
        "rmse": 12.165606404211506,
        "r2": 0.901994614086997,
        "mape": 19.35416825108095
      }
    },
    "cv_mae": {
      "xgboost": 2.6134388794870995,
      "lightgbm": 2.434642857911869,
      "catboost": 3.300913800480162,
      "rf": 2.1860130587616178,
      "gb": 2.3367090556801826,
      "ridge": 10.30509718620867,
      "linear": 9.536656305447957
    }
  }
}