{
  "trained_best_model": "rf",
  "new_test_metrics": {
    "mae": 3.1647995044851567,
    "rmse": 6.187523498118018,
    "r2": 0.981230059725349,
    "mape": 9.599460191368046
  },
  "cv_mae": {
    "xgboost": 2.5892440034452013,
    "lightgbm": 2.5126697189828775,
    "catboost": 3.164069976101512,
    "rf": 2.1179083057616994,
    "gb": 2.245670134791785,
    "ridge": 9.533143203174847,
    "linear": 8.86767441238816
  },
  "test_mae_all": {
    "xgboost": 3.0073874551117337,
    "lightgbm": 4.102965210122023,
    "catboost": 3.5355043513373197,
    "rf": 3.1647995044851576,
    "gb": 5.452114594512071,
    "ridge": 11.424810284768531,
    "linear": 9.785039656022047
  },
  "historical_best_cv_mae": 2.042469801781462,
  "is_new_historical_best": false,
  "features": [
    "pm2_5",
    "pm10",
    "co",
    "no2",
    "so2",
    "month_cos",
    "total_pm",
    "total_gases",
    "no2_o3_ratio",
    "pm2_5_rolling_3h",
    "pm10_rolling_3h",
    "co_rolling_3h",
    "pm2_5_co_interaction",
    "hour_sin",
    "hour_cos"
  ],
  "scaler_needed": false,
  "all_models_saved": [
    "model_xgboost.pkl",
    "model_lightgbm.pkl",
    "model_catboost.pkl",
    "model_rf.pkl",
    "model_gb.pkl",
    "model_ridge.pkl",
    "model_linear.pkl"
  ],
  "all_metrics": {
    "train": {
      "xgboost": {
        "mae": 1.8232010673714556,
        "rmse": 3.395278883495122,
        "r2": 0.9988032368176587,
        "mape": 1.4926603074412752
      },
      "lightgbm": {
        "mae": 1.5513059836266752,
        "rmse": 3.091460291738392,
        "r2": 0.9990078332692304,
        "mape": 1.2797880798114951
      },
      "catboost": {
        "mae": 1.9057214775860092,
        "rmse": 3.0337978097082825,
        "r2": 0.9990445002407093,
        "mape": 1.602776453806466
      },
      "rf": {
        "mae": 1.180389048280243,
        "rmse": 3.900428178677376,
        "r2": 0.998420637268188,
        "mape": 1.156978783063468
      },
      "gb": {
        "mae": 1.3788108316431018,
        "rmse": 2.9382313599077206,
        "r2": 0.9991037497404847,
        "mape": 1.198277268182924
      },
      "ridge": {
        "mae": 8.692513637268698,
        "rmse": 11.563322867677673,
        "r2": 0.9861189403914926,
        "mape": 8.13665110051025
      },
      "linear": {
        "mae": 8.393307353051378,
        "rmse": 11.243716377142901,
        "r2": 0.986875671896418,
        "mape": 7.7208938118082715
      }
    },
    "val": {
      "xgboost": {
        "mae": 2.652155455933314,
        "rmse": 8.845058456598512,
        "r2": 0.9418159621242504,
        "mape": 4.270785686010295
      },
      "lightgbm": {
        "mae": 2.596496220362916,
        "rmse": 9.937085814016012,
        "r2": 0.9265620537675371,
        "mape": 3.8597471341155347
      },
      "catboost": {
        "mae": 2.843715870900727,
        "rmse": 8.992526623825642,
        "r2": 0.9398596561434555,
        "mape": 4.66581937994556
      },
      "rf": {
        "mae": 3.2956503162908035,
        "rmse": 11.780131651992138,
        "r2": 0.8967945265711773,
        "mape": 5.635021213423875
      },
      "gb": {
        "mae": 2.5965197891545873,
        "rmse": 9.589329138228402,
        "r2": 0.931612159050642,
        "mape": 3.8012163591907213
      },
      "ridge": {
        "mae": 6.351736057715335,
        "rmse": 11.57508795765167,
        "r2": 0.9003560254806158,
        "mape": 10.325573546395043
      },
      "linear": {
        "mae": 6.037902711583042,
        "rmse": 11.407735011025327,
        "r2": 0.9032165072062706,
        "mape": 9.470654180377949
      }
    },
    "test": {
      "xgboost": {
        "mae": 3.0073874551117337,
        "rmse": 4.902719169964096,
        "r2": 0.9882157159310365,
        "mape": 6.692804158915388
      },
      "lightgbm": {
        "mae": 4.102965210122023,
        "rmse": 6.597447290730049,
        "r2": 0.9786606578635677,
        "mape": 7.101645776781713
      },
      "catboost": {
        "mae": 3.5355043513373197,
        "rmse": 5.56236888921801,
        "r2": 0.9848312867008969,
        "mape": 7.942785303485575
      },
      "rf": {
        "mae": 3.1647995044851576,
        "rmse": 6.1875234981180185,
        "r2": 0.981230059725349,
        "mape": 9.599460191368046
      },
      "gb": {
        "mae": 5.452114594512071,
        "rmse": 9.55396646405085,
        "r2": 0.9552496338353684,
        "mape": 7.335117044293125
      },
      "ridge": {
        "mae": 11.424810284768531,
        "rmse": 14.35697389638068,
        "r2": 0.8989456554047467,
        "mape": 22.30199758628564
      },
      "linear": {
        "mae": 9.785039656022047,
        "rmse": 12.687775454807594,
        "r2": 0.9210776267661451,
        "mape": 19.48240214243285
      }
    },
    "cv_mae": {
      "xgboost": 2.5892440034452013,
      "lightgbm": 2.5126697189828775,
      "catboost": 3.164069976101512,
      "rf": 2.1179083057616994,
      "gb": 2.245670134791785,
      "ridge": 9.533143203174847,
      "linear": 8.86767441238816
    }
  }
}