{
  "trained_best_model": "rf",
  "new_test_metrics": {
    "mae": 3.447177185904183,
    "rmse": 6.652713599332664,
    "r2": 0.9745327238969099,
    "mape": 10.381921405213825
  },
  "cv_mae": {
    "xgboost": 2.6578492315781324,
    "lightgbm": 2.4602130533755613,
    "catboost": 3.0849641782774073,
    "rf": 2.222626179488608,
    "gb": 2.2982108190141872,
    "ridge": 9.722959559573265,
    "linear": 9.069150121083567
  },
  "test_mae_all": {
    "xgboost": 3.092947211381202,
    "lightgbm": 4.084071986228297,
    "catboost": 4.040215445047399,
    "rf": 3.4471771859041813,
    "gb": 5.052462769633178,
    "ridge": 10.869961122368732,
    "linear": 9.332338791018296
  },
  "historical_best_cv_mae": 2.042469801781462,
  "is_new_historical_best": false,
  "features": [
    "pm2_5",
    "pm10",
    "co",
    "no2",
    "so2",
    "month_cos",
    "total_pm",
    "total_gases",
    "no2_o3_ratio",
    "pm2_5_rolling_3h",
    "pm10_rolling_3h",
    "co_rolling_3h",
    "pm2_5_co_interaction",
    "hour_sin",
    "hour_cos"
  ],
  "scaler_needed": false,
  "all_models_saved": [
    "model_xgboost.pkl",
    "model_lightgbm.pkl",
    "model_catboost.pkl",
    "model_rf.pkl",
    "model_gb.pkl",
    "model_ridge.pkl",
    "model_linear.pkl"
  ],
  "all_metrics": {
    "train": {
      "xgboost": {
        "mae": 1.8540801941298692,
        "rmse": 3.3865225843347613,
        "r2": 0.9988343387957755,
        "mape": 1.5102856024127995
      },
      "lightgbm": {
        "mae": 1.7603270146309007,
        "rmse": 3.5562042493447064,
        "r2": 0.9987146015166745,
        "mape": 1.4381515794176372
      },
      "catboost": {
        "mae": 1.8821477126717099,
        "rmse": 2.9833304116271506,
        "r2": 0.9990953780933821,
        "mape": 1.5893374722934765
      },
      "rf": {
        "mae": 1.1745713596705103,
        "rmse": 3.863656231379544,
        "r2": 0.9984827353264351,
        "mape": 1.1539052897274626
      },
      "gb": {
        "mae": 1.405651016654163,
        "rmse": 2.974210643554692,
        "r2": 0.9991009003327497,
        "mape": 1.2182168031824587
      },
      "ridge": {
        "mae": 8.77145416856757,
        "rmse": 11.650876814468258,
        "r2": 0.9862030970015198,
        "mape": 8.131480628460539
      },
      "linear": {
        "mae": 8.45827573892565,
        "rmse": 11.31445120839746,
        "r2": 0.9869883798037582,
        "mape": 7.7061517753965125
      }
    },
    "val": {
      "xgboost": {
        "mae": 2.646630489662902,
        "rmse": 8.915401173906268,
        "r2": 0.9408696533293862,
        "mape": 4.504932635457488
      },
      "lightgbm": {
        "mae": 2.9198316753947124,
        "rmse": 10.511438979515114,
        "r2": 0.9178035631425657,
        "mape": 4.792045337902404
      },
      "catboost": {
        "mae": 3.308387194231654,
        "rmse": 9.700601844678717,
        "r2": 0.9299954926167178,
        "mape": 5.666782864113126
      },
      "rf": {
        "mae": 3.5864988944499303,
        "rmse": 11.932617764204808,
        "r2": 0.8940746023682062,
        "mape": 6.2199580307403375
      },
      "gb": {
        "mae": 2.522662643557033,
        "rmse": 9.703428204537143,
        "r2": 0.9299546937556549,
        "mape": 3.953446168682726
      },
      "ridge": {
        "mae": 6.563851055729953,
        "rmse": 11.773415601928676,
        "r2": 0.8968822105413176,
        "mape": 10.41486396812231
      },
      "linear": {
        "mae": 6.314463881124557,
        "rmse": 11.648236088935846,
        "r2": 0.8990633298401063,
        "mape": 9.661177499429009
      }
    },
    "test": {
      "xgboost": {
        "mae": 3.092947211381202,
        "rmse": 5.297438826417151,
        "r2": 0.9838520742978832,
        "mape": 7.517078489545483
      },
      "lightgbm": {
        "mae": 4.084071986228297,
        "rmse": 6.735682596677823,
        "r2": 0.9738935349748636,
        "mape": 9.028906522915484
      },
      "catboost": {
        "mae": 4.040215445047399,
        "rmse": 6.458795915069977,
        "r2": 0.975995759694667,
        "mape": 9.497179729833507
      },
      "rf": {
        "mae": 3.4471771859041813,
        "rmse": 6.652713599332664,
        "r2": 0.9745327238969099,
        "mape": 10.381921405213824
      },
      "gb": {
        "mae": 5.052462769633178,
        "rmse": 9.052688496371717,
        "r2": 0.9528436703499162,
        "mape": 7.894122939200117
      },
      "ridge": {
        "mae": 10.869961122368732,
        "rmse": 13.950271666787545,
        "r2": 0.8880174965608074,
        "mape": 22.11739408271526
      },
      "linear": {
        "mae": 9.332338791018296,
        "rmse": 12.350517967848132,
        "r2": 0.9122281634622025,
        "mape": 19.308424355708972
      }
    },
    "cv_mae": {
      "xgboost": 2.6578492315781324,
      "lightgbm": 2.4602130533755613,
      "catboost": 3.0849641782774073,
      "rf": 2.222626179488608,
      "gb": 2.2982108190141872,
      "ridge": 9.722959559573265,
      "linear": 9.069150121083567
    }
  }
}