{
  "trained_best_model": "rf",
  "new_test_metrics": {
    "mae": 3.2406249713849364,
    "rmse": 6.30098239244592,
    "r2": 0.9816809615174438,
    "mape": 9.787316736360928
  },
  "cv_mae": {
    "xgboost": 2.6830419641184946,
    "lightgbm": 2.4571542152598758,
    "catboost": 3.252725213849188,
    "rf": 2.183404965357435,
    "gb": 2.293880490705972,
    "ridge": 9.569778369931404,
    "linear": 8.823945100603074
  },
  "test_mae_all": {
    "xgboost": 3.6815002468615217,
    "lightgbm": 5.169401120084142,
    "catboost": 3.5150027697521877,
    "rf": 3.2406249713849364,
    "gb": 6.081656125894966,
    "ridge": 11.519024467115642,
    "linear": 9.889520711415532
  },
  "historical_best_cv_mae": 2.042469801781462,
  "is_new_historical_best": false,
  "features": [
    "pm2_5",
    "pm10",
    "co",
    "no2",
    "so2",
    "month_cos",
    "total_pm",
    "total_gases",
    "no2_o3_ratio",
    "pm2_5_rolling_3h",
    "pm10_rolling_3h",
    "co_rolling_3h",
    "pm2_5_co_interaction",
    "hour_sin",
    "hour_cos"
  ],
  "scaler_needed": false,
  "all_models_saved": [
    "model_xgboost.pkl",
    "model_lightgbm.pkl",
    "model_catboost.pkl",
    "model_rf.pkl",
    "model_gb.pkl",
    "model_ridge.pkl",
    "model_linear.pkl"
  ],
  "all_metrics": {
    "train": {
      "xgboost": {
        "mae": 1.8116599560094984,
        "rmse": 3.4066651124069,
        "r2": 0.998785015882154,
        "mape": 1.495813074408833
      },
      "lightgbm": {
        "mae": 1.5929685099205682,
        "rmse": 3.1930278317917655,
        "r2": 0.9989326247626262,
        "mape": 1.317828811458657
      },
      "catboost": {
        "mae": 1.8508184691606622,
        "rmse": 2.9616329926169387,
        "r2": 0.9990817219696789,
        "mape": 1.5554711118862856
      },
      "rf": {
        "mae": 1.1867593076447545,
        "rmse": 3.9039695885730983,
        "r2": 0.9984043980188867,
        "mape": 1.1670087586656368
      },
      "gb": {
        "mae": 1.3688556666127756,
        "rmse": 2.943612373440361,
        "r2": 0.9990928628464748,
        "mape": 1.188837824941158
      },
      "ridge": {
        "mae": 8.64963820075007,
        "rmse": 11.528084652825706,
        "r2": 0.9860868320107112,
        "mape": 8.116854198280004
      },
      "linear": {
        "mae": 8.35562338832728,
        "rmse": 11.21045635756969,
        "r2": 0.986842956830547,
        "mape": 7.707111562611978
      }
    },
    "val": {
      "xgboost": {
        "mae": 2.7499183214962755,
        "rmse": 9.065564313553523,
        "r2": 0.9387308306443978,
        "mape": 4.591175918133236
      },
      "lightgbm": {
        "mae": 2.6117478025432566,
        "rmse": 10.012447462053846,
        "r2": 0.9252634912175771,
        "mape": 3.9002421602276285
      },
      "catboost": {
        "mae": 3.038357786085137,
        "rmse": 10.029909512984224,
        "r2": 0.9250025778383125,
        "mape": 4.9101681399893105
      },
      "rf": {
        "mae": 3.3525681909108487,
        "rmse": 11.823205053899922,
        "r2": 0.8957867957100528,
        "mape": 5.767234182389827
      },
      "gb": {
        "mae": 2.666141731392398,
        "rmse": 9.70706673858575,
        "r2": 0.9297529101875778,
        "mape": 4.005901380101028
      },
      "ridge": {
        "mae": 6.422211702204951,
        "rmse": 11.592119395629899,
        "r2": 0.8998206989698067,
        "mape": 10.416092925043174
      },
      "linear": {
        "mae": 6.050593674922126,
        "rmse": 11.415402773410182,
        "r2": 0.9028517940313174,
        "mape": 9.4924817458883
      }
    },
    "test": {
      "xgboost": {
        "mae": 3.6815002468615217,
        "rmse": 6.0197895458063275,
        "r2": 0.9832795192660274,
        "mape": 7.674264237917375
      },
      "lightgbm": {
        "mae": 5.169401120084142,
        "rmse": 8.532676500450778,
        "r2": 0.9664063878371107,
        "mape": 7.92071667057193
      },
      "catboost": {
        "mae": 3.5150027697521877,
        "rmse": 5.6766990530114585,
        "r2": 0.9851311327231254,
        "mape": 8.21912206013365
      },
      "rf": {
        "mae": 3.2406249713849364,
        "rmse": 6.30098239244592,
        "r2": 0.9816809615174438,
        "mape": 9.78731673636093
      },
      "gb": {
        "mae": 6.081656125894966,
        "rmse": 10.227019324097704,
        "r2": 0.9517403357593225,
        "mape": 8.402388932564325
      },
      "ridge": {
        "mae": 11.519024467115642,
        "rmse": 14.425607227373465,
        "r2": 0.9039816255014815,
        "mape": 22.297851056816413
      },
      "linear": {
        "mae": 9.889520711415532,
        "rmse": 12.74924940061144,
        "r2": 0.9250010165942089,
        "mape": 19.507991568587446
      }
    },
    "cv_mae": {
      "xgboost": 2.6830419641184946,
      "lightgbm": 2.4571542152598758,
      "catboost": 3.252725213849188,
      "rf": 2.183404965357435,
      "gb": 2.293880490705972,
      "ridge": 9.569778369931404,
      "linear": 8.823945100603074
    }
  }
}