{
  "trained_best_model": "rf",
  "new_test_metrics": {
    "mae": 3.4018231485125114,
    "rmse": 6.547203268641582,
    "r2": 0.9753128943288857,
    "mape": 10.232849748768736
  },
  "cv_mae": {
    "xgboost": 2.6779447656321667,
    "lightgbm": 2.4705376584755045,
    "catboost": 3.1341777567599416,
    "rf": 2.212848230370855,
    "gb": 2.2739582206410396,
    "ridge": 9.723764589029908,
    "linear": 9.077733812869273
  },
  "test_mae_all": {
    "xgboost": 3.3620283205737063,
    "lightgbm": 4.0821899919323785,
    "catboost": 3.7559352432468835,
    "rf": 3.4018231485125097,
    "gb": 4.8145187976850545,
    "ridge": 10.865360039925491,
    "linear": 9.329168006088972
  },
  "historical_best_cv_mae": 2.042469801781462,
  "is_new_historical_best": false,
  "features": [
    "pm2_5",
    "pm10",
    "co",
    "no2",
    "so2",
    "month_cos",
    "total_pm",
    "total_gases",
    "no2_o3_ratio",
    "pm2_5_rolling_3h",
    "pm10_rolling_3h",
    "co_rolling_3h",
    "pm2_5_co_interaction",
    "hour_sin",
    "hour_cos"
  ],
  "scaler_needed": false,
  "all_models_saved": [
    "model_xgboost.pkl",
    "model_lightgbm.pkl",
    "model_catboost.pkl",
    "model_rf.pkl",
    "model_gb.pkl",
    "model_ridge.pkl",
    "model_linear.pkl"
  ],
  "all_metrics": {
    "train": {
      "xgboost": {
        "mae": 1.8182832137168192,
        "rmse": 3.3830981191773417,
        "r2": 0.9988367247730623,
        "mape": 1.4697347635435303
      },
      "lightgbm": {
        "mae": 1.5792529866787026,
        "rmse": 3.1180090475743514,
        "r2": 0.9990118837667237,
        "mape": 1.2982776555435334
      },
      "catboost": {
        "mae": 1.9168133586953504,
        "rmse": 3.016883156504553,
        "r2": 0.9990749392109486,
        "mape": 1.6183926499943175
      },
      "rf": {
        "mae": 1.1735207815321465,
        "rmse": 3.8693218609955076,
        "r2": 0.9984783211436477,
        "mape": 1.1500977305184206
      },
      "gb": {
        "mae": 1.407454395488158,
        "rmse": 2.9705161986163704,
        "r2": 0.9991031555146596,
        "mape": 1.21918000618532
      },
      "ridge": {
        "mae": 8.772028602743942,
        "rmse": 11.65139061845346,
        "r2": 0.9862022326794164,
        "mape": 8.131779011611915
      },
      "linear": {
        "mae": 8.458939997950262,
        "rmse": 11.315096352899333,
        "r2": 0.9869872284612571,
        "mape": 7.70664307550612
      }
    },
    "val": {
      "xgboost": {
        "mae": 2.663103512977356,
        "rmse": 8.920171880496081,
        "r2": 0.9407928339507156,
        "mape": 4.628547896402693
      },
      "lightgbm": {
        "mae": 2.828449149776776,
        "rmse": 10.15194991188742,
        "r2": 0.9233121148477286,
        "mape": 4.528956964093916
      },
      "catboost": {
        "mae": 3.2655427513877684,
        "rmse": 9.879046506222652,
        "r2": 0.9273797251372783,
        "mape": 5.576369429237644
      },
      "rf": {
        "mae": 3.5719612352252326,
        "rmse": 11.92586280793032,
        "r2": 0.8941703288561911,
        "mape": 6.1683457681360725
      },
      "gb": {
        "mae": 2.5074668095704236,
        "rmse": 9.701064838044388,
        "r2": 0.9299728191276077,
        "mape": 3.8534935278338227
      },
      "ridge": {
        "mae": 6.560685290309879,
        "rmse": 11.771613661921608,
        "r2": 0.8968902273561987,
        "mape": 10.412633377883179
      },
      "linear": {
        "mae": 6.31179839385482,
        "rmse": 11.646191227912446,
        "r2": 0.8990757194335627,
        "mape": 9.659827828852704
      }
    },
    "test": {
      "xgboost": {
        "mae": 3.3620283205737063,
        "rmse": 5.733670865599725,
        "r2": 0.9810667990072784,
        "mape": 8.045046761246143
      },
      "lightgbm": {
        "mae": 4.0821899919323785,
        "rmse": 6.5040848816134496,
        "r2": 0.9756369908816022,
        "mape": 8.604225731798412
      },
      "catboost": {
        "mae": 3.7559352432468835,
        "rmse": 6.197611869595836,
        "r2": 0.9778788716087681,
        "mape": 9.250382595257562
      },
      "rf": {
        "mae": 3.4018231485125097,
        "rmse": 6.5472032686415815,
        "r2": 0.9753128943288857,
        "mape": 10.23284974876873
      },
      "gb": {
        "mae": 4.8145187976850545,
        "rmse": 8.450349426906982,
        "r2": 0.9588748152208939,
        "mape": 7.573743302540705
      },
      "ridge": {
        "mae": 10.865360039925491,
        "rmse": 13.945285944279474,
        "r2": 0.8880011986958907,
        "mape": 22.11581560531791
      },
      "linear": {
        "mae": 9.329168006088972,
        "rmse": 12.347334706818062,
        "r2": 0.9121978867109707,
        "mape": 19.30824838488034
      }
    },
    "cv_mae": {
      "xgboost": 2.6779447656321667,
      "lightgbm": 2.4705376584755045,
      "catboost": 3.1341777567599416,
      "rf": 2.212848230370855,
      "gb": 2.2739582206410396,
      "ridge": 9.723764589029908,
      "linear": 9.077733812869273
    }
  }
}