{
  "trained_best_model": "rf",
  "new_test_metrics": {
    "mae": 3.6834647576702246,
    "rmse": 6.855003383282974,
    "r2": 0.9719209216426832,
    "mape": 10.70637479843857
  },
  "cv_mae": {
    "xgboost": 2.625595934097081,
    "lightgbm": 2.425227308247074,
    "catboost": 3.181279587781249,
    "rf": 2.1139859507883645,
    "gb": 2.2232823946922506,
    "ridge": 9.834468880095724,
    "linear": 9.170205491110245
  },
  "test_mae_all": {
    "xgboost": 3.4591907180154884,
    "lightgbm": 3.8090993548795624,
    "catboost": 3.843630315510585,
    "rf": 3.6834647576702255,
    "gb": 5.050680064469514,
    "ridge": 10.70511280640841,
    "linear": 9.233237475565588
  },
  "historical_best_cv_mae": 2.042469801781462,
  "is_new_historical_best": false,
  "features": [
    "pm2_5",
    "pm10",
    "co",
    "no2",
    "so2",
    "month_cos",
    "total_pm",
    "total_gases",
    "no2_o3_ratio",
    "pm2_5_rolling_3h",
    "pm10_rolling_3h",
    "co_rolling_3h",
    "pm2_5_co_interaction",
    "hour_sin",
    "hour_cos"
  ],
  "scaler_needed": false,
  "all_models_saved": [
    "model_xgboost.pkl",
    "model_lightgbm.pkl",
    "model_catboost.pkl",
    "model_rf.pkl",
    "model_gb.pkl",
    "model_ridge.pkl",
    "model_linear.pkl"
  ],
  "all_metrics": {
    "train": {
      "xgboost": {
        "mae": 1.833216659710132,
        "rmse": 3.423088878822545,
        "r2": 0.9988131545712172,
        "mape": 1.4902734935529731
      },
      "lightgbm": {
        "mae": 1.8186238935617645,
        "rmse": 3.6612914034553183,
        "r2": 0.9986422293950805,
        "mape": 1.496982235555593
      },
      "catboost": {
        "mae": 1.9254589802555606,
        "rmse": 3.020149464175461,
        "r2": 0.9990761218778575,
        "mape": 1.6035348191395213
      },
      "rf": {
        "mae": 1.1709557313258228,
        "rmse": 3.8697468579233445,
        "r2": 0.9984832188494571,
        "mape": 1.1469092238227647
      },
      "gb": {
        "mae": 1.405732592245014,
        "rmse": 2.984454323237369,
        "r2": 0.9990978314501456,
        "mape": 1.216731245682773
      },
      "ridge": {
        "mae": 8.803517932847319,
        "rmse": 11.67571071524922,
        "r2": 0.986192200804233,
        "mape": 8.157307644715875
      },
      "linear": {
        "mae": 8.488170307763681,
        "rmse": 11.338095274387758,
        "r2": 0.9869791896170805,
        "mape": 7.729140993841092
      }
    },
    "val": {
      "xgboost": {
        "mae": 2.692218538832991,
        "rmse": 9.190500945293579,
        "r2": 0.9371666434618953,
        "mape": 4.6329946171804055
      },
      "lightgbm": {
        "mae": 2.8376134652856275,
        "rmse": 10.369037008272633,
        "r2": 0.9200186479997682,
        "mape": 4.556032473510215
      },
      "catboost": {
        "mae": 3.5460579532770025,
        "rmse": 10.524986253046691,
        "r2": 0.917594733805578,
        "mape": 5.709286971997249
      },
      "rf": {
        "mae": 4.021003406713123,
        "rmse": 12.16046748145181,
        "r2": 0.8899949979316666,
        "mape": 6.737123745751172
      },
      "gb": {
        "mae": 2.6242468792656264,
        "rmse": 9.519109898905672,
        "r2": 0.9325930660011328,
        "mape": 4.095870463902681
      },
      "ridge": {
        "mae": 6.523908372631712,
        "rmse": 11.785692118431072,
        "r2": 0.8966710359057216,
        "mape": 10.369615050985203
      },
      "linear": {
        "mae": 6.258239792565192,
        "rmse": 11.64053275233434,
        "r2": 0.8992006790683055,
        "mape": 9.601076394542702
      }
    },
    "test": {
      "xgboost": {
        "mae": 3.4591907180154884,
        "rmse": 5.816160637617482,
        "r2": 0.979786557304395,
        "mape": 8.192695406792163
      },
      "lightgbm": {
        "mae": 3.8090993548795624,
        "rmse": 6.220360129111906,
        "r2": 0.9768794287683423,
        "mape": 8.343254957789616
      },
      "catboost": {
        "mae": 3.843630315510585,
        "rmse": 6.146495384881848,
        "r2": 0.9774252670448844,
        "mape": 9.32931253250387
      },
      "rf": {
        "mae": 3.6834647576702255,
        "rmse": 6.855003383282974,
        "r2": 0.9719209216426832,
        "mape": 10.706374798438569
      },
      "gb": {
        "mae": 5.050680064469514,
        "rmse": 8.958005510210965,
        "r2": 0.9520498298763955,
        "mape": 7.9727684176204265
      },
      "ridge": {
        "mae": 10.70511280640841,
        "rmse": 13.820991855169876,
        "r2": 0.8858578828001651,
        "mape": 22.08235599332033
      },
      "linear": {
        "mae": 9.233237475565588,
        "rmse": 12.273945370556163,
        "r2": 0.9099806497750905,
        "mape": 19.31823413674082
      }
    },
    "cv_mae": {
      "xgboost": 2.625595934097081,
      "lightgbm": 2.425227308247074,
      "catboost": 3.181279587781249,
      "rf": 2.1139859507883645,
      "gb": 2.2232823946922506,
      "ridge": 9.834468880095724,
      "linear": 9.170205491110245
    }
  }
}