{
  "trained_best_model": "rf",
  "new_test_metrics": {
    "mae": 4.595450976216749,
    "rmse": 7.451435156858973,
    "r2": 0.9590757985696605,
    "mape": 12.19352683913101
  },
  "cv_mae": {
    "xgboost": 2.693013588369709,
    "lightgbm": 2.441289317171988,
    "catboost": 3.250501229700989,
    "rf": 2.139436305441653,
    "gb": 2.335125874685748,
    "ridge": 10.19585500024311,
    "linear": 9.334024867625443
  },
  "test_mae_all": {
    "xgboost": 3.2939206524684326,
    "lightgbm": 3.9994727826180223,
    "catboost": 4.1722905561044845,
    "rf": 4.595450976216749,
    "gb": 3.774392294016399,
    "ridge": 10.536187084076646,
    "linear": 9.14965269547047
  },
  "historical_best_cv_mae": 2.042469801781462,
  "is_new_historical_best": false,
  "features": [
    "pm2_5",
    "pm10",
    "co",
    "no2",
    "so2",
    "month_cos",
    "total_pm",
    "total_gases",
    "no2_o3_ratio",
    "pm2_5_rolling_3h",
    "pm10_rolling_3h",
    "co_rolling_3h",
    "pm2_5_co_interaction",
    "hour_sin",
    "hour_cos"
  ],
  "scaler_needed": false,
  "all_models_saved": [
    "model_xgboost.pkl",
    "model_lightgbm.pkl",
    "model_catboost.pkl",
    "model_rf.pkl",
    "model_gb.pkl",
    "model_ridge.pkl",
    "model_linear.pkl"
  ],
  "all_metrics": {
    "train": {
      "xgboost": {
        "mae": 2.011599462481783,
        "rmse": 3.778618353447496,
        "r2": 0.9985643147567926,
        "mape": 1.6258937250227952
      },
      "lightgbm": {
        "mae": 1.852472260480872,
        "rmse": 3.713357742717303,
        "r2": 0.9986134780191467,
        "mape": 1.506045732325788
      },
      "catboost": {
        "mae": 1.9508032969707796,
        "rmse": 3.0664616014044386,
        "r2": 0.9990544854014644,
        "mape": 1.6157229053252005
      },
      "rf": {
        "mae": 1.156373169942636,
        "rmse": 3.8401572667893205,
        "r2": 0.9985171705662171,
        "mape": 1.1324662306450977
      },
      "gb": {
        "mae": 1.39563869993824,
        "rmse": 2.9382017339010336,
        "r2": 0.9991319267000314,
        "mape": 1.1909715646828194
      },
      "ridge": {
        "mae": 8.909594304497707,
        "rmse": 11.773533005055961,
        "r2": 0.9860617969068614,
        "mape": 8.207749925314726
      },
      "linear": {
        "mae": 8.58182171733762,
        "rmse": 11.425416866597041,
        "r2": 0.9868738523111557,
        "mape": 7.765190859879064
      }
    },
    "val": {
      "xgboost": {
        "mae": 2.9123968250675287,
        "rmse": 9.37151840482553,
        "r2": 0.9339802885320103,
        "mape": 5.117324624832121
      },
      "lightgbm": {
        "mae": 3.067621575815497,
        "rmse": 10.261870310510888,
        "r2": 0.9208398259226988,
        "mape": 4.9902342656998675
      },
      "catboost": {
        "mae": 3.6217994185101534,
        "rmse": 9.8244066493304,
        "r2": 0.927445165160201,
        "mape": 6.464529539158187
      },
      "rf": {
        "mae": 5.018798136785343,
        "rmse": 12.471108501560888,
        "r2": 0.8830867286972084,
        "mape": 8.46466565167966
      },
      "gb": {
        "mae": 2.883149261155288,
        "rmse": 9.743141229178704,
        "r2": 0.9286405173659693,
        "mape": 4.779563592796872
      },
      "ridge": {
        "mae": 6.7133887710122435,
        "rmse": 11.870580163204615,
        "r2": 0.8940752158980186,
        "mape": 10.920718347151407
      },
      "linear": {
        "mae": 6.378316222472487,
        "rmse": 11.600927510530086,
        "r2": 0.89883294139343,
        "mape": 10.015848791102735
      }
    },
    "test": {
      "xgboost": {
        "mae": 3.2939206524684326,
        "rmse": 5.894439367727662,
        "r2": 0.9743914275110734,
        "mape": 8.919802281334443
      },
      "lightgbm": {
        "mae": 3.9994727826180223,
        "rmse": 6.685075475369098,
        "r2": 0.9670608043150998,
        "mape": 9.375583479915937
      },
      "catboost": {
        "mae": 4.1722905561044845,
        "rmse": 6.874673714320985,
        "r2": 0.9651659042255549,
        "mape": 10.610550752555639
      },
      "rf": {
        "mae": 4.595450976216749,
        "rmse": 7.451435156858973,
        "r2": 0.9590757985696605,
        "mape": 12.19352683913101
      },
      "gb": {
        "mae": 3.774392294016399,
        "rmse": 6.332188009976227,
        "r2": 0.9704465652407305,
        "mape": 8.219084497796233
      },
      "ridge": {
        "mae": 10.536187084076646,
        "rmse": 13.747591136178045,
        "r2": 0.8606992112911634,
        "mape": 22.51912351692101
      },
      "linear": {
        "mae": 9.14965269547047,
        "rmse": 12.271526726207954,
        "r2": 0.8890064976214704,
        "mape": 19.701446184919973
      }
    },
    "cv_mae": {
      "xgboost": 2.693013588369709,
      "lightgbm": 2.441289317171988,
      "catboost": 3.250501229700989,
      "rf": 2.139436305441653,
      "gb": 2.335125874685748,
      "ridge": 10.19585500024311,
      "linear": 9.334024867625443
    }
  }
}