{
  "trained_best_model": "rf",
  "new_test_metrics": {
    "mae": 3.645798016693065,
    "rmse": 6.732584874176649,
    "r2": 0.9723118845528491,
    "mape": 10.521614395064901
  },
  "cv_mae": {
    "xgboost": 2.5619352676630487,
    "lightgbm": 2.403191087615709,
    "catboost": 3.1942366581239123,
    "rf": 2.0917775643552696,
    "gb": 2.2386647771974184,
    "ridge": 9.960060866755342,
    "linear": 9.255654041768912
  },
  "test_mae_all": {
    "xgboost": 3.176232654391954,
    "lightgbm": 3.595522323201349,
    "catboost": 3.8847758849541303,
    "rf": 3.645798016693065,
    "gb": 5.002406305010447,
    "ridge": 10.593153276314546,
    "linear": 9.135601255947106
  },
  "historical_best_cv_mae": 2.042469801781462,
  "is_new_historical_best": false,
  "features": [
    "pm2_5",
    "pm10",
    "co",
    "no2",
    "so2",
    "month_cos",
    "total_pm",
    "total_gases",
    "no2_o3_ratio",
    "pm2_5_rolling_3h",
    "pm10_rolling_3h",
    "co_rolling_3h",
    "pm2_5_co_interaction",
    "hour_sin",
    "hour_cos"
  ],
  "scaler_needed": false,
  "all_models_saved": [
    "model_xgboost.pkl",
    "model_lightgbm.pkl",
    "model_catboost.pkl",
    "model_rf.pkl",
    "model_gb.pkl",
    "model_ridge.pkl",
    "model_linear.pkl"
  ],
  "all_metrics": {
    "train": {
      "xgboost": {
        "mae": 1.8792855895117693,
        "rmse": 3.4822146768051225,
        "r2": 0.9987732218509769,
        "mape": 1.5268447753801984
      },
      "lightgbm": {
        "mae": 1.941268665684517,
        "rmse": 4.002269879806707,
        "r2": 0.9983794303933584,
        "mape": 1.6023924413058634
      },
      "catboost": {
        "mae": 1.8889135804572008,
        "rmse": 3.0029777884609934,
        "r2": 0.9990876548063502,
        "mape": 1.5738741242589827
      },
      "rf": {
        "mae": 1.1714573369781405,
        "rmse": 3.8665959322781234,
        "r2": 0.9984874402896808,
        "mape": 1.1481888385791332
      },
      "gb": {
        "mae": 1.3950611324105286,
        "rmse": 2.9575535877662205,
        "r2": 0.9991150470257184,
        "mape": 1.20675951095558
      },
      "ridge": {
        "mae": 8.816785273932181,
        "rmse": 11.685661209316338,
        "r2": 0.9861846614873192,
        "mape": 8.169175553887502
      },
      "linear": {
        "mae": 8.50044636704262,
        "rmse": 11.347596324551347,
        "r2": 0.986972451325366,
        "mape": 7.739402634857284
      }
    },
    "val": {
      "xgboost": {
        "mae": 2.6572400794181648,
        "rmse": 9.020019465353357,
        "r2": 0.9399023625581916,
        "mape": 4.467341895427399
      },
      "lightgbm": {
        "mae": 2.9290809638110726,
        "rmse": 10.565245922325479,
        "r2": 0.9175479096291471,
        "mape": 4.748136778239276
      },
      "catboost": {
        "mae": 3.3027752693491594,
        "rmse": 10.186077609059591,
        "r2": 0.923359838464857,
        "mape": 5.476989393296005
      },
      "rf": {
        "mae": 4.019745351518267,
        "rmse": 12.125489834858154,
        "r2": 0.891397197199135,
        "mape": 6.665503619675656
      },
      "gb": {
        "mae": 2.6278057624138027,
        "rmse": 9.690235182399947,
        "r2": 0.9306396805179629,
        "mape": 4.127639161768036
      },
      "ridge": {
        "mae": 6.526911786133674,
        "rmse": 11.805727080315517,
        "r2": 0.897049626116551,
        "mape": 10.347201468246874
      },
      "linear": {
        "mae": 6.273068043890343,
        "rmse": 11.646166042954604,
        "r2": 0.899813684469295,
        "mape": 9.601816968919662
      }
    },
    "test": {
      "xgboost": {
        "mae": 3.176232654391954,
        "rmse": 5.266921573343569,
        "r2": 0.9830549277004514,
        "mape": 7.159762878518429
      },
      "lightgbm": {
        "mae": 3.595522323201349,
        "rmse": 6.001218561191371,
        "r2": 0.9780007127379031,
        "mape": 8.707026120917261
      },
      "catboost": {
        "mae": 3.8847758849541303,
        "rmse": 6.229264797590753,
        "r2": 0.9762970004597176,
        "mape": 9.386042484090256
      },
      "rf": {
        "mae": 3.645798016693065,
        "rmse": 6.732584874176649,
        "r2": 0.9723118845528491,
        "mape": 10.521614395064903
      },
      "gb": {
        "mae": 5.002406305010447,
        "rmse": 9.263116987485084,
        "r2": 0.9475863962672371,
        "mape": 7.97955319154421
      },
      "ridge": {
        "mae": 10.593153276314546,
        "rmse": 13.72496865149825,
        "r2": 0.8849325615170827,
        "mape": 22.053792138673664
      },
      "linear": {
        "mae": 9.135601255947106,
        "rmse": 12.201840920917606,
        "r2": 0.9090546622104058,
        "mape": 19.284818267859556
      }
    },
    "cv_mae": {
      "xgboost": 2.5619352676630487,
      "lightgbm": 2.403191087615709,
      "catboost": 3.1942366581239123,
      "rf": 2.0917775643552696,
      "gb": 2.2386647771974184,
      "ridge": 9.960060866755342,
      "linear": 9.255654041768912
    }
  }
}