{
  "trained_best_model": "rf",
  "new_test_metrics": {
    "mae": 5.00576357580837,
    "rmse": 7.6886387450004845,
    "r2": 0.9546690194392945,
    "mape": 12.811779735194854
  },
  "cv_mae": {
    "xgboost": 2.7097080077677087,
    "lightgbm": 2.481916215676632,
    "catboost": 3.595834669827736,
    "rf": 2.176462330976531,
    "gb": 2.2462253626239503,
    "ridge": 10.602838821997398,
    "linear": 9.845822117419342
  },
  "test_mae_all": {
    "xgboost": 3.3306748094980456,
    "lightgbm": 4.130769657335576,
    "catboost": 4.011487969415992,
    "rf": 5.005763575808369,
    "gb": 3.785754600268762,
    "ridge": 10.454368575537615,
    "linear": 9.056048020155304
  },
  "historical_best_cv_mae": 2.042469801781462,
  "is_new_historical_best": false,
  "features": [
    "pm2_5",
    "pm10",
    "co",
    "no2",
    "so2",
    "month_cos",
    "total_pm",
    "total_gases",
    "no2_o3_ratio",
    "pm2_5_rolling_3h",
    "pm10_rolling_3h",
    "co_rolling_3h",
    "pm2_5_co_interaction",
    "hour_sin",
    "hour_cos"
  ],
  "scaler_needed": false,
  "all_models_saved": [
    "model_xgboost.pkl",
    "model_lightgbm.pkl",
    "model_catboost.pkl",
    "model_rf.pkl",
    "model_gb.pkl",
    "model_ridge.pkl",
    "model_linear.pkl"
  ],
  "all_metrics": {
    "train": {
      "xgboost": {
        "mae": 1.855002907935265,
        "rmse": 3.3895641598824473,
        "r2": 0.9988423787013962,
        "mape": 1.4828537497046748
      },
      "lightgbm": {
        "mae": 1.8304669107600375,
        "rmse": 3.683661821972949,
        "r2": 0.9986327803335782,
        "mape": 1.4780104695670724
      },
      "catboost": {
        "mae": 1.9539533307486467,
        "rmse": 3.069851349807197,
        "r2": 0.9990504595212651,
        "mape": 1.6081558768348616
      },
      "rf": {
        "mae": 1.151583521580767,
        "rmse": 3.830965163410731,
        "r2": 0.9985212485064343,
        "mape": 1.1239305719755068
      },
      "gb": {
        "mae": 1.4198349216922008,
        "rmse": 2.998604529773957,
        "r2": 0.9990940229921671,
        "mape": 1.2169835994012932
      },
      "ridge": {
        "mae": 8.97685067995763,
        "rmse": 11.817615351085754,
        "r2": 0.9859285616927101,
        "mape": 8.247046574341931
      },
      "linear": {
        "mae": 8.641607481242948,
        "rmse": 11.460472861777564,
        "r2": 0.9867662213922767,
        "mape": 7.796240056081278
      }
    },
    "val": {
      "xgboost": {
        "mae": 2.696468481734463,
        "rmse": 9.006485856091397,
        "r2": 0.9388368871172488,
        "mape": 4.867033673048243
      },
      "lightgbm": {
        "mae": 2.9738371400015002,
        "rmse": 10.407356895088439,
        "r2": 0.9183305306521651,
        "mape": 4.747349652869321
      },
      "catboost": {
        "mae": 3.7033379886369664,
        "rmse": 10.6809878943322,
        "r2": 0.9139795552511438,
        "mape": 6.213822034339643
      },
      "rf": {
        "mae": 5.25369969129646,
        "rmse": 12.52029615973886,
        "r2": 0.8818025677647631,
        "mape": 8.837928990552424
      },
      "gb": {
        "mae": 2.7278721976675717,
        "rmse": 9.819955706702517,
        "r2": 0.9272893719862341,
        "mape": 4.3102232337774655
      },
      "ridge": {
        "mae": 6.8214916099257845,
        "rmse": 11.902335413038056,
        "r2": 0.8931823037196815,
        "mape": 11.178429540847059
      },
      "linear": {
        "mae": 6.443773191942896,
        "rmse": 11.621934495128142,
        "r2": 0.8981559445841013,
        "mape": 10.216090460355995
      }
    },
    "test": {
      "xgboost": {
        "mae": 3.3306748094980456,
        "rmse": 5.985984636949269,
        "r2": 0.9725231212307441,
        "mape": 8.889071894411462
      },
      "lightgbm": {
        "mae": 4.130769657335576,
        "rmse": 6.965006494037771,
        "r2": 0.962800315786311,
        "mape": 9.317015043550589
      },
      "catboost": {
        "mae": 4.011487969415992,
        "rmse": 6.710629532980699,
        "r2": 0.965467920708814,
        "mape": 10.225508470049897
      },
      "rf": {
        "mae": 5.005763575808369,
        "rmse": 7.688638745000483,
        "r2": 0.9546690194392945,
        "mape": 12.811779735194847
      },
      "gb": {
        "mae": 3.785754600268762,
        "rmse": 6.961978883356263,
        "r2": 0.9628326493333657,
        "mape": 7.599428752971747
      },
      "ridge": {
        "mae": 10.454368575537615,
        "rmse": 13.743372008706334,
        "r2": 0.8551619042610148,
        "mape": 22.58728955388771
      },
      "linear": {
        "mae": 9.056048020155304,
        "rmse": 12.254596730210325,
        "r2": 0.8848419637873848,
        "mape": 19.696845410827006
      }
    },
    "cv_mae": {
      "xgboost": 2.7097080077677087,
      "lightgbm": 2.481916215676632,
      "catboost": 3.595834669827736,
      "rf": 2.176462330976531,
      "gb": 2.2462253626239503,
      "ridge": 10.602838821997398,
      "linear": 9.845822117419342
    }
  }
}