{
  "trained_best_model": "rf",
  "new_test_metrics": {
    "mae": 5.514547136157158,
    "rmse": 7.907613136812623,
    "r2": 0.952120148509879,
    "mape": 13.681189220919904
  },
  "cv_mae": {
    "xgboost": 2.8111009788139922,
    "lightgbm": 2.573619421647263,
    "catboost": 3.5632955667875748,
    "rf": 2.243526103654645,
    "gb": 2.3485565855422914,
    "ridge": 10.532792107062905,
    "linear": 9.601565653006356
  },
  "test_mae_all": {
    "xgboost": 4.029902314799658,
    "lightgbm": 4.285089539715777,
    "catboost": 4.535739899839226,
    "rf": 5.514547136157158,
    "gb": 4.014038618917882,
    "ridge": 10.285097820098166,
    "linear": 8.885677791680765
  },
  "historical_best_cv_mae": 2.042469801781462,
  "is_new_historical_best": false,
  "features": [
    "pm2_5",
    "pm10",
    "co",
    "no2",
    "so2",
    "month_cos",
    "total_pm",
    "total_gases",
    "no2_o3_ratio",
    "pm2_5_rolling_3h",
    "pm10_rolling_3h",
    "co_rolling_3h",
    "pm2_5_co_interaction",
    "hour_sin",
    "hour_cos"
  ],
  "scaler_needed": false,
  "all_models_saved": [
    "model_xgboost.pkl",
    "model_lightgbm.pkl",
    "model_catboost.pkl",
    "model_rf.pkl",
    "model_gb.pkl",
    "model_ridge.pkl",
    "model_linear.pkl"
  ],
  "all_metrics": {
    "train": {
      "xgboost": {
        "mae": 1.8785513629341002,
        "rmse": 3.423956315620373,
        "r2": 0.9988269054278263,
        "mape": 1.4955861904199679
      },
      "lightgbm": {
        "mae": 1.870607653166528,
        "rmse": 3.718662034258915,
        "r2": 0.9986162742755936,
        "mape": 1.510856794852953
      },
      "catboost": {
        "mae": 1.9513602878832432,
        "rmse": 3.0837247697909422,
        "r2": 0.9990484583258963,
        "mape": 1.5810416230618654
      },
      "rf": {
        "mae": 1.1619452101424328,
        "rmse": 3.799497436361686,
        "r2": 0.9985554622133199,
        "mape": 1.1319324057207103
      },
      "gb": {
        "mae": 1.4090322114312888,
        "rmse": 2.982963008304023,
        "r2": 0.999109626285066,
        "mape": 1.1909440743214932
      },
      "ridge": {
        "mae": 9.008315919000285,
        "rmse": 11.858373484813185,
        "r2": 0.9859289390520632,
        "mape": 8.254420656972847
      },
      "linear": {
        "mae": 8.678185543723586,
        "rmse": 11.507030600706752,
        "r2": 0.98675038889956,
        "mape": 7.812521872691155
      }
    },
    "val": {
      "xgboost": {
        "mae": 3.0587851968530106,
        "rmse": 9.190622820496543,
        "r2": 0.9369125433797852,
        "mape": 5.43483574236721
      },
      "lightgbm": {
        "mae": 3.073297868540801,
        "rmse": 10.35344903641583,
        "r2": 0.9199385902813471,
        "mape": 4.950936583316532
      },
      "catboost": {
        "mae": 4.298278851386611,
        "rmse": 10.417921048719315,
        "r2": 0.9189383841740828,
        "mape": 6.783912543541491
      },
      "rf": {
        "mae": 5.637024334500426,
        "rmse": 12.612446515378686,
        "r2": 0.8811903250062227,
        "mape": 9.522083808271663
      },
      "gb": {
        "mae": 2.880347260211027,
        "rmse": 9.922853348729474,
        "r2": 0.9264595507615735,
        "mape": 4.710526108591952
      },
      "ridge": {
        "mae": 6.991664656753172,
        "rmse": 12.090987696750819,
        "r2": 0.8908115524447678,
        "mape": 11.317944534992783
      },
      "linear": {
        "mae": 6.640516905328795,
        "rmse": 11.79045254783637,
        "r2": 0.8961720971151628,
        "mape": 10.440115733967103
      }
    },
    "test": {
      "xgboost": {
        "mae": 4.029902314799658,
        "rmse": 6.550284438853055,
        "r2": 0.9671464514907864,
        "mape": 9.683363270981673
      },
      "lightgbm": {
        "mae": 4.285089539715777,
        "rmse": 7.012554888435692,
        "r2": 0.9623457056383634,
        "mape": 9.702966004007695
      },
      "catboost": {
        "mae": 4.535739899839226,
        "rmse": 6.442007503370905,
        "r2": 0.9682236201096354,
        "mape": 10.25164146423742
      },
      "rf": {
        "mae": 5.514547136157158,
        "rmse": 7.907613136812623,
        "r2": 0.952120148509879,
        "mape": 13.681189220919904
      },
      "gb": {
        "mae": 4.014038618917882,
        "rmse": 7.247879109922244,
        "r2": 0.9597761303929038,
        "mape": 8.554214472957716
      },
      "ridge": {
        "mae": 10.285097820098166,
        "rmse": 13.67559196769593,
        "r2": 0.8567963013019538,
        "mape": 22.36380777380659
      },
      "linear": {
        "mae": 8.885677791680765,
        "rmse": 12.171871297177947,
        "r2": 0.8865572699728577,
        "mape": 19.487920702620524
      }
    },
    "cv_mae": {
      "xgboost": 2.8111009788139922,
      "lightgbm": 2.573619421647263,
      "catboost": 3.5632955667875748,
      "rf": 2.243526103654645,
      "gb": 2.3485565855422914,
      "ridge": 10.532792107062905,
      "linear": 9.601565653006356
    }
  }
}