{
  "trained_best_model": "rf",
  "new_test_metrics": {
    "mae": 3.361192936072087,
    "rmse": 6.463473036418309,
    "r2": 0.9757936205998247,
    "mape": 10.08049408969607
  },
  "cv_mae": {
    "xgboost": 2.678824871160279,
    "lightgbm": 2.476150092765953,
    "catboost": 3.189939680939061,
    "rf": 2.191681150313921,
    "gb": 2.312774847479962,
    "ridge": 9.736537291029979,
    "linear": 9.094301298464085
  },
  "test_mae_all": {
    "xgboost": 3.434756021866955,
    "lightgbm": 3.675010303677295,
    "catboost": 4.283018594597311,
    "rf": 3.3611929360720874,
    "gb": 4.7451014920286445,
    "ridge": 10.853543342525475,
    "linear": 9.325436840220737
  },
  "historical_best_cv_mae": 2.042469801781462,
  "is_new_historical_best": false,
  "features": [
    "pm2_5",
    "pm10",
    "co",
    "no2",
    "so2",
    "month_cos",
    "total_pm",
    "total_gases",
    "no2_o3_ratio",
    "pm2_5_rolling_3h",
    "pm10_rolling_3h",
    "co_rolling_3h",
    "pm2_5_co_interaction",
    "hour_sin",
    "hour_cos"
  ],
  "scaler_needed": false,
  "all_models_saved": [
    "model_xgboost.pkl",
    "model_lightgbm.pkl",
    "model_catboost.pkl",
    "model_rf.pkl",
    "model_gb.pkl",
    "model_ridge.pkl",
    "model_linear.pkl"
  ],
  "all_metrics": {
    "train": {
      "xgboost": {
        "mae": 1.8476455194531745,
        "rmse": 3.4075095993027364,
        "r2": 0.9988197433698257,
        "mape": 1.5126933150782749
      },
      "lightgbm": {
        "mae": 1.8640660440244523,
        "rmse": 3.7996647826658507,
        "r2": 0.9985324502253317,
        "mape": 1.5323780468429793
      },
      "catboost": {
        "mae": 1.8764686267677089,
        "rmse": 2.9567029523723303,
        "r2": 0.9991113767687718,
        "mape": 1.5713144517764586
      },
      "rf": {
        "mae": 1.1710674867768673,
        "rmse": 3.8841612368505647,
        "r2": 0.9984664541240662,
        "mape": 1.146172995946731
      },
      "gb": {
        "mae": 1.403651707178365,
        "rmse": 2.97810747542294,
        "r2": 0.9990984641396004,
        "mape": 1.2113945945458193
      },
      "ridge": {
        "mae": 8.784184257908453,
        "rmse": 11.66230372026984,
        "r2": 0.9861748144766447,
        "mape": 8.143289863450294
      },
      "linear": {
        "mae": 8.470460686096416,
        "rmse": 11.325170465122051,
        "r2": 0.9869625766466991,
        "mape": 7.716990304458024
      }
    },
    "val": {
      "xgboost": {
        "mae": 2.7283765344314923,
        "rmse": 8.742712071080584,
        "r2": 0.943004744613514,
        "mape": 4.915902729932528
      },
      "lightgbm": {
        "mae": 2.879627174168648,
        "rmse": 10.533878360430757,
        "r2": 0.9172585836828935,
        "mape": 4.702338817892574
      },
      "catboost": {
        "mae": 3.545109601123727,
        "rmse": 9.944596981371639,
        "r2": 0.9262570125915682,
        "mape": 5.923334203522472
      },
      "rf": {
        "mae": 3.5384607862070587,
        "rmse": 11.891907432294856,
        "r2": 0.8945493181092885,
        "mape": 6.067250753040016
      },
      "gb": {
        "mae": 2.5018815883444603,
        "rmse": 9.91454103885505,
        "r2": 0.9267020915859304,
        "mape": 3.784227526605026
      },
      "ridge": {
        "mae": 6.546429360001172,
        "rmse": 11.77732477439702,
        "r2": 0.896571635957976,
        "mape": 10.398742227220147
      },
      "linear": {
        "mae": 6.29108863800513,
        "rmse": 11.647512408522731,
        "r2": 0.8988390926382359,
        "mape": 9.639108930196935
      }
    },
    "test": {
      "xgboost": {
        "mae": 3.434756021866955,
        "rmse": 6.007081059553309,
        "r2": 0.9790914007902949,
        "mape": 8.81672788118986
      },
      "lightgbm": {
        "mae": 3.675010303677295,
        "rmse": 6.108020484469272,
        "r2": 0.9783828257701576,
        "mape": 8.706166336126953
      },
      "catboost": {
        "mae": 4.283018594597311,
        "rmse": 6.811846956945885,
        "r2": 0.9731139057222644,
        "mape": 10.025109430634553
      },
      "rf": {
        "mae": 3.3611929360720874,
        "rmse": 6.463473036418311,
        "r2": 0.9757936205998247,
        "mape": 10.08049408969607
      },
      "gb": {
        "mae": 4.7451014920286445,
        "rmse": 8.48145504434267,
        "r2": 0.9583189470068548,
        "mape": 7.280358196552228
      },
      "ridge": {
        "mae": 10.853543342525475,
        "rmse": 13.935114572179971,
        "r2": 0.8874827677496656,
        "mape": 22.13149145832302
      },
      "linear": {
        "mae": 9.325436840220737,
        "rmse": 12.34340124192411,
        "r2": 0.9117189181881418,
        "mape": 19.324395394033562
      }
    },
    "cv_mae": {
      "xgboost": 2.678824871160279,
      "lightgbm": 2.476150092765953,
      "catboost": 3.189939680939061,
      "rf": 2.191681150313921,
      "gb": 2.312774847479962,
      "ridge": 9.736537291029979,
      "linear": 9.094301298464085
    }
  }
}