{
  "trained_best_model": "rf",
  "new_test_metrics": {
    "mae": 4.721066534271485,
    "rmse": 7.4873619214847285,
    "r2": 0.9571659106136231,
    "mape": 12.254147767048934
  },
  "cv_mae": {
    "xgboost": 2.6544234975676715,
    "lightgbm": 2.464544648264347,
    "catboost": 3.3010570409243933,
    "rf": 2.155245200778274,
    "gb": 2.3476437718272107,
    "ridge": 10.226168875046751,
    "linear": 9.399179827214756
  },
  "test_mae_all": {
    "xgboost": 4.110224948289901,
    "lightgbm": 3.661137894398306,
    "catboost": 4.355033050575868,
    "rf": 4.721066534271486,
    "gb": 3.9577545620470813,
    "ridge": 10.468625816945268,
    "linear": 9.107777090245113
  },
  "historical_best_cv_mae": 2.042469801781462,
  "is_new_historical_best": false,
  "features": [
    "pm2_5",
    "pm10",
    "co",
    "no2",
    "so2",
    "month_cos",
    "total_pm",
    "total_gases",
    "no2_o3_ratio",
    "pm2_5_rolling_3h",
    "pm10_rolling_3h",
    "co_rolling_3h",
    "pm2_5_co_interaction",
    "hour_sin",
    "hour_cos"
  ],
  "scaler_needed": false,
  "all_models_saved": [
    "model_xgboost.pkl",
    "model_lightgbm.pkl",
    "model_catboost.pkl",
    "model_rf.pkl",
    "model_gb.pkl",
    "model_ridge.pkl",
    "model_linear.pkl"
  ],
  "all_metrics": {
    "train": {
      "xgboost": {
        "mae": 1.8716509860089148,
        "rmse": 3.3973112151874885,
        "r2": 0.9988402401397534,
        "mape": 1.4976454321089285
      },
      "lightgbm": {
        "mae": 1.7491203037817706,
        "rmse": 3.4429219523534913,
        "r2": 0.9988088902942135,
        "mape": 1.413865496181998
      },
      "catboost": {
        "mae": 1.97415864208554,
        "rmse": 3.061742981277848,
        "r2": 0.9990580347754312,
        "mape": 1.6229189237475332
      },
      "rf": {
        "mae": 1.162746447825789,
        "rmse": 3.8446134371121414,
        "r2": 0.9985147390361506,
        "mape": 1.1362921933782888
      },
      "gb": {
        "mae": 1.3942576964936861,
        "rmse": 2.963728454552031,
        "r2": 0.9991173790584449,
        "mape": 1.1895880148980933
      },
      "ridge": {
        "mae": 8.943789152695455,
        "rmse": 11.797607777750933,
        "r2": 0.9860142643549702,
        "mape": 8.227813447454343
      },
      "linear": {
        "mae": 8.611046831898054,
        "rmse": 11.443461956644454,
        "r2": 0.9868413217386784,
        "mape": 7.779866763272832
      }
    },
    "val": {
      "xgboost": {
        "mae": 3.309800413645566,
        "rmse": 9.427886872918673,
        "r2": 0.932757520263692,
        "mape": 6.2738006807611155
      },
      "lightgbm": {
        "mae": 2.8854244162431875,
        "rmse": 10.231948007550564,
        "r2": 0.9207988213492768,
        "mape": 4.525125697066364
      },
      "catboost": {
        "mae": 3.9970238099953144,
        "rmse": 10.67772371647505,
        "r2": 0.9137473684510165,
        "mape": 6.732682916341476
      },
      "rf": {
        "mae": 5.202856467513811,
        "rmse": 12.536466437944565,
        "r2": 0.8811045376568933,
        "mape": 8.66909923032869
      },
      "gb": {
        "mae": 2.7515681699962244,
        "rmse": 9.676124637927698,
        "r2": 0.9291698921471836,
        "mape": 4.409642600534469
      },
      "ridge": {
        "mae": 6.713785013250906,
        "rmse": 11.863006181071086,
        "r2": 0.8935355760118121,
        "mape": 10.966439725693505
      },
      "linear": {
        "mae": 6.351342682389969,
        "rmse": 11.586837906835834,
        "r2": 0.8984348163066469,
        "mape": 10.032454544937837
      }
    },
    "test": {
      "xgboost": {
        "mae": 4.110224948289901,
        "rmse": 7.1068549815590485,
        "r2": 0.9614089324270725,
        "mape": 11.07588882976983
      },
      "lightgbm": {
        "mae": 3.661137894398306,
        "rmse": 6.224352529922943,
        "r2": 0.9703980548473348,
        "mape": 8.411020139814553
      },
      "catboost": {
        "mae": 4.355033050575868,
        "rmse": 6.785520968915486,
        "r2": 0.9648198019822355,
        "mape": 10.581550423022005
      },
      "rf": {
        "mae": 4.721066534271486,
        "rmse": 7.4873619214847285,
        "r2": 0.9571659106136231,
        "mape": 12.254147767048938
      },
      "gb": {
        "mae": 3.9577545620470813,
        "rmse": 7.414909318679558,
        "r2": 0.9579908809663822,
        "mape": 7.996047173756953
      },
      "ridge": {
        "mae": 10.468625816945268,
        "rmse": 13.724258599638045,
        "r2": 0.8560838040189217,
        "mape": 22.541444705334058
      },
      "linear": {
        "mae": 9.107777090245113,
        "rmse": 12.259617202658667,
        "r2": 0.8851619774519515,
        "mape": 19.71539776119146
      }
    },
    "cv_mae": {
      "xgboost": 2.6544234975676715,
      "lightgbm": 2.464544648264347,
      "catboost": 3.3010570409243933,
      "rf": 2.155245200778274,
      "gb": 2.3476437718272107,
      "ridge": 10.226168875046751,
      "linear": 9.399179827214756
    }
  }
}