{
  "trained_best_model": "rf",
  "new_test_metrics": {
    "mae": 4.620781964188949,
    "rmse": 7.616635046367048,
    "r2": 0.9572389421947333,
    "mape": 12.486676070911253
  },
  "cv_mae": {
    "xgboost": 2.661833191291227,
    "lightgbm": 2.447726438049555,
    "catboost": 3.12564824855063,
    "rf": 2.1286405681229907,
    "gb": 2.3341219071934582,
    "ridge": 10.19650294824553,
    "linear": 9.340212608352518
  },
  "test_mae_all": {
    "xgboost": 3.3536598836814457,
    "lightgbm": 3.632270294557539,
    "catboost": 3.93776018269619,
    "rf": 4.620781964188949,
    "gb": 3.771129491641504,
    "ridge": 10.530041529308196,
    "linear": 9.14283073588512
  },
  "historical_best_cv_mae": 2.042469801781462,
  "is_new_historical_best": false,
  "features": [
    "pm2_5",
    "pm10",
    "co",
    "no2",
    "so2",
    "month_cos",
    "total_pm",
    "total_gases",
    "no2_o3_ratio",
    "pm2_5_rolling_3h",
    "pm10_rolling_3h",
    "co_rolling_3h",
    "pm2_5_co_interaction",
    "hour_sin",
    "hour_cos"
  ],
  "scaler_needed": false,
  "all_models_saved": [
    "model_xgboost.pkl",
    "model_lightgbm.pkl",
    "model_catboost.pkl",
    "model_rf.pkl",
    "model_gb.pkl",
    "model_ridge.pkl",
    "model_linear.pkl"
  ],
  "all_metrics": {
    "train": {
      "xgboost": {
        "mae": 1.826676803092434,
        "rmse": 3.387733245687022,
        "r2": 0.9988458541850833,
        "mape": 1.4648578635019447
      },
      "lightgbm": {
        "mae": 1.9305169690984472,
        "rmse": 3.9049556833530334,
        "r2": 0.9984665328113683,
        "mape": 1.5767224146158765
      },
      "catboost": {
        "mae": 1.966698782012458,
        "rmse": 3.091368140156758,
        "r2": 0.9990389550026767,
        "mape": 1.6161892366176798
      },
      "rf": {
        "mae": 1.1554264124285785,
        "rmse": 3.8537963306470213,
        "r2": 0.9985064499296494,
        "mape": 1.1295255264977526
      },
      "gb": {
        "mae": 1.3943915898795904,
        "rmse": 2.9474262427368316,
        "r2": 0.9991263687492234,
        "mape": 1.1953514529149158
      },
      "ridge": {
        "mae": 8.905618166979448,
        "rmse": 11.77054829203629,
        "r2": 0.9860672881336064,
        "mape": 8.20702819156376
      },
      "linear": {
        "mae": 8.580740004514874,
        "rmse": 11.42415524949447,
        "r2": 0.9868752674723346,
        "mape": 7.768045198483818
      }
    },
    "val": {
      "xgboost": {
        "mae": 2.7996894170160163,
        "rmse": 9.016050619113571,
        "r2": 0.9390473142523278,
        "mape": 4.931801332365608
      },
      "lightgbm": {
        "mae": 3.0224360450554526,
        "rmse": 10.29235172250029,
        "r2": 0.920569114883072,
        "mape": 4.809794099902658
      },
      "catboost": {
        "mae": 3.646925859253152,
        "rmse": 10.699137755142411,
        "r2": 0.914166322019803,
        "mape": 6.240057336580327
      },
      "rf": {
        "mae": 4.9276632586648645,
        "rmse": 12.452343721983022,
        "r2": 0.8837314211847865,
        "mape": 8.433661761594148
      },
      "gb": {
        "mae": 2.7610800233842547,
        "rmse": 9.683201276184363,
        "r2": 0.9296930784368128,
        "mape": 4.417163678257597
      },
      "ridge": {
        "mae": 6.723437246669359,
        "rmse": 11.873958970916611,
        "r2": 0.8942814368563499,
        "mape": 10.928018896203529
      },
      "linear": {
        "mae": 6.3833065499945665,
        "rmse": 11.60319084122512,
        "r2": 0.8990479750836138,
        "mape": 10.01830793845569
      }
    },
    "test": {
      "xgboost": {
        "mae": 3.3536598836814457,
        "rmse": 5.822558016106284,
        "r2": 0.9750109471406371,
        "mape": 8.474584413384024
      },
      "lightgbm": {
        "mae": 3.632270294557539,
        "rmse": 6.048363473424388,
        "r2": 0.9730351560935913,
        "mape": 8.70550785017556
      },
      "catboost": {
        "mae": 3.93776018269619,
        "rmse": 6.446267910619516,
        "r2": 0.9693705746603274,
        "mape": 10.087092670216467
      },
      "rf": {
        "mae": 4.620781964188949,
        "rmse": 7.616635046367048,
        "r2": 0.9572389421947333,
        "mape": 12.486676070911253
      },
      "gb": {
        "mae": 3.771129491641504,
        "rmse": 6.7734100423940475,
        "r2": 0.9661828595480682,
        "mape": 8.028410226089006
      },
      "ridge": {
        "mae": 10.530041529308196,
        "rmse": 13.746751460421542,
        "r2": 0.860709239962819,
        "mape": 22.51042236343595
      },
      "linear": {
        "mae": 9.14283073588512,
        "rmse": 12.273251316280527,
        "r2": 0.888969728672969,
        "mape": 19.69877268948434
      }
    },
    "cv_mae": {
      "xgboost": 2.661833191291227,
      "lightgbm": 2.447726438049555,
      "catboost": 3.12564824855063,
      "rf": 2.1286405681229907,
      "gb": 2.3341219071934582,
      "ridge": 10.19650294824553,
      "linear": 9.340212608352518
    }
  }
}