{
  "trained_best_model": "rf",
  "new_test_metrics": {
    "mae": 3.4730561910776054,
    "rmse": 6.5947431473538956,
    "r2": 0.9747675451275647,
    "mape": 10.353335833366788
  },
  "cv_mae": {
    "xgboost": 2.6387901347210727,
    "lightgbm": 2.4911278668095505,
    "catboost": 3.24556298958428,
    "rf": 2.199188480223066,
    "gb": 2.2712183112759745,
    "ridge": 9.736600868522405,
    "linear": 9.094881955419773
  },
  "test_mae_all": {
    "xgboost": 3.2570192867611003,
    "lightgbm": 3.9936007653072623,
    "catboost": 4.253347372150253,
    "rf": 3.473056191077606,
    "gb": 5.116865187012067,
    "ridge": 10.852021066592213,
    "linear": 9.325315616482674
  },
  "historical_best_cv_mae": 2.042469801781462,
  "is_new_historical_best": false,
  "features": [
    "pm2_5",
    "pm10",
    "co",
    "no2",
    "so2",
    "month_cos",
    "total_pm",
    "total_gases",
    "no2_o3_ratio",
    "pm2_5_rolling_3h",
    "pm10_rolling_3h",
    "co_rolling_3h",
    "pm2_5_co_interaction",
    "hour_sin",
    "hour_cos"
  ],
  "scaler_needed": false,
  "all_models_saved": [
    "model_xgboost.pkl",
    "model_lightgbm.pkl",
    "model_catboost.pkl",
    "model_rf.pkl",
    "model_gb.pkl",
    "model_ridge.pkl",
    "model_linear.pkl"
  ],
  "all_metrics": {
    "train": {
      "xgboost": {
        "mae": 1.8350181033699946,
        "rmse": 3.4112734084862026,
        "r2": 0.9988171202096834,
        "mape": 1.494532332055547
      },
      "lightgbm": {
        "mae": 1.6874499521647828,
        "rmse": 3.3775052803331964,
        "r2": 0.9988404229069202,
        "mape": 1.3799861533611306
      },
      "catboost": {
        "mae": 1.8904117401250926,
        "rmse": 2.9771511672938398,
        "r2": 0.9990990320796223,
        "mape": 1.5863832907887743
      },
      "rf": {
        "mae": 1.1740868337313823,
        "rmse": 3.8706863380301897,
        "r2": 0.9984770574759921,
        "mape": 1.1522464699731776
      },
      "gb": {
        "mae": 1.3658323243576038,
        "rmse": 2.9358367135126775,
        "r2": 0.9991238643574373,
        "mape": 1.1762459742428688
      },
      "ridge": {
        "mae": 8.785507291272845,
        "rmse": 11.663061341403118,
        "r2": 0.9861728500149518,
        "mape": 8.144259293390379
      },
      "linear": {
        "mae": 8.471630515031018,
        "rmse": 11.325816114687074,
        "r2": 0.986960931511699,
        "mape": 7.717823406172042
      }
    },
    "val": {
      "xgboost": {
        "mae": 2.601754125394778,
        "rmse": 8.673854060767491,
        "r2": 0.9438969149560424,
        "mape": 4.464468875687691
      },
      "lightgbm": {
        "mae": 2.9081632352915285,
        "rmse": 10.441706385992156,
        "r2": 0.9186972050476105,
        "mape": 4.562480973626891
      },
      "catboost": {
        "mae": 3.5556734900241675,
        "rmse": 9.881486740101824,
        "r2": 0.9271873049490151,
        "mape": 6.06587068267408
      },
      "rf": {
        "mae": 3.6324948348345107,
        "rmse": 11.945929886249647,
        "r2": 0.8935850991916384,
        "mape": 6.26729733415686
      },
      "gb": {
        "mae": 2.522695583931632,
        "rmse": 9.660735195310338,
        "r2": 0.9304042246041543,
        "mape": 4.074049925654445
      },
      "ridge": {
        "mae": 6.546598266560668,
        "rmse": 11.778582553229427,
        "r2": 0.8965456915457702,
        "mape": 10.398697381303085
      },
      "linear": {
        "mae": 6.289588891824033,
        "rmse": 11.648220975238287,
        "r2": 0.8988230173431803,
        "mape": 9.63740838611203
      }
    },
    "test": {
      "xgboost": {
        "mae": 3.2570192867611003,
        "rmse": 5.453184329548525,
        "r2": 0.9827470211179222,
        "mape": 7.480156147468575
      },
      "lightgbm": {
        "mae": 3.9936007653072623,
        "rmse": 6.407163920672469,
        "r2": 0.9761825421739168,
        "mape": 8.37328747778686
      },
      "catboost": {
        "mae": 4.253347372150253,
        "rmse": 6.748351309427496,
        "r2": 0.9735784007469053,
        "mape": 10.090266469949242
      },
      "rf": {
        "mae": 3.473056191077606,
        "rmse": 6.5947431473538956,
        "r2": 0.9747675451275647,
        "mape": 10.353335833366792
      },
      "gb": {
        "mae": 5.116865187012067,
        "rmse": 9.242940731806605,
        "r2": 0.9504339773359831,
        "mape": 8.180502634727343
      },
      "ridge": {
        "mae": 10.852021066592213,
        "rmse": 13.934813345800167,
        "r2": 0.8873409599784912,
        "mape": 22.132772070557635
      },
      "linear": {
        "mae": 9.325315616482674,
        "rmse": 12.343563732498986,
        "r2": 0.9116015068302546,
        "mape": 19.326135522359184
      }
    },
    "cv_mae": {
      "xgboost": 2.6387901347210727,
      "lightgbm": 2.4911278668095505,
      "catboost": 3.24556298958428,
      "rf": 2.199188480223066,
      "gb": 2.2712183112759745,
      "ridge": 9.736600868522405,
      "linear": 9.094881955419773
    }
  }
}