{
  "trained_best_model": "rf",
  "new_test_metrics": {
    "mae": 3.224803287876255,
    "rmse": 6.29520079694425,
    "r2": 0.9812013483773488,
    "mape": 9.771331515962707
  },
  "cv_mae": {
    "xgboost": 2.6525683696022706,
    "lightgbm": 2.452540666882002,
    "catboost": 3.1065023289471614,
    "rf": 2.222610245386694,
    "gb": 2.2339540297045146,
    "ridge": 9.360081282836465,
    "linear": 8.755463610047736
  },
  "test_mae_all": {
    "xgboost": 3.8593821755489506,
    "lightgbm": 4.213978452019297,
    "catboost": 3.4971265881515787,
    "rf": 3.2248032878762545,
    "gb": 5.362014864041714,
    "ridge": 11.453832893681536,
    "linear": 9.825231579033417
  },
  "historical_best_cv_mae": 2.042469801781462,
  "is_new_historical_best": false,
  "features": [
    "pm2_5",
    "pm10",
    "co",
    "no2",
    "so2",
    "month_cos",
    "total_pm",
    "total_gases",
    "no2_o3_ratio",
    "pm2_5_rolling_3h",
    "pm10_rolling_3h",
    "co_rolling_3h",
    "pm2_5_co_interaction",
    "hour_sin",
    "hour_cos"
  ],
  "scaler_needed": false,
  "all_models_saved": [
    "model_xgboost.pkl",
    "model_lightgbm.pkl",
    "model_catboost.pkl",
    "model_rf.pkl",
    "model_gb.pkl",
    "model_ridge.pkl",
    "model_linear.pkl"
  ],
  "all_metrics": {
    "train": {
      "xgboost": {
        "mae": 1.8356533220058473,
        "rmse": 3.40647099760844,
        "r2": 0.998794362279343,
        "mape": 1.5025916639360144
      },
      "lightgbm": {
        "mae": 1.5531541619595661,
        "rmse": 3.1201615559295814,
        "r2": 0.9989885099876763,
        "mape": 1.2857717656050216
      },
      "catboost": {
        "mae": 1.8856178201224423,
        "rmse": 2.9916463349937996,
        "r2": 0.9990701177928547,
        "mape": 1.5897566088472432
      },
      "rf": {
        "mae": 1.1841414298039015,
        "rmse": 3.895430159724609,
        "r2": 0.9984234117681535,
        "mape": 1.1634577922747062
      },
      "gb": {
        "mae": 1.387710497672853,
        "rmse": 2.9526711782655,
        "r2": 0.9990941889686745,
        "mape": 1.2037179601633152
      },
      "ridge": {
        "mae": 8.67584133431614,
        "rmse": 11.553463608716058,
        "r2": 0.9861314250723056,
        "mape": 8.126766508569991
      },
      "linear": {
        "mae": 8.378884941821838,
        "rmse": 11.234674432130113,
        "r2": 0.9868862041363847,
        "mape": 7.714560457479087
      }
    },
    "val": {
      "xgboost": {
        "mae": 2.744831973559236,
        "rmse": 8.876377546759542,
        "r2": 0.9412775027948309,
        "mape": 4.525786840716093
      },
      "lightgbm": {
        "mae": 2.6301974142930997,
        "rmse": 10.053249567161137,
        "r2": 0.9246738256340399,
        "mape": 3.923676397411777
      },
      "catboost": {
        "mae": 2.9308218438086753,
        "rmse": 9.4239084648892,
        "r2": 0.9338095853403182,
        "mape": 4.682413162817134
      },
      "rf": {
        "mae": 3.3482388135470784,
        "rmse": 11.815063925179562,
        "r2": 0.8959588521493946,
        "mape": 5.74346925126941
      },
      "gb": {
        "mae": 2.6773935685386214,
        "rmse": 9.511950171994373,
        "r2": 0.9325670566052925,
        "mape": 3.9434277906208854
      },
      "ridge": {
        "mae": 6.383001558031176,
        "rmse": 11.580620929601894,
        "r2": 0.9000468062238588,
        "mape": 10.361251793340786
      },
      "linear": {
        "mae": 6.038369897411084,
        "rmse": 11.409560148748957,
        "r2": 0.9029778737618925,
        "mape": 9.469387431276933
      }
    },
    "test": {
      "xgboost": {
        "mae": 3.8593821755489506,
        "rmse": 6.354428133416303,
        "r2": 0.9808459564871678,
        "mape": 7.944500919773145
      },
      "lightgbm": {
        "mae": 4.213978452019297,
        "rmse": 6.710198738922543,
        "r2": 0.9786411290804219,
        "mape": 7.50217273251586
      },
      "catboost": {
        "mae": 3.4971265881515787,
        "rmse": 5.667671625468636,
        "r2": 0.9847623888990371,
        "mape": 8.00637879154004
      },
      "rf": {
        "mae": 3.2248032878762545,
        "rmse": 6.29520079694425,
        "r2": 0.9812013483773488,
        "mape": 9.771331515962705
      },
      "gb": {
        "mae": 5.362014864041714,
        "rmse": 8.873936259369945,
        "r2": 0.9626457402146482,
        "mape": 7.78711216212637
      },
      "ridge": {
        "mae": 11.453832893681536,
        "rmse": 14.383463807232657,
        "r2": 0.9018626119861077,
        "mape": 22.282891549828605
      },
      "linear": {
        "mae": 9.825231579033417,
        "rmse": 12.711158629282584,
        "r2": 0.9233560635478977,
        "mape": 19.482989780582997
      }
    },
    "cv_mae": {
      "xgboost": 2.6525683696022706,
      "lightgbm": 2.452540666882002,
      "catboost": 3.1065023289471614,
      "rf": 2.222610245386694,
      "gb": 2.2339540297045146,
      "ridge": 9.360081282836465,
      "linear": 8.755463610047736
    }
  }
}