{
  "trained_best_model": "rf",
  "new_test_metrics": {
    "mae": 3.423059344119353,
    "rmse": 6.77525094731023,
    "r2": 0.9751760832164418,
    "mape": 10.543499258517075
  },
  "cv_mae": {
    "xgboost": 2.7062818904212307,
    "lightgbm": 2.510066711745316,
    "catboost": 3.275471818066875,
    "rf": 2.2147383294547245,
    "gb": 2.3184985470431205,
    "ridge": 9.83857306244652,
    "linear": 9.294328083554705
  },
  "test_mae_all": {
    "xgboost": 3.374997801515413,
    "lightgbm": 3.644058133484918,
    "catboost": 3.475588009131973,
    "rf": 3.423059344119352,
    "gb": 5.435572099755993,
    "ridge": 11.247163248724249,
    "linear": 9.60672529796534
  },
  "historical_best_cv_mae": 2.042469801781462,
  "is_new_historical_best": false,
  "features": [
    "pm2_5",
    "pm10",
    "co",
    "no2",
    "so2",
    "month_cos",
    "total_pm",
    "total_gases",
    "no2_o3_ratio",
    "pm2_5_rolling_3h",
    "pm10_rolling_3h",
    "co_rolling_3h",
    "pm2_5_co_interaction",
    "hour_sin",
    "hour_cos"
  ],
  "scaler_needed": false,
  "all_models_saved": [
    "model_xgboost.pkl",
    "model_lightgbm.pkl",
    "model_catboost.pkl",
    "model_rf.pkl",
    "model_gb.pkl",
    "model_ridge.pkl",
    "model_linear.pkl"
  ],
  "all_metrics": {
    "train": {
      "xgboost": {
        "mae": 1.892242652484971,
        "rmse": 3.5040787931622224,
        "r2": 0.9987366321758894,
        "mape": 1.537587880644493
      },
      "lightgbm": {
        "mae": 1.7806201472882026,
        "rmse": 3.588941923883125,
        "r2": 0.9986746977147586,
        "mape": 1.4581378342721274
      },
      "catboost": {
        "mae": 1.866598838343299,
        "rmse": 2.9904942179732306,
        "r2": 0.9990798301067181,
        "mape": 1.5682975755138464
      },
      "rf": {
        "mae": 1.1794292559221755,
        "rmse": 3.901735075213295,
        "r2": 0.9984336181539696,
        "mape": 1.1562789385874859
      },
      "gb": {
        "mae": 1.39978208806188,
        "rmse": 2.9473266314845517,
        "r2": 0.9991062035566342,
        "mape": 1.2174232951668458
      },
      "ridge": {
        "mae": 8.721863427123068,
        "rmse": 11.594568416414957,
        "r2": 0.9861677999719318,
        "mape": 8.11828317243401
      },
      "linear": {
        "mae": 8.416250968602482,
        "rmse": 11.268624014106782,
        "r2": 0.9869345653310908,
        "mape": 7.6981739776085325
      }
    },
    "val": {
      "xgboost": {
        "mae": 3.0051750069883862,
        "rmse": 9.43914986224901,
        "r2": 0.9333303120248253,
        "mape": 5.197728194133286
      },
      "lightgbm": {
        "mae": 2.8919930038189983,
        "rmse": 10.266473907690871,
        "r2": 0.9211311922989489,
        "mape": 4.529682325834052
      },
      "catboost": {
        "mae": 3.2146809738590902,
        "rmse": 9.262932758144014,
        "r2": 0.9357963552865212,
        "mape": 5.446163797146715
      },
      "rf": {
        "mae": 3.5624834541604504,
        "rmse": 11.986533865817906,
        "r2": 0.8924897446244527,
        "mape": 6.293427172658594
      },
      "gb": {
        "mae": 2.7625774478765677,
        "rmse": 9.655991919434506,
        "r2": 0.9302319720799589,
        "mape": 4.325387114513543
      },
      "ridge": {
        "mae": 6.388482759541785,
        "rmse": 11.591182152323663,
        "r2": 0.8994648057507232,
        "mape": 10.319952836723763
      },
      "linear": {
        "mae": 6.139219315226761,
        "rmse": 11.45606540032937,
        "r2": 0.9017949935474447,
        "mape": 9.56074859598634
      }
    },
    "test": {
      "xgboost": {
        "mae": 3.374997801515413,
        "rmse": 5.925668774784961,
        "r2": 0.9810113416800729,
        "mape": 8.531651639869322
      },
      "lightgbm": {
        "mae": 3.644058133484918,
        "rmse": 6.004887342004237,
        "r2": 0.9805002401199358,
        "mape": 8.120001492657153
      },
      "catboost": {
        "mae": 3.475588009131973,
        "rmse": 5.881606511623294,
        "r2": 0.9812926846219732,
        "mape": 8.843828218980008
      },
      "rf": {
        "mae": 3.423059344119352,
        "rmse": 6.775250947310228,
        "r2": 0.9751760832164418,
        "mape": 10.543499258517071
      },
      "gb": {
        "mae": 5.435572099755993,
        "rmse": 9.322588303777579,
        "r2": 0.953000574763936,
        "mape": 8.497650685805477
      },
      "ridge": {
        "mae": 11.247163248724249,
        "rmse": 14.232762644458381,
        "r2": 0.890453640576743,
        "mape": 22.289502639501414
      },
      "linear": {
        "mae": 9.60672529796534,
        "rmse": 12.566072196767164,
        "r2": 0.9146077146634618,
        "mape": 19.43519878645291
      }
    },
    "cv_mae": {
      "xgboost": 2.7062818904212307,
      "lightgbm": 2.510066711745316,
      "catboost": 3.275471818066875,
      "rf": 2.2147383294547245,
      "gb": 2.3184985470431205,
      "ridge": 9.83857306244652,
      "linear": 9.294328083554705
    }
  }
}