{
  "trained_best_model": "rf",
  "new_test_metrics": {
    "mae": 5.06852285322189,
    "rmse": 7.753356683783857,
    "r2": 0.9538992698099542,
    "mape": 12.95695684042558
  },
  "cv_mae": {
    "xgboost": 2.7826444077165156,
    "lightgbm": 2.5134261156703217,
    "catboost": 3.52892879667706,
    "rf": 2.156481982438776,
    "gb": 2.2866840949765117,
    "ridge": 10.593640665750963,
    "linear": 9.831757063313386
  },
  "test_mae_all": {
    "xgboost": 3.3231902167392353,
    "lightgbm": 4.0419065668011225,
    "catboost": 4.26414005160776,
    "rf": 5.06852285322189,
    "gb": 4.02469282374163,
    "ridge": 10.439829924980796,
    "linear": 9.037737135013371
  },
  "historical_best_cv_mae": 2.042469801781462,
  "is_new_historical_best": false,
  "features": [
    "pm2_5",
    "pm10",
    "co",
    "no2",
    "so2",
    "month_cos",
    "total_pm",
    "total_gases",
    "no2_o3_ratio",
    "pm2_5_rolling_3h",
    "pm10_rolling_3h",
    "co_rolling_3h",
    "pm2_5_co_interaction",
    "hour_sin",
    "hour_cos"
  ],
  "scaler_needed": false,
  "all_models_saved": [
    "model_xgboost.pkl",
    "model_lightgbm.pkl",
    "model_catboost.pkl",
    "model_rf.pkl",
    "model_gb.pkl",
    "model_ridge.pkl",
    "model_linear.pkl"
  ],
  "all_metrics": {
    "train": {
      "xgboost": {
        "mae": 1.8654007029859987,
        "rmse": 3.401156170525698,
        "r2": 0.9988343739453013,
        "mape": 1.4889651585553958
      },
      "lightgbm": {
        "mae": 1.9270220348803286,
        "rmse": 3.916388860957452,
        "r2": 0.9984544690298358,
        "mape": 1.562477154388691
      },
      "catboost": {
        "mae": 1.9485656511549951,
        "rmse": 3.063860498257345,
        "r2": 0.9990541025088948,
        "mape": 1.6045114925240733
      },
      "rf": {
        "mae": 1.1494077334872828,
        "rmse": 3.824073605698548,
        "r2": 0.9985264713486104,
        "mape": 1.121662556228119
      },
      "gb": {
        "mae": 1.4062902337072265,
        "rmse": 2.9795598921551965,
        "r2": 0.9991054382222644,
        "mape": 1.1972071616294768
      },
      "ridge": {
        "mae": 8.979277014267286,
        "rmse": 11.81893055094609,
        "r2": 0.9859245444322232,
        "mape": 8.248553246997696
      },
      "linear": {
        "mae": 8.644520638147812,
        "rmse": 11.462265696115988,
        "r2": 0.9867612481664432,
        "mape": 7.798349610534581
      }
    },
    "val": {
      "xgboost": {
        "mae": 2.8343480188552648,
        "rmse": 8.76164651537681,
        "r2": 0.942125644718599,
        "mape": 5.047238315926035
      },
      "lightgbm": {
        "mae": 3.0899496487872486,
        "rmse": 10.520718047751174,
        "r2": 0.9165540095088769,
        "mape": 5.120678056753405
      },
      "catboost": {
        "mae": 4.053686489664137,
        "rmse": 10.841748848745347,
        "r2": 0.9113837443623383,
        "mape": 6.779494062146949
      },
      "rf": {
        "mae": 5.359507711169117,
        "rmse": 12.574770726377773,
        "r2": 0.8807894034606497,
        "mape": 9.041100494544658
      },
      "gb": {
        "mae": 2.9054147404005946,
        "rmse": 9.682187055703352,
        "r2": 0.9293256784665651,
        "mape": 4.805199200199884
      },
      "ridge": {
        "mae": 6.82721687155601,
        "rmse": 11.90451231125171,
        "r2": 0.8931590041333751,
        "mape": 11.187850889511775
      },
      "linear": {
        "mae": 6.452884763990767,
        "rmse": 11.62571936089415,
        "r2": 0.8981046464244247,
        "mape": 10.230062301601315
      }
    },
    "test": {
      "xgboost": {
        "mae": 3.3231902167392353,
        "rmse": 5.826671949743336,
        "r2": 0.9739642908258724,
        "mape": 8.632133056141926
      },
      "lightgbm": {
        "mae": 4.0419065668011225,
        "rmse": 6.848371789200687,
        "r2": 0.9640331059008912,
        "mape": 9.706224290830155
      },
      "catboost": {
        "mae": 4.26414005160776,
        "rmse": 6.838286991788191,
        "r2": 0.9641389563964141,
        "mape": 10.623914581496225
      },
      "rf": {
        "mae": 5.06852285322189,
        "rmse": 7.753356683783857,
        "r2": 0.9538992698099542,
        "mape": 12.95695684042558
      },
      "gb": {
        "mae": 4.02469282374163,
        "rmse": 6.911725036720244,
        "r2": 0.9633645793674216,
        "mape": 8.557000115672174
      },
      "ridge": {
        "mae": 10.439829924980796,
        "rmse": 13.737977171564378,
        "r2": 0.8552649025914509,
        "mape": 22.567345222152653
      },
      "linear": {
        "mae": 9.037737135013371,
        "rmse": 12.24447800591801,
        "r2": 0.8850235678377701,
        "mape": 19.672310861755758
      }
    },
    "cv_mae": {
      "xgboost": 2.7826444077165156,
      "lightgbm": 2.5134261156703217,
      "catboost": 3.52892879667706,
      "rf": 2.156481982438776,
      "gb": 2.2866840949765117,
      "ridge": 10.593640665750963,
      "linear": 9.831757063313386
    }
  }
}