{
  "trained_best_model": "rf",
  "new_test_metrics": {
    "mae": 5.138294337148879,
    "rmse": 7.797697900047118,
    "r2": 0.9533685463999718,
    "mape": 13.111340669456911
  },
  "cv_mae": {
    "xgboost": 2.682909497076284,
    "lightgbm": 2.4874390047877655,
    "catboost": 3.5180466550287877,
    "rf": 2.171217669262371,
    "gb": 2.301327713488578,
    "ridge": 10.57067362928655,
    "linear": 9.782381241996678
  },
  "test_mae_all": {
    "xgboost": 3.273236960657313,
    "lightgbm": 3.8215258845301916,
    "catboost": 4.1820074739226305,
    "rf": 5.13829433714888,
    "gb": 3.6470178310222874,
    "ridge": 10.435094899337194,
    "linear": 9.031399987333364
  },
  "historical_best_cv_mae": 2.042469801781462,
  "is_new_historical_best": false,
  "features": [
    "pm2_5",
    "pm10",
    "co",
    "no2",
    "so2",
    "month_cos",
    "total_pm",
    "total_gases",
    "no2_o3_ratio",
    "pm2_5_rolling_3h",
    "pm10_rolling_3h",
    "co_rolling_3h",
    "pm2_5_co_interaction",
    "hour_sin",
    "hour_cos"
  ],
  "scaler_needed": false,
  "all_models_saved": [
    "model_xgboost.pkl",
    "model_lightgbm.pkl",
    "model_catboost.pkl",
    "model_rf.pkl",
    "model_gb.pkl",
    "model_ridge.pkl",
    "model_linear.pkl"
  ],
  "all_metrics": {
    "train": {
      "xgboost": {
        "mae": 1.8344811155215945,
        "rmse": 3.337213743132685,
        "r2": 0.9988777191369869,
        "mape": 1.463384913419107
      },
      "lightgbm": {
        "mae": 1.8256506998651025,
        "rmse": 3.6468818257786735,
        "r2": 0.998659777539804,
        "mape": 1.4714378312279108
      },
      "catboost": {
        "mae": 1.9399379794753229,
        "rmse": 3.0586816749734296,
        "r2": 0.9990572379914755,
        "mape": 1.5862817192289331
      },
      "rf": {
        "mae": 1.15594369131401,
        "rmse": 3.838688570728889,
        "r2": 0.998515092947517,
        "mape": 1.1251733836674602
      },
      "gb": {
        "mae": 1.397140374679143,
        "rmse": 2.9170511754064465,
        "r2": 0.9991425247230677,
        "mape": 1.1916238972976996
      },
      "ridge": {
        "mae": 8.979804905602375,
        "rmse": 11.819058357125552,
        "r2": 0.9859233515511819,
        "mape": 8.248798096779279
      },
      "linear": {
        "mae": 8.645162725531153,
        "rmse": 11.462426989973142,
        "r2": 0.9867600399238946,
        "mape": 7.798675739368374
      }
    },
    "val": {
      "xgboost": {
        "mae": 2.771765748115435,
        "rmse": 8.912630309271634,
        "r2": 0.9401148575927356,
        "mape": 4.862671202111027
      },
      "lightgbm": {
        "mae": 3.117137012003308,
        "rmse": 10.329066360108552,
        "r2": 0.9195678946688025,
        "mape": 4.893295194306148
      },
      "catboost": {
        "mae": 4.014757465641438,
        "rmse": 10.613215413037347,
        "r2": 0.9150817062187757,
        "mape": 6.612306206423048
      },
      "rf": {
        "mae": 5.413637123729561,
        "rmse": 12.552555088214406,
        "r2": 0.8812122726670959,
        "mape": 9.133909203823281
      },
      "gb": {
        "mae": 2.6108037517461624,
        "rmse": 9.62587909415561,
        "r2": 0.9301465104549271,
        "mape": 4.103812080963313
      },
      "ridge": {
        "mae": 6.8264616561051135,
        "rmse": 11.904647555703907,
        "r2": 0.8931583992543495,
        "mape": 11.187047678899134
      },
      "linear": {
        "mae": 6.452585452341906,
        "rmse": 11.625943508783505,
        "r2": 0.8981024556123931,
        "mape": 10.229809956523063
      }
    },
    "test": {
      "xgboost": {
        "mae": 3.273236960657313,
        "rmse": 5.593637200347804,
        "r2": 0.9760042277100257,
        "mape": 8.219976903461662
      },
      "lightgbm": {
        "mae": 3.8215258845301916,
        "rmse": 6.167408005191221,
        "r2": 0.9708289875561731,
        "mape": 8.573087386686428
      },
      "catboost": {
        "mae": 4.1820074739226305,
        "rmse": 6.711718855741255,
        "r2": 0.9654527363235864,
        "mape": 10.276446376808327
      },
      "rf": {
        "mae": 5.13829433714888,
        "rmse": 7.797697900047118,
        "r2": 0.9533685463999718,
        "mape": 13.111340669456917
      },
      "gb": {
        "mae": 3.6470178310222874,
        "rmse": 6.740918189807755,
        "r2": 0.9651514866992037,
        "mape": 7.277779705798888
      },
      "ridge": {
        "mae": 10.435094899337194,
        "rmse": 13.735767707012386,
        "r2": 0.8553055019781051,
        "mape": 22.560275846002302
      },
      "linear": {
        "mae": 9.031399987333364,
        "rmse": 12.240747434335853,
        "r2": 0.8850888908676448,
        "mape": 19.66290580134544
      }
    },
    "cv_mae": {
      "xgboost": 2.682909497076284,
      "lightgbm": 2.4874390047877655,
      "catboost": 3.5180466550287877,
      "rf": 2.171217669262371,
      "gb": 2.301327713488578,
      "ridge": 10.57067362928655,
      "linear": 9.782381241996678
    }
  }
}