{
  "trained_best_model": "rf",
  "new_test_metrics": {
    "mae": 3.321008677649442,
    "rmse": 6.5203954925773155,
    "r2": 0.9766514225812504,
    "mape": 10.158191611242021
  },
  "cv_mae": {
    "xgboost": 2.673743816831107,
    "lightgbm": 2.5121413774604706,
    "catboost": 3.169851807807551,
    "rf": 2.280322257333994,
    "gb": 2.3420051667104853,
    "ridge": 9.665813361337376,
    "linear": 9.086026808181686
  },
  "test_mae_all": {
    "xgboost": 3.472618488306326,
    "lightgbm": 4.049891272947919,
    "catboost": 3.859706981877368,
    "rf": 3.321008677649444,
    "gb": 5.100141014241975,
    "ridge": 11.155861968427303,
    "linear": 9.550018615209106
  },
  "historical_best_cv_mae": 2.042469801781462,
  "is_new_historical_best": false,
  "features": [
    "pm2_5",
    "pm10",
    "co",
    "no2",
    "so2",
    "month_cos",
    "total_pm",
    "total_gases",
    "no2_o3_ratio",
    "pm2_5_rolling_3h",
    "pm10_rolling_3h",
    "co_rolling_3h",
    "pm2_5_co_interaction",
    "hour_sin",
    "hour_cos"
  ],
  "scaler_needed": false,
  "all_models_saved": [
    "model_xgboost.pkl",
    "model_lightgbm.pkl",
    "model_catboost.pkl",
    "model_rf.pkl",
    "model_gb.pkl",
    "model_ridge.pkl",
    "model_linear.pkl"
  ],
  "all_metrics": {
    "train": {
      "xgboost": {
        "mae": 1.8575578054725463,
        "rmse": 3.4260943505229653,
        "r2": 0.9987935394859155,
        "mape": 1.5126423822780126
      },
      "lightgbm": {
        "mae": 1.6793484572360011,
        "rmse": 3.364991800174764,
        "r2": 0.9988361888983613,
        "mape": 1.3699461422228114
      },
      "catboost": {
        "mae": 1.9003727929598613,
        "rmse": 3.0213447163742697,
        "r2": 0.9990617576505422,
        "mape": 1.5957828221315666
      },
      "rf": {
        "mae": 1.1697771840131443,
        "rmse": 3.880929960084991,
        "r2": 0.9984519460740681,
        "mape": 1.1427588028254951
      },
      "gb": {
        "mae": 1.3939159158655985,
        "rmse": 2.974750607775143,
        "r2": 0.9990904729937378,
        "mape": 1.2038997311292203
      },
      "ridge": {
        "mae": 8.719219183975536,
        "rmse": 11.59652255814168,
        "r2": 0.9861780273473337,
        "mape": 8.105665723086785
      },
      "linear": {
        "mae": 8.412078298061964,
        "rmse": 11.268203974736585,
        "r2": 0.9869495984464549,
        "mape": 7.684374476927144
      }
    },
    "val": {
      "xgboost": {
        "mae": 2.7197763800076697,
        "rmse": 8.910503956032551,
        "r2": 0.941057091120177,
        "mape": 4.630070131002178
      },
      "lightgbm": {
        "mae": 2.761570784904436,
        "rmse": 10.305869100482724,
        "r2": 0.9211509846902916,
        "mape": 4.37138177759082
      },
      "catboost": {
        "mae": 3.5143003566251294,
        "rmse": 10.08996899098866,
        "r2": 0.9244200338269326,
        "mape": 5.912662428904513
      },
      "rf": {
        "mae": 3.454298338685467,
        "rmse": 11.912008442458905,
        "r2": 0.894659102257313,
        "mape": 6.034313491228815
      },
      "gb": {
        "mae": 2.6965903739746775,
        "rmse": 9.826504998995025,
        "r2": 0.928315511786917,
        "mape": 4.273229996379232
      },
      "ridge": {
        "mae": 6.503068943716989,
        "rmse": 11.68826996109404,
        "r2": 0.898579091202746,
        "mape": 10.388055862015722
      },
      "linear": {
        "mae": 6.261304257301905,
        "rmse": 11.555993378004992,
        "r2": 0.9008616700325702,
        "mape": 9.640842164686529
      }
    },
    "test": {
      "xgboost": {
        "mae": 3.472618488306326,
        "rmse": 5.798011545144423,
        "r2": 0.9815383420800854,
        "mape": 7.748125225937172
      },
      "lightgbm": {
        "mae": 4.049891272947919,
        "rmse": 6.7133279866238125,
        "r2": 0.9752492548050027,
        "mape": 8.332138504056122
      },
      "catboost": {
        "mae": 3.859706981877368,
        "rmse": 6.350318508100299,
        "r2": 0.9778535783228928,
        "mape": 9.58793513971481
      },
      "rf": {
        "mae": 3.321008677649444,
        "rmse": 6.520395492577315,
        "r2": 0.9766514225812504,
        "mape": 10.158191611242023
      },
      "gb": {
        "mae": 5.100141014241975,
        "rmse": 8.909610379002533,
        "r2": 0.9564056734403991,
        "mape": 8.176947494230266
      },
      "ridge": {
        "mae": 11.155861968427303,
        "rmse": 14.177049581324773,
        "r2": 0.8896215567961642,
        "mape": 22.236026868692445
      },
      "linear": {
        "mae": 9.550018615209106,
        "rmse": 12.52927204456613,
        "r2": 0.9137886936254909,
        "mape": 19.40434743520902
      }
    },
    "cv_mae": {
      "xgboost": 2.673743816831107,
      "lightgbm": 2.5121413774604706,
      "catboost": 3.169851807807551,
      "rf": 2.280322257333994,
      "gb": 2.3420051667104853,
      "ridge": 9.665813361337376,
      "linear": 9.086026808181686
    }
  }
}