{
  "trained_best_model": "rf",
  "new_test_metrics": {
    "mae": 3.6729169847344436,
    "rmse": 6.765186203848417,
    "r2": 0.9686252503632399,
    "mape": 10.612065456473498
  },
  "cv_mae": {
    "xgboost": 2.6368459862039044,
    "lightgbm": 2.4432917057206986,
    "catboost": 3.2009744448102255,
    "rf": 2.1671424290745,
    "gb": 2.320939644486679,
    "ridge": 10.209688903736748,
    "linear": 9.412612671184167
  },
  "test_mae_all": {
    "xgboost": 3.234863369407055,
    "lightgbm": 3.496775650085707,
    "catboost": 3.725597882837085,
    "rf": 3.6729169847344423,
    "gb": 3.606572567762008,
    "ridge": 10.463799644809459,
    "linear": 9.039554574313456
  },
  "historical_best_cv_mae": 2.042469801781462,
  "is_new_historical_best": false,
  "features": [
    "pm2_5",
    "pm10",
    "co",
    "no2",
    "so2",
    "month_cos",
    "total_pm",
    "total_gases",
    "no2_o3_ratio",
    "pm2_5_rolling_3h",
    "pm10_rolling_3h",
    "co_rolling_3h",
    "pm2_5_co_interaction",
    "hour_sin",
    "hour_cos"
  ],
  "scaler_needed": false,
  "all_models_saved": [
    "model_xgboost.pkl",
    "model_lightgbm.pkl",
    "model_catboost.pkl",
    "model_rf.pkl",
    "model_gb.pkl",
    "model_ridge.pkl",
    "model_linear.pkl"
  ],
  "all_metrics": {
    "train": {
      "xgboost": {
        "mae": 1.8351905512327629,
        "rmse": 3.4133296513951126,
        "r2": 0.998829645883365,
        "mape": 1.4861631630990266
      },
      "lightgbm": {
        "mae": 1.9300365376005184,
        "rmse": 3.9079520650755515,
        "r2": 0.9984658801962396,
        "mape": 1.5899516653943977
      },
      "catboost": {
        "mae": 1.911281785625579,
        "rmse": 3.030024712440718,
        "r2": 0.9990777404494702,
        "mape": 1.584088793758157
      },
      "rf": {
        "mae": 1.1660684676585211,
        "rmse": 3.868023569328749,
        "r2": 0.9984970689958692,
        "mape": 1.1403915280613384
      },
      "gb": {
        "mae": 1.3770640093338697,
        "rmse": 2.9130883934334912,
        "r2": 0.9991475515098184,
        "mape": 1.1913649646631126
      },
      "ridge": {
        "mae": 8.876676546673627,
        "rmse": 11.749244502191726,
        "r2": 0.9861330578639612,
        "mape": 8.211047963554268
      },
      "linear": {
        "mae": 8.55559253204868,
        "rmse": 11.404830828969377,
        "r2": 0.9869341245049998,
        "mape": 7.774225867518675
      }
    },
    "val": {
      "xgboost": {
        "mae": 2.785288690976356,
        "rmse": 9.36795321231688,
        "r2": 0.9366986354965448,
        "mape": 4.859306041373335
      },
      "lightgbm": {
        "mae": 3.125037485645846,
        "rmse": 10.320401877513424,
        "r2": 0.9231724712533456,
        "mape": 4.792179603362739
      },
      "catboost": {
        "mae": 3.4694160198021535,
        "rmse": 9.49736673246965,
        "r2": 0.9349376025905204,
        "mape": 5.8540118867774185
      },
      "rf": {
        "mae": 4.120885144162646,
        "rmse": 12.167919031074096,
        "r2": 0.8932036849464297,
        "mape": 6.815288551484097
      },
      "gb": {
        "mae": 2.7721251623354,
        "rmse": 9.839064556670806,
        "r2": 0.930171732684693,
        "mape": 4.140331402392841
      },
      "ridge": {
        "mae": 6.71538560652921,
        "rmse": 11.95234705332332,
        "r2": 0.8969542616024081,
        "mape": 10.586632536352473
      },
      "linear": {
        "mae": 6.465590139379411,
        "rmse": 11.751617391840211,
        "r2": 0.9003863319799384,
        "mape": 9.857092769021481
      }
    },
    "test": {
      "xgboost": {
        "mae": 3.234863369407055,
        "rmse": 5.884625793963295,
        "r2": 0.9762612163726538,
        "mape": 8.426953820746068
      },
      "lightgbm": {
        "mae": 3.496775650085707,
        "rmse": 5.829410510401066,
        "r2": 0.9767046071264612,
        "mape": 8.544446608517397
      },
      "catboost": {
        "mae": 3.725597882837085,
        "rmse": 6.262801738595997,
        "r2": 0.9731120255503252,
        "mape": 9.657460119310914
      },
      "rf": {
        "mae": 3.6729169847344423,
        "rmse": 6.765186203848416,
        "r2": 0.9686252503632399,
        "mape": 10.612065456473498
      },
      "gb": {
        "mae": 3.606572567762008,
        "rmse": 6.696941113746435,
        "r2": 0.9692550550162565,
        "mape": 6.709844791247324
      },
      "ridge": {
        "mae": 10.463799644809459,
        "rmse": 13.66019504860619,
        "r2": 0.8720811457445123,
        "mape": 22.218852432542597
      },
      "linear": {
        "mae": 9.039554574313456,
        "rmse": 12.164889375903337,
        "r2": 0.8985534954106673,
        "mape": 19.400492103602645
      }
    },
    "cv_mae": {
      "xgboost": 2.6368459862039044,
      "lightgbm": 2.4432917057206986,
      "catboost": 3.2009744448102255,
      "rf": 2.1671424290745,
      "gb": 2.320939644486679,
      "ridge": 10.209688903736748,
      "linear": 9.412612671184167
    }
  }
}