{
  "trained_best_model": "rf",
  "new_test_metrics": {
    "mae": 5.6396193720541925,
    "rmse": 7.89449928862245,
    "r2": 0.9523480888735549,
    "mape": 13.7733538621537
  },
  "cv_mae": {
    "xgboost": 2.75678418340515,
    "lightgbm": 2.5840701304197395,
    "catboost": 3.458694817639722,
    "rf": 2.2464851523611,
    "gb": 2.3254133032160738,
    "ridge": 10.543527027418177,
    "linear": 9.58076740274034
  },
  "test_mae_all": {
    "xgboost": 3.2278140221784866,
    "lightgbm": 4.561532371038408,
    "catboost": 4.448211797572268,
    "rf": 5.6396193720541925,
    "gb": 3.8498561649478726,
    "ridge": 10.268710416757635,
    "linear": 8.86762200996088
  },
  "historical_best_cv_mae": 2.042469801781462,
  "is_new_historical_best": false,
  "features": [
    "pm2_5",
    "pm10",
    "co",
    "no2",
    "so2",
    "month_cos",
    "total_pm",
    "total_gases",
    "no2_o3_ratio",
    "pm2_5_rolling_3h",
    "pm10_rolling_3h",
    "co_rolling_3h",
    "pm2_5_co_interaction",
    "hour_sin",
    "hour_cos"
  ],
  "scaler_needed": false,
  "all_models_saved": [
    "model_xgboost.pkl",
    "model_lightgbm.pkl",
    "model_catboost.pkl",
    "model_rf.pkl",
    "model_gb.pkl",
    "model_ridge.pkl",
    "model_linear.pkl"
  ],
  "all_metrics": {
    "train": {
      "xgboost": {
        "mae": 2.11326090432582,
        "rmse": 3.9254533546151325,
        "r2": 0.9984592001391646,
        "mape": 1.6911292797822008
      },
      "lightgbm": {
        "mae": 1.7524147489247794,
        "rmse": 3.4373481824859082,
        "r2": 0.9988185546430023,
        "mape": 1.4128607466779166
      },
      "catboost": {
        "mae": 1.9386013326703433,
        "rmse": 3.03671704243253,
        "r2": 0.9990779059027187,
        "mape": 1.5867941943387445
      },
      "rf": {
        "mae": 1.1653332233025597,
        "rmse": 3.8009645777240153,
        "r2": 0.9985553779714345,
        "mape": 1.1363417690303184
      },
      "gb": {
        "mae": 1.415034389646563,
        "rmse": 3.001673280891739,
        "r2": 0.9990990650658739,
        "mape": 1.199888092729594
      },
      "ridge": {
        "mae": 9.000108646472002,
        "rmse": 11.850360933917889,
        "r2": 0.9859579749118539,
        "mape": 8.24712674451275
      },
      "linear": {
        "mae": 8.673122449897312,
        "rmse": 11.502059011057087,
        "r2": 0.9867712816162587,
        "mape": 7.808667386896097
      }
    },
    "val": {
      "xgboost": {
        "mae": 2.747385808866318,
        "rmse": 9.307259894124082,
        "r2": 0.9366593599118456,
        "mape": 4.8926222850548085
      },
      "lightgbm": {
        "mae": 3.038948776289078,
        "rmse": 10.003314627836854,
        "r2": 0.9268310837372005,
        "mape": 4.744790981713536
      },
      "catboost": {
        "mae": 4.188417015127189,
        "rmse": 10.575378046947698,
        "r2": 0.9182231141442194,
        "mape": 6.709646316637177
      },
      "rf": {
        "mae": 5.731894104478164,
        "rmse": 12.59891843439577,
        "r2": 0.883933926124784,
        "mape": 9.604349854468149
      },
      "gb": {
        "mae": 2.8561051820919627,
        "rmse": 9.735392332788754,
        "r2": 0.9306980138194089,
        "mape": 4.4955456578101165
      },
      "ridge": {
        "mae": 7.0382452639463855,
        "rmse": 12.154189619155556,
        "r2": 0.8919833310017473,
        "mape": 11.32440657564238
      },
      "linear": {
        "mae": 6.674392175027774,
        "rmse": 11.830795933018646,
        "r2": 0.8976549854501534,
        "mape": 10.447088393854669
      }
    },
    "test": {
      "xgboost": {
        "mae": 3.2278140221784866,
        "rmse": 5.930858351350566,
        "r2": 0.9731053283310691,
        "mape": 8.781410485206042
      },
      "lightgbm": {
        "mae": 4.561532371038408,
        "rmse": 7.339688345077285,
        "r2": 0.9588105130780915,
        "mape": 9.72157784634048
      },
      "catboost": {
        "mae": 4.448211797572268,
        "rmse": 6.6017781327244585,
        "r2": 0.9666763171222612,
        "mape": 10.372900148089206
      },
      "rf": {
        "mae": 5.6396193720541925,
        "rmse": 7.89449928862245,
        "r2": 0.9523480888735549,
        "mape": 13.7733538621537
      },
      "gb": {
        "mae": 3.8498561649478726,
        "rmse": 6.922673149765386,
        "r2": 0.9633580314613143,
        "mape": 7.809336852301667
      },
      "ridge": {
        "mae": 10.268710416757635,
        "rmse": 13.66752962719195,
        "r2": 0.8571727115646952,
        "mape": 22.342299521175875
      },
      "linear": {
        "mae": 8.86762200996088,
        "rmse": 12.161035586314776,
        "r2": 0.8869235248931886,
        "mape": 19.470284076868605
      }
    },
    "cv_mae": {
      "xgboost": 2.75678418340515,
      "lightgbm": 2.5840701304197395,
      "catboost": 3.458694817639722,
      "rf": 2.2464851523611,
      "gb": 2.3254133032160738,
      "ridge": 10.543527027418177,
      "linear": 9.58076740274034
    }
  }
}