{
  "trained_best_model": "rf",
  "new_test_metrics": {
    "mae": 5.246092396447847,
    "rmse": 7.967898225285274,
    "r2": 0.9513138551650343,
    "mape": 13.367408194079264
  },
  "cv_mae": {
    "xgboost": 2.7231774324540288,
    "lightgbm": 2.481855813015635,
    "catboost": 3.445022359346497,
    "rf": 2.1650350136849434,
    "gb": 2.2764780255553836,
    "ridge": 10.606551002060776,
    "linear": 9.858540552112391
  },
  "test_mae_all": {
    "xgboost": 3.6749573825939574,
    "lightgbm": 4.019436460147194,
    "catboost": 3.989728590573721,
    "rf": 5.246092396447847,
    "gb": 4.001121760016419,
    "ridge": 10.442319505353868,
    "linear": 9.041231984717047
  },
  "historical_best_cv_mae": 2.042469801781462,
  "is_new_historical_best": false,
  "features": [
    "pm2_5",
    "pm10",
    "co",
    "no2",
    "so2",
    "month_cos",
    "total_pm",
    "total_gases",
    "no2_o3_ratio",
    "pm2_5_rolling_3h",
    "pm10_rolling_3h",
    "co_rolling_3h",
    "pm2_5_co_interaction",
    "hour_sin",
    "hour_cos"
  ],
  "scaler_needed": false,
  "all_models_saved": [
    "model_xgboost.pkl",
    "model_lightgbm.pkl",
    "model_catboost.pkl",
    "model_rf.pkl",
    "model_gb.pkl",
    "model_ridge.pkl",
    "model_linear.pkl"
  ],
  "all_metrics": {
    "train": {
      "xgboost": {
        "mae": 1.8612656653977186,
        "rmse": 3.4078466124748013,
        "r2": 0.9988297331950208,
        "mape": 1.49329799146051
      },
      "lightgbm": {
        "mae": 1.9188066551591527,
        "rmse": 3.8903442739663583,
        "r2": 0.9984748910142978,
        "mape": 1.5541954641169504
      },
      "catboost": {
        "mae": 1.9342046175682341,
        "rmse": 3.053721767434934,
        "r2": 0.9990603118760739,
        "mape": 1.5985318378218316
      },
      "rf": {
        "mae": 1.1532094789174998,
        "rmse": 3.820779350227369,
        "r2": 0.9985289456304386,
        "mape": 1.1248628272428796
      },
      "gb": {
        "mae": 1.4158736680187287,
        "rmse": 3.008057418382104,
        "r2": 0.9990882053234094,
        "mape": 1.2057336903483615
      },
      "ridge": {
        "mae": 8.979099812934384,
        "rmse": 11.818854004118693,
        "r2": 0.9859241203680779,
        "mape": 8.248500319726151
      },
      "linear": {
        "mae": 8.644427575083238,
        "rmse": 11.462227301044502,
        "r2": 0.9867607665138213,
        "mape": 7.798366377796619
      }
    },
    "val": {
      "xgboost": {
        "mae": 2.8395836886749963,
        "rmse": 9.060457446958296,
        "r2": 0.9381091009702409,
        "mape": 5.1379722654780835
      },
      "lightgbm": {
        "mae": 3.0136344844732768,
        "rmse": 10.530110949608037,
        "r2": 0.9164026644726933,
        "mape": 4.842610868144235
      },
      "catboost": {
        "mae": 3.8894613464969185,
        "rmse": 10.902480991361287,
        "r2": 0.9103857204633283,
        "mape": 6.306098027520875
      },
      "rf": {
        "mae": 5.49255290312524,
        "rmse": 12.644175515416912,
        "r2": 0.8794665540915759,
        "mape": 9.307288417611737
      },
      "gb": {
        "mae": 2.726729610699877,
        "rmse": 9.697833610139128,
        "r2": 0.929095140918951,
        "mape": 4.4097208317119625
      },
      "ridge": {
        "mae": 6.826702029096299,
        "rmse": 11.90445053598825,
        "r2": 0.8931572024576652,
        "mape": 11.186695713450678
      },
      "linear": {
        "mae": 6.45226996883785,
        "rmse": 11.625669357680279,
        "r2": 0.8981027471479804,
        "mape": 10.22884913883875
      }
    },
    "test": {
      "xgboost": {
        "mae": 3.6749573825939574,
        "rmse": 6.368181694272733,
        "r2": 0.9689008354395336,
        "mape": 9.38240527916462
      },
      "lightgbm": {
        "mae": 4.019436460147194,
        "rmse": 6.761534815487281,
        "r2": 0.9649402828888652,
        "mape": 9.490350750469176
      },
      "catboost": {
        "mae": 3.989728590573721,
        "rmse": 6.465263324217561,
        "r2": 0.9679454070450448,
        "mape": 9.8852976757455
      },
      "rf": {
        "mae": 5.246092396447847,
        "rmse": 7.967898225285272,
        "r2": 0.9513138551650343,
        "mape": 13.367408194079264
      },
      "gb": {
        "mae": 4.001121760016419,
        "rmse": 7.298459314271271,
        "r2": 0.959151114391728,
        "mape": 8.013555920502128
      },
      "ridge": {
        "mae": 10.442319505353868,
        "rmse": 13.739054314571701,
        "r2": 0.855245687427357,
        "mape": 22.57081611860635
      },
      "linear": {
        "mae": 9.041231984717047,
        "rmse": 12.246672705358248,
        "r2": 0.8849851140330237,
        "mape": 19.67736161641187
      }
    },
    "cv_mae": {
      "xgboost": 2.7231774324540288,
      "lightgbm": 2.481855813015635,
      "catboost": 3.445022359346497,
      "rf": 2.1650350136849434,
      "gb": 2.2764780255553836,
      "ridge": 10.606551002060776,
      "linear": 9.858540552112391
    }
  }
}