{
  "trained_best_model": "rf",
  "new_test_metrics": {
    "mae": 3.631439966895559,
    "rmse": 6.796294933305328,
    "r2": 0.970429854686774,
    "mape": 10.586702697923934
  },
  "cv_mae": {
    "xgboost": 2.602514377825414,
    "lightgbm": 2.4020345308678714,
    "catboost": 3.25134725002171,
    "rf": 2.1535739771104176,
    "gb": 2.250652465511214,
    "ridge": 10.175619419134241,
    "linear": 9.426800543295276
  },
  "test_mae_all": {
    "xgboost": 3.3661151385341324,
    "lightgbm": 3.9241187168085885,
    "catboost": 4.312023974768818,
    "rf": 3.6314399668955604,
    "gb": 4.079670374351948,
    "ridge": 10.52483757565954,
    "linear": 9.080869067862029
  },
  "historical_best_cv_mae": 2.042469801781462,
  "is_new_historical_best": false,
  "features": [
    "pm2_5",
    "pm10",
    "co",
    "no2",
    "so2",
    "month_cos",
    "total_pm",
    "total_gases",
    "no2_o3_ratio",
    "pm2_5_rolling_3h",
    "pm10_rolling_3h",
    "co_rolling_3h",
    "pm2_5_co_interaction",
    "hour_sin",
    "hour_cos"
  ],
  "scaler_needed": false,
  "all_models_saved": [
    "model_xgboost.pkl",
    "model_lightgbm.pkl",
    "model_catboost.pkl",
    "model_rf.pkl",
    "model_gb.pkl",
    "model_ridge.pkl",
    "model_linear.pkl"
  ],
  "all_metrics": {
    "train": {
      "xgboost": {
        "mae": 1.8502489015003163,
        "rmse": 3.379661480950843,
        "r2": 0.9988441634547918,
        "mape": 1.49118414990861
      },
      "lightgbm": {
        "mae": 1.5590453005724858,
        "rmse": 3.0989042713268042,
        "r2": 0.9990282236194586,
        "mape": 1.2823078962286867
      },
      "catboost": {
        "mae": 1.8921094700481185,
        "rmse": 2.9846662105506474,
        "r2": 0.9990985501810102,
        "mape": 1.5859015462380615
      },
      "rf": {
        "mae": 1.1639147105729624,
        "rmse": 3.8804462684328653,
        "r2": 0.9984762512356863,
        "mape": 1.1386011153115627
      },
      "gb": {
        "mae": 1.3815039963412605,
        "rmse": 2.8930897699373315,
        "r2": 0.9991530186702132,
        "mape": 1.1891665264451643
      },
      "ridge": {
        "mae": 8.86045004367733,
        "rmse": 11.72445644102028,
        "r2": 0.9860897334237616,
        "mape": 8.214272527377021
      },
      "linear": {
        "mae": 8.540674656943116,
        "rmse": 11.381707497749325,
        "r2": 0.9868911420130527,
        "mape": 7.778640772509338
      }
    },
    "val": {
      "xgboost": {
        "mae": 2.7876187720799557,
        "rmse": 8.86277917109227,
        "r2": 0.9431114422884394,
        "mape": 4.83261984232898
      },
      "lightgbm": {
        "mae": 2.9045815782121243,
        "rmse": 9.84339942779643,
        "r2": 0.9298261533781057,
        "mape": 4.655569094597775
      },
      "catboost": {
        "mae": 3.6552135367085166,
        "rmse": 10.193756386791536,
        "r2": 0.9247418449276971,
        "mape": 6.163915012176585
      },
      "rf": {
        "mae": 4.058557555038355,
        "rmse": 12.158014402419361,
        "r2": 0.8929441575031456,
        "mape": 6.727642499730048
      },
      "gb": {
        "mae": 2.7376870279360106,
        "rmse": 9.445550648565575,
        "r2": 0.935384065624117,
        "mape": 4.304156361901454
      },
      "ridge": {
        "mae": 6.575920508743066,
        "rmse": 11.898150137654065,
        "r2": 0.8974716528617337,
        "mape": 10.326849867849237
      },
      "linear": {
        "mae": 6.336816058890457,
        "rmse": 11.701876603366902,
        "r2": 0.900826396241169,
        "mape": 9.622538881034751
      }
    },
    "test": {
      "xgboost": {
        "mae": 3.3661151385341324,
        "rmse": 5.8222106852574935,
        "r2": 0.9782987446071244,
        "mape": 8.303973557284586
      },
      "lightgbm": {
        "mae": 3.9241187168085885,
        "rmse": 6.5459506040637265,
        "r2": 0.9725681895221923,
        "mape": 8.234241761279321
      },
      "catboost": {
        "mae": 4.312023974768818,
        "rmse": 6.834996917503861,
        "r2": 0.970092117196628,
        "mape": 10.32812161690156
      },
      "rf": {
        "mae": 3.6314399668955604,
        "rmse": 6.796294933305326,
        "r2": 0.970429854686774,
        "mape": 10.586702697923933
      },
      "gb": {
        "mae": 4.079670374351948,
        "rmse": 7.6898138940717535,
        "r2": 0.9621434805071555,
        "mape": 7.441301192642717
      },
      "ridge": {
        "mae": 10.52483757565954,
        "rmse": 13.689118608258314,
        "r2": 0.8800334976990778,
        "mape": 22.15427099919245
      },
      "linear": {
        "mae": 9.080869067862029,
        "rmse": 12.181803089942072,
        "r2": 0.9049981255257296,
        "mape": 19.347929862721728
      }
    },
    "cv_mae": {
      "xgboost": 2.602514377825414,
      "lightgbm": 2.4020345308678714,
      "catboost": 3.25134725002171,
      "rf": 2.1535739771104176,
      "gb": 2.250652465511214,
      "ridge": 10.175619419134241,
      "linear": 9.426800543295276
    }
  }
}