{
  "trained_best_model": "rf",
  "new_test_metrics": {
    "mae": 3.34652635742642,
    "rmse": 6.527509799870969,
    "r2": 0.9761947808081693,
    "mape": 10.170810710234255
  },
  "cv_mae": {
    "xgboost": 2.6830883888349137,
    "lightgbm": 2.4718897852815402,
    "catboost": 3.202977251754901,
    "rf": 2.247090654084251,
    "gb": 2.2716268208145665,
    "ridge": 9.645823884054476,
    "linear": 9.02746043354748
  },
  "test_mae_all": {
    "xgboost": 2.9399596580255047,
    "lightgbm": 4.3837919087173995,
    "catboost": 3.905691373275511,
    "rf": 3.34652635742642,
    "gb": 4.790830110213064,
    "ridge": 11.033958693261782,
    "linear": 9.452155923565357
  },
  "historical_best_cv_mae": 2.042469801781462,
  "is_new_historical_best": false,
  "features": [
    "pm2_5",
    "pm10",
    "co",
    "no2",
    "so2",
    "month_cos",
    "total_pm",
    "total_gases",
    "no2_o3_ratio",
    "pm2_5_rolling_3h",
    "pm10_rolling_3h",
    "co_rolling_3h",
    "pm2_5_co_interaction",
    "hour_sin",
    "hour_cos"
  ],
  "scaler_needed": false,
  "all_models_saved": [
    "model_xgboost.pkl",
    "model_lightgbm.pkl",
    "model_catboost.pkl",
    "model_rf.pkl",
    "model_gb.pkl",
    "model_ridge.pkl",
    "model_linear.pkl"
  ],
  "all_metrics": {
    "train": {
      "xgboost": {
        "mae": 1.8231334236814396,
        "rmse": 3.37371059055885,
        "r2": 0.9988330335379113,
        "mape": 1.4904988005035238
      },
      "lightgbm": {
        "mae": 1.6862878918244641,
        "rmse": 3.3622347381331963,
        "r2": 0.9988409590299554,
        "mape": 1.375702748897265
      },
      "catboost": {
        "mae": 1.8965214775529666,
        "rmse": 3.031050683698271,
        "r2": 0.9990580472401346,
        "mape": 1.5876556760499805
      },
      "rf": {
        "mae": 1.1757624860742018,
        "rmse": 3.886115942278825,
        "r2": 0.9984516318359573,
        "mape": 1.1501480073974237
      },
      "gb": {
        "mae": 1.3889347917454595,
        "rmse": 2.964207086865209,
        "r2": 0.9990991348045258,
        "mape": 1.211684302047463
      },
      "ridge": {
        "mae": 8.739346182317092,
        "rmse": 11.616704472895742,
        "r2": 0.9861640619698104,
        "mape": 8.114190350221733
      },
      "linear": {
        "mae": 8.426297651706474,
        "rmse": 11.283193618098837,
        "r2": 0.9869471061193203,
        "mape": 7.687750714047378
      }
    },
    "val": {
      "xgboost": {
        "mae": 2.7234003903114634,
        "rmse": 9.431747383440456,
        "r2": 0.9343303686002129,
        "mape": 4.5750640032468395
      },
      "lightgbm": {
        "mae": 2.917250454217636,
        "rmse": 10.14102936128007,
        "r2": 0.9240820734282378,
        "mape": 4.662805068771745
      },
      "catboost": {
        "mae": 3.431477291437904,
        "rmse": 10.310027866554403,
        "r2": 0.9215306714637747,
        "mape": 5.936450544012831
      },
      "rf": {
        "mae": 3.443108009701755,
        "rmse": 11.90422566454972,
        "r2": 0.895387745849095,
        "mape": 6.01909845812965
      },
      "gb": {
        "mae": 2.6257683879657603,
        "rmse": 9.844334769873207,
        "r2": 0.928459329491828,
        "mape": 4.091137511695445
      },
      "ridge": {
        "mae": 6.5876961230983255,
        "rmse": 11.765551665021006,
        "r2": 0.8978108354391467,
        "mape": 10.434526935759783
      },
      "linear": {
        "mae": 6.356424986846662,
        "rmse": 11.645600455791616,
        "r2": 0.8998838754079536,
        "mape": 9.697112103295218
      }
    },
    "test": {
      "xgboost": {
        "mae": 2.9399596580255047,
        "rmse": 5.053484616202933,
        "r2": 0.985732134207387,
        "mape": 7.308048678527576
      },
      "lightgbm": {
        "mae": 4.3837919087173995,
        "rmse": 7.081839064719882,
        "r2": 0.9719799293492087,
        "mape": 8.714988434700809
      },
      "catboost": {
        "mae": 3.905691373275511,
        "rmse": 6.58540667362617,
        "r2": 0.9757706190325955,
        "mape": 10.038979634091541
      },
      "rf": {
        "mae": 3.34652635742642,
        "rmse": 6.527509799870969,
        "r2": 0.9761947808081693,
        "mape": 10.170810710234255
      },
      "gb": {
        "mae": 4.790830110213064,
        "rmse": 8.200994856761096,
        "r2": 0.9624240301480806,
        "mape": 7.59474654610979
      },
      "ridge": {
        "mae": 11.033958693261782,
        "rmse": 14.094149566751026,
        "r2": 0.8890174059717917,
        "mape": 22.178884520051596
      },
      "linear": {
        "mae": 9.452155923565357,
        "rmse": 12.455740407445736,
        "r2": 0.9133205361122155,
        "mape": 19.343505144000673
      }
    },
    "cv_mae": {
      "xgboost": 2.6830883888349137,
      "lightgbm": 2.4718897852815402,
      "catboost": 3.202977251754901,
      "rf": 2.247090654084251,
      "gb": 2.2716268208145665,
      "ridge": 9.645823884054476,
      "linear": 9.02746043354748
    }
  }
}