{
  "trained_best_model": "rf",
  "new_test_metrics": {
    "mae": 3.3611477797144356,
    "rmse": 6.640549265310079,
    "r2": 0.9775850200576126,
    "mape": 10.319713934690302
  },
  "cv_mae": {
    "xgboost": 2.7224597583778216,
    "lightgbm": 2.4980284027698043,
    "catboost": 3.371903021668215,
    "rf": 2.24191276465451,
    "gb": 2.3713940498926425,
    "ridge": 10.08495758507541,
    "linear": 9.440758940982677
  },
  "test_mae_all": {
    "xgboost": 3.634339816628101,
    "lightgbm": 4.16914751602816,
    "catboost": 3.8707187872329585,
    "rf": 3.361147779714437,
    "gb": 5.718790196217317,
    "ridge": 11.388143072173039,
    "linear": 9.740825913523485
  },
  "historical_best_cv_mae": 2.042469801781462,
  "is_new_historical_best": false,
  "features": [
    "pm2_5",
    "pm10",
    "co",
    "no2",
    "so2",
    "month_cos",
    "total_pm",
    "total_gases",
    "no2_o3_ratio",
    "pm2_5_rolling_3h",
    "pm10_rolling_3h",
    "co_rolling_3h",
    "pm2_5_co_interaction",
    "hour_sin",
    "hour_cos"
  ],
  "scaler_needed": false,
  "all_models_saved": [
    "model_xgboost.pkl",
    "model_lightgbm.pkl",
    "model_catboost.pkl",
    "model_rf.pkl",
    "model_gb.pkl",
    "model_ridge.pkl",
    "model_linear.pkl"
  ],
  "all_metrics": {
    "train": {
      "xgboost": {
        "mae": 1.8448175898736703,
        "rmse": 3.4272398352953166,
        "r2": 0.9987850569498097,
        "mape": 1.5221226369153915
      },
      "lightgbm": {
        "mae": 1.5093982737861031,
        "rmse": 3.0241426934225752,
        "r2": 0.9990540428029245,
        "mape": 1.2538092130074796
      },
      "catboost": {
        "mae": 1.8999081086469676,
        "rmse": 3.013479623539789,
        "r2": 0.9990607018966068,
        "mape": 1.6039901837376913
      },
      "rf": {
        "mae": 1.1779696621976794,
        "rmse": 3.9005078934262656,
        "r2": 0.9984263460028014,
        "mape": 1.1543917246913873
      },
      "gb": {
        "mae": 1.3949038778544842,
        "rmse": 2.9893866967666156,
        "r2": 0.9990756613305258,
        "mape": 1.2194308506757625
      },
      "ridge": {
        "mae": 8.707293727080238,
        "rmse": 11.575307860228268,
        "r2": 0.9861409957507826,
        "mape": 8.137036277659842
      },
      "linear": {
        "mae": 8.402427148957587,
        "rmse": 11.252660874902725,
        "r2": 0.9869028323061466,
        "mape": 7.7148348624508545
      }
    },
    "val": {
      "xgboost": {
        "mae": 2.848943904110286,
        "rmse": 8.981636311499454,
        "r2": 0.9401130850963354,
        "mape": 4.951317569902565
      },
      "lightgbm": {
        "mae": 2.8503532219980072,
        "rmse": 10.0945874018666,
        "r2": 0.9243518772516567,
        "mape": 4.522830169991286
      },
      "catboost": {
        "mae": 3.2837501632308728,
        "rmse": 10.124090771173934,
        "r2": 0.9239090387373742,
        "mape": 5.465310349395003
      },
      "rf": {
        "mae": 3.4374539045735513,
        "rmse": 11.913608337776306,
        "r2": 0.8946322644124048,
        "mape": 6.070450698173357
      },
      "gb": {
        "mae": 2.8191713787341737,
        "rmse": 9.64223243922463,
        "r2": 0.9309798016504303,
        "mape": 4.503489546229418
      },
      "ridge": {
        "mae": 6.3692791132618165,
        "rmse": 11.589015426640366,
        "r2": 0.9002956533640194,
        "mape": 10.362958157438946
      },
      "linear": {
        "mae": 6.065520523642632,
        "rmse": 11.428546787868397,
        "r2": 0.9030376726446522,
        "mape": 9.520609048690094
      }
    },
    "test": {
      "xgboost": {
        "mae": 3.634339816628101,
        "rmse": 5.935377117782077,
        "r2": 0.982092828841001,
        "mape": 8.321469270725768
      },
      "lightgbm": {
        "mae": 4.16914751602816,
        "rmse": 6.525886320511812,
        "r2": 0.9783524198167537,
        "mape": 8.29542030216135
      },
      "catboost": {
        "mae": 3.8707187872329585,
        "rmse": 6.363412366295432,
        "r2": 0.9794169142303357,
        "mape": 9.37114369944291
      },
      "rf": {
        "mae": 3.361147779714437,
        "rmse": 6.64054926531008,
        "r2": 0.9775850200576126,
        "mape": 10.319713934690302
      },
      "gb": {
        "mae": 5.718790196217317,
        "rmse": 9.811416234691935,
        "r2": 0.9510679118598214,
        "mape": 8.730383512993793
      },
      "ridge": {
        "mae": 11.388143072173039,
        "rmse": 14.34180881158844,
        "r2": 0.8954465890193529,
        "mape": 22.32101333830081
      },
      "linear": {
        "mae": 9.740825913523485,
        "rmse": 12.660356640392836,
        "r2": 0.9185254016305583,
        "mape": 19.48606859825454
      }
    },
    "cv_mae": {
      "xgboost": 2.7224597583778216,
      "lightgbm": 2.4980284027698043,
      "catboost": 3.371903021668215,
      "rf": 2.24191276465451,
      "gb": 2.3713940498926425,
      "ridge": 10.08495758507541,
      "linear": 9.440758940982677
    }
  }
}