{
  "trained_best_model": "rf",
  "new_test_metrics": {
    "mae": 4.322773149059472,
    "rmse": 7.254460343011361,
    "r2": 0.9606868126752186,
    "mape": 11.907576155984497
  },
  "cv_mae": {
    "xgboost": 2.685920687337677,
    "lightgbm": 2.439620068933787,
    "catboost": 3.249889047716342,
    "rf": 2.13382933970054,
    "gb": 2.311426545168877,
    "ridge": 10.229177033014604,
    "linear": 9.386865831199916
  },
  "test_mae_all": {
    "xgboost": 3.3864325606363814,
    "lightgbm": 3.9392170000447506,
    "catboost": 3.8527809847536174,
    "rf": 4.322773149059472,
    "gb": 3.808386065076637,
    "ridge": 10.459500270707021,
    "linear": 9.05792554802057
  },
  "historical_best_cv_mae": 2.042469801781462,
  "is_new_historical_best": false,
  "features": [
    "pm2_5",
    "pm10",
    "co",
    "no2",
    "so2",
    "month_cos",
    "total_pm",
    "total_gases",
    "no2_o3_ratio",
    "pm2_5_rolling_3h",
    "pm10_rolling_3h",
    "co_rolling_3h",
    "pm2_5_co_interaction",
    "hour_sin",
    "hour_cos"
  ],
  "scaler_needed": false,
  "all_models_saved": [
    "model_xgboost.pkl",
    "model_lightgbm.pkl",
    "model_catboost.pkl",
    "model_rf.pkl",
    "model_gb.pkl",
    "model_ridge.pkl",
    "model_linear.pkl"
  ],
  "all_metrics": {
    "train": {
      "xgboost": {
        "mae": 1.844833420991742,
        "rmse": 3.3719197880103247,
        "r2": 0.9988584885127537,
        "mape": 1.4822234673142614
      },
      "lightgbm": {
        "mae": 1.7427330798348895,
        "rmse": 3.4331676149350434,
        "r2": 0.998816642873344,
        "mape": 1.4174074249811293
      },
      "catboost": {
        "mae": 1.9483786462625274,
        "rmse": 3.074655365278427,
        "r2": 0.9990508852936095,
        "mape": 1.6085543797201978
      },
      "rf": {
        "mae": 1.1609269084961016,
        "rmse": 3.867461624795616,
        "r2": 0.99849831845879,
        "mape": 1.1346945298495406
      },
      "gb": {
        "mae": 1.3943752147721407,
        "rmse": 2.928129453935545,
        "r2": 0.9991391918649954,
        "mape": 1.1902957526442395
      },
      "ridge": {
        "mae": 8.896622446024976,
        "rmse": 11.768512553232727,
        "r2": 0.9860950649013157,
        "mape": 8.211205877548686
      },
      "linear": {
        "mae": 8.57616329686674,
        "rmse": 11.423026616362744,
        "r2": 0.9868994902787671,
        "mape": 7.7763034989190984
      }
    },
    "val": {
      "xgboost": {
        "mae": 3.0089566130616348,
        "rmse": 9.276192081255028,
        "r2": 0.9378091177822754,
        "mape": 5.3550564972887145
      },
      "lightgbm": {
        "mae": 3.049671159421015,
        "rmse": 10.19347395611976,
        "r2": 0.9249014266113261,
        "mape": 4.913223699643074
      },
      "catboost": {
        "mae": 3.433772419890446,
        "rmse": 9.841583629581876,
        "r2": 0.9299969074757906,
        "mape": 5.766150982180679
      },
      "rf": {
        "mae": 4.792025022832731,
        "rmse": 12.422503591054657,
        "r2": 0.8884664530704586,
        "mape": 8.040730473777876
      },
      "gb": {
        "mae": 2.8930849171277395,
        "rmse": 9.804322196370372,
        "r2": 0.9305259844547252,
        "mape": 4.6763098535801095
      },
      "ridge": {
        "mae": 6.910000253354929,
        "rmse": 12.050774401625672,
        "r2": 0.8950416090488983,
        "mape": 10.974476579084477
      },
      "linear": {
        "mae": 6.591934568518055,
        "rmse": 11.812229822900258,
        "r2": 0.8991557760914568,
        "mape": 10.116676849730686
      }
    },
    "test": {
      "xgboost": {
        "mae": 3.3864325606363814,
        "rmse": 6.094531507074647,
        "r2": 0.9722534694044008,
        "mape": 9.162585871674175
      },
      "lightgbm": {
        "mae": 3.9392170000447506,
        "rmse": 6.655655882129084,
        "r2": 0.9669090105706695,
        "mape": 9.171292962599061
      },
      "catboost": {
        "mae": 3.8527809847536174,
        "rmse": 6.265957807235368,
        "r2": 0.9706706143426994,
        "mape": 9.601810713216702
      },
      "rf": {
        "mae": 4.322773149059472,
        "rmse": 7.25446034301136,
        "r2": 0.9606868126752186,
        "mape": 11.907576155984497
      },
      "gb": {
        "mae": 3.808386065076637,
        "rmse": 6.722629085835174,
        "r2": 0.966239697123367,
        "mape": 8.289341555359634
      },
      "ridge": {
        "mae": 10.459500270707021,
        "rmse": 13.692942910293059,
        "r2": 0.8599375790400549,
        "mape": 22.413205101659674
      },
      "linear": {
        "mae": 9.05792554802057,
        "rmse": 12.193279267744074,
        "r2": 0.8889370831061288,
        "mape": 19.596434070059434
      }
    },
    "cv_mae": {
      "xgboost": 2.685920687337677,
      "lightgbm": 2.439620068933787,
      "catboost": 3.249889047716342,
      "rf": 2.13382933970054,
      "gb": 2.311426545168877,
      "ridge": 10.229177033014604,
      "linear": 9.386865831199916
    }
  }
}