{
  "trained_best_model": "rf",
  "new_test_metrics": {
    "mae": 3.468826420002371,
    "rmse": 6.654336110092692,
    "r2": 0.9747463558228936,
    "mape": 10.43135318495277
  },
  "cv_mae": {
    "xgboost": 2.6534242469503924,
    "lightgbm": 2.502397788375357,
    "catboost": 3.1998820209352896,
    "rf": 2.235436156112615,
    "gb": 2.3173078362237614,
    "ridge": 9.728987543964113,
    "linear": 9.08222428592742
  },
  "test_mae_all": {
    "xgboost": 3.327678226030162,
    "lightgbm": 3.7598899091725517,
    "catboost": 3.8001093942893593,
    "rf": 3.468826420002371,
    "gb": 5.1628234588753,
    "ridge": 10.935693110325051,
    "linear": 9.380966514392357
  },
  "historical_best_cv_mae": 2.042469801781462,
  "is_new_historical_best": false,
  "features": [
    "pm2_5",
    "pm10",
    "co",
    "no2",
    "so2",
    "month_cos",
    "total_pm",
    "total_gases",
    "no2_o3_ratio",
    "pm2_5_rolling_3h",
    "pm10_rolling_3h",
    "co_rolling_3h",
    "pm2_5_co_interaction",
    "hour_sin",
    "hour_cos"
  ],
  "scaler_needed": false,
  "all_models_saved": [
    "model_xgboost.pkl",
    "model_lightgbm.pkl",
    "model_catboost.pkl",
    "model_rf.pkl",
    "model_gb.pkl",
    "model_ridge.pkl",
    "model_linear.pkl"
  ],
  "all_metrics": {
    "train": {
      "xgboost": {
        "mae": 1.8514601622853337,
        "rmse": 3.4057753708300997,
        "r2": 0.9988179298090588,
        "mape": 1.4986885114244777
      },
      "lightgbm": {
        "mae": 1.8421857087810258,
        "rmse": 3.7278361777417652,
        "r2": 0.9985837989827029,
        "mape": 1.5210406745868745
      },
      "catboost": {
        "mae": 1.9028705012936182,
        "rmse": 2.9975746010942204,
        "r2": 0.9990843041096922,
        "mape": 1.6089431555735765
      },
      "rf": {
        "mae": 1.1700751372717386,
        "rmse": 3.89009523388033,
        "r2": 0.9984578318430087,
        "mape": 1.148022652342246
      },
      "gb": {
        "mae": 1.378482787293798,
        "rmse": 2.911297819827681,
        "r2": 0.9991362570117743,
        "mape": 1.1922493261328504
      },
      "ridge": {
        "mae": 8.770741377430035,
        "rmse": 11.649961359772592,
        "r2": 0.9861687881187928,
        "mape": 8.132233954453623
      },
      "linear": {
        "mae": 8.455939421913937,
        "rmse": 11.313524582704236,
        "r2": 0.9869561104047053,
        "mape": 7.70505158619107
      }
    },
    "val": {
      "xgboost": {
        "mae": 2.7356862978303815,
        "rmse": 9.004788302513049,
        "r2": 0.9397249414136911,
        "mape": 4.812706059251155
      },
      "lightgbm": {
        "mae": 2.822432828671701,
        "rmse": 10.349314429016033,
        "r2": 0.9203815368828482,
        "mape": 4.5736976674047245
      },
      "catboost": {
        "mae": 3.422990021122186,
        "rmse": 10.395154855158276,
        "r2": 0.9196746635443357,
        "mape": 5.598904347998128
      },
      "rf": {
        "mae": 3.544641741938711,
        "rmse": 11.93755438830576,
        "r2": 0.8940694192611677,
        "mape": 6.205881205909093
      },
      "gb": {
        "mae": 2.5690613426048015,
        "rmse": 9.799465478330962,
        "r2": 0.9286169005150862,
        "mape": 4.056407950759302
      },
      "ridge": {
        "mae": 6.5723130077516245,
        "rmse": 11.7747136457781,
        "r2": 0.8969397159903787,
        "mape": 10.423625277911274
      },
      "linear": {
        "mae": 6.323760840520502,
        "rmse": 11.650819033175864,
        "r2": 0.8990971251780477,
        "mape": 9.66767364780943
      }
    },
    "test": {
      "xgboost": {
        "mae": 3.327678226030162,
        "rmse": 5.570997562457926,
        "r2": 0.9822997040720751,
        "mape": 8.164291052465664
      },
      "lightgbm": {
        "mae": 3.7598899091725517,
        "rmse": 6.167597007262581,
        "r2": 0.9783056536942157,
        "mape": 8.738326078183489
      },
      "catboost": {
        "mae": 3.8001093942893593,
        "rmse": 6.260892050105779,
        "r2": 0.9776443643979722,
        "mape": 9.06185758067256
      },
      "rf": {
        "mae": 3.468826420002371,
        "rmse": 6.654336110092693,
        "r2": 0.9747463558228936,
        "mape": 10.431353184952771
      },
      "gb": {
        "mae": 5.1628234588753,
        "rmse": 9.087742859552039,
        "r2": 0.9528993771141754,
        "mape": 8.09495504633835
      },
      "ridge": {
        "mae": 10.935693110325051,
        "rmse": 14.012807255815328,
        "r2": 0.8880137022396968,
        "mape": 22.15379416524025
      },
      "linear": {
        "mae": 9.380966514392357,
        "rmse": 12.395149775258144,
        "r2": 0.9123769939669847,
        "mape": 19.32920097222249
      }
    },
    "cv_mae": {
      "xgboost": 2.6534242469503924,
      "lightgbm": 2.502397788375357,
      "catboost": 3.1998820209352896,
      "rf": 2.235436156112615,
      "gb": 2.3173078362237614,
      "ridge": 9.728987543964113,
      "linear": 9.08222428592742
    }
  }
}