{
  "trained_best_model": "xgboost",
  "new_test_metrics": {
    "mae": 3.9170012671325076,
    "rmse": 5.807889381475179,
    "r2": 0.9742349032463351,
    "mape": 9.192660700740687
  },
  "cv_mae": {
    "xgboost": 2.1093381340489694,
    "lightgbm": 2.3201641305583505,
    "catboost": 3.5054639697962413,
    "rf": 2.2772301808163573,
    "gb": 2.3919269451776826,
    "ridge": 10.672826532666894,
    "linear": 9.68502571610919
  },
  "test_mae_all": {
    "xgboost": 3.9170012671325076,
    "lightgbm": 3.8376678309607524,
    "catboost": 4.429801849588812,
    "rf": 5.535377273845563,
    "gb": 4.030163569349446,
    "ridge": 10.23676392214012,
    "linear": 8.831088853496704
  },
  "historical_best_cv_mae": 2.0564814707537686,
  "is_new_historical_best": false,
  "features": [
    "pm2_5",
    "pm10",
    "co",
    "no2",
    "so2",
    "month_cos",
    "total_pm",
    "total_gases",
    "no2_o3_ratio",
    "pm2_5_rolling_3h",
    "pm10_rolling_3h",
    "co_rolling_3h",
    "pm2_5_co_interaction",
    "hour_sin",
    "hour_cos"
  ],
  "scaler_needed": false,
  "all_models_saved": [
    "model_xgboost.pkl",
    "model_lightgbm.pkl",
    "model_catboost.pkl",
    "model_rf.pkl",
    "model_gb.pkl",
    "model_ridge.pkl",
    "model_linear.pkl"
  ],
  "all_metrics": {
    "train": {
      "xgboost": {
        "mae": 1.1331945692723044,
        "rmse": 1.9424188842501284,
        "r2": 0.9996225430801776,
        "mape": 0.9565358428099554
      },
      "lightgbm": {
        "mae": 0.971824931739091,
        "rmse": 1.9115799033793013,
        "r2": 0.9996344333907814,
        "mape": 0.8119811861908737
      },
      "catboost": {
        "mae": 1.9497238147501659,
        "rmse": 3.038512608447713,
        "r2": 0.9990763579554774,
        "mape": 1.5916539224223536
      },
      "rf": {
        "mae": 1.148791214078706,
        "rmse": 3.8106212788070417,
        "r2": 0.9985473092042727,
        "mape": 1.122077286319527
      },
      "gb": {
        "mae": 1.4124305089277849,
        "rmse": 2.9953346811466037,
        "r2": 0.9991024217542227,
        "mape": 1.197228915895608
      },
      "ridge": {
        "mae": 8.997763564717092,
        "rmse": 11.85323716496874,
        "r2": 0.9859442004058634,
        "mape": 8.249671590224452
      },
      "linear": {
        "mae": 8.676201432113029,
        "rmse": 11.508168751334559,
        "r2": 0.9867506659018874,
        "mape": 7.812751974867052
      }
    },
    "val": {
      "xgboost": {
        "mae": 3.350900194960642,
        "rmse": 8.319735412782407,
        "r2": 0.9554581584737168,
        "mape": 5.861213991138758
      },
      "lightgbm": {
        "mae": 3.2080277678775437,
        "rmse": 9.259916397841456,
        "r2": 0.9448223411114487,
        "mape": 4.966289564109832
      },
      "catboost": {
        "mae": 4.232570779110606,
        "rmse": 10.940739458598715,
        "r2": 0.9229730874617892,
        "mape": 6.633913999051188
      },
      "rf": {
        "mae": 5.673181328189483,
        "rmse": 12.642308716923036,
        "r2": 0.8971505624073243,
        "mape": 9.520674595390444
      },
      "gb": {
        "mae": 3.133638126054606,
        "rmse": 9.754200142269054,
        "r2": 0.9387744826606694,
        "mape": 5.092562526570191
      },
      "ridge": {
        "mae": 7.097156291824297,
        "rmse": 12.183356593085184,
        "r2": 0.9044824773590656,
        "mape": 11.338006258233863
      },
      "linear": {
        "mae": 6.698877344481794,
        "rmse": 11.839305818745192,
        "r2": 0.9098010220934127,
        "mape": 10.453843255397707
      }
    },
    "test": {
      "xgboost": {
        "mae": 3.9170012671325076,
        "rmse": 5.807889381475179,
        "r2": 0.9742349032463351,
        "mape": 9.192660700740687
      },
      "lightgbm": {
        "mae": 3.8376678309607524,
        "rmse": 5.792641257427779,
        "r2": 0.974370013832259,
        "mape": 9.388277472241963
      },
      "catboost": {
        "mae": 4.429801849588812,
        "rmse": 6.741132499106133,
        "r2": 0.965289502984022,
        "mape": 10.587021365354275
      },
      "rf": {
        "mae": 5.535377273845563,
        "rmse": 7.895509134232978,
        "r2": 0.9523837284677973,
        "mape": 13.631224292173725
      },
      "gb": {
        "mae": 4.030163569349446,
        "rmse": 7.212930705536298,
        "r2": 0.9602608452543617,
        "mape": 8.583458033962044
      },
      "ridge": {
        "mae": 10.23676392214012,
        "rmse": 13.654652902326134,
        "r2": 0.8575847700534189,
        "mape": 22.30278651345261
      },
      "linear": {
        "mae": 8.831088853496704,
        "rmse": 12.134595659158723,
        "r2": 0.8875276615555273,
        "mape": 19.417776466502865
      }
    },
    "cv_mae": {
      "xgboost": 2.1093381340489694,
      "lightgbm": 2.3201641305583505,
      "catboost": 3.5054639697962413,
      "rf": 2.2772301808163573,
      "gb": 2.3919269451776826,
      "ridge": 10.672826532666894,
      "linear": 9.68502571610919
    }
  }
}