{
  "trained_best_model": "rf",
  "new_test_metrics": {
    "mae": 4.649472608973133,
    "rmse": 7.5081761807477205,
    "r2": 0.958492480304289,
    "mape": 12.29403668843321
  },
  "cv_mae": {
    "xgboost": 2.6822727065263665,
    "lightgbm": 2.433334330857295,
    "catboost": 3.158357031400974,
    "rf": 2.119030153483826,
    "gb": 2.3218577722401212,
    "ridge": 10.195109315006103,
    "linear": 9.346497147902328
  },
  "test_mae_all": {
    "xgboost": 3.2766322240679817,
    "lightgbm": 4.070311558228885,
    "catboost": 4.086932780925379,
    "rf": 4.64947260897313,
    "gb": 4.201333980405712,
    "ridge": 10.544149214182035,
    "linear": 9.156265009267791
  },
  "historical_best_cv_mae": 2.042469801781462,
  "is_new_historical_best": false,
  "features": [
    "pm2_5",
    "pm10",
    "co",
    "no2",
    "so2",
    "month_cos",
    "total_pm",
    "total_gases",
    "no2_o3_ratio",
    "pm2_5_rolling_3h",
    "pm10_rolling_3h",
    "co_rolling_3h",
    "pm2_5_co_interaction",
    "hour_sin",
    "hour_cos"
  ],
  "scaler_needed": false,
  "all_models_saved": [
    "model_xgboost.pkl",
    "model_lightgbm.pkl",
    "model_catboost.pkl",
    "model_rf.pkl",
    "model_gb.pkl",
    "model_ridge.pkl",
    "model_linear.pkl"
  ],
  "all_metrics": {
    "train": {
      "xgboost": {
        "mae": 1.864121142509943,
        "rmse": 3.437638313431654,
        "r2": 0.9988119908412615,
        "mape": 1.486608202050147
      },
      "lightgbm": {
        "mae": 1.5361648240668182,
        "rmse": 3.0078716135256274,
        "r2": 0.9990904679298453,
        "mape": 1.254185328302684
      },
      "catboost": {
        "mae": 1.9527047069726484,
        "rmse": 3.0535335727626443,
        "r2": 0.9990626434352246,
        "mape": 1.6162913236371108
      },
      "rf": {
        "mae": 1.156923807178279,
        "rmse": 3.8443825258874122,
        "r2": 0.9985142264735336,
        "mape": 1.1337640901410042
      },
      "gb": {
        "mae": 1.4216680858842985,
        "rmse": 2.981294592821488,
        "r2": 0.9991064698495504,
        "mape": 1.2269560131637236
      },
      "ridge": {
        "mae": 8.911089953733217,
        "rmse": 11.774345551101538,
        "r2": 0.9860628818669699,
        "mape": 8.207895391758822
      },
      "linear": {
        "mae": 8.582148334420456,
        "rmse": 11.425724003867668,
        "r2": 0.9868759799546487,
        "mape": 7.763993123537398
      }
    },
    "val": {
      "xgboost": {
        "mae": 2.770106781563258,
        "rmse": 9.030857535643898,
        "r2": 0.9385735223496217,
        "mape": 4.933080471005071
      },
      "lightgbm": {
        "mae": 2.9086550655273666,
        "rmse": 9.891933781752218,
        "r2": 0.9263012654247228,
        "mape": 4.701288945591685
      },
      "catboost": {
        "mae": 3.647177625688364,
        "rmse": 10.907855600507958,
        "r2": 0.9103858911903027,
        "mape": 6.110423062737157
      },
      "rf": {
        "mae": 5.070708443072682,
        "rmse": 12.506001677946784,
        "r2": 0.8822029009671153,
        "mape": 8.54852663766035
      },
      "gb": {
        "mae": 2.8515485942662404,
        "rmse": 9.697900266962996,
        "r2": 0.9291641585636995,
        "mape": 4.7206263939772
      },
      "ridge": {
        "mae": 6.694165914187012,
        "rmse": 11.86006867531384,
        "r2": 0.894057055879977,
        "mape": 10.905433858531328
      },
      "linear": {
        "mae": 6.36245777984972,
        "rmse": 11.59086248846816,
        "r2": 0.8988119708875928,
        "mape": 10.004421748761601
      }
    },
    "test": {
      "xgboost": {
        "mae": 3.2766322240679817,
        "rmse": 5.807148183206844,
        "r2": 0.9751696015098191,
        "mape": 8.636734084119805
      },
      "lightgbm": {
        "mae": 4.070311558228885,
        "rmse": 6.696719808978929,
        "r2": 0.9669796152165413,
        "mape": 8.945372809419833
      },
      "catboost": {
        "mae": 4.086932780925379,
        "rmse": 6.6040339811234805,
        "r2": 0.96788732592841,
        "mape": 9.979944105562941
      },
      "rf": {
        "mae": 4.64947260897313,
        "rmse": 7.50817618074772,
        "r2": 0.958492480304289,
        "mape": 12.29403668843321
      },
      "gb": {
        "mae": 4.201333980405712,
        "rmse": 7.459346004475938,
        "r2": 0.9590306212969419,
        "mape": 8.623076783356677
      },
      "ridge": {
        "mae": 10.544149214182035,
        "rmse": 13.751856051264244,
        "r2": 0.8607547118297124,
        "mape": 22.525687165878157
      },
      "linear": {
        "mae": 9.156265009267791,
        "rmse": 12.275413965432513,
        "r2": 0.8890492693555366,
        "mape": 19.70489688956408
      }
    },
    "cv_mae": {
      "xgboost": 2.6822727065263665,
      "lightgbm": 2.433334330857295,
      "catboost": 3.158357031400974,
      "rf": 2.119030153483826,
      "gb": 2.3218577722401212,
      "ridge": 10.195109315006103,
      "linear": 9.346497147902328
    }
  }
}