{
  "trained_best_model": "rf",
  "new_test_metrics": {
    "mae": 3.2274204818615475,
    "rmse": 6.349573588896539,
    "r2": 0.9789964930822439,
    "mape": 9.872102750186972
  },
  "cv_mae": {
    "xgboost": 2.7554437174489115,
    "lightgbm": 2.5819787142577013,
    "catboost": 3.2318040811255755,
    "rf": 2.2527604569517305,
    "gb": 2.322022825339933,
    "ridge": 9.942565031771188,
    "linear": 9.334702310035686
  },
  "test_mae_all": {
    "xgboost": 3.422355621381425,
    "lightgbm": 4.497059531041674,
    "catboost": 3.72209347574831,
    "rf": 3.227420481861546,
    "gb": 5.118210388502455,
    "ridge": 11.333352814177978,
    "linear": 9.685668367718714
  },
  "historical_best_cv_mae": 2.042469801781462,
  "is_new_historical_best": false,
  "features": [
    "pm2_5",
    "pm10",
    "co",
    "no2",
    "so2",
    "month_cos",
    "total_pm",
    "total_gases",
    "no2_o3_ratio",
    "pm2_5_rolling_3h",
    "pm10_rolling_3h",
    "co_rolling_3h",
    "pm2_5_co_interaction",
    "hour_sin",
    "hour_cos"
  ],
  "scaler_needed": false,
  "all_models_saved": [
    "model_xgboost.pkl",
    "model_lightgbm.pkl",
    "model_catboost.pkl",
    "model_rf.pkl",
    "model_gb.pkl",
    "model_ridge.pkl",
    "model_linear.pkl"
  ],
  "all_metrics": {
    "train": {
      "xgboost": {
        "mae": 1.8032304601426694,
        "rmse": 3.352846640521271,
        "r2": 0.9988365968823474,
        "mape": 1.4810250945606656
      },
      "lightgbm": {
        "mae": 1.704643005359315,
        "rmse": 3.4206067231370048,
        "r2": 0.9987890976143732,
        "mape": 1.3996564984667188
      },
      "catboost": {
        "mae": 1.8580667837238025,
        "rmse": 2.98009987266145,
        "r2": 0.9990808963672205,
        "mape": 1.5741852229339621
      },
      "rf": {
        "mae": 1.1804166550330442,
        "rmse": 3.8827167812279026,
        "r2": 0.9984398215663228,
        "mape": 1.1558169125902553
      },
      "gb": {
        "mae": 1.3939860449703296,
        "rmse": 2.9586799351021855,
        "r2": 0.9990940612885608,
        "mape": 1.212105672698708
      },
      "ridge": {
        "mae": 8.711649980964962,
        "rmse": 11.581380054573495,
        "r2": 0.986118913128818,
        "mape": 8.12901237317765
      },
      "linear": {
        "mae": 8.406352971478299,
        "rmse": 11.257070103774007,
        "r2": 0.9868854441725858,
        "mape": 7.707158366235032
      }
    },
    "val": {
      "xgboost": {
        "mae": 2.8066763551267857,
        "rmse": 9.059970457422263,
        "r2": 0.9388501189175597,
        "mape": 4.654814823635392
      },
      "lightgbm": {
        "mae": 2.8208072625883527,
        "rmse": 10.248281727432394,
        "r2": 0.9217572393681157,
        "mape": 4.321021564764316
      },
      "catboost": {
        "mae": 3.24338785127853,
        "rmse": 9.928762578160292,
        "r2": 0.9265600613820486,
        "mape": 5.3974444898718135
      },
      "rf": {
        "mae": 3.3755767954139806,
        "rmse": 11.86887618060056,
        "r2": 0.8950551207713641,
        "mape": 5.8628731494166555
      },
      "gb": {
        "mae": 2.773750160808091,
        "rmse": 9.884330071292059,
        "r2": 0.9272158972138415,
        "mape": 4.319452408239193
      },
      "ridge": {
        "mae": 6.381364592374072,
        "rmse": 11.589892783955953,
        "r2": 0.8999306933899021,
        "mape": 10.34907679476408
      },
      "linear": {
        "mae": 6.101296092635672,
        "rmse": 11.442704309201,
        "r2": 0.9024562596628791,
        "mape": 9.540633404650539
      }
    },
    "test": {
      "xgboost": {
        "mae": 3.422355621381425,
        "rmse": 5.67789216647235,
        "r2": 0.9832051173794221,
        "mape": 7.892321144980643
      },
      "lightgbm": {
        "mae": 4.497059531041674,
        "rmse": 7.235948688667739,
        "r2": 0.9727231855429674,
        "mape": 8.502079690290447
      },
      "catboost": {
        "mae": 3.72209347574831,
        "rmse": 6.007217560896363,
        "r2": 0.981200365136566,
        "mape": 8.644592946201817
      },
      "rf": {
        "mae": 3.227420481861546,
        "rmse": 6.349573588896538,
        "r2": 0.9789964930822439,
        "mape": 9.872102750186968
      },
      "gb": {
        "mae": 5.118210388502455,
        "rmse": 8.871358669304506,
        "r2": 0.9590000838308228,
        "mape": 7.747725108202559
      },
      "ridge": {
        "mae": 11.333352814177978,
        "rmse": 14.29453639829527,
        "r2": 0.8935506920979917,
        "mape": 22.299655498571813
      },
      "linear": {
        "mae": 9.685668367718714,
        "rmse": 12.61563603768257,
        "r2": 0.9170873120882344,
        "mape": 19.45540009683854
      }
    },
    "cv_mae": {
      "xgboost": 2.7554437174489115,
      "lightgbm": 2.5819787142577013,
      "catboost": 3.2318040811255755,
      "rf": 2.2527604569517305,
      "gb": 2.322022825339933,
      "ridge": 9.942565031771188,
      "linear": 9.334702310035686
    }
  }
}