{
  "trained_best_model": "rf",
  "new_test_metrics": {
    "mae": 4.74230052177058,
    "rmse": 7.496291672445662,
    "r2": 0.9570060604429877,
    "mape": 12.384233821815018
  },
  "cv_mae": {
    "xgboost": 2.6877526759168173,
    "lightgbm": 2.465488510282819,
    "catboost": 3.230692814801462,
    "rf": 2.1353277877617196,
    "gb": 2.335912802930064,
    "ridge": 10.267581813794555,
    "linear": 9.399637591970508
  },
  "test_mae_all": {
    "xgboost": 3.2837992751139207,
    "lightgbm": 3.975348836735566,
    "catboost": 4.050000408957301,
    "rf": 4.74230052177058,
    "gb": 3.922280884476678,
    "ridge": 10.48607004874648,
    "linear": 9.115030303681243
  },
  "historical_best_cv_mae": 2.042469801781462,
  "is_new_historical_best": false,
  "features": [
    "pm2_5",
    "pm10",
    "co",
    "no2",
    "so2",
    "month_cos",
    "total_pm",
    "total_gases",
    "no2_o3_ratio",
    "pm2_5_rolling_3h",
    "pm10_rolling_3h",
    "co_rolling_3h",
    "pm2_5_co_interaction",
    "hour_sin",
    "hour_cos"
  ],
  "scaler_needed": false,
  "all_models_saved": [
    "model_xgboost.pkl",
    "model_lightgbm.pkl",
    "model_catboost.pkl",
    "model_rf.pkl",
    "model_gb.pkl",
    "model_ridge.pkl",
    "model_linear.pkl"
  ],
  "all_metrics": {
    "train": {
      "xgboost": {
        "mae": 1.8418299599714085,
        "rmse": 3.3634387066358395,
        "r2": 0.9988621669277293,
        "mape": 1.481678714679941
      },
      "lightgbm": {
        "mae": 1.7286093935698643,
        "rmse": 3.4109966049234273,
        "r2": 0.9988297622824983,
        "mape": 1.402914957175601
      },
      "catboost": {
        "mae": 1.9346903354996974,
        "rmse": 3.055085708296229,
        "r2": 0.9990612319196355,
        "mape": 1.5921375057013247
      },
      "rf": {
        "mae": 1.1545159799997553,
        "rmse": 3.845166402619702,
        "r2": 0.998512894447197,
        "mape": 1.128005215166066
      },
      "gb": {
        "mae": 1.3824306380573217,
        "rmse": 2.927840412834893,
        "r2": 0.9991378033732774,
        "mape": 1.1802692760233906
      },
      "ridge": {
        "mae": 8.957804881415102,
        "rmse": 11.805885698173393,
        "r2": 0.985981270183804,
        "mape": 8.236596076402417
      },
      "linear": {
        "mae": 8.62363082287573,
        "rmse": 11.450348745152533,
        "r2": 0.9868129107402397,
        "mape": 7.787026436829317
      }
    },
    "val": {
      "xgboost": {
        "mae": 2.662341860331357,
        "rmse": 8.759858090924864,
        "r2": 0.9419105185103877,
        "mape": 4.741719661710204
      },
      "lightgbm": {
        "mae": 2.962829532288242,
        "rmse": 10.181975714940036,
        "r2": 0.9215184679626759,
        "mape": 4.852460106212791
      },
      "catboost": {
        "mae": 3.896738011567455,
        "rmse": 10.472543561792497,
        "r2": 0.9169752245532706,
        "mape": 6.450341036472321
      },
      "rf": {
        "mae": 5.095533896191909,
        "rmse": 12.454227391948441,
        "r2": 0.88258138851795,
        "mape": 8.58264020846893
      },
      "gb": {
        "mae": 2.7574622178490276,
        "rmse": 9.59066891988902,
        "r2": 0.9303692366228593,
        "mape": 4.644964572508719
      },
      "ridge": {
        "mae": 6.742159296180337,
        "rmse": 11.874516063639513,
        "r2": 0.893258034057106,
        "mape": 11.028579364025576
      },
      "linear": {
        "mae": 6.370692279914171,
        "rmse": 11.59835921491521,
        "r2": 0.8981651403801945,
        "mape": 10.08331837371459
      }
    },
    "test": {
      "xgboost": {
        "mae": 3.2837992751139207,
        "rmse": 5.866224541358071,
        "r2": 0.9736711643113073,
        "mape": 8.42748895724423
      },
      "lightgbm": {
        "mae": 3.975348836735566,
        "rmse": 6.654237353256455,
        "r2": 0.9661225381367045,
        "mape": 9.261591254249533
      },
      "catboost": {
        "mae": 4.050000408957301,
        "rmse": 6.5358580343549555,
        "r2": 0.9673171809161145,
        "mape": 10.073386331067415
      },
      "rf": {
        "mae": 4.74230052177058,
        "rmse": 7.496291672445664,
        "r2": 0.9570060604429877,
        "mape": 12.384233821815016
      },
      "gb": {
        "mae": 3.922280884476678,
        "rmse": 7.076912719228663,
        "r2": 0.9616820763152435,
        "mape": 8.27513009898077
      },
      "ridge": {
        "mae": 10.48607004874648,
        "rmse": 13.739157144260963,
        "r2": 0.8555776288320726,
        "mape": 22.58689057439234
      },
      "linear": {
        "mae": 9.115030303681243,
        "rmse": 12.270087937117573,
        "r2": 0.8848113628994295,
        "mape": 19.74405624392545
      }
    },
    "cv_mae": {
      "xgboost": 2.6877526759168173,
      "lightgbm": 2.465488510282819,
      "catboost": 3.230692814801462,
      "rf": 2.1353277877617196,
      "gb": 2.335912802930064,
      "ridge": 10.267581813794555,
      "linear": 9.399637591970508
    }
  }
}