{
  "trained_best_model": "gb",
  "new_test_metrics": {
    "mae": 5.5586999546385005,
    "rmse": 9.011068575177429,
    "r2": 0.96341651440842,
    "mape": 7.893166727984374
  },
  "cv_mae": {
    "xgboost": 2.682672886559175,
    "lightgbm": 2.4110986797958107,
    "catboost": 3.264828269036866,
    "rf": 2.244438741459045,
    "gb": 2.2172547456140643,
    "ridge": 9.84059798998917,
    "linear": 8.964651709652307
  },
  "test_mae_all": {
    "xgboost": 3.3981970919011832,
    "lightgbm": 4.563278146195214,
    "catboost": 3.4815675230691876,
    "rf": 3.20665532965501,
    "gb": 5.5586999546385005,
    "ridge": 11.627966491897014,
    "linear": 10.002584635819298
  },
  "historical_best_cv_mae": 2.042469801781462,
  "is_new_historical_best": false,
  "features": [
    "pm2_5",
    "pm10",
    "co",
    "no2",
    "so2",
    "month_cos",
    "total_pm",
    "total_gases",
    "no2_o3_ratio",
    "pm2_5_rolling_3h",
    "pm10_rolling_3h",
    "co_rolling_3h",
    "pm2_5_co_interaction",
    "hour_sin",
    "hour_cos"
  ],
  "scaler_needed": false,
  "all_models_saved": [
    "model_xgboost.pkl",
    "model_lightgbm.pkl",
    "model_catboost.pkl",
    "model_rf.pkl",
    "model_gb.pkl",
    "model_ridge.pkl",
    "model_linear.pkl"
  ],
  "all_metrics": {
    "train": {
      "xgboost": {
        "mae": 1.7933346425794887,
        "rmse": 3.387531064340887,
        "r2": 0.998773004692114,
        "mape": 1.471450773072043
      },
      "lightgbm": {
        "mae": 1.573255395220937,
        "rmse": 3.1911440412324787,
        "r2": 0.9989111472696076,
        "mape": 1.3215264923401617
      },
      "catboost": {
        "mae": 1.8428806625550966,
        "rmse": 2.960653373156352,
        "r2": 0.9990627586147497,
        "mape": 1.5594702537848977
      },
      "rf": {
        "mae": 1.1855004919500214,
        "rmse": 3.8997967781143155,
        "r2": 0.9983738512063088,
        "mape": 1.175668795012784
      },
      "gb": {
        "mae": 1.3944574673211225,
        "rmse": 2.9850932791685882,
        "r2": 0.9990472210747225,
        "mape": 1.2147519202461659
      },
      "ridge": {
        "mae": 8.596483987477765,
        "rmse": 11.467910027234893,
        "r2": 0.9859380715771698,
        "mape": 8.1010716703507
      },
      "linear": {
        "mae": 8.303481167037825,
        "rmse": 11.145603424068529,
        "r2": 0.9867173875468099,
        "mape": 7.692467511538725
      }
    },
    "val": {
      "xgboost": {
        "mae": 2.7124767913121612,
        "rmse": 9.035657029393626,
        "r2": 0.9387370974753543,
        "mape": 4.319076511612761
      },
      "lightgbm": {
        "mae": 2.6321150677054534,
        "rmse": 9.880132904639963,
        "r2": 0.9267506683160243,
        "mape": 4.164013064411436
      },
      "catboost": {
        "mae": 2.9221977906120884,
        "rmse": 9.279047993704758,
        "r2": 0.9353922026009435,
        "mape": 4.741370286519913
      },
      "rf": {
        "mae": 3.308377277765093,
        "rmse": 11.780861761809986,
        "r2": 0.8958564894187311,
        "mape": 5.65202031452105
      },
      "gb": {
        "mae": 2.954633925033679,
        "rmse": 9.609699415877984,
        "r2": 0.9307056699469414,
        "mape": 4.387630289672603
      },
      "ridge": {
        "mae": 6.28134871781481,
        "rmse": 11.52362157184863,
        "r2": 0.9003548720528658,
        "mape": 10.14772938325422
      },
      "linear": {
        "mae": 5.940881527062007,
        "rmse": 11.378359551194503,
        "r2": 0.9028512091277552,
        "mape": 9.285495264367782
      }
    },
    "test": {
      "xgboost": {
        "mae": 3.3981970919011832,
        "rmse": 5.52540566372085,
        "r2": 0.9862449925709539,
        "mape": 7.076164937196583
      },
      "lightgbm": {
        "mae": 4.563278146195214,
        "rmse": 7.05716376338989,
        "r2": 0.9775615484653855,
        "mape": 8.157541739707522
      },
      "catboost": {
        "mae": 3.4815675230691876,
        "rmse": 5.6082294219388595,
        "r2": 0.9858295371708858,
        "mape": 8.045027075629305
      },
      "rf": {
        "mae": 3.20665532965501,
        "rmse": 6.2008061659705405,
        "r2": 0.9826767727051542,
        "mape": 9.648634033156078
      },
      "gb": {
        "mae": 5.5586999546385005,
        "rmse": 9.011068575177429,
        "r2": 0.96341651440842,
        "mape": 7.893166727984374
      },
      "ridge": {
        "mae": 11.627966491897014,
        "rmse": 14.460500844184379,
        "r2": 0.905789531707578,
        "mape": 22.391910364836342
      },
      "linear": {
        "mae": 10.002584635819298,
        "rmse": 12.794015798337,
        "r2": 0.9262526774492923,
        "mape": 19.64126359076412
      }
    },
    "cv_mae": {
      "xgboost": 2.682672886559175,
      "lightgbm": 2.4110986797958107,
      "catboost": 3.264828269036866,
      "rf": 2.244438741459045,
      "gb": 2.2172547456140643,
      "ridge": 9.84059798998917,
      "linear": 8.964651709652307
    }
  }
}