{
  "trained_best_model": "rf",
  "new_test_metrics": {
    "mae": 3.190056729243438,
    "rmse": 6.269250043361605,
    "r2": 0.9808217311457601,
    "mape": 9.714571368238943
  },
  "cv_mae": {
    "xgboost": 2.6606080687909213,
    "lightgbm": 2.4986682486569287,
    "catboost": 3.192679337039271,
    "rf": 2.0972985605652106,
    "gb": 2.3391922511149312,
    "ridge": 9.497901400678602,
    "linear": 8.839223114691473
  },
  "test_mae_all": {
    "xgboost": 3.2579203841009425,
    "lightgbm": 3.927697685524121,
    "catboost": 3.4875205196750545,
    "rf": 3.190056729243437,
    "gb": 5.470157728588528,
    "ridge": 11.427870022114787,
    "linear": 9.795308952959154
  },
  "historical_best_cv_mae": 2.042469801781462,
  "is_new_historical_best": false,
  "features": [
    "pm2_5",
    "pm10",
    "co",
    "no2",
    "so2",
    "month_cos",
    "total_pm",
    "total_gases",
    "no2_o3_ratio",
    "pm2_5_rolling_3h",
    "pm10_rolling_3h",
    "co_rolling_3h",
    "pm2_5_co_interaction",
    "hour_sin",
    "hour_cos"
  ],
  "scaler_needed": false,
  "all_models_saved": [
    "model_xgboost.pkl",
    "model_lightgbm.pkl",
    "model_catboost.pkl",
    "model_rf.pkl",
    "model_gb.pkl",
    "model_ridge.pkl",
    "model_linear.pkl"
  ],
  "all_metrics": {
    "train": {
      "xgboost": {
        "mae": 1.829030321380008,
        "rmse": 3.384034574487236,
        "r2": 0.9988113342136783,
        "mape": 1.4994081295509647
      },
      "lightgbm": {
        "mae": 1.762573136255264,
        "rmse": 3.5668324013069617,
        "r2": 0.9986794477617339,
        "mape": 1.444322423086961
      },
      "catboost": {
        "mae": 1.8916141374821467,
        "rmse": 3.0161141823300404,
        "r2": 0.9990557527320393,
        "mape": 1.5894828642599022
      },
      "rf": {
        "mae": 1.1817879917756986,
        "rmse": 3.90139503981342,
        "r2": 0.9984200984166773,
        "mape": 1.1565766957190815
      },
      "gb": {
        "mae": 1.3884277332633832,
        "rmse": 2.9693681336337914,
        "r2": 0.999084795248123,
        "mape": 1.2022132315889376
      },
      "ridge": {
        "mae": 8.687681509609707,
        "rmse": 11.559057189031442,
        "r2": 0.9861313239378195,
        "mape": 8.132761956557282
      },
      "linear": {
        "mae": 8.389431805280234,
        "rmse": 11.240183246158274,
        "r2": 0.9868859461592971,
        "mape": 7.718590615597641
      }
    },
    "val": {
      "xgboost": {
        "mae": 2.7343639979079435,
        "rmse": 8.688640784653648,
        "r2": 0.9438387717483229,
        "mape": 4.528071807873049
      },
      "lightgbm": {
        "mae": 2.741395661496746,
        "rmse": 10.34465990604814,
        "r2": 0.920390417422325,
        "mape": 4.173914683210869
      },
      "catboost": {
        "mae": 2.9079912630283444,
        "rmse": 9.248918567341548,
        "r2": 0.9363622489045743,
        "mape": 4.61599898354275
      },
      "rf": {
        "mae": 3.3202939341499396,
        "rmse": 11.812331878577458,
        "r2": 0.8961983652890586,
        "mape": 5.708904256059236
      },
      "gb": {
        "mae": 2.6997067754796005,
        "rmse": 9.644734536458264,
        "r2": 0.9307988248843673,
        "mape": 3.964019919701325
      },
      "ridge": {
        "mae": 6.356200972116439,
        "rmse": 11.576811425767007,
        "r2": 0.9002964020954917,
        "mape": 10.332400809814384
      },
      "linear": {
        "mae": 6.037581315972315,
        "rmse": 11.409028507139476,
        "r2": 0.9031654713738608,
        "mape": 9.47172230894272
      }
    },
    "test": {
      "xgboost": {
        "mae": 3.2579203841009425,
        "rmse": 5.372323169147451,
        "r2": 0.9859167633080795,
        "mape": 7.415506696727284
      },
      "lightgbm": {
        "mae": 3.927697685524121,
        "rmse": 6.308192349791617,
        "r2": 0.9805827342687543,
        "mape": 7.615505578386585
      },
      "catboost": {
        "mae": 3.4875205196750545,
        "rmse": 5.479491621383541,
        "r2": 0.9853492872401366,
        "mape": 7.656919956731073
      },
      "rf": {
        "mae": 3.190056729243437,
        "rmse": 6.2692500433616045,
        "r2": 0.9808217311457601,
        "mape": 9.714571368238941
      },
      "gb": {
        "mae": 5.470157728588528,
        "rmse": 9.262383415536604,
        "r2": 0.9581376380334032,
        "mape": 7.710518424636683
      },
      "ridge": {
        "mae": 11.427870022114787,
        "rmse": 14.35819946836162,
        "r2": 0.8994045855868814,
        "mape": 22.293738076378364
      },
      "linear": {
        "mae": 9.795308952959154,
        "rmse": 12.693923645950159,
        "r2": 0.9213733119089103,
        "mape": 19.48266629314337
      }
    },
    "cv_mae": {
      "xgboost": 2.6606080687909213,
      "lightgbm": 2.4986682486569287,
      "catboost": 3.192679337039271,
      "rf": 2.0972985605652106,
      "gb": 2.3391922511149312,
      "ridge": 9.497901400678602,
      "linear": 8.839223114691473
    }
  }
}