{
  "trained_best_model": "rf",
  "new_test_metrics": {
    "mae": 5.032921128597572,
    "rmse": 7.768238510949598,
    "r2": 0.9537220692898816,
    "mape": 12.962131971274207
  },
  "cv_mae": {
    "xgboost": 2.723498579947216,
    "lightgbm": 2.471372924372054,
    "catboost": 3.441218061009237,
    "rf": 2.166537395089075,
    "gb": 2.2842329760902187,
    "ridge": 10.557398748753005,
    "linear": 9.77028838057502
  },
  "test_mae_all": {
    "xgboost": 3.452124668834213,
    "lightgbm": 4.306825756797929,
    "catboost": 3.775672973666064,
    "rf": 5.03292112859757,
    "gb": 3.954746796320513,
    "ridge": 10.463199882753965,
    "linear": 9.068270079556472
  },
  "historical_best_cv_mae": 2.042469801781462,
  "is_new_historical_best": false,
  "features": [
    "pm2_5",
    "pm10",
    "co",
    "no2",
    "so2",
    "month_cos",
    "total_pm",
    "total_gases",
    "no2_o3_ratio",
    "pm2_5_rolling_3h",
    "pm10_rolling_3h",
    "co_rolling_3h",
    "pm2_5_co_interaction",
    "hour_sin",
    "hour_cos"
  ],
  "scaler_needed": false,
  "all_models_saved": [
    "model_xgboost.pkl",
    "model_lightgbm.pkl",
    "model_catboost.pkl",
    "model_rf.pkl",
    "model_gb.pkl",
    "model_ridge.pkl",
    "model_linear.pkl"
  ],
  "all_metrics": {
    "train": {
      "xgboost": {
        "mae": 2.0234505741408038,
        "rmse": 3.7545450972784953,
        "r2": 0.9985796211579652,
        "mape": 1.6158206845507235
      },
      "lightgbm": {
        "mae": 1.5498157192836466,
        "rmse": 3.047263011070628,
        "r2": 0.9990643586127423,
        "mape": 1.255198621512287
      },
      "catboost": {
        "mae": 1.9950595461535272,
        "rmse": 3.122895953350498,
        "r2": 0.9990173370679477,
        "mape": 1.625352213073588
      },
      "rf": {
        "mae": 1.1503888168357574,
        "rmse": 3.8274063756215857,
        "r2": 0.9985239580654393,
        "mape": 1.12042962286297
      },
      "gb": {
        "mae": 1.3978204828693053,
        "rmse": 2.9618034535429203,
        "r2": 0.9991161022783518,
        "mape": 1.2005255640537618
      },
      "ridge": {
        "mae": 8.974972645034295,
        "rmse": 11.816730340434475,
        "r2": 0.9859303208404899,
        "mape": 8.24599736946178
      },
      "linear": {
        "mae": 8.639624967942042,
        "rmse": 11.459443007883928,
        "r2": 0.9867682720762675,
        "mape": 7.794940419559728
      }
    },
    "val": {
      "xgboost": {
        "mae": 2.9299468819953534,
        "rmse": 9.37228936362186,
        "r2": 0.9337646378132202,
        "mape": 5.3296195391859795
      },
      "lightgbm": {
        "mae": 2.9707063831498624,
        "rmse": 10.03025995472026,
        "r2": 0.924138239740938,
        "mape": 4.928889097594614
      },
      "catboost": {
        "mae": 3.668642040151235,
        "rmse": 10.889203439568673,
        "r2": 0.910589039281952,
        "mape": 6.067908325595233
      },
      "rf": {
        "mae": 5.301425219358143,
        "rmse": 12.562389638922223,
        "r2": 0.8810010698227279,
        "mape": 8.985574876343362
      },
      "gb": {
        "mae": 2.7260567971118577,
        "rmse": 10.00068253384938,
        "r2": 0.9245849852786121,
        "mape": 4.485128443906185
      },
      "ridge": {
        "mae": 6.818766106770825,
        "rmse": 11.901481133000994,
        "r2": 0.893192791882402,
        "mape": 11.172618430500357
      },
      "linear": {
        "mae": 6.439191080198253,
        "rmse": 11.620814793601676,
        "r2": 0.8981709487522527,
        "mape": 10.20845535441872
      }
    },
    "test": {
      "xgboost": {
        "mae": 3.452124668834213,
        "rmse": 6.373596852970608,
        "r2": 0.9688471339211885,
        "mape": 9.55844035195147
      },
      "lightgbm": {
        "mae": 4.306825756797929,
        "rmse": 7.176182774562876,
        "r2": 0.9605073922555972,
        "mape": 9.67093932653457
      },
      "catboost": {
        "mae": 3.775672973666064,
        "rmse": 6.166985065057018,
        "r2": 0.9708341510642666,
        "mape": 9.530308220398814
      },
      "rf": {
        "mae": 5.03292112859757,
        "rmse": 7.768238510949596,
        "r2": 0.9537220692898816,
        "mape": 12.962131971274204
      },
      "gb": {
        "mae": 3.954746796320513,
        "rmse": 7.214144239110629,
        "r2": 0.9600884613013478,
        "mape": 8.326921412873235
      },
      "ridge": {
        "mae": 10.463199882753965,
        "rmse": 13.746066441924398,
        "r2": 0.855094220918492,
        "mape": 22.59793004609893
      },
      "linear": {
        "mae": 9.068270079556472,
        "rmse": 12.259480756880752,
        "r2": 0.8847414952262328,
        "mape": 19.711677115925003
      }
    },
    "cv_mae": {
      "xgboost": 2.723498579947216,
      "lightgbm": 2.471372924372054,
      "catboost": 3.441218061009237,
      "rf": 2.166537395089075,
      "gb": 2.2842329760902187,
      "ridge": 10.557398748753005,
      "linear": 9.77028838057502
    }
  }
}