{
  "trained_best_model": "rf",
  "new_test_metrics": {
    "mae": 3.804444965792341,
    "rmse": 6.823503918090074,
    "r2": 0.9663025467598784,
    "mape": 10.919525536289452
  },
  "cv_mae": {
    "xgboost": 2.6384324135379082,
    "lightgbm": 2.4530294312914602,
    "catboost": 3.1907986280770677,
    "rf": 2.170483441855561,
    "gb": 2.3293482355514468,
    "ridge": 10.182835513614032,
    "linear": 9.382385318768932
  },
  "test_mae_all": {
    "xgboost": 3.1788078025132207,
    "lightgbm": 3.990643518843714,
    "catboost": 3.893560405338133,
    "rf": 3.8044449657923414,
    "gb": 3.4796808002180164,
    "ridge": 10.458929316988653,
    "linear": 9.028214956545195
  },
  "historical_best_cv_mae": 2.042469801781462,
  "is_new_historical_best": false,
  "features": [
    "pm2_5",
    "pm10",
    "co",
    "no2",
    "so2",
    "month_cos",
    "total_pm",
    "total_gases",
    "no2_o3_ratio",
    "pm2_5_rolling_3h",
    "pm10_rolling_3h",
    "co_rolling_3h",
    "pm2_5_co_interaction",
    "hour_sin",
    "hour_cos"
  ],
  "scaler_needed": false,
  "all_models_saved": [
    "model_xgboost.pkl",
    "model_lightgbm.pkl",
    "model_catboost.pkl",
    "model_rf.pkl",
    "model_gb.pkl",
    "model_ridge.pkl",
    "model_linear.pkl"
  ],
  "all_metrics": {
    "train": {
      "xgboost": {
        "mae": 1.8689983510069028,
        "rmse": 3.440835766759417,
        "r2": 0.9988098323521247,
        "mape": 1.5064554820872245
      },
      "lightgbm": {
        "mae": 1.5569294042602668,
        "rmse": 3.0545912433236286,
        "r2": 0.9990620353788645,
        "mape": 1.2786934960823817
      },
      "catboost": {
        "mae": 1.9008002514817044,
        "rmse": 3.0093733279672565,
        "r2": 0.9990895997091169,
        "mape": 1.5800834097838112
      },
      "rf": {
        "mae": 1.160501111537969,
        "rmse": 3.863934370136659,
        "r2": 0.9984991415481911,
        "mape": 1.136273087213121
      },
      "gb": {
        "mae": 1.4052063056604647,
        "rmse": 2.9458337078136334,
        "r2": 0.999127638064497,
        "mape": 1.2077975674747352
      },
      "ridge": {
        "mae": 8.887987924413418,
        "rmse": 11.760025909930505,
        "r2": 0.986097374954569,
        "mape": 8.213707735213289
      },
      "linear": {
        "mae": 8.567442066477104,
        "rmse": 11.415788248728685,
        "r2": 0.9868993736003087,
        "mape": 7.77835723560069
      }
    },
    "val": {
      "xgboost": {
        "mae": 2.864570785330855,
        "rmse": 9.436373986856857,
        "r2": 0.9356934183223542,
        "mape": 4.860085831524841
      },
      "lightgbm": {
        "mae": 2.935523792793953,
        "rmse": 9.920661057536902,
        "r2": 0.9289234467352459,
        "mape": 4.770338759789384
      },
      "catboost": {
        "mae": 3.485186136673978,
        "rmse": 10.044690938065038,
        "r2": 0.927135113565593,
        "mape": 6.009870777115481
      },
      "rf": {
        "mae": 4.232552798285698,
        "rmse": 12.172761805561793,
        "r2": 0.8929902417509512,
        "mape": 7.054800861034851
      },
      "gb": {
        "mae": 2.7563092452030395,
        "rmse": 9.67044411672964,
        "r2": 0.9324635895401847,
        "mape": 4.233457938271938
      },
      "ridge": {
        "mae": 6.8204458509371575,
        "rmse": 12.005349610535351,
        "r2": 0.8959134153008675,
        "mape": 10.781264251490446
      },
      "linear": {
        "mae": 6.536013522579182,
        "rmse": 11.786718233917721,
        "r2": 0.8996699708396351,
        "mape": 9.986576475380641
      }
    },
    "test": {
      "xgboost": {
        "mae": 3.1788078025132207,
        "rmse": 5.5449188127067055,
        "r2": 0.9777478195955326,
        "mape": 8.112165006897937
      },
      "lightgbm": {
        "mae": 3.990643518843714,
        "rmse": 6.73485729058861,
        "r2": 0.9671724112582583,
        "mape": 9.008435766004833
      },
      "catboost": {
        "mae": 3.893560405338133,
        "rmse": 6.609907069381838,
        "r2": 0.9683791968813686,
        "mape": 10.102344712466147
      },
      "rf": {
        "mae": 3.8044449657923414,
        "rmse": 6.823503918090074,
        "r2": 0.9663025467598784,
        "mape": 10.919525536289452
      },
      "gb": {
        "mae": 3.4796808002180164,
        "rmse": 6.170748508850037,
        "r2": 0.9724413535860749,
        "mape": 7.104536699878302
      },
      "ridge": {
        "mae": 10.458929316988653,
        "rmse": 13.675500774749395,
        "r2": 0.8646467569945337,
        "mape": 22.299062800256785
      },
      "linear": {
        "mae": 9.028214956545195,
        "rmse": 12.165123686261877,
        "r2": 0.8928936433323054,
        "mape": 19.478196013907123
      }
    },
    "cv_mae": {
      "xgboost": 2.6384324135379082,
      "lightgbm": 2.4530294312914602,
      "catboost": 3.1907986280770677,
      "rf": 2.170483441855561,
      "gb": 2.3293482355514468,
      "ridge": 10.182835513614032,
      "linear": 9.382385318768932
    }
  }
}