{
  "trained_best_model": "rf",
  "new_test_metrics": {
    "mae": 5.42382924733248,
    "rmse": 7.769914407008726,
    "r2": 0.9536702048222386,
    "mape": 13.331977579297819
  },
  "cv_mae": {
    "xgboost": 2.79773274923724,
    "lightgbm": 2.502268537863366,
    "catboost": 3.668106621859683,
    "rf": 2.1458289336983176,
    "gb": 2.220995630624651,
    "ridge": 10.64066119696106,
    "linear": 9.878503939270313
  },
  "test_mae_all": {
    "xgboost": 3.5505737184968043,
    "lightgbm": 4.432207763652119,
    "catboost": 4.04029819110603,
    "rf": 5.423829247332481,
    "gb": 3.786951315832899,
    "ridge": 10.39354553634194,
    "linear": 8.967382101106628
  },
  "historical_best_cv_mae": 2.042469801781462,
  "is_new_historical_best": false,
  "features": [
    "pm2_5",
    "pm10",
    "co",
    "no2",
    "so2",
    "month_cos",
    "total_pm",
    "total_gases",
    "no2_o3_ratio",
    "pm2_5_rolling_3h",
    "pm10_rolling_3h",
    "co_rolling_3h",
    "pm2_5_co_interaction",
    "hour_sin",
    "hour_cos"
  ],
  "scaler_needed": false,
  "all_models_saved": [
    "model_xgboost.pkl",
    "model_lightgbm.pkl",
    "model_catboost.pkl",
    "model_rf.pkl",
    "model_gb.pkl",
    "model_ridge.pkl",
    "model_linear.pkl"
  ],
  "all_metrics": {
    "train": {
      "xgboost": {
        "mae": 1.8569384454825464,
        "rmse": 3.3842695352474776,
        "r2": 0.9988503271127785,
        "mape": 1.4863235346017893
      },
      "lightgbm": {
        "mae": 1.6966336281744583,
        "rmse": 3.3413339602132193,
        "r2": 0.9988793134235686,
        "mape": 1.3648835348884532
      },
      "catboost": {
        "mae": 1.9171560572678716,
        "rmse": 3.064345234325087,
        "r2": 0.9990574166052484,
        "mape": 1.563584142611744
      },
      "rf": {
        "mae": 1.1552493295497306,
        "rmse": 3.843391314780564,
        "r2": 0.9985172306191106,
        "mape": 1.1258552968327382
      },
      "gb": {
        "mae": 1.3937324742648678,
        "rmse": 2.9949715007627877,
        "r2": 0.9990996118123906,
        "mape": 1.185694801735973
      },
      "ridge": {
        "mae": 9.004954319904378,
        "rmse": 11.838999218980291,
        "r2": 0.9859306386386336,
        "mape": 8.265592775360599
      },
      "linear": {
        "mae": 8.666844460621725,
        "rmse": 11.478403340886063,
        "r2": 0.9867746442405099,
        "mape": 7.811991268042489
      }
    },
    "val": {
      "xgboost": {
        "mae": 2.8906576579019903,
        "rmse": 9.268160378879378,
        "r2": 0.9353593299018202,
        "mape": 5.124137974048326
      },
      "lightgbm": {
        "mae": 3.1685342113819686,
        "rmse": 10.288799089480955,
        "r2": 0.9203385618083264,
        "mape": 5.061654738245965
      },
      "catboost": {
        "mae": 3.812417399397841,
        "rmse": 10.270892704415663,
        "r2": 0.9206156023251117,
        "mape": 6.295613049249117
      },
      "rf": {
        "mae": 5.665887276446934,
        "rmse": 12.613489250212668,
        "r2": 0.8802737852677566,
        "mape": 9.432047801368268
      },
      "gb": {
        "mae": 2.756959317250438,
        "rmse": 9.884411447530807,
        "r2": 0.9264774774481016,
        "mape": 4.618302255346734
      },
      "ridge": {
        "mae": 6.829384975981158,
        "rmse": 11.931887092814666,
        "r2": 0.892863602369216,
        "mape": 11.1926285951036
      },
      "linear": {
        "mae": 6.491290403084997,
        "rmse": 11.662346298821443,
        "r2": 0.8976493428445561,
        "mape": 10.289368693134543
      }
    },
    "test": {
      "xgboost": {
        "mae": 3.5505737184968043,
        "rmse": 6.208976645812608,
        "r2": 0.9704152459263317,
        "mape": 9.134822275869015
      },
      "lightgbm": {
        "mae": 4.432207763652119,
        "rmse": 7.174532135121398,
        "r2": 0.9604983641395131,
        "mape": 10.101136179441738
      },
      "catboost": {
        "mae": 4.04029819110603,
        "rmse": 6.465352203191525,
        "r2": 0.9679216303641812,
        "mape": 9.855566454902021
      },
      "rf": {
        "mae": 5.423829247332481,
        "rmse": 7.76991440700873,
        "r2": 0.9536702048222386,
        "mape": 13.33197757929782
      },
      "gb": {
        "mae": 3.786951315832899,
        "rmse": 6.945942570151982,
        "r2": 0.9629754075013315,
        "mape": 8.350632048202018
      },
      "ridge": {
        "mae": 10.39354553634194,
        "rmse": 13.729250714959084,
        "r2": 0.8553489525878684,
        "mape": 22.507740959257603
      },
      "linear": {
        "mae": 8.967382101106628,
        "rmse": 12.212138911999258,
        "r2": 0.8855511634016664,
        "mape": 19.57355708461935
      }
    },
    "cv_mae": {
      "xgboost": 2.79773274923724,
      "lightgbm": 2.502268537863366,
      "catboost": 3.668106621859683,
      "rf": 2.1458289336983176,
      "gb": 2.220995630624651,
      "ridge": 10.64066119696106,
      "linear": 9.878503939270313
    }
  }
}