{
  "trained_best_model": "gb",
  "new_test_metrics": {
    "mae": 5.296521200202429,
    "rmse": 8.672066116867168,
    "r2": 0.9659810477446983,
    "mape": 7.658668132373163
  },
  "cv_mae": {
    "xgboost": 2.7322684233902486,
    "lightgbm": 2.3989198441677377,
    "catboost": 3.1672708614530496,
    "rf": 2.248482012235376,
    "gb": 2.170079236415618,
    "ridge": 9.811465349710799,
    "linear": 8.91813462887364
  },
  "test_mae_all": {
    "xgboost": 3.7461176427386795,
    "lightgbm": 4.346130076155289,
    "catboost": 3.3711322706359454,
    "rf": 3.230512329889175,
    "gb": 5.296521200202429,
    "ridge": 11.608780483824194,
    "linear": 9.956818612624087
  },
  "historical_best_cv_mae": 2.042469801781462,
  "is_new_historical_best": false,
  "features": [
    "pm2_5",
    "pm10",
    "co",
    "no2",
    "so2",
    "month_cos",
    "total_pm",
    "total_gases",
    "no2_o3_ratio",
    "pm2_5_rolling_3h",
    "pm10_rolling_3h",
    "co_rolling_3h",
    "pm2_5_co_interaction",
    "hour_sin",
    "hour_cos"
  ],
  "scaler_needed": false,
  "all_models_saved": [
    "model_xgboost.pkl",
    "model_lightgbm.pkl",
    "model_catboost.pkl",
    "model_rf.pkl",
    "model_gb.pkl",
    "model_ridge.pkl",
    "model_linear.pkl"
  ],
  "all_metrics": {
    "train": {
      "xgboost": {
        "mae": 1.805151584019322,
        "rmse": 3.3657076572308746,
        "r2": 0.9987945165663326,
        "mape": 1.490833641272022
      },
      "lightgbm": {
        "mae": 1.5351568086481742,
        "rmse": 3.1156603078847653,
        "r2": 0.9989669801468514,
        "mape": 1.2796806642185539
      },
      "catboost": {
        "mae": 1.8735948111957839,
        "rmse": 2.99305148718864,
        "r2": 0.9990466840915528,
        "mape": 1.5895741534745063
      },
      "rf": {
        "mae": 1.183113654874023,
        "rmse": 3.89257280685661,
        "r2": 0.9983875659759714,
        "mape": 1.1647364641481406
      },
      "gb": {
        "mae": 1.3753115339352333,
        "rmse": 2.9497650634114563,
        "r2": 0.9990740589886904,
        "mape": 1.2025106894132602
      },
      "ridge": {
        "mae": 8.610665572273723,
        "rmse": 11.478647210957892,
        "r2": 0.9859786483453882,
        "mape": 8.107149147849093
      },
      "linear": {
        "mae": 8.314199919899856,
        "rmse": 11.152767366508725,
        "r2": 0.9867634820863389,
        "mape": 7.6955277089085135
      }
    },
    "val": {
      "xgboost": {
        "mae": 2.7301630799628827,
        "rmse": 8.944620299551795,
        "r2": 0.9401158237960492,
        "mape": 4.383630387619951
      },
      "lightgbm": {
        "mae": 2.5467887022894793,
        "rmse": 9.828406977642501,
        "r2": 0.9276972986012386,
        "mape": 3.884568709685104
      },
      "catboost": {
        "mae": 3.05690139448765,
        "rmse": 10.229349050994617,
        "r2": 0.9216779120022007,
        "mape": 4.871350079125137
      },
      "rf": {
        "mae": 3.3516565325828394,
        "rmse": 11.820004087898093,
        "r2": 0.8954260496250152,
        "mape": 5.74821763260002
      },
      "gb": {
        "mae": 2.6112109291281396,
        "rmse": 9.605143077406044,
        "r2": 0.9309448715202313,
        "mape": 3.882882026294411
      },
      "ridge": {
        "mae": 6.353513717185827,
        "rmse": 11.572750186659915,
        "r2": 0.8997553006885599,
        "mape": 10.276761460443321
      },
      "linear": {
        "mae": 5.979873453690056,
        "rmse": 11.408137451595387,
        "r2": 0.9025868132385734,
        "mape": 9.358989070620161
      }
    },
    "test": {
      "xgboost": {
        "mae": 3.7461176427386795,
        "rmse": 5.933723138497563,
        "r2": 0.9840731338408462,
        "mape": 7.472714411250895
      },
      "lightgbm": {
        "mae": 4.346130076155289,
        "rmse": 7.007341885542748,
        "r2": 0.9777882699204854,
        "mape": 7.596387460177772
      },
      "catboost": {
        "mae": 3.3711322706359454,
        "rmse": 5.459088640717963,
        "r2": 0.9865191875922045,
        "mape": 7.9975197497801505
      },
      "rf": {
        "mae": 3.230512329889175,
        "rmse": 6.250785093214914,
        "r2": 0.9823255906769137,
        "mape": 9.730964439674763
      },
      "gb": {
        "mae": 5.296521200202429,
        "rmse": 8.672066116867168,
        "r2": 0.9659810477446983,
        "mape": 7.658668132373163
      },
      "ridge": {
        "mae": 11.608780483824194,
        "rmse": 14.467933356352365,
        "r2": 0.9053133454803926,
        "mape": 22.34865370221916
      },
      "linear": {
        "mae": 9.956818612624087,
        "rmse": 12.771167430674135,
        "r2": 0.9262202855255183,
        "mape": 19.552930548181592
      }
    },
    "cv_mae": {
      "xgboost": 2.7322684233902486,
      "lightgbm": 2.3989198441677377,
      "catboost": 3.1672708614530496,
      "rf": 2.248482012235376,
      "gb": 2.170079236415618,
      "ridge": 9.811465349710799,
      "linear": 8.91813462887364
    }
  }
}