{
  "trained_best_model": "rf",
  "new_test_metrics": {
    "mae": 4.580994051439848,
    "rmse": 7.522797722039849,
    "r2": 0.958241931864213,
    "mape": 12.321589756190363
  },
  "cv_mae": {
    "xgboost": 2.646386798253965,
    "lightgbm": 2.5024351239230116,
    "catboost": 3.2273418419861963,
    "rf": 2.1189671769790444,
    "gb": 2.283027353701289,
    "ridge": 10.190394605737747,
    "linear": 9.336165708516237
  },
  "test_mae_all": {
    "xgboost": 3.5049168900994534,
    "lightgbm": 4.005123766100111,
    "catboost": 3.901653500027197,
    "rf": 4.5809940514398475,
    "gb": 3.779465765364725,
    "ridge": 10.520234762512523,
    "linear": 9.134708438042248
  },
  "historical_best_cv_mae": 2.042469801781462,
  "is_new_historical_best": false,
  "features": [
    "pm2_5",
    "pm10",
    "co",
    "no2",
    "so2",
    "month_cos",
    "total_pm",
    "total_gases",
    "no2_o3_ratio",
    "pm2_5_rolling_3h",
    "pm10_rolling_3h",
    "co_rolling_3h",
    "pm2_5_co_interaction",
    "hour_sin",
    "hour_cos"
  ],
  "scaler_needed": false,
  "all_models_saved": [
    "model_xgboost.pkl",
    "model_lightgbm.pkl",
    "model_catboost.pkl",
    "model_rf.pkl",
    "model_gb.pkl",
    "model_ridge.pkl",
    "model_linear.pkl"
  ],
  "all_metrics": {
    "train": {
      "xgboost": {
        "mae": 2.0399125723456217,
        "rmse": 3.8023456344466786,
        "r2": 0.9985463104229981,
        "mape": 1.6584741590614696
      },
      "lightgbm": {
        "mae": 1.6580686923779866,
        "rmse": 3.2840738873248507,
        "r2": 0.9989155879567968,
        "mape": 1.351718109119669
      },
      "catboost": {
        "mae": 1.9190788952474076,
        "rmse": 3.0583071770771464,
        "r2": 0.9990595608491264,
        "mape": 1.5776794628112174
      },
      "rf": {
        "mae": 1.1531079692874118,
        "rmse": 3.845702518374832,
        "r2": 0.998512969534563,
        "mape": 1.1272945273572124
      },
      "gb": {
        "mae": 1.3930759563177901,
        "rmse": 2.944471149296908,
        "r2": 0.999128267777238,
        "mape": 1.1890558504261932
      },
      "ridge": {
        "mae": 8.901743220440288,
        "rmse": 11.769106764058339,
        "r2": 0.9860730666223041,
        "mape": 8.205141602173626
      },
      "linear": {
        "mae": 8.577229449783395,
        "rmse": 11.423008624809988,
        "r2": 0.9868801308914381,
        "mape": 7.766149827795818
      }
    },
    "val": {
      "xgboost": {
        "mae": 2.9210900541854232,
        "rmse": 9.466671013763854,
        "r2": 0.9331545995919858,
        "mape": 5.250136741203837
      },
      "lightgbm": {
        "mae": 3.0338605634283184,
        "rmse": 10.107277386265173,
        "r2": 0.92380169178999,
        "mape": 4.752039356062139
      },
      "catboost": {
        "mae": 3.4133120338182357,
        "rmse": 10.037137022870631,
        "r2": 0.9248555923088134,
        "mape": 5.943366424689241
      },
      "rf": {
        "mae": 4.954457358822758,
        "rmse": 12.444277071102329,
        "r2": 0.8844908724132077,
        "mape": 8.406640214601142
      },
      "gb": {
        "mae": 2.8261035654424944,
        "rmse": 9.706695779923304,
        "r2": 0.9297219348015456,
        "mape": 4.501281611358375
      },
      "ridge": {
        "mae": 6.757961038538761,
        "rmse": 11.887912811340964,
        "r2": 0.8945884542145454,
        "mape": 10.954645490563394
      },
      "linear": {
        "mae": 6.413872683613814,
        "rmse": 11.613634319407538,
        "r2": 0.8993964620389048,
        "mape": 10.041875786837744
      }
    },
    "test": {
      "xgboost": {
        "mae": 3.5049168900994534,
        "rmse": 6.135456142987923,
        "r2": 0.9722236393812356,
        "mape": 9.40948710829021
      },
      "lightgbm": {
        "mae": 4.005123766100111,
        "rmse": 6.612824967678042,
        "r2": 0.9677332157510745,
        "mape": 8.935391337665841
      },
      "catboost": {
        "mae": 3.901653500027197,
        "rmse": 6.42290393087486,
        "r2": 0.9695600116260117,
        "mape": 9.902327828847755
      },
      "rf": {
        "mae": 4.5809940514398475,
        "rmse": 7.522797722039848,
        "r2": 0.958241931864213,
        "mape": 12.321589756190363
      },
      "gb": {
        "mae": 3.779465765364725,
        "rmse": 6.568287208595578,
        "r2": 0.968166389418055,
        "mape": 7.956729183547273
      },
      "ridge": {
        "mae": 10.520234762512523,
        "rmse": 13.741970629576155,
        "r2": 0.8606587629487381,
        "mape": 22.499807307639195
      },
      "linear": {
        "mae": 9.134708438042248,
        "rmse": 12.268972265093549,
        "r2": 0.8889296861013066,
        "mape": 19.6908104578163
      }
    },
    "cv_mae": {
      "xgboost": 2.646386798253965,
      "lightgbm": 2.5024351239230116,
      "catboost": 3.2273418419861963,
      "rf": 2.1189671769790444,
      "gb": 2.283027353701289,
      "ridge": 10.190394605737747,
      "linear": 9.336165708516237
    }
  }
}