Model,MAE,RMSE,R²,MAPE
Linear,49.680303473239796,62.00061439645332,-0.566840165796854,66.34210660521371
PyTorch Linear,49.87492867548846,62.089056854271554,-0.5713134773533282,67.44277135457529
XGBoost,50.01100548515965,62.65612326843937,-0.6001465157397048,67.97010826375283
Gradient Boosting,50.91454742074478,63.782085643906505,-0.6581741578054867,67.30503594683555
Polynomial,51.277452336418946,63.98546154109195,-0.6687655426604822,66.2654746111125
PyTorch MLP,51.73584816926965,64.90384537854436,-0.7170129332717972,67.49237227810508
Ensemble,52.26584220735327,65.50660014669805,-0.7490524342305926,65.69856446829618
Random Forest,65.36020542750198,81.1509544179159,-1.684231531282347,64.39576119630502
