Model,MAE,RMSE,R²,MAPE
Linear,49.02445610463955,61.261910974900594,-0.4790349681238155,65.82391449908097
Gradient Boosting,49.159040137263844,61.40658272098216,-0.48602878276213346,70.65013222952152
XGBoost,49.32881657888043,61.66384079208205,-0.49850606693467037,70.3751317486937
PyTorch MLP,50.45781563135201,62.743849485580014,-0.5514567833860844,69.12872285657507
Polynomial,51.39260082039113,63.98226251048418,-0.6133052567222281,67.52407915893376
Ensemble,51.227947547979056,64.08933676010372,-0.6187095042739306,67.48976431062378
PyTorch Linear,52.19707453326597,65.17489010808703,-0.6740097277471657,67.88347597756177
Random Forest,58.03972967700732,73.55915366825197,-1.1324104880785564,62.97054191290273
