Model,MAE,RMSE,R²,MAPE
Linear,6.043510255368848,7.1756343913181295,-4.174868020608173,6.659221534279867
PyTorch Linear,7.126147381603457,8.225516785310248,-5.79993965384234,7.8473066658520665
Ensemble,12.322429778796552,13.100574666374342,-16.24881904691055,13.540901184358392
PyTorch MLP,12.595013920743739,14.021707761735014,-18.759706768999976,13.865257513947899
Gradient Boosting,13.812904674446456,14.32168718414596,-19.614226324093867,15.167169465600539
Polynomial,14.070278974377493,14.527034984219357,-20.209607786419607,15.439126336206918
XGBoost,14.047222990483002,14.608209512536463,-20.44730118120919,15.424725651321003
Random Forest,21.03945164757171,21.41873847261362,-45.10695577769873,23.11410314443955
