Model,MAE,RMSE,R²,MAPE
Linear,50.59882785024115,63.25346487788814,-0.576358060178328,66.55598749630074
PyTorch Linear,50.984429827281645,63.628913447122684,-0.5951269245363553,67.42907299774666
Gradient Boosting,51.13744611347213,64.07578546249798,-0.6176110638441665,68.31320745568355
XGBoost,51.18022608027406,64.17547980990838,-0.6226486028818328,68.13923361721629
Polynomial,52.19738139887207,65.25168768732806,-0.6775278121026398,66.4615070146338
Ensemble,53.93627684243935,67.58583903220485,-0.7996897811966404,66.12370199339578
PyTorch MLP,58.24490390702596,72.27432305681103,-1.0580422994964551,69.09219657262292
Random Forest,66.33769955383327,82.55228136988627,-1.6850006230559567,64.48496860990048
