Model,MAE,RMSE,R²,MAPE
Linear,46.39898046010012,56.720434217454425,-0.5587243858652522,65.58822534519962
PyTorch Linear,46.720009415731134,57.00308926912323,-0.5742982827439578,66.41425677608113
Gradient Boosting,46.63729533668218,57.29595015655377,-0.5905161667808714,67.20752811916911
XGBoost,46.783447952163186,57.4910308116976,-0.6013653507888139,66.92644598785682
Polynomial,47.96462726322407,58.637605450501155,-0.6658760714442427,65.54575566761997
Ensemble,49.245442951431095,60.60844125641432,-0.7797396083552033,64.90700379112793
PyTorch MLP,51.34991030926039,63.84022753690429,-0.9745997996105473,66.01645645106747
Random Forest,61.89942332122691,75.50236566301912,-1.7619216520186232,64.04433674738637
