Model,MAE,RMSE,R²,MAPE
Linear,50.17683412905816,63.084341433999526,-0.5595490049539551,66.15948560172082
PyTorch Linear,50.81761260034191,63.83978737662638,-0.5971243920100011,66.74733981077203
Gradient Boosting,50.73625861347213,63.92771282640154,-0.6015268059512346,67.93323686636053
XGBoost,50.77903858027406,64.02615692675441,-0.6064630769939163,67.760897719235
Polynomial,51.76573286021888,65.0694146861835,-0.6592417962236505,66.06721053515233
Ensemble,53.21477838577635,67.1204820993194,-0.7654930532801996,65.56905796089232
PyTorch MLP,55.30828492632389,69.58757561872976,-0.8976638793233693,67.3405259207681
Random Forest,65.88664294219332,82.25286376491711,-1.651294273370128,64.25242339324774
