Model,MAE,RMSE,R²,MAPE
Linear,49.06037836319992,61.05828966806731,-0.5635916063688629,66.19694191515606
PyTorch Linear,49.29145887253163,61.21013371047734,-0.5713781752498457,67.19527736368299
XGBoost,49.35631250270351,61.68660672648949,-0.5959372915255776,67.79557508282173
Gradient Boosting,50.25985443828862,62.803495805781715,-0.654252110223075,67.1385375993013
Polynomial,50.652242970630375,63.031751481941356,-0.66629852891504,66.12715603576284
Ensemble,52.30689235236819,65.39044442299517,-0.7933400133202047,65.38512436881146
PyTorch MLP,55.87722566906754,69.90152897511597,-1.0493088291811876,66.37748475642626
Random Forest,64.70551244504584,80.1301582819608,-1.692936183868882,64.32781687310325
