Model,MAE,RMSE,R²,MAPE
Linear,47.12551025854547,57.87205265495963,-0.561569420794727,65.770946685265
PyTorch Linear,47.53248320987075,58.28839296405084,-0.5841185747865527,66.49607081193074
Gradient Boosting,47.304148901593386,58.33126846466862,-0.5864499088161195,67.46425355174914
XGBoost,47.34971573919305,58.441556688757096,-0.59245465222084,67.31365892924197
Polynomial,48.69938821104233,59.807485706111606,-0.667764069352927,65.72073277745365
Ensemble,50.04521773966602,61.836369802388596,-0.7828364074317153,64.80866945512909
PyTorch MLP,52.755049488834665,65.66101137253946,-1.0101971757610202,64.35367438821075
Random Forest,62.662915616482785,76.73724616653908,-1.7455916312760862,64.12810645489958
