Model,MAE,RMSE,R²,MAPE
Linear,49.77290773468622,62.909781833924875,-0.5363171070061519,65.84380738117747
PyTorch Linear,50.27089765611467,63.447672283528235,-0.5627010201546978,66.62809718581273
Gradient Boosting,50.36369394663384,63.77519310506291,-0.5788761805455489,67.6540803299138
XGBoost,50.40155044141588,63.87185738856598,-0.583666024098777,67.47397933944642
Polynomial,51.31905246919701,64.87763499504905,-0.6339340691486366,65.69192206295936
Ensemble,52.70714852068929,66.87576349537706,-0.7361290929358257,64.9912042750775
PyTorch MLP,54.97822572767359,69.32351066547939,-0.8655444630082019,66.02440859697035
Random Forest,65.25536369823708,81.88986606754499,-1.603183782116357,63.81362779276172
