Model,MAE,RMSE,R²,MAPE
Linear,48.40377828143854,59.983189702664674,-0.5626996861427975,66.05433011049274
PyTorch Linear,48.59846736861533,60.080073725694724,-0.5677518650363167,67.05955715754409
Gradient Boosting,48.452270302364404,60.282526496203005,-0.5783354231276812,67.998930293777
XGBoost,48.66345216874216,60.578397275928765,-0.5938666011538953,67.62445800604263
Polynomial,49.98937503122909,61.94366732107501,-0.6665188865508966,65.99104450473777
Ensemble,51.59526736139346,64.17409767170695,-0.7886936042262311,65.37995546716839
PyTorch MLP,56.524475262919395,69.70680188238573,-1.1104094755056302,66.99890547047666
Random Forest,64.01284663102929,78.98576434156459,-1.709655396784442,64.26107771021496
