Model,MAE,RMSE,R²,MAPE
Linear,6.043484765856725,7.1756031275534875,-4.174822927590725,6.659193273337959
PyTorch Linear,7.292387213769437,8.383781059109134,-6.064127500549116,8.028386856017123
Ensemble,12.65196366189022,13.36829586099392,-16.961010629654925,13.902388668985619
PyTorch MLP,13.096132575164193,14.123879239637812,-19.04872062133865,14.411478610850814
Polynomial,14.070260603995996,14.527017098855653,-20.20955556085311,15.439106158641488
Gradient Boosting,14.503273875801092,15.013332241558572,-21.653372365541745,15.925125015276063
XGBoost,14.878324566970226,15.410116930713393,-22.866599256109325,16.339873804124423
Random Forest,21.039429776321068,21.418711280792806,-45.10683870905947,23.114078121798567
