Model,MAE,RMSE,R²,MAPE
Linear,47.76871980296363,58.92533353645624,-0.5625256925555697,65.91720723477225
Gradient Boosting,47.78119025850474,59.194370821728874,-0.5768264121650668,67.83062587269292
XGBoost,47.99237212488251,59.48563189661884,-0.5923818795207134,67.45882279693282
PyTorch Linear,48.31091285694834,59.53511746569997,-0.5950323582150632,66.54140474319135
Polynomial,49.34849308795043,60.87362894065384,-0.667559940740212,65.86042861832041
Ensemble,50.69827219470144,62.93777042977815,-0.7825666464889711,64.92371989102742
PyTorch MLP,53.426300328653646,66.97723033134464,-1.0187262819975285,64.18403169510137
Random Forest,63.341766587169644,77.86117576206539,-1.7281295108215025,64.19659752137528
