Model,MAE,RMSE,R²,MAPE
Linear,50.22558998627852,62.75235845278366,-0.5721344387011624,66.48334114167827
PyTorch Linear,50.52583592744882,63.00348831979617,-0.5847427269297412,67.4125223451017
Gradient Boosting,50.76267751378993,63.62412772916882,-0.6161187109749211,68.16275899467841
XGBoost,50.82191337926071,63.71120289889639,-0.6205453369261316,67.98853368412252
Polynomial,51.82616901231777,64.74634385785328,-0.6736323991717357,66.39929124440997
Ensemble,53.01727384012278,66.36750933799541,-0.7584928831138642,66.14711095746907
PyTorch MLP,54.04703034497845,66.78322413193003,-0.7805916794189618,69.50097022673201
Random Forest,65.93789545893361,81.98724697687355,-1.6836271877389168,64.46204526459603
