Model,Test MAE,Test RMSE,Test R²,Test MAPE (%),CV R²
Random Forest,2.3586045083036304,5.980778251764098,0.9961638916769314,2.1188487953911217,0.9947489259232434
PyTorch MLP,6.402276386923919,13.182333524736466,0.9813636845824503,5.474689360709912,
Gradient Boosting,9.029556305736469,15.375291289286022,0.9746474197561401,7.799467838796588,0.9743635738975259
XGBoost,9.445700502860753,16.508043804352727,0.9707741812568622,8.063923793311345,0.9713762600967824
Linear Regression,10.192013533082733,19.34677788971682,0.9598585780350888,7.708568660200275,0.9613460426833772
PyTorch Linear,10.326125134038206,19.399313141498396,0.9596402778149059,7.883927855233323,
Polynomial Regression,11.49326329291938,21.410269217064915,0.950839112143775,9.239070793582426,
