Model,Test MAE,Test RMSE,Test R²,Test MAPE (%),CV R²
Random Forest,2.3587288766281738,5.980735814769524,0.9961639045044252,2.11913579749493,0.9947500464683146
PyTorch MLP,7.552062508426332,14.524672482900389,0.9773747769851152,5.681485213190973,
Gradient Boosting,8.964819977536788,15.353176726739068,0.9747200232492853,7.825748929093473,0.9746110160931047
XGBoost,9.444643329623597,16.455927786060407,0.9709581072064666,8.058352015253613,0.97139526424862
Linear Regression,10.1914987949418,19.345727121850153,0.9598625028812756,7.709034053723994,0.9613526037506211
PyTorch Linear,10.310588468565449,19.39436716367429,0.9596604175524961,7.831091720147536,
Polynomial Regression,11.492187537871818,21.409388196344207,0.9508426247257062,9.238348338161563,
