Model,Test MAE,Test RMSE,Test R²,Test MAPE (%),CV R²
Random Forest,2.552332368543656,6.711307762111561,0.9951461168844083,2.373041433174685,0.9942976124010968
PyTorch MLP,6.741403669877961,14.335693495740356,0.977853126839216,5.330309886199736,
Gradient Boosting,9.230770624567157,15.719030263152227,0.973372738429154,8.150869197549637,0.973896072973276
XGBoost,9.615709220135871,16.667380785362074,0.9700629005970072,8.147299122379053,0.9707712454115648
Linear Regression,10.237730051801442,19.40954517769656,0.959401898796976,7.810112599821966,0.9610576863473872
PyTorch Linear,10.393365147353192,19.46373518551005,0.9591748885774742,7.954497629116676,
Polynomial Regression,11.529755068929669,21.40746754179623,0.9506138020484478,9.347766524735333,
