Model,Test MAE,Test RMSE,Test R²,Test MAPE (%)
Random Forest,2.409601889498045,5.929145727814751,0.9961673779578535,1.7309711442652854e+17
PyTorch MLP,6.807740532812823,14.873376627257286,0.9758825773431687,6.355528597269825e+17
Gradient Boosting,8.934753796369618,15.193003912226743,0.9748348778368009,6.606716962883219e+17
XGBoost,9.562834171402525,16.476805010752702,0.9704023147062655,7.260472810228895e+17
Linear Regression,9.978533863779834,18.81879051628979,0.9613904127023248,8.90403523880648e+17
PyTorch Linear,10.081640096120825,18.908175171376822,0.9610227694584709,8.853744936668259e+17
Polynomial Regression,11.352655449612179,20.856562288032972,0.9525761075278749,9.778919734794476e+17
