Model,Test MAE,Test RMSE,Test R²,Test MAPE (%),CV R²
Random Forest,2.3579014231138684,5.980449796701726,0.996164376550923,2.1179364167080155,0.9947534024616631
PyTorch MLP,6.398182068483397,12.859936751570983,0.9822643980855673,5.070708969971908,
Gradient Boosting,9.035513345820762,15.421688845860894,0.9744945999528825,7.904053411016608,0.9746807613685313
XGBoost,9.498255389797366,16.229749722278143,0.9717517263126855,8.170492706914532,0.9715237202577974
Linear Regression,10.19177361449498,19.34698435333806,0.9598583862426645,7.7076859185637465,0.9613505282327788
PyTorch Linear,10.362846281297303,19.394503626793828,0.9596609556924108,7.800037296505992,
Polynomial Regression,11.494127169436384,21.410705115760887,0.950837924756392,9.239752597752076,
