Model,Test MAE,Test RMSE,Test R²,Test MAPE (%),CV R²
Random Forest,2.3586045083036304,5.980778251764098,0.9961638916769314,2.1188487953911217,0.9947489259232434
PyTorch MLP,5.8311913470726,12.444659238100988,0.9833910766965024,5.102107883180975,
Gradient Boosting,9.029556305736469,15.375291289286022,0.9746474197561401,7.799467838796588,0.9743635738975259
XGBoost,9.445700502860753,16.508043804352727,0.9707741812568622,8.063923793311345,0.9713762600967824
Linear Regression,10.192013533082733,19.34677788971682,0.9598585780350888,7.708568660200275,0.9613460426833772
PyTorch Linear,10.302484600126999,19.404048844489065,0.9596205704175452,7.876420419197955,
Polynomial Regression,11.49326329291938,21.410269217064915,0.950839112143775,9.239070793582426,
