Model,Test MAE,Test RMSE,Test R²,Test MAPE (%),CV R²
Random Forest,2.3585652977434357,5.980700124111744,0.9961639186638901,2.118887057963547,0.9947536209901982
Gradient Boosting,9.039497614887742,15.619014415426179,0.9738367913899977,7.912987607068413,0.9746955035574331
XGBoost,9.442357026271456,16.506666715027617,0.9707784991733134,8.060851060935159,0.9714022306014163
PyTorch MLP,8.153866319823749,16.933572401522795,0.9692474643580035,5.688235503494505,
Linear Regression,10.1919793508743,19.346522697838232,0.9598588706479887,7.70873219986537,0.9613518161446526
PyTorch Linear,10.29497162497906,19.400151435424213,0.959636019047916,7.866041931350294,
Polynomial Regression,11.493007787264084,21.40993105074337,0.9508397265531048,9.238904681936267,
