Model,Test MAE,Test RMSE,Test R²,Test MAPE (%),CV R²
Random Forest,2.3586978847615034,5.9807320408594,0.9961639111893297,2.1190895350055636,0.9947535647446231
PyTorch MLP,7.965813507793888,14.334377272850386,0.9779637533473823,6.2605599032878585,
Gradient Boosting,9.100591608797547,15.518790061704633,0.9741717084835779,7.9612775860206915,0.9745349453516271
XGBoost,9.44219019828792,16.48412137296722,0.9708585222651096,8.066804327615092,0.9713805603700891
Linear Regression,10.1913046610565,19.345667513125214,0.9598627695174102,7.708685208945945,0.961351356934457
PyTorch Linear,10.304498200097056,19.399751287399177,0.9596380362766597,7.823603946898852,
Polynomial Regression,11.492204938444807,21.409388590026577,0.950842646543462,9.238343100496547,
