Model,Test MAE,Test RMSE,Test R²,Test MAPE (%),CV R²
PyTorch Linear,18.805842146663252,29.912143445879448,0.7880326993391498,13.174858551926535,
PyTorch MLP,15.100779141638977,30.347828428385725,0.7818129151672928,8.934989576343794,
Linear Regression,14.838818777532913,31.710762949973553,0.7617750843691129,8.375835300041464,0.87828612852717
Polynomial Regression,16.727289560105476,33.410641485853006,0.7355500873276679,12.588646046227241,
Random Forest,15.666569791389621,36.92894067874256,0.676921915445974,9.085783583104748,0.8931812310346473
XGBoost,16.786139093803474,38.038523780671376,0.6572155534567519,11.197022833490463,0.8280824452413345
Gradient Boosting,16.748455650604292,38.51178594871271,0.6486328809607177,11.154577996296823,0.8278343624025247
