Model,Test MAE,Test RMSE,Test R²,Test MAPE (%),CV R²
Random Forest,2.3583176284060037,5.9806078929332545,0.9961640901338064,2.1184381024670915,0.9947498898028251
PyTorch MLP,6.6374159641096,13.005618892280816,0.9818598956203572,5.38994063508757,
Gradient Boosting,9.069768328810122,15.535633803315278,0.9741157440238097,7.8838850044870625,0.9743353508680036
XGBoost,9.445504891138553,16.45591527704762,0.9709583143687298,8.059380982038537,0.9714454035381197
Linear Regression,10.19190067928906,19.34675579531434,0.9598584596053599,7.70816639205781,0.961345649699562
PyTorch Linear,10.311988660570762,19.397732486808668,0.9596466433387019,7.840130273866016,
Polynomial Regression,11.493366884242969,21.41028088039,0.9508388012564181,9.239124167830964,
