Model,Test MAE,Test RMSE,Test R²,Test MAPE (%),CV R²
Random Forest,2.3579105681944412,5.980371229347586,0.9961643846846789,2.1179669644174144,0.9947534024616631
PyTorch MLP,7.332403550664313,13.76278142760101,0.9796861995212649,6.335587454980404,
Gradient Boosting,9.035310043560656,15.42144560554175,0.9744947884665444,7.903897035221276,0.9746807613685313
XGBoost,9.498028790251146,16.229491533853174,0.9717519427676542,8.170317779062,0.9715237202577974
Linear Regression,10.191673567169095,19.34670057467096,0.9598585942397826,7.70771358478836,0.9613505282327788
PyTorch Linear,10.302847574427089,19.398114665438307,0.9596449582036992,7.8376780991383495,
Polynomial Regression,11.493772234383547,21.410358283318004,0.9508383300460838,9.239462014786817,
